go_term,go_term_label,method_count,method_total,term_total,total_annotations,fold_enrichment,p_value,p_adjusted,method_name
GO:0006617,"SRP-dependent cotranslational protein targeting to membrane, signal sequence recognition",2,472,2,49333,104.51906779661016,9.134749802698823e-05,0.0003082978058410853,Rfam
GO:0030533,triplet codon-amino acid adaptor activity,267,472,267,49333,104.51906779661016,0.0,0.0,Rfam
GO:0000244,spliceosomal tri-snRNP complex assembly,4,472,5,49333,83.61525423728814,4.105797461234044e-08,2.77141328633298e-07,Rfam
GO:0006396,RNA processing,73,472,119,49333,64.11673906850875,1.838675925095946e-117,2.4822124988795273e-116,Rfam
GO:0046540,U4/U6 x U5 tri-snRNP complex,4,472,10,49333,41.80762711864407,1.6600373483083237e-06,7.470168067387457e-06,Rfam
GO:0005682,U5 snRNP,2,472,7,49333,29.862590799031477,0.0018582379147886474,0.005574713744365942,Rfam
GO:0005730,nucleolus,73,472,339,49333,22.507055897205138,3.617792211685399e-76,3.256012990516859e-75,Rfam
GO:0003735,structural constituent of ribosome,14,472,232,49333,6.30718512565751,6.731407892579914e-08,3.634960261993154e-07,Rfam
GO:0005840,ribosome,14,472,394,49333,3.7138755054633052,3.25864751148686e-05,0.0001256906897287789,Rfam
