go_term,go_term_label,method_count,method_total,term_total,total_annotations,fold_enrichment,p_value,p_adjusted,method_name
GO:0036295,cellular response to increased oxygen levels,8,94194,8,262673,2.7886383421449352,0.0002733881199444083,0.003143452373529024,Compara
GO:0071005,U2-type precatalytic spliceosome,39,94194,39,262673,2.7886383421449352,4.241433621324429e-18,5.324730392158618e-16,Compara
GO:0089718,amino acid import across plasma membrane,19,94194,19,262673,2.7886383421449352,3.4438368463662942e-09,1.4170409605633617e-07,Compara
GO:0042581,specific granule,12,94194,12,262673,2.7886383421449352,4.519584148497855e-06,9.392642530231268e-05,Compara
GO:0042582,azurophil granule,8,94194,8,262673,2.7886383421449352,0.0002733881199444083,0.003143452373529024,Compara
GO:0042776,proton motive force-driven mitochondrial ATP synthesis,12,94194,12,262673,2.7886383421449352,4.519584148497855e-06,9.392642530231268e-05,Compara
GO:0016242,negative regulation of macroautophagy,8,94194,8,262673,2.7886383421449352,0.0002733881199444083,0.003143452373529024,Compara
GO:0016240,autophagosome membrane docking,8,94194,8,262673,2.7886383421449352,0.0002733881199444083,0.003143452373529024,Compara
GO:0071549,cellular response to dexamethasone stimulus,16,94194,16,262673,2.7886383421449352,7.470849556109999e-08,2.477462589995184e-06,Compara
GO:0071548,response to dexamethasone,13,94194,13,262673,2.7886383421449352,1.6205811835865994e-06,3.797716247936368e-05,Compara
GO:0043295,glutathione binding,8,94194,8,262673,2.7886383421449352,0.0002733881199444083,0.003143452373529024,Compara
GO:0016004,phospholipase activator activity,8,94194,8,262673,2.7886383421449352,0.0002733881199444083,0.003143452373529024,Compara
GO:0043296,apical junction complex,8,94194,8,262673,2.7886383421449352,0.0002733881199444083,0.003143452373529024,Compara
GO:0015844,monoamine transport,8,94194,8,262673,2.7886383421449352,0.0002733881199444083,0.003143452373529024,Compara
GO:0043394,proteoglycan binding,8,94194,8,262673,2.7886383421449352,0.0002733881199444083,0.003143452373529024,Compara
GO:0071320,cellular response to cAMP,32,94194,32,262673,2.7886383421449352,5.571636189971698e-15,5.193018185244075e-13,Compara
GO:0071318,cellular response to ATP,8,94194,8,262673,2.7886383421449352,0.0002733881199444083,0.003143452373529024,Compara
GO:0043425,bHLH transcription factor binding,16,94194,16,262673,2.7886383421449352,7.470849556109999e-08,2.477462589995184e-06,Compara
GO:0071276,cellular response to cadmium ion,8,94194,8,262673,2.7886383421449352,0.0002733881199444083,0.003143452373529024,Compara
GO:0043522,leucine zipper domain binding,8,94194,8,262673,2.7886383421449352,0.0002733881199444083,0.003143452373529024,Compara
GO:0071044,histone mRNA catabolic process,8,94194,8,262673,2.7886383421449352,0.0002733881199444083,0.003143452373529024,Compara
GO:0006997,nucleus organization,12,94194,12,262673,2.7886383421449352,4.519584148497855e-06,9.392642530231268e-05,Compara
GO:0071014,post-mRNA release spliceosomal complex,25,94194,25,262673,2.7886383421449352,7.316575431303223e-12,4.66403251457635e-10,Compara
GO:0090050,positive regulation of cell migration involved in sprouting angiogenesis,12,94194,12,262673,2.7886383421449352,4.519584148497855e-06,9.392642530231268e-05,Compara
GO:0090102,cochlea development,12,94194,12,262673,2.7886383421449352,4.519584148497855e-06,9.392642530231268e-05,Compara
GO:0090160,Golgi to lysosome transport,8,94194,8,262673,2.7886383421449352,0.0002733881199444083,0.003143452373529024,Compara
GO:0035613,RNA stem-loop binding,8,94194,8,262673,2.7886383421449352,0.0002733881199444083,0.003143452373529024,Compara
GO:0140463,chromatin-protein adaptor activity,12,94194,12,262673,2.7886383421449352,4.519584148497855e-06,9.392642530231268e-05,Compara
GO:0140318,protein transporter activity,8,94194,8,262673,2.7886383421449352,0.0002733881199444083,0.003143452373529024,Compara
GO:0034713,type I transforming growth factor beta receptor binding,8,94194,8,262673,2.7886383421449352,0.0002733881199444083,0.003143452373529024,Compara
GO:0140311,protein sequestering activity,31,94194,31,262673,2.7886383421449352,1.5540559160255628e-14,1.3656821382044642e-12,Compara
GO:0035035,histone acetyltransferase binding,13,94194,13,262673,2.7886383421449352,1.6205811835865994e-06,3.797716247936368e-05,Compara
GO:0120238,sperm glycocalyx,16,94194,16,262673,2.7886383421449352,7.470849556109999e-08,2.477462589995184e-06,Compara
GO:0120103,centriolar subdistal appendage,8,94194,8,262673,2.7886383421449352,0.0002733881199444083,0.003143452373529024,Compara
GO:0005161,platelet-derived growth factor receptor binding,8,94194,8,262673,2.7886383421449352,0.0002733881199444083,0.003143452373529024,Compara
GO:0035332,positive regulation of hippo signaling,8,94194,8,262673,2.7886383421449352,0.0002733881199444083,0.003143452373529024,Compara
GO:0099508,voltage-gated monoatomic ion channel activity involved in regulation of presynaptic membrane potential,8,94194,8,262673,2.7886383421449352,0.0002733881199444083,0.003143452373529024,Compara
GO:0090201,negative regulation of release of cytochrome c from mitochondria,12,94194,12,262673,2.7886383421449352,4.519584148497855e-06,9.392642530231268e-05,Compara
GO:0019430,removal of superoxide radicals,12,94194,12,262673,2.7886383421449352,4.519584148497855e-06,9.392642530231268e-05,Compara
GO:0098911,regulation of ventricular cardiac muscle cell action potential,8,94194,8,262673,2.7886383421449352,0.0002733881199444083,0.003143452373529024,Compara
GO:0035871,protein K11-linked deubiquitination,8,94194,8,262673,2.7886383421449352,0.0002733881199444083,0.003143452373529024,Compara
GO:0035902,response to immobilization stress,19,94194,19,262673,2.7886383421449352,3.4438368463662942e-09,1.4170409605633617e-07,Compara
GO:0098505,G-rich strand telomeric DNA binding,8,94194,8,262673,2.7886383421449352,0.0002733881199444083,0.003143452373529024,Compara
GO:0035924,cellular response to vascular endothelial growth factor stimulus,19,94194,19,262673,2.7886383421449352,3.4438368463662942e-09,1.4170409605633617e-07,Compara
GO:0019076,viral release from host cell,12,94194,12,262673,2.7886383421449352,4.519584148497855e-06,9.392642530231268e-05,Compara
GO:0090399,replicative senescence,8,94194,8,262673,2.7886383421449352,0.0002733881199444083,0.003143452373529024,Compara
GO:0042476,odontogenesis,13,94194,13,262673,2.7886383421449352,1.6205811835865994e-06,3.797716247936368e-05,Compara
GO:0071011,precatalytic spliceosome,39,94194,39,262673,2.7886383421449352,4.241433621324429e-18,5.324730392158618e-16,Compara
GO:0007042,lysosomal lumen acidification,13,94194,13,262673,2.7886383421449352,1.6205811835865994e-06,3.797716247936368e-05,Compara
GO:0034392,negative regulation of smooth muscle cell apoptotic process,8,94194,8,262673,2.7886383421449352,0.0002733881199444083,0.003143452373529024,Compara
GO:0070979,protein K11-linked ubiquitination,25,94194,25,262673,2.7886383421449352,7.316575431303223e-12,4.66403251457635e-10,Compara
GO:0051602,response to electrical stimulus,19,94194,19,262673,2.7886383421449352,3.4438368463662942e-09,1.4170409605633617e-07,Compara
GO:0051497,negative regulation of stress fiber assembly,16,94194,16,262673,2.7886383421449352,7.470849556109999e-08,2.477462589995184e-06,Compara
GO:0045725,positive regulation of glycogen biosynthetic process,8,94194,8,262673,2.7886383421449352,0.0002733881199444083,0.003143452373529024,Compara
GO:0051480,regulation of cytosolic calcium ion concentration,13,94194,13,262673,2.7886383421449352,1.6205811835865994e-06,3.797716247936368e-05,Compara
GO:0051457,maintenance of protein location in nucleus,12,94194,12,262673,2.7886383421449352,4.519584148497855e-06,9.392642530231268e-05,Compara
GO:0051428,peptide hormone receptor binding,8,94194,8,262673,2.7886383421449352,0.0002733881199444083,0.003143452373529024,Compara
GO:0051412,response to corticosterone,24,94194,24,262673,2.7886383421449352,2.0406618036221777e-11,1.2128629067615292e-09,Compara
GO:0051310,metaphase chromosome alignment,12,94194,12,262673,2.7886383421449352,4.519584148497855e-06,9.392642530231268e-05,Compara
GO:0051233,spindle midzone,16,94194,16,262673,2.7886383421449352,7.470849556109999e-08,2.477462589995184e-06,Compara
GO:0045921,positive regulation of exocytosis,13,94194,13,262673,2.7886383421449352,1.6205811835865994e-06,3.797716247936368e-05,Compara
GO:0045945,positive regulation of transcription by RNA polymerase III,16,94194,16,262673,2.7886383421449352,7.470849556109999e-08,2.477462589995184e-06,Compara
GO:0050891,multicellular organismal-level water homeostasis,8,94194,8,262673,2.7886383421449352,0.0002733881199444083,0.003143452373529024,Compara
GO:0050681,nuclear androgen receptor binding,16,94194,16,262673,2.7886383421449352,7.470849556109999e-08,2.477462589995184e-06,Compara
GO:0010592,positive regulation of lamellipodium assembly,19,94194,19,262673,2.7886383421449352,3.4438368463662942e-09,1.4170409605633617e-07,Compara
GO:0046579,positive regulation of Ras protein signal transduction,12,94194,12,262673,2.7886383421449352,4.519584148497855e-06,9.392642530231268e-05,Compara
GO:0048227,plasma membrane to endosome transport,8,94194,8,262673,2.7886383421449352,0.0002733881199444083,0.003143452373529024,Compara
GO:0048156,tau protein binding,12,94194,12,262673,2.7886383421449352,4.519584148497855e-06,9.392642530231268e-05,Compara
GO:0010288,response to lead ion,13,94194,13,262673,2.7886383421449352,1.6205811835865994e-06,3.797716247936368e-05,Compara
GO:0048041,focal adhesion assembly,16,94194,16,262673,2.7886383421449352,7.470849556109999e-08,2.477462589995184e-06,Compara
GO:0010332,response to gamma radiation,12,94194,12,262673,2.7886383421449352,4.519584148497855e-06,9.392642530231268e-05,Compara
GO:0046686,response to cadmium ion,16,94194,16,262673,2.7886383421449352,7.470849556109999e-08,2.477462589995184e-06,Compara
GO:0045648,positive regulation of erythrocyte differentiation,13,94194,13,262673,2.7886383421449352,1.6205811835865994e-06,3.797716247936368e-05,Compara
GO:0051928,positive regulation of calcium ion transport,13,94194,13,262673,2.7886383421449352,1.6205811835865994e-06,3.797716247936368e-05,Compara
GO:0055010,ventricular cardiac muscle tissue morphogenesis,8,94194,8,262673,2.7886383421449352,0.0002733881199444083,0.003143452373529024,Compara
GO:0070064,proline-rich region binding,13,94194,13,262673,2.7886383421449352,1.6205811835865994e-06,3.797716247936368e-05,Compara
GO:0043923,host-mediated activation of viral transcription,12,94194,12,262673,2.7886383421449352,4.519584148497855e-06,9.392642530231268e-05,Compara
GO:0070847,core mediator complex,24,94194,24,262673,2.7886383421449352,2.0406618036221777e-11,1.2128629067615292e-09,Compara
GO:0043995,histone H4K5 acetyltransferase activity,8,94194,8,262673,2.7886383421449352,0.0002733881199444083,0.003143452373529024,Compara
GO:0043996,histone H4K8 acetyltransferase activity,8,94194,8,262673,2.7886383421449352,0.0002733881199444083,0.003143452373529024,Compara
GO:0070402,NADPH binding,13,94194,13,262673,2.7886383421449352,1.6205811835865994e-06,3.797716247936368e-05,Compara
GO:0044232,organelle membrane contact site,8,94194,8,262673,2.7886383421449352,0.0002733881199444083,0.003143452373529024,Compara
GO:0070213,protein auto-ADP-ribosylation,8,94194,8,262673,2.7886383421449352,0.0002733881199444083,0.003143452373529024,Compara
GO:0044291,cell-cell contact zone,13,94194,13,262673,2.7886383421449352,1.6205811835865994e-06,3.797716247936368e-05,Compara
GO:0014003,oligodendrocyte development,8,94194,8,262673,2.7886383421449352,0.0002733881199444083,0.003143452373529024,Compara
GO:0044389,ubiquitin-like protein ligase binding,12,94194,12,262673,2.7886383421449352,4.519584148497855e-06,9.392642530231268e-05,Compara
GO:0055093,response to hyperoxia,12,94194,12,262673,2.7886383421449352,4.519584148497855e-06,9.392642530231268e-05,Compara
GO:0044458,motile cilium assembly,8,94194,8,262673,2.7886383421449352,0.0002733881199444083,0.003143452373529024,Compara
GO:0010954,positive regulation of protein processing,8,94194,8,262673,2.7886383421449352,0.0002733881199444083,0.003143452373529024,Compara
GO:0061844,antimicrobial humoral immune response mediated by antimicrobial peptide,12,94194,12,262673,2.7886383421449352,4.519584148497855e-06,9.392642530231268e-05,Compara
GO:0044794,host-mediated activation of viral process,8,94194,8,262673,2.7886383421449352,0.0002733881199444083,0.003143452373529024,Compara
GO:0061635,regulation of protein complex stability,8,94194,8,262673,2.7886383421449352,0.0002733881199444083,0.003143452373529024,Compara
GO:0010881,regulation of cardiac muscle contraction by regulation of the release of sequestered calcium ion,13,94194,13,262673,2.7886383421449352,1.6205811835865994e-06,3.797716247936368e-05,Compara
GO:0044853,plasma membrane raft,13,94194,13,262673,2.7886383421449352,1.6205811835865994e-06,3.797716247936368e-05,Compara
GO:0060252,positive regulation of glial cell proliferation,12,94194,12,262673,2.7886383421449352,4.519584148497855e-06,9.392642530231268e-05,Compara
GO:0010804,negative regulation of tumor necrosis factor-mediated signaling pathway,12,94194,12,262673,2.7886383421449352,4.519584148497855e-06,9.392642530231268e-05,Compara
GO:0034693,U11/U12 snRNP,16,94194,16,262673,2.7886383421449352,7.470849556109999e-08,2.477462589995184e-06,Compara
GO:0046889,positive regulation of lipid biosynthetic process,8,94194,8,262673,2.7886383421449352,0.0002733881199444083,0.003143452373529024,Compara
GO:0031638,zymogen activation,8,94194,8,262673,2.7886383421449352,0.0002733881199444083,0.003143452373529024,Compara
GO:0032740,positive regulation of interleukin-17 production,12,94194,12,262673,2.7886383421449352,4.519584148497855e-06,9.392642530231268e-05,Compara
GO:0030061,mitochondrial crista,8,94194,8,262673,2.7886383421449352,0.0002733881199444083,0.003143452373529024,Compara
GO:1990391,DNA repair complex,13,94194,13,262673,2.7886383421449352,1.6205811835865994e-06,3.797716247936368e-05,Compara
GO:1901838,positive regulation of transcription of nucleolar large rRNA by RNA polymerase I,8,94194,8,262673,2.7886383421449352,0.0002733881199444083,0.003143452373529024,Compara
GO:1904706,negative regulation of vascular associated smooth muscle cell proliferation,12,94194,12,262673,2.7886383421449352,4.519584148497855e-06,9.392642530231268e-05,Compara
GO:0034067,protein localization to Golgi apparatus,13,94194,13,262673,2.7886383421449352,1.6205811835865994e-06,3.797716247936368e-05,Compara
GO:0034063,stress granule assembly,13,94194,13,262673,2.7886383421449352,1.6205811835865994e-06,3.797716247936368e-05,Compara
GO:2000144,positive regulation of DNA-templated transcription initiation,8,94194,8,262673,2.7886383421449352,0.0002733881199444083,0.003143452373529024,Compara
GO:0031588,nucleotide-activated protein kinase complex,13,94194,13,262673,2.7886383421449352,1.6205811835865994e-06,3.797716247936368e-05,Compara
GO:0000939,inner kinetochore,13,94194,13,262673,2.7886383421449352,1.6205811835865994e-06,3.797716247936368e-05,Compara
GO:0000812,Swr1 complex,8,94194,8,262673,2.7886383421449352,0.0002733881199444083,0.003143452373529024,Compara
GO:1990404,NAD+-protein mono-ADP-ribosyltransferase activity,12,94194,12,262673,2.7886383421449352,4.519584148497855e-06,9.392642530231268e-05,Compara
GO:1990062,RPAP3/R2TP/prefoldin-like complex,12,94194,12,262673,2.7886383421449352,4.519584148497855e-06,9.392642530231268e-05,Compara
GO:1990459,transferrin receptor binding,8,94194,8,262673,2.7886383421449352,0.0002733881199444083,0.003143452373529024,Compara
GO:1990275,preribosome binding,8,94194,8,262673,2.7886383421449352,0.0002733881199444083,0.003143452373529024,Compara
GO:1902774,late endosome to lysosome transport,13,94194,13,262673,2.7886383421449352,1.6205811835865994e-06,3.797716247936368e-05,Compara
GO:0032874,positive regulation of stress-activated MAPK cascade,13,94194,13,262673,2.7886383421449352,1.6205811835865994e-06,3.797716247936368e-05,Compara
GO:0033197,response to vitamin E,8,94194,8,262673,2.7886383421449352,0.0002733881199444083,0.003143452373529024,Compara
GO:1902894,negative regulation of miRNA transcription,13,94194,13,262673,2.7886383421449352,1.6205811835865994e-06,3.797716247936368e-05,Compara
GO:0031941,filamentous actin,8,94194,8,262673,2.7886383421449352,0.0002733881199444083,0.003143452373529024,Compara
GO:0031985,Golgi cisterna,8,94194,8,262673,2.7886383421449352,0.0002733881199444083,0.003143452373529024,Compara
GO:0032964,collagen biosynthetic process,8,94194,8,262673,2.7886383421449352,0.0002733881199444083,0.003143452373529024,Compara
GO:1990708,conditioned place preference,8,94194,8,262673,2.7886383421449352,0.0002733881199444083,0.003143452373529024,Compara
GO:0000729,DNA double-strand break processing,8,94194,8,262673,2.7886383421449352,0.0002733881199444083,0.003143452373529024,Compara
GO:1990498,mitotic spindle microtubule,13,94194,13,262673,2.7886383421449352,1.6205811835865994e-06,3.797716247936368e-05,Compara
GO:1990481,mRNA pseudouridine synthesis,8,94194,8,262673,2.7886383421449352,0.0002733881199444083,0.003143452373529024,Compara
GO:0032993,protein-DNA complex,24,94194,24,262673,2.7886383421449352,2.0406618036221777e-11,1.2128629067615292e-09,Compara
GO:1904707,positive regulation of vascular associated smooth muscle cell proliferation,24,94194,24,262673,2.7886383421449352,2.0406618036221777e-11,1.2128629067615292e-09,Compara
GO:2000279,negative regulation of DNA biosynthetic process,8,94194,8,262673,2.7886383421449352,0.0002733881199444083,0.003143452373529024,Compara
GO:2000379,positive regulation of reactive oxygen species metabolic process,16,94194,16,262673,2.7886383421449352,7.470849556109999e-08,2.477462589995184e-06,Compara
GO:1905368,peptidase complex,8,94194,8,262673,2.7886383421449352,0.0002733881199444083,0.003143452373529024,Compara
GO:0141109,transporter activator activity,8,94194,8,262673,2.7886383421449352,0.0002733881199444083,0.003143452373529024,Compara
GO:0031293,membrane protein intracellular domain proteolysis,8,94194,8,262673,2.7886383421449352,0.0002733881199444083,0.003143452373529024,Compara
GO:0141162,negative regulation of cAMP/PKA signal transduction,8,94194,8,262673,2.7886383421449352,0.0002733881199444083,0.003143452373529024,Compara
GO:0031333,negative regulation of protein-containing complex assembly,24,94194,24,262673,2.7886383421449352,2.0406618036221777e-11,1.2128629067615292e-09,Compara
GO:0034333,adherens junction assembly,8,94194,8,262673,2.7886383421449352,0.0002733881199444083,0.003143452373529024,Compara
GO:2001028,positive regulation of endothelial cell chemotaxis,8,94194,8,262673,2.7886383421449352,0.0002733881199444083,0.003143452373529024,Compara
GO:0000109,nucleotide-excision repair complex,8,94194,8,262673,2.7886383421449352,0.0002733881199444083,0.003143452373529024,Compara
GO:0003009,skeletal muscle contraction,16,94194,16,262673,2.7886383421449352,7.470849556109999e-08,2.477462589995184e-06,Compara
GO:1990000,amyloid fibril formation,12,94194,12,262673,2.7886383421449352,4.519584148497855e-06,9.392642530231268e-05,Compara
GO:0160072,ubiquitin ligase complex scaffold activity,8,94194,8,262673,2.7886383421449352,0.0002733881199444083,0.003143452373529024,Compara
GO:0160226,oligosaccharyltransferase complex A,8,94194,8,262673,2.7886383421449352,0.0002733881199444083,0.003143452373529024,Compara
GO:0160257,"complement activation, GZMK pathway",8,94194,8,262673,2.7886383421449352,0.0002733881199444083,0.003143452373529024,Compara
GO:0032212,positive regulation of telomere maintenance via telomerase,12,94194,12,262673,2.7886383421449352,4.519584148497855e-06,9.392642530231268e-05,Compara
GO:0001222,transcription corepressor binding,32,94194,32,262673,2.7886383421449352,5.571636189971698e-15,5.193018185244075e-13,Compara
GO:0022829,wide pore channel activity,8,94194,8,262673,2.7886383421449352,0.0002733881199444083,0.003143452373529024,Compara
GO:2000773,negative regulation of cellular senescence,13,94194,13,262673,2.7886383421449352,1.6205811835865994e-06,3.797716247936368e-05,Compara
GO:2000767,positive regulation of cytoplasmic translation,8,94194,8,262673,2.7886383421449352,0.0002733881199444083,0.003143452373529024,Compara
GO:1990253,cellular response to leucine starvation,8,94194,8,262673,2.7886383421449352,0.0002733881199444083,0.003143452373529024,Compara
GO:1901673,regulation of mitotic spindle assembly,16,94194,16,262673,2.7886383421449352,7.470849556109999e-08,2.477462589995184e-06,Compara
GO:0034115,negative regulation of heterotypic cell-cell adhesion,8,94194,8,262673,2.7886383421449352,0.0002733881199444083,0.003143452373529024,Compara
GO:1901381,positive regulation of potassium ion transmembrane transport,8,94194,8,262673,2.7886383421449352,0.0002733881199444083,0.003143452373529024,Compara
GO:0030235,nitric-oxide synthase regulator activity,13,94194,13,262673,2.7886383421449352,1.6205811835865994e-06,3.797716247936368e-05,Compara
GO:0002092,positive regulation of receptor internalization,13,94194,13,262673,2.7886383421449352,1.6205811835865994e-06,3.797716247936368e-05,Compara
GO:0034142,toll-like receptor 4 signaling pathway,13,94194,13,262673,2.7886383421449352,1.6205811835865994e-06,3.797716247936368e-05,Compara
GO:0032331,negative regulation of chondrocyte differentiation,7,94194,7,262673,2.788638342144935,0.0007624169356281291,0.007333866738884185,Compara
GO:0044306,neuron projection terminus,7,94194,7,262673,2.788638342144935,0.0007624169356281291,0.007333866738884185,Compara
GO:0044818,mitotic G2/M transition checkpoint,9,94194,9,262673,2.788638342144935,9.80310793826378e-05,0.0013490787132489853,Compara
GO:0044314,protein K27-linked ubiquitination,10,94194,10,262673,2.788638342144935,3.515158990800274e-05,0.0005537388100360534,Compara
GO:0044344,cellular response to fibroblast growth factor stimulus,20,94194,20,262673,2.788638342144935,1.2347930547888858e-09,5.4450390512787314e-08,Compara
GO:0031996,thioesterase binding,10,94194,10,262673,2.788638342144935,3.515158990800274e-05,0.0005537388100360534,Compara
GO:0045070,positive regulation of viral genome replication,17,94194,17,262673,2.788638342144935,2.6787394566849986e-08,9.552617836404505e-07,Compara
GO:0045050,protein insertion into ER membrane by stop-transfer membrane-anchor sequence,10,94194,10,262673,2.788638342144935,3.515158990800274e-05,0.0005537388100360534,Compara
GO:0032094,response to food,10,94194,10,262673,2.788638342144935,3.515158990800274e-05,0.0005537388100360534,Compara
GO:0044829,host-mediated activation of viral genome replication,7,94194,7,262673,2.788638342144935,0.0007624169356281291,0.007333866738884185,Compara
GO:0034394,protein localization to cell surface,14,94194,14,262673,2.788638342144935,5.810856485791566e-07,1.5474235355994294e-05,Compara
GO:0045171,intercellular bridge,80,94194,80,262673,2.788638342144935,2.287051238229144e-36,7.6047544280900424e-34,Compara
GO:0045198,establishment of epithelial cell apical/basal polarity,7,94194,7,262673,2.788638342144935,0.0007624169356281291,0.007333866738884185,Compara
GO:0046677,response to antibiotic,9,94194,9,262673,2.788638342144935,9.80310793826378e-05,0.0013490787132489853,Compara
GO:0046628,positive regulation of insulin receptor signaling pathway,7,94194,7,262673,2.788638342144935,0.0007624169356281291,0.007333866738884185,Compara
GO:0031406,carboxylic acid binding,7,94194,7,262673,2.788638342144935,0.0007624169356281291,0.007333866738884185,Compara
GO:0031432,titin binding,14,94194,14,262673,2.788638342144935,5.810856485791566e-07,1.5474235355994294e-05,Compara
GO:0031435,mitogen-activated protein kinase kinase kinase binding,11,94194,11,262673,2.788638342144935,1.260442979709687e-05,0.00022872020618537286,Compara
GO:0031440,regulation of mRNA 3'-end processing,7,94194,7,262673,2.788638342144935,0.0007624169356281291,0.007333866738884185,Compara
GO:0046426,negative regulation of receptor signaling pathway via JAK-STAT,9,94194,9,262673,2.788638342144935,9.80310793826378e-05,0.0013490787132489853,Compara
GO:0046326,positive regulation of D-glucose import,15,94194,15,262673,2.788638342144935,2.083562580488836e-07,6.1472590953846884e-06,Compara
GO:0031489,myosin V binding,15,94194,15,262673,2.788638342144935,2.083562580488836e-07,6.1472590953846884e-06,Compara
GO:0045824,negative regulation of innate immune response,15,94194,15,262673,2.788638342144935,2.083562580488836e-07,6.1472590953846884e-06,Compara
GO:0045821,positive regulation of glycolytic process,10,94194,10,262673,2.788638342144935,3.515158990800274e-05,0.0005537388100360534,Compara
GO:0045807,positive regulation of endocytosis,11,94194,11,262673,2.788638342144935,1.260442979709687e-05,0.00022872020618537286,Compara
GO:0045787,positive regulation of cell cycle,11,94194,11,262673,2.788638342144935,1.260442979709687e-05,0.00022872020618537286,Compara
GO:0045776,negative regulation of blood pressure,14,94194,14,262673,2.788638342144935,5.810856485791566e-07,1.5474235355994294e-05,Compara
GO:0031571,mitotic G1 DNA damage checkpoint signaling,11,94194,11,262673,2.788638342144935,1.260442979709687e-05,0.00022872020618537286,Compara
GO:0031593,polyubiquitin modification-dependent protein binding,18,94194,18,262673,2.788638342144935,9.604792801428836e-09,3.7043186782438547e-07,Compara
GO:0031616,spindle pole centrosome,7,94194,7,262673,2.788638342144935,0.0007624169356281291,0.007333866738884185,Compara
GO:0031624,ubiquitin conjugating enzyme binding,15,94194,15,262673,2.788638342144935,2.083562580488836e-07,6.1472590953846884e-06,Compara
GO:0045724,positive regulation of cilium assembly,9,94194,9,262673,2.788638342144935,9.80310793826378e-05,0.0013490787132489853,Compara
GO:0045723,positive regulation of fatty acid biosynthetic process,9,94194,9,262673,2.788638342144935,9.80310793826378e-05,0.0013490787132489853,Compara
GO:0031800,type 3 metabotropic glutamate receptor binding,10,94194,10,262673,2.788638342144935,3.515158990800274e-05,0.0005537388100360534,Compara
GO:0045657,positive regulation of monocyte differentiation,7,94194,7,262673,2.788638342144935,0.0007624169356281291,0.007333866738884185,Compara
GO:0045638,negative regulation of myeloid cell differentiation,7,94194,7,262673,2.788638342144935,0.0007624169356281291,0.007333866738884185,Compara
GO:0031994,insulin-like growth factor I binding,10,94194,10,262673,2.788638342144935,3.515158990800274e-05,0.0005537388100360534,Compara
GO:0045618,positive regulation of keratinocyte differentiation,7,94194,7,262673,2.788638342144935,0.0007624169356281291,0.007333866738884185,Compara
GO:0032355,response to estradiol,70,94194,70,262673,2.788638342144935,6.537356858113065e-32,1.711257477135426e-29,Compara
GO:0043622,cortical microtubule organization,7,94194,7,262673,2.788638342144935,0.0007624169356281291,0.007333866738884185,Compara
GO:0043997,histone H4K12 acetyltransferase activity,7,94194,7,262673,2.788638342144935,0.0007624169356281291,0.007333866738884185,Compara
GO:0032435,negative regulation of proteasomal ubiquitin-dependent protein catabolic process,20,94194,20,262673,2.788638342144935,1.2347930547888858e-09,5.4450390512787314e-08,Compara
GO:0033280,response to vitamin D,14,94194,14,262673,2.788638342144935,5.810856485791566e-07,1.5474235355994294e-05,Compara
GO:0033629,negative regulation of cell adhesion mediated by integrin,7,94194,7,262673,2.788638342144935,0.0007624169356281291,0.007333866738884185,Compara
GO:0042574,retinal metabolic process,11,94194,11,262673,2.788638342144935,1.260442979709687e-05,0.00022872020618537286,Compara
GO:0033762,response to glucagon,7,94194,7,262673,2.788638342144935,0.0007624169356281291,0.007333866738884185,Compara
GO:0042564,NLS-dependent protein nuclear import complex,7,94194,7,262673,2.788638342144935,0.0007624169356281291,0.007333866738884185,Compara
GO:0033962,P-body assembly,7,94194,7,262673,2.788638342144935,0.0007624169356281291,0.007333866738884185,Compara
GO:0042554,superoxide anion generation,11,94194,11,262673,2.788638342144935,1.260442979709687e-05,0.00022872020618537286,Compara
GO:0042308,negative regulation of protein import into nucleus,7,94194,7,262673,2.788638342144935,0.0007624169356281291,0.007333866738884185,Compara
GO:0042169,SH2 domain binding,22,94194,22,262673,2.788638342144935,1.5874078484923723e-10,8.528331336245264e-09,Compara
GO:0042119,neutrophil activation,10,94194,10,262673,2.788638342144935,3.515158990800274e-05,0.0005537388100360534,Compara
GO:0042058,regulation of epidermal growth factor receptor signaling pathway,7,94194,7,262673,2.788638342144935,0.0007624169356281291,0.007333866738884185,Compara
GO:0039706,co-receptor binding,7,94194,7,262673,2.788638342144935,0.0007624169356281291,0.007333866738884185,Compara
GO:0046827,positive regulation of protein export from nucleus,11,94194,11,262673,2.788638342144935,1.260442979709687e-05,0.00022872020618537286,Compara
GO:0036020,endolysosome membrane,7,94194,7,262673,2.788638342144935,0.0007624169356281291,0.007333866738884185,Compara
GO:0036010,protein localization to endosome,7,94194,7,262673,2.788638342144935,0.0007624169356281291,0.007333866738884185,Compara
GO:0036002,pre-mRNA binding,9,94194,9,262673,2.788638342144935,9.80310793826378e-05,0.0013490787132489853,Compara
GO:0035987,endodermal cell differentiation,21,94194,21,262673,2.788638342144935,4.4273395370126804e-10,2.1277171220260552e-08,Compara
GO:0034116,positive regulation of heterotypic cell-cell adhesion,7,94194,7,262673,2.788638342144935,0.0007624169356281291,0.007333866738884185,Compara
GO:0034144,negative regulation of toll-like receptor 4 signaling pathway,7,94194,7,262673,2.788638342144935,0.0007624169356281291,0.007333866738884185,Compara
GO:0035646,endosome to melanosome transport,7,94194,7,262673,2.788638342144935,0.0007624169356281291,0.007333866738884185,Compara
GO:0034236,protein kinase A catalytic subunit binding,10,94194,10,262673,2.788638342144935,3.515158990800274e-05,0.0005537388100360534,Compara
GO:0035567,non-canonical Wnt signaling pathway,10,94194,10,262673,2.788638342144935,3.515158990800274e-05,0.0005537388100360534,Compara
GO:0034244,negative regulation of transcription elongation by RNA polymerase II,11,94194,11,262673,2.788638342144935,1.260442979709687e-05,0.00022872020618537286,Compara
GO:0035313,"wound healing, spreading of epidermal cells",7,94194,7,262673,2.788638342144935,0.0007624169356281291,0.007333866738884185,Compara
GO:0035259,nuclear glucocorticoid receptor binding,7,94194,7,262673,2.788638342144935,0.0007624169356281291,0.007333866738884185,Compara
GO:0035024,negative regulation of Rho protein signal transduction,9,94194,9,262673,2.788638342144935,9.80310793826378e-05,0.0013490787132489853,Compara
GO:0035020,regulation of Rac protein signal transduction,7,94194,7,262673,2.788638342144935,0.0007624169356281291,0.007333866738884185,Compara
GO:0034374,low-density lipoprotein particle remodeling,7,94194,7,262673,2.788638342144935,0.0007624169356281291,0.007333866738884185,Compara
GO:0034375,high-density lipoprotein particle remodeling,10,94194,10,262673,2.788638342144935,3.515158990800274e-05,0.0005537388100360534,Compara
GO:0033276,transcription factor TFTC complex,10,94194,10,262673,2.788638342144935,3.515158990800274e-05,0.0005537388100360534,Compara
GO:0042755,eating behavior,15,94194,15,262673,2.788638342144935,2.083562580488836e-07,6.1472590953846884e-06,Compara
GO:0042789,mRNA transcription by RNA polymerase II,21,94194,21,262673,2.788638342144935,4.4273395370126804e-10,2.1277171220260552e-08,Compara
GO:0043518,"negative regulation of DNA damage response, signal transduction by p53 class mediator",9,94194,9,262673,2.788638342144935,9.80310793826378e-05,0.0013490787132489853,Compara
GO:0032489,regulation of Cdc42 protein signal transduction,7,94194,7,262673,2.788638342144935,0.0007624169356281291,0.007333866738884185,Compara
GO:0032570,response to progesterone,23,94194,23,262673,2.788638342144935,5.691559213959547e-11,3.1974088132120688e-09,Compara
GO:0032693,negative regulation of interleukin-10 production,10,94194,10,262673,2.788638342144935,3.515158990800274e-05,0.0005537388100360534,Compara
GO:0043922,host-mediated suppression of viral transcription,10,94194,10,262673,2.788638342144935,3.515158990800274e-05,0.0005537388100360534,Compara
GO:0032717,negative regulation of interleukin-8 production,9,94194,9,262673,2.788638342144935,9.80310793826378e-05,0.0013490787132489853,Compara
GO:0032725,positive regulation of granulocyte macrophage colony-stimulating factor production,9,94194,9,262673,2.788638342144935,9.80310793826378e-05,0.0013490787132489853,Compara
GO:0043653,mitochondrial fragmentation involved in apoptotic process,10,94194,10,262673,2.788638342144935,3.515158990800274e-05,0.0005537388100360534,Compara
GO:0043627,response to estrogen,44,94194,44,262673,2.788638342144935,2.511569973729098e-20,3.862480673348637e-18,Compara
GO:0034498,early endosome to Golgi transport,9,94194,9,262673,2.788638342144935,9.80310793826378e-05,0.0013490787132489853,Compara
GO:0043596,nuclear replication fork,14,94194,14,262673,2.788638342144935,5.810856485791566e-07,1.5474235355994294e-05,Compara
GO:0043537,negative regulation of blood vessel endothelial cell migration,15,94194,15,262673,2.788638342144935,2.083562580488836e-07,6.1472590953846884e-06,Compara
GO:0043536,positive regulation of blood vessel endothelial cell migration,29,94194,29,262673,2.788638342144935,1.2089978984694083e-13,9.354906380420837e-12,Compara
GO:0032757,positive regulation of interleukin-8 production,43,94194,43,262673,2.788638342144935,7.005912015643121e-20,1.0511431162006991e-17,Compara
GO:0032930,positive regulation of superoxide anion generation,10,94194,10,262673,2.788638342144935,3.515158990800274e-05,0.0005537388100360534,Compara
GO:0042923,neuropeptide binding,7,94194,7,262673,2.788638342144935,0.0007624169356281291,0.007333866738884185,Compara
GO:0032966,negative regulation of collagen biosynthetic process,9,94194,9,262673,2.788638342144935,9.80310793826378e-05,0.0013490787132489853,Compara
GO:0043335,protein unfolding,7,94194,7,262673,2.788638342144935,0.0007624169356281291,0.007333866738884185,Compara
GO:0043325,"phosphatidylinositol-3,4-bisphosphate binding",15,94194,15,262673,2.788638342144935,2.083562580488836e-07,6.1472590953846884e-06,Compara
GO:0033119,negative regulation of RNA splicing,7,94194,7,262673,2.788638342144935,0.0007624169356281291,0.007333866738884185,Compara
GO:0033146,regulation of intracellular estrogen receptor signaling pathway,7,94194,7,262673,2.788638342144935,0.0007624169356281291,0.007333866738884185,Compara
GO:0043279,response to alkaloid,9,94194,9,262673,2.788638342144935,9.80310793826378e-05,0.0013490787132489853,Compara
GO:0033147,negative regulation of intracellular estrogen receptor signaling pathway,10,94194,10,262673,2.788638342144935,3.515158990800274e-05,0.0005537388100360534,Compara
GO:0033189,response to vitamin A,10,94194,10,262673,2.788638342144935,3.515158990800274e-05,0.0005537388100360534,Compara
GO:0043171,peptide catabolic process,7,94194,7,262673,2.788638342144935,0.0007624169356281291,0.007333866738884185,Compara
GO:0043120,tumor necrosis factor binding,7,94194,7,262673,2.788638342144935,0.0007624169356281291,0.007333866738884185,Compara
GO:0043116,negative regulation of vascular permeability,9,94194,9,262673,2.788638342144935,9.80310793826378e-05,0.0013490787132489853,Compara
GO:0043008,ATP-dependent protein binding,7,94194,7,262673,2.788638342144935,0.0007624169356281291,0.007333866738884185,Compara
GO:0042982,amyloid precursor protein metabolic process,7,94194,7,262673,2.788638342144935,0.0007624169356281291,0.007333866738884185,Compara
GO:0000038,very long-chain fatty acid metabolic process,9,94194,9,262673,2.788638342144935,9.80310793826378e-05,0.0013490787132489853,Compara
GO:0060392,negative regulation of SMAD protein signal transduction,10,94194,10,262673,2.788638342144935,3.515158990800274e-05,0.0005537388100360534,Compara
GO:0046847,filopodium assembly,7,94194,7,262673,2.788638342144935,0.0007624169356281291,0.007333866738884185,Compara
GO:1900273,positive regulation of long-term synaptic potentiation,7,94194,7,262673,2.788638342144935,0.0007624169356281291,0.007333866738884185,Compara
GO:0140870,RNA polymerase inhibitor activity,7,94194,7,262673,2.788638342144935,0.0007624169356281291,0.007333866738884185,Compara
GO:0141156,cAMP/PKA signal transduction,7,94194,7,262673,2.788638342144935,0.0007624169356281291,0.007333866738884185,Compara
GO:0141163,positive regulation of cAMP/PKA signal transduction,10,94194,10,262673,2.788638342144935,3.515158990800274e-05,0.0005537388100360534,Compara
GO:0141198,protein branched polyubiquitination,15,94194,15,262673,2.788638342144935,2.083562580488836e-07,6.1472590953846884e-06,Compara
GO:0180010,"co-transcriptional mRNA 3'-end processing, cleavage and polyadenylation pathway",7,94194,7,262673,2.788638342144935,0.0007624169356281291,0.007333866738884185,Compara
GO:0180026,mitochondrial small ribosomal subunit assembly,7,94194,7,262673,2.788638342144935,0.0007624169356281291,0.007333866738884185,Compara
GO:1900182,positive regulation of protein localization to nucleus,18,94194,18,262673,2.788638342144935,9.604792801428836e-09,3.7043186782438547e-07,Compara
GO:1900242,regulation of synaptic vesicle endocytosis,11,94194,11,262673,2.788638342144935,1.260442979709687e-05,0.00022872020618537286,Compara
GO:1900748,positive regulation of vascular endothelial growth factor signaling pathway,9,94194,9,262673,2.788638342144935,9.80310793826378e-05,0.0013490787132489853,Compara
GO:0097229,sperm end piece,61,94194,61,262673,2.788638342144935,6.693646289390886e-28,1.5538100056297371e-25,Compara
GO:1901526,positive regulation of mitophagy,11,94194,11,262673,2.788638342144935,1.260442979709687e-05,0.00022872020618537286,Compara
GO:1901798,positive regulation of signal transduction by p53 class mediator,7,94194,7,262673,2.788638342144935,0.0007624169356281291,0.007333866738884185,Compara
GO:1901844,regulation of cell communication by electrical coupling involved in cardiac conduction,10,94194,10,262673,2.788638342144935,3.515158990800274e-05,0.0005537388100360534,Compara
GO:1902004,positive regulation of amyloid-beta formation,9,94194,9,262673,2.788638342144935,9.80310793826378e-05,0.0013490787132489853,Compara
GO:1902018,negative regulation of cilium assembly,18,94194,18,262673,2.788638342144935,9.604792801428836e-09,3.7043186782438547e-07,Compara
GO:1902176,negative regulation of oxidative stress-induced intrinsic apoptotic signaling pathway,10,94194,10,262673,2.788638342144935,3.515158990800274e-05,0.0005537388100360534,Compara
GO:1902495,transmembrane transporter complex,21,94194,21,262673,2.788638342144935,4.4273395370126804e-10,2.1277171220260552e-08,Compara
GO:1902554,serine/threonine protein kinase complex,9,94194,9,262673,2.788638342144935,9.80310793826378e-05,0.0013490787132489853,Compara
GO:0140597,protein carrier chaperone,10,94194,10,262673,2.788638342144935,3.515158990800274e-05,0.0005537388100360534,Compara
GO:0140566,histone reader activity,11,94194,11,262673,2.788638342144935,1.260442979709687e-05,0.00022872020618537286,Compara
GO:0140468,HRI-mediated signaling,9,94194,9,262673,2.788638342144935,9.80310793826378e-05,0.0013490787132489853,Compara
GO:0140313,molecular sequestering activity,11,94194,11,262673,2.788638342144935,1.260442979709687e-05,0.00022872020618537286,Compara
GO:0097352,autophagosome maturation,22,94194,22,262673,2.788638342144935,1.5874078484923723e-10,8.528331336245264e-09,Compara
GO:0097449,astrocyte projection,10,94194,10,262673,2.788638342144935,3.515158990800274e-05,0.0005537388100360534,Compara
GO:0097623,potassium ion export across plasma membrane,9,94194,9,262673,2.788638342144935,9.80310793826378e-05,0.0013490787132489853,Compara
GO:0097708,intracellular vesicle,9,94194,9,262673,2.788638342144935,9.80310793826378e-05,0.0013490787132489853,Compara
GO:0097718,disordered domain specific binding,15,94194,15,262673,2.788638342144935,2.083562580488836e-07,6.1472590953846884e-06,Compara
GO:0098850,extrinsic component of synaptic vesicle membrane,9,94194,9,262673,2.788638342144935,9.80310793826378e-05,0.0013490787132489853,Compara
GO:0098901,regulation of cardiac muscle cell action potential,7,94194,7,262673,2.788638342144935,0.0007624169356281291,0.007333866738884185,Compara
GO:0099078,BORC complex,7,94194,7,262673,2.788638342144935,0.0007624169356281291,0.007333866738884185,Compara
GO:0099149,regulation of postsynaptic neurotransmitter receptor internalization,7,94194,7,262673,2.788638342144935,0.0007624169356281291,0.007333866738884185,Compara
GO:0101031,protein folding chaperone complex,28,94194,28,262673,2.788638342144935,3.3721008967658516e-13,2.4842489420904354e-11,Compara
GO:0106139,symbiont cell surface,7,94194,7,262673,2.788638342144935,0.0007624169356281291,0.007333866738884185,Compara
GO:0110076,negative regulation of ferroptosis,11,94194,11,262673,2.788638342144935,1.260442979709687e-05,0.00022872020618537286,Compara
GO:0120186,negative regulation of protein localization to chromatin,9,94194,9,262673,2.788638342144935,9.80310793826378e-05,0.0013490787132489853,Compara
GO:0120283,protein serine/threonine kinase binding,17,94194,17,262673,2.788638342144935,2.6787394566849986e-08,9.552617836404505e-07,Compara
GO:0140002,histone H3K4me3 reader activity,18,94194,18,262673,2.788638342144935,9.604792801428836e-09,3.7043186782438547e-07,Compara
GO:0140115,export across plasma membrane,7,94194,7,262673,2.788638342144935,0.0007624169356281291,0.007333866738884185,Compara
GO:0140296,general transcription initiation factor binding,10,94194,10,262673,2.788638342144935,3.515158990800274e-05,0.0005537388100360534,Compara
GO:1902570,protein localization to nucleolus,7,94194,7,262673,2.788638342144935,0.0007624169356281291,0.007333866738884185,Compara
GO:1902808,positive regulation of cell cycle G1/S phase transition,7,94194,7,262673,2.788638342144935,0.0007624169356281291,0.007333866738884185,Compara
GO:1902902,negative regulation of autophagosome assembly,9,94194,9,262673,2.788638342144935,9.80310793826378e-05,0.0013490787132489853,Compara
GO:1990314,cellular response to insulin-like growth factor stimulus,11,94194,11,262673,2.788638342144935,1.260442979709687e-05,0.00022872020618537286,Compara
GO:1990763,arrestin family protein binding,9,94194,9,262673,2.788638342144935,9.80310793826378e-05,0.0013490787132489853,Compara
GO:1990825,sequence-specific mRNA binding,9,94194,9,262673,2.788638342144935,9.80310793826378e-05,0.0013490787132489853,Compara
GO:1990859,cellular response to endothelin,10,94194,10,262673,2.788638342144935,3.515158990800274e-05,0.0005537388100360534,Compara
GO:1990869,cellular response to chemokine,9,94194,9,262673,2.788638342144935,9.80310793826378e-05,0.0013490787132489853,Compara
GO:1990877,FNIP-folliculin RagC/D GAP,9,94194,9,262673,2.788638342144935,9.80310793826378e-05,0.0013490787132489853,Compara
GO:1990907,beta-catenin-TCF complex,7,94194,7,262673,2.788638342144935,0.0007624169356281291,0.007333866738884185,Compara
GO:1990948,ubiquitin ligase inhibitor activity,9,94194,9,262673,2.788638342144935,9.80310793826378e-05,0.0013490787132489853,Compara
GO:2000010,positive regulation of protein localization to cell surface,14,94194,14,262673,2.788638342144935,5.810856485791566e-07,1.5474235355994294e-05,Compara
GO:2000048,negative regulation of cell-cell adhesion mediated by cadherin,9,94194,9,262673,2.788638342144935,9.80310793826378e-05,0.0013490787132489853,Compara
GO:2000234,positive regulation of rRNA processing,10,94194,10,262673,2.788638342144935,3.515158990800274e-05,0.0005537388100360534,Compara
GO:2000353,positive regulation of endothelial cell apoptotic process,11,94194,11,262673,2.788638342144935,1.260442979709687e-05,0.00022872020618537286,Compara
GO:2000774,positive regulation of cellular senescence,9,94194,9,262673,2.788638342144935,9.80310793826378e-05,0.0013490787132489853,Compara
GO:2000786,positive regulation of autophagosome assembly,15,94194,15,262673,2.788638342144935,2.083562580488836e-07,6.1472590953846884e-06,Compara
GO:2000810,regulation of bicellular tight junction assembly,7,94194,7,262673,2.788638342144935,0.0007624169356281291,0.007333866738884185,Compara
GO:2000811,negative regulation of anoikis,10,94194,10,262673,2.788638342144935,3.515158990800274e-05,0.0005537388100360534,Compara
GO:2001171,positive regulation of ATP biosynthetic process,7,94194,7,262673,2.788638342144935,0.0007624169356281291,0.007333866738884185,Compara
GO:2001240,negative regulation of extrinsic apoptotic signaling pathway in absence of ligand,14,94194,14,262673,2.788638342144935,5.810856485791566e-07,1.5474235355994294e-05,Compara
GO:1990381,ubiquitin-specific protease binding,15,94194,15,262673,2.788638342144935,2.083562580488836e-07,6.1472590953846884e-06,Compara
GO:1990229,iron-sulfur cluster assembly complex,7,94194,7,262673,2.788638342144935,0.0007624169356281291,0.007333866738884185,Compara
GO:1903077,negative regulation of protein localization to plasma membrane,14,94194,14,262673,2.788638342144935,5.810856485791566e-07,1.5474235355994294e-05,Compara
GO:1990166,protein localization to site of double-strand break,10,94194,10,262673,2.788638342144935,3.515158990800274e-05,0.0005537388100360534,Compara
GO:1903136,cuprous ion binding,7,94194,7,262673,2.788638342144935,0.0007624169356281291,0.007333866738884185,Compara
GO:1903348,positive regulation of bicellular tight junction assembly,7,94194,7,262673,2.788638342144935,0.0007624169356281291,0.007333866738884185,Compara
GO:1903358,regulation of Golgi organization,9,94194,9,262673,2.788638342144935,9.80310793826378e-05,0.0013490787132489853,Compara
GO:1903589,positive regulation of blood vessel endothelial cell proliferation involved in sprouting angiogenesis,7,94194,7,262673,2.788638342144935,0.0007624169356281291,0.007333866738884185,Compara
GO:1903672,positive regulation of sprouting angiogenesis,15,94194,15,262673,2.788638342144935,2.083562580488836e-07,6.1472590953846884e-06,Compara
GO:1903724,positive regulation of centriole elongation,7,94194,7,262673,2.788638342144935,0.0007624169356281291,0.007333866738884185,Compara
GO:1903861,positive regulation of dendrite extension,9,94194,9,262673,2.788638342144935,9.80310793826378e-05,0.0013490787132489853,Compara
GO:1904044,response to aldosterone,7,94194,7,262673,2.788638342144935,0.0007624169356281291,0.007333866738884185,Compara
GO:1904153,"negative regulation of retrograde protein transport, ER to cytosol",9,94194,9,262673,2.788638342144935,9.80310793826378e-05,0.0013490787132489853,Compara
GO:1904628,cellular response to phorbol 13-acetate 12-myristate,10,94194,10,262673,2.788638342144935,3.515158990800274e-05,0.0005537388100360534,Compara
GO:1904754,positive regulation of vascular associated smooth muscle cell migration,9,94194,9,262673,2.788638342144935,9.80310793826378e-05,0.0013490787132489853,Compara
GO:1904930,amphisome membrane,9,94194,9,262673,2.788638342144935,9.80310793826378e-05,0.0013490787132489853,Compara
GO:1904949,ATPase complex,20,94194,20,262673,2.788638342144935,1.2347930547888858e-09,5.4450390512787314e-08,Compara
GO:1905146,lysosomal protein catabolic process,7,94194,7,262673,2.788638342144935,0.0007624169356281291,0.007333866738884185,Compara
GO:1905564,positive regulation of vascular endothelial cell proliferation,9,94194,9,262673,2.788638342144935,9.80310793826378e-05,0.0013490787132489853,Compara
GO:1905907,negative regulation of amyloid fibril formation,7,94194,7,262673,2.788638342144935,0.0007624169356281291,0.007333866738884185,Compara
GO:1990090,cellular response to nerve growth factor stimulus,21,94194,21,262673,2.788638342144935,4.4273395370126804e-10,2.1277171220260552e-08,Compara
GO:0097322,7SK snRNA binding,7,94194,7,262673,2.788638342144935,0.0007624169356281291,0.007333866738884185,Compara
GO:0097227,sperm annulus,11,94194,11,262673,2.788638342144935,1.260442979709687e-05,0.00022872020618537286,Compara
GO:0046966,nuclear thyroid hormone receptor binding,14,94194,14,262673,2.788638342144935,5.810856485791566e-07,1.5474235355994294e-05,Compara
GO:0061700,GATOR2 complex,11,94194,11,262673,2.788638342144935,1.260442979709687e-05,0.00022872020618537286,Compara
GO:0060382,regulation of DNA strand elongation,14,94194,14,262673,2.788638342144935,5.810856485791566e-07,1.5474235355994294e-05,Compara
GO:0031100,animal organ regeneration,20,94194,20,262673,2.788638342144935,1.2347930547888858e-09,5.4450390512787314e-08,Compara
GO:0060416,response to growth hormone,7,94194,7,262673,2.788638342144935,0.0007624169356281291,0.007333866738884185,Compara
GO:0060612,adipose tissue development,7,94194,7,262673,2.788638342144935,0.0007624169356281291,0.007333866738884185,Compara
GO:0060766,negative regulation of androgen receptor signaling pathway,9,94194,9,262673,2.788638342144935,9.80310793826378e-05,0.0013490787132489853,Compara
GO:0060999,positive regulation of dendritic spine development,7,94194,7,262673,2.788638342144935,0.0007624169356281291,0.007333866738884185,Compara
GO:0061133,endopeptidase activator activity,9,94194,9,262673,2.788638342144935,9.80310793826378e-05,0.0013490787132489853,Compara
GO:0061179,negative regulation of insulin secretion involved in cellular response to glucose stimulus,7,94194,7,262673,2.788638342144935,0.0007624169356281291,0.007333866738884185,Compara
GO:0062072,histone H3K9me2/3 reader activity,10,94194,10,262673,2.788638342144935,3.515158990800274e-05,0.0005537388100360534,Compara
GO:0097067,cellular response to thyroid hormone stimulus,10,94194,10,262673,2.788638342144935,3.515158990800274e-05,0.0005537388100360534,Compara
GO:0062176,R-loop processing,7,94194,7,262673,2.788638342144935,0.0007624169356281291,0.007333866738884185,Compara
GO:0070034,telomerase RNA binding,15,94194,15,262673,2.788638342144935,2.083562580488836e-07,6.1472590953846884e-06,Compara
GO:0070050,neuron cellular homeostasis,7,94194,7,262673,2.788638342144935,0.0007624169356281291,0.007333866738884185,Compara
GO:0070131,positive regulation of mitochondrial translation,11,94194,11,262673,2.788638342144935,1.260442979709687e-05,0.00022872020618537286,Compara
GO:0070182,DNA polymerase binding,15,94194,15,262673,2.788638342144935,2.083562580488836e-07,6.1472590953846884e-06,Compara
GO:0070198,"protein localization to chromosome, telomeric region",7,94194,7,262673,2.788638342144935,0.0007624169356281291,0.007333866738884185,Compara
GO:0070207,protein homotrimerization,11,94194,11,262673,2.788638342144935,1.260442979709687e-05,0.00022872020618537286,Compara
GO:0070300,phosphatidic acid binding,15,94194,15,262673,2.788638342144935,2.083562580488836e-07,6.1472590953846884e-06,Compara
GO:0060307,regulation of ventricular cardiac muscle cell membrane repolarization,7,94194,7,262673,2.788638342144935,0.0007624169356281291,0.007333866738884185,Compara
GO:0060135,maternal process involved in female pregnancy,9,94194,9,262673,2.788638342144935,9.80310793826378e-05,0.0013490787132489853,Compara
GO:0051901,positive regulation of mitochondrial depolarization,7,94194,7,262673,2.788638342144935,0.0007624169356281291,0.007333866738884185,Compara
GO:0051894,positive regulation of focal adhesion assembly,17,94194,17,262673,2.788638342144935,2.6787394566849986e-08,9.552617836404505e-07,Compara
GO:0048146,positive regulation of fibroblast proliferation,27,94194,27,262673,2.788638342144935,9.4052992249885e-13,6.612194078001915e-11,Compara
GO:0048147,negative regulation of fibroblast proliferation,9,94194,9,262673,2.788638342144935,9.80310793826378e-05,0.0013490787132489853,Compara
GO:0048333,mesodermal cell differentiation,7,94194,7,262673,2.788638342144935,0.0007624169356281291,0.007333866738884185,Compara
GO:0048545,response to steroid hormone,20,94194,20,262673,2.788638342144935,1.2347930547888858e-09,5.4450390512787314e-08,Compara
GO:0050651,dermatan sulfate proteoglycan biosynthetic process,7,94194,7,262673,2.788638342144935,0.0007624169356281291,0.007333866738884185,Compara
GO:0050847,progesterone receptor signaling pathway,7,94194,7,262673,2.788638342144935,0.0007624169356281291,0.007333866738884185,Compara
GO:0050927,positive regulation of positive chemotaxis,10,94194,10,262673,2.788638342144935,3.515158990800274e-05,0.0005537388100360534,Compara
GO:0051044,positive regulation of membrane protein ectodomain proteolysis,9,94194,9,262673,2.788638342144935,9.80310793826378e-05,0.0013490787132489853,Compara
GO:0051058,negative regulation of small GTPase mediated signal transduction,7,94194,7,262673,2.788638342144935,0.0007624169356281291,0.007333866738884185,Compara
GO:0051059,NF-kappaB binding,22,94194,22,262673,2.788638342144935,1.5874078484923723e-10,8.528331336245264e-09,Compara
GO:0051281,positive regulation of release of sequestered calcium ion into cytosol,18,94194,18,262673,2.788638342144935,9.604792801428836e-09,3.7043186782438547e-07,Compara
GO:0051290,protein heterotetramerization,10,94194,10,262673,2.788638342144935,3.515158990800274e-05,0.0005537388100360534,Compara
GO:0051292,nuclear pore complex assembly,9,94194,9,262673,2.788638342144935,9.80310793826378e-05,0.0013490787132489853,Compara
GO:0051481,negative regulation of cytosolic calcium ion concentration,7,94194,7,262673,2.788638342144935,0.0007624169356281291,0.007333866738884185,Compara
GO:0051561,positive regulation of mitochondrial calcium ion concentration,9,94194,9,262673,2.788638342144935,9.80310793826378e-05,0.0013490787132489853,Compara
GO:0051591,response to cAMP,29,94194,29,262673,2.788638342144935,1.2089978984694083e-13,9.354906380420837e-12,Compara
GO:0051721,protein phosphatase 2A binding,20,94194,20,262673,2.788638342144935,1.2347930547888858e-09,5.4450390512787314e-08,Compara
GO:0070555,response to interleukin-1,20,94194,20,262673,2.788638342144935,1.2347930547888858e-09,5.4450390512787314e-08,Compara
GO:0070700,BMP receptor binding,9,94194,9,262673,2.788638342144935,9.80310793826378e-05,0.0013490787132489853,Compara
GO:0070723,response to cholesterol,7,94194,7,262673,2.788638342144935,0.0007624169356281291,0.007333866738884185,Compara
GO:0071774,response to fibroblast growth factor,7,94194,7,262673,2.788638342144935,0.0007624169356281291,0.007333866738884185,Compara
GO:0072332,intrinsic apoptotic signaling pathway by p53 class mediator,10,94194,10,262673,2.788638342144935,3.515158990800274e-05,0.0005537388100360534,Compara
GO:0072357,PTW/PP1 phosphatase complex,7,94194,7,262673,2.788638342144935,0.0007624169356281291,0.007333866738884185,Compara
GO:0072542,protein phosphatase activator activity,14,94194,14,262673,2.788638342144935,5.810856485791566e-07,1.5474235355994294e-05,Compara
GO:0075522,IRES-dependent viral translational initiation,9,94194,9,262673,2.788638342144935,9.80310793826378e-05,0.0013490787132489853,Compara
GO:0085020,protein K6-linked ubiquitination,11,94194,11,262673,2.788638342144935,1.260442979709687e-05,0.00022872020618537286,Compara
GO:0086002,cardiac muscle cell action potential involved in contraction,9,94194,9,262673,2.788638342144935,9.80310793826378e-05,0.0013490787132489853,Compara
GO:0086004,regulation of cardiac muscle cell contraction,7,94194,7,262673,2.788638342144935,0.0007624169356281291,0.007333866738884185,Compara
GO:0086005,ventricular cardiac muscle cell action potential,7,94194,7,262673,2.788638342144935,0.0007624169356281291,0.007333866738884185,Compara
GO:0086009,membrane repolarization,7,94194,7,262673,2.788638342144935,0.0007624169356281291,0.007333866738884185,Compara
GO:0086091,regulation of heart rate by cardiac conduction,21,94194,21,262673,2.788638342144935,4.4273395370126804e-10,2.1277171220260552e-08,Compara
GO:0090023,positive regulation of neutrophil chemotaxis,9,94194,9,262673,2.788638342144935,9.80310793826378e-05,0.0013490787132489853,Compara
GO:0090051,negative regulation of cell migration involved in sprouting angiogenesis,11,94194,11,262673,2.788638342144935,1.260442979709687e-05,0.00022872020618537286,Compara
GO:0090303,positive regulation of wound healing,15,94194,15,262673,2.788638342144935,2.083562580488836e-07,6.1472590953846884e-06,Compara
GO:0090314,positive regulation of protein targeting to membrane,11,94194,11,262673,2.788638342144935,1.260442979709687e-05,0.00022872020618537286,Compara
GO:0090316,positive regulation of intracellular protein transport,10,94194,10,262673,2.788638342144935,3.515158990800274e-05,0.0005537388100360534,Compara
GO:0090443,FAR/SIN/STRIPAK complex,15,94194,15,262673,2.788638342144935,2.083562580488836e-07,6.1472590953846884e-06,Compara
GO:0090734,site of DNA damage,37,94194,37,262673,2.788638342144935,3.300037833359363e-17,3.794426678861705e-15,Compara
GO:0071782,endoplasmic reticulum tubular network,9,94194,9,262673,2.788638342144935,9.80310793826378e-05,0.0013490787132489853,Compara
GO:0071732,cellular response to nitric oxide,10,94194,10,262673,2.788638342144935,3.515158990800274e-05,0.0005537388100360534,Compara
GO:0070934,CRD-mediated mRNA stabilization,7,94194,7,262673,2.788638342144935,0.0007624169356281291,0.007333866738884185,Compara
GO:0071493,cellular response to UV-B,9,94194,9,262673,2.788638342144935,9.80310793826378e-05,0.0013490787132489853,Compara
GO:0071007,U2-type catalytic step 2 spliceosome,33,94194,33,262673,2.788638342144935,1.9975419181381393e-15,1.9660606575082825e-13,Compara
GO:0071016,U12-type precatalytic spliceosome,30,94194,30,262673,2.788638342144935,4.3345854887843266e-14,3.627782671327454e-12,Compara
GO:0071018,U12-type catalytic step 2 spliceosome,30,94194,30,262673,2.788638342144935,4.3345854887843266e-14,3.627782671327454e-12,Compara
GO:0071020,post-spliceosomal complex,30,94194,30,262673,2.788638342144935,4.3345854887843266e-14,3.627782671327454e-12,Compara
GO:0071168,protein localization to chromatin,20,94194,20,262673,2.788638342144935,1.2347930547888858e-09,5.4450390512787314e-08,Compara
GO:0071169,establishment of protein localization to chromatin,7,94194,7,262673,2.788638342144935,0.0007624169356281291,0.007333866738884185,Compara
GO:0071233,cellular response to L-leucine,9,94194,9,262673,2.788638342144935,9.80310793826378e-05,0.0013490787132489853,Compara
GO:0071260,cellular response to mechanical stimulus,47,94194,47,262673,2.788638342144935,1.1570958547338898e-21,1.8981000401054727e-19,Compara
GO:0071305,cellular response to vitamin D,7,94194,7,262673,2.788638342144935,0.0007624169356281291,0.007333866738884185,Compara
GO:0071316,cellular response to nicotine,9,94194,9,262673,2.788638342144935,9.80310793826378e-05,0.0013490787132489853,Compara
GO:0071360,cellular response to exogenous dsRNA,9,94194,9,262673,2.788638342144935,9.80310793826378e-05,0.0013490787132489853,Compara
GO:0071361,cellular response to ethanol,11,94194,11,262673,2.788638342144935,1.260442979709687e-05,0.00022872020618537286,Compara
GO:0071372,cellular response to follicle-stimulating hormone stimulus,10,94194,10,262673,2.788638342144935,3.515158990800274e-05,0.0005537388100360534,Compara
GO:0071466,cellular response to xenobiotic stimulus,29,94194,29,262673,2.788638342144935,1.2089978984694083e-13,9.354906380420837e-12,Compara
GO:0071468,cellular response to acidic pH,11,94194,11,262673,2.788638342144935,1.260442979709687e-05,0.00022872020618537286,Compara
GO:0071474,cellular hyperosmotic response,11,94194,11,262673,2.788638342144935,1.260442979709687e-05,0.00022872020618537286,Compara
GO:0071492,cellular response to UV-A,10,94194,10,262673,2.788638342144935,3.515158990800274e-05,0.0005537388100360534,Compara
GO:0031113,regulation of microtubule polymerization,7,94194,7,262673,2.788638342144935,0.0007624169356281291,0.007333866738884185,Compara
GO:2001244,positive regulation of intrinsic apoptotic signaling pathway,20,94194,20,262673,2.788638342144935,1.2347930547888858e-09,5.4450390512787314e-08,Compara
GO:0010856,adenylate cyclase activator activity,10,94194,10,262673,2.788638342144935,3.515158990800274e-05,0.0005537388100360534,Compara
GO:0005123,death receptor binding,7,94194,7,262673,2.788638342144935,0.0007624169356281291,0.007333866738884185,Compara
GO:0010040,response to iron(II) ion,7,94194,7,262673,2.788638342144935,0.0007624169356281291,0.007333866738884185,Compara
GO:0014074,response to purine-containing compound,7,94194,7,262673,2.788638342144935,0.0007624169356281291,0.007333866738884185,Compara
GO:0000979,RNA polymerase II core promoter sequence-specific DNA binding,10,94194,10,262673,2.788638342144935,3.515158990800274e-05,0.0005537388100360534,Compara
GO:0007080,mitotic metaphase chromosome alignment,35,94194,35,262673,2.788638342144935,2.567516999769822e-16,2.6998428759118048e-14,Compara
GO:0010971,positive regulation of G2/M transition of mitotic cell cycle,18,94194,18,262673,2.788638342144935,9.604792801428836e-09,3.7043186782438547e-07,Compara
GO:0030007,intracellular potassium ion homeostasis,7,94194,7,262673,2.788638342144935,0.0007624169356281291,0.007333866738884185,Compara
GO:0010917,negative regulation of mitochondrial membrane potential,7,94194,7,262673,2.788638342144935,0.0007624169356281291,0.007333866738884185,Compara
GO:0001771,immunological synapse formation,7,94194,7,262673,2.788638342144935,0.0007624169356281291,0.007333866738884185,Compara
GO:0000138,Golgi trans cisterna,7,94194,7,262673,2.788638342144935,0.0007624169356281291,0.007333866738884185,Compara
GO:0010460,positive regulation of heart rate,11,94194,11,262673,2.788638342144935,1.260442979709687e-05,0.00022872020618537286,Compara
GO:0030595,leukocyte chemotaxis,7,94194,7,262673,2.788638342144935,0.0007624169356281291,0.007333866738884185,Compara
GO:0001935,endothelial cell proliferation,10,94194,10,262673,2.788638342144935,3.515158990800274e-05,0.0005537388100360534,Compara
GO:0017116,single-stranded DNA helicase activity,9,94194,9,262673,2.788638342144935,9.80310793826378e-05,0.0013490787132489853,Compara
GO:0005662,DNA replication factor A complex,10,94194,10,262673,2.788638342144935,3.515158990800274e-05,0.0005537388100360534,Compara
GO:0009611,response to wounding,17,94194,17,262673,2.788638342144935,2.6787394566849986e-08,9.552617836404505e-07,Compara
GO:0007168,receptor guanylyl cyclase signaling pathway,7,94194,7,262673,2.788638342144935,0.0007624169356281291,0.007333866738884185,Compara
GO:0008301,"DNA binding, bending",7,94194,7,262673,2.788638342144935,0.0007624169356281291,0.007333866738884185,Compara
GO:0009101,glycoprotein biosynthetic process,21,94194,21,262673,2.788638342144935,4.4273395370126804e-10,2.1277171220260552e-08,Compara
GO:0002947,tumor necrosis factor receptor superfamily complex,7,94194,7,262673,2.788638342144935,0.0007624169356281291,0.007333866738884185,Compara
GO:0015697,quaternary ammonium group transport,7,94194,7,262673,2.788638342144935,0.0007624169356281291,0.007333866738884185,Compara
GO:0006868,glutamine transport,7,94194,7,262673,2.788638342144935,0.0007624169356281291,0.007333866738884185,Compara
GO:0001953,negative regulation of cell-matrix adhesion,10,94194,10,262673,2.788638342144935,3.515158990800274e-05,0.0005537388100360534,Compara
GO:0009743,response to carbohydrate,7,94194,7,262673,2.788638342144935,0.0007624169356281291,0.007333866738884185,Compara
GO:0001972,retinoic acid binding,9,94194,9,262673,2.788638342144935,9.80310793826378e-05,0.0013490787132489853,Compara
GO:0000460,maturation of 5.8S rRNA,7,94194,7,262673,2.788638342144935,0.0007624169356281291,0.007333866738884185,Compara
GO:0015271,outward rectifier potassium channel activity,11,94194,11,262673,2.788638342144935,1.260442979709687e-05,0.00022872020618537286,Compara
GO:0015194,L-serine transmembrane transporter activity,7,94194,7,262673,2.788638342144935,0.0007624169356281291,0.007333866738884185,Compara
GO:0015186,L-glutamine transmembrane transporter activity,7,94194,7,262673,2.788638342144935,0.0007624169356281291,0.007333866738884185,Compara
GO:0030194,positive regulation of blood coagulation,7,94194,7,262673,2.788638342144935,0.0007624169356281291,0.007333866738884185,Compara
GO:0016167,glial cell-derived neurotrophic factor receptor activity,7,94194,7,262673,2.788638342144935,0.0007624169356281291,0.007333866738884185,Compara
GO:0001786,phosphatidylserine binding,21,94194,21,262673,2.788638342144935,4.4273395370126804e-10,2.1277171220260552e-08,Compara
GO:0008333,endosome to lysosome transport,27,94194,27,262673,2.788638342144935,9.4052992249885e-13,6.612194078001915e-11,Compara
GO:0016601,Rac protein signal transduction,9,94194,9,262673,2.788638342144935,9.80310793826378e-05,0.0013490787132489853,Compara
GO:0006612,protein targeting to membrane,7,94194,7,262673,2.788638342144935,0.0007624169356281291,0.007333866738884185,Compara
GO:0000995,RNA polymerase III general transcription initiation factor activity,7,94194,7,262673,2.788638342144935,0.0007624169356281291,0.007333866738884185,Compara
GO:0008157,protein phosphatase 1 binding,10,94194,10,262673,2.788638342144935,3.515158990800274e-05,0.0005537388100360534,Compara
GO:0006390,mitochondrial transcription,7,94194,7,262673,2.788638342144935,0.0007624169356281291,0.007333866738884185,Compara
GO:0010637,negative regulation of mitochondrial fusion,7,94194,7,262673,2.788638342144935,0.0007624169356281291,0.007333866738884185,Compara
GO:0010759,positive regulation of macrophage chemotaxis,10,94194,10,262673,2.788638342144935,3.515158990800274e-05,0.0005537388100360534,Compara
GO:0010596,negative regulation of endothelial cell migration,14,94194,14,262673,2.788638342144935,5.810856485791566e-07,1.5474235355994294e-05,Compara
GO:0001574,ganglioside biosynthetic process,7,94194,7,262673,2.788638342144935,0.0007624169356281291,0.007333866738884185,Compara
GO:0030331,nuclear estrogen receptor binding,27,94194,27,262673,2.788638342144935,9.4052992249885e-13,6.612194078001915e-11,Compara
GO:0019233,sensory perception of pain,7,94194,7,262673,2.788638342144935,0.0007624169356281291,0.007333866738884185,Compara
GO:0019395,fatty acid oxidation,10,94194,10,262673,2.788638342144935,3.515158990800274e-05,0.0005537388100360534,Compara
GO:0010744,positive regulation of macrophage derived foam cell differentiation,11,94194,11,262673,2.788638342144935,1.260442979709687e-05,0.00022872020618537286,Compara
GO:0002548,monocyte chemotaxis,7,94194,7,262673,2.788638342144935,0.0007624169356281291,0.007333866738884185,Compara
GO:0030850,prostate gland development,11,94194,11,262673,2.788638342144935,1.260442979709687e-05,0.00022872020618537286,Compara
GO:0019855,calcium channel inhibitor activity,14,94194,14,262673,2.788638342144935,5.810856485791566e-07,1.5474235355994294e-05,Compara
GO:0008066,glutamate receptor activity,7,94194,7,262673,2.788638342144935,0.0007624169356281291,0.007333866738884185,Compara
GO:0016235,aggresome,28,94194,28,262673,2.788638342144935,3.3721008967658516e-13,2.4842489420904354e-11,Compara
GO:0005828,kinetochore microtubule,14,94194,14,262673,2.788638342144935,5.810856485791566e-07,1.5474235355994294e-05,Compara
GO:0010633,negative regulation of epithelial cell migration,7,94194,7,262673,2.788638342144935,0.0007624169356281291,0.007333866738884185,Compara
GO:0002227,innate immune response in mucosa,7,94194,7,262673,2.788638342144935,0.0007624169356281291,0.007333866738884185,Compara
GO:0005521,lamin binding,9,94194,9,262673,2.788638342144935,9.80310793826378e-05,0.0013490787132489853,Compara
GO:0010765,positive regulation of sodium ion transport,7,94194,7,262673,2.788638342144935,0.0007624169356281291,0.007333866738884185,Compara
GO:0006337,nucleosome disassembly,11,94194,11,262673,2.788638342144935,1.260442979709687e-05,0.00022872020618537286,Compara
GO:0001578,microtubule bundle formation,14,94194,14,262673,2.788638342144935,5.810856485791566e-07,1.5474235355994294e-05,Compara
GO:0006362,transcription elongation by RNA polymerase I,11,94194,11,262673,2.788638342144935,1.260442979709687e-05,0.00022872020618537286,Compara
GO:0001223,transcription coactivator binding,35,94194,35,262673,2.788638342144935,2.567516999769822e-16,2.6998428759118048e-14,Compara
GO:0006386,termination of RNA polymerase III transcription,14,94194,14,262673,2.788638342144935,5.810856485791566e-07,1.5474235355994294e-05,Compara
GO:0000346,transcription export complex,9,94194,9,262673,2.788638342144935,9.80310793826378e-05,0.0013490787132489853,Compara
GO:0010820,positive regulation of T cell chemotaxis,7,94194,7,262673,2.788638342144935,0.0007624169356281291,0.007333866738884185,Compara
GO:0030890,positive regulation of B cell proliferation,20,94194,20,262673,2.788638342144935,1.2347930547888858e-09,5.4450390512787314e-08,Compara
GO:0001046,core promoter sequence-specific DNA binding,14,94194,14,262673,2.788638342144935,5.810856485791566e-07,1.5474235355994294e-05,Compara
GO:0030953,astral microtubule organization,9,94194,9,262673,2.788638342144935,9.80310793826378e-05,0.0013490787132489853,Compara
GO:0001216,DNA-binding transcription activator activity,15,94194,15,262673,2.788638342144935,2.083562580488836e-07,6.1472590953846884e-06,Compara
GO:0005798,Golgi-associated vesicle,7,94194,7,262673,2.788638342144935,0.0007624169356281291,0.007333866738884185,Compara
GO:0005295,neutral L-amino acid:sodium symporter activity,7,94194,7,262673,2.788638342144935,0.0007624169356281291,0.007333866738884185,Compara
GO:0030957,Tat protein binding,7,94194,7,262673,2.788638342144935,0.0007624169356281291,0.007333866738884185,Compara
GO:0010812,negative regulation of cell-substrate adhesion,7,94194,7,262673,2.788638342144935,0.0007624169356281291,0.007333866738884185,Compara
GO:0017166,vinculin binding,9,94194,9,262673,2.788638342144935,9.80310793826378e-05,0.0013490787132489853,Compara
GO:0007494,midgut development,7,94194,7,262673,2.788638342144935,0.0007624169356281291,0.007333866738884185,Compara
GO:0008631,intrinsic apoptotic signaling pathway in response to oxidative stress,7,94194,7,262673,2.788638342144935,0.0007624169356281291,0.007333866738884185,Compara
GO:0001650,fibrillar center,147,94194,148,262673,2.769796191184496,2.9844250667972e-64,2.294836349800372e-61,Compara
GO:0097225,sperm midpiece,114,94194,115,262673,2.764389313082805,1.1922080831235165e-49,6.377276542029836e-47,Compara
GO:0071013,catalytic step 2 spliceosome,58,94194,59,262673,2.7413732854984105,5.5530905288760955e-25,1.0844392504248033e-22,Compara
GO:0070062,extracellular exosome,56,94194,57,262673,2.7397148624581815,4.176533887551894e-24,8.028733815398587e-22,Compara
GO:0071006,U2-type catalytic step 1 spliceosome,54,94194,55,262673,2.737935826833209,3.1373340719296127e-23,5.760988221932839e-21,Compara
GO:0071456,cellular response to hypoxia,96,94194,98,262673,2.731727355570549,3.3527712416610318e-40,1.2132101348869315e-37,Compara
GO:0030307,positive regulation of cell growth,48,94194,49,262673,2.731727355570549,1.3187685869212363e-20,2.0537734082141733e-18,Compara
GO:0045111,intermediate filament cytoskeleton,44,94194,45,262673,2.7266686012083805,7.340419452749901e-19,9.924085772217806e-17,Compara
GO:0007584,response to nutrient,44,94194,45,262673,2.7266686012083805,7.340419452749901e-19,9.924085772217806e-17,Compara
GO:0071347,cellular response to interleukin-1,40,94194,41,262673,2.720622772824327,4.0538258417859115e-17,4.575616452430465e-15,Compara
GO:0007193,adenylate cyclase-inhibiting G protein-coupled receptor signaling pathway,39,94194,40,262673,2.7189223835913117,1.1035529286404266e-16,1.2015054585011653e-14,Compara
GO:0001938,positive regulation of endothelial cell proliferation,36,94194,37,262673,2.71326973830318,2.2177878358686038e-15,2.1316752925540183e-13,Compara
GO:0009725,response to hormone,35,94194,36,262673,2.7111761659742424,6.021357119203443e-15,5.487463454634072e-13,Compara
GO:0031397,negative regulation of protein ubiquitination,35,94194,36,262673,2.7111761659742424,6.021357119203443e-15,5.487463454634072e-13,Compara
GO:1905168,positive regulation of double-strand break repair via homologous recombination,34,94194,35,262673,2.7089629609407937,1.6335813277130183e-14,1.4253866010534229e-12,Compara
GO:0072686,mitotic spindle,98,94194,101,262673,2.705807500299046,9.739846022819987e-40,3.423695017678694e-37,Compara
GO:0140693,molecular condensate scaffold activity,32,94194,33,262673,2.704134149958725,1.199426528914891e-13,9.354906380420837e-12,Compara
GO:0031334,positive regulation of protein-containing complex assembly,31,94194,32,262673,2.701493393952906,3.2457717124092335e-13,2.4201654168345937e-11,Compara
GO:0048661,positive regulation of smooth muscle cell proliferation,30,94194,31,262673,2.698682266591873,8.775047266795678e-13,6.276709681592281e-11,Compara
GO:0045815,transcription initiation-coupled chromatin remodeling,29,94194,30,262673,2.6956837307401034,2.369963903774697e-12,1.6198703282300053e-10,Compara
GO:0033574,response to testosterone,29,94194,30,262673,2.6956837307401034,2.369963903774697e-12,1.6198703282300053e-10,Compara
GO:0071300,cellular response to retinoic acid,28,94194,29,262673,2.6924783993123507,6.393898484832657e-12,4.1185409978479676e-10,Compara
GO:1990782,protein tyrosine kinase binding,28,94194,29,262673,2.6924783993123507,6.393898484832657e-12,4.1185409978479676e-10,Compara
GO:0010507,negative regulation of autophagy,28,94194,29,262673,2.6924783993123507,6.393898484832657e-12,4.1185409978479676e-10,Compara
GO:0061136,regulation of proteasomal protein catabolic process,27,94194,28,262673,2.6890441156397586,1.7230165408630722e-11,1.054640422996934e-09,Compara
GO:0090307,mitotic spindle assembly,25,94194,26,262673,2.6813830212932066,1.2464940417052718e-10,6.846257229955339e-09,Compara
GO:0006487,protein N-linked glycosylation,25,94194,26,262673,2.6813830212932066,1.2464940417052718e-10,6.846257229955339e-09,Compara
GO:0090575,RNA polymerase II transcription regulator complex,74,94194,77,262673,2.679990095048379,2.1315491889105442e-29,5.1420489551306714e-27,Compara
GO:0005080,protein kinase C binding,24,94194,25,262673,2.677092808459138,3.3456764055426374e-10,1.6939035727321425e-08,Compara
GO:0017046,peptide hormone binding,24,94194,25,262673,2.677092808459138,3.3456764055426374e-10,1.6939035727321425e-08,Compara
GO:0031526,brush border membrane,24,94194,25,262673,2.677092808459138,3.3456764055426374e-10,1.6939035727321425e-08,Compara
GO:0070936,protein K48-linked ubiquitination,71,94194,74,262673,2.675585436382302,4.10605822881618e-28,9.71477584406259e-26,Compara
GO:0001221,transcription coregulator binding,23,94194,24,262673,2.6724450778888964,8.96621996487558e-10,4.178462281358495e-08,Compara
GO:0031669,cellular response to nutrient levels,23,94194,24,262673,2.6724450778888964,8.96621996487558e-10,4.178462281358495e-08,Compara
GO:0070301,cellular response to hydrogen peroxide,46,94194,48,262673,2.6724450778888964,1.534413391069118e-18,1.9871461000340377e-16,Compara
GO:0002020,protease binding,68,94194,71,262673,2.6708085530402195,7.869744940416992e-27,1.669335724171556e-24,Compara
GO:0051865,protein autoubiquitination,44,94194,46,262673,2.6673931968342854,1.0966635994340714e-17,1.3099274042560563e-15,Compara
GO:0007095,mitotic G2 DNA damage checkpoint signaling,22,94194,23,262673,2.6673931968342854,2.398895024512409e-09,1.0247779682838946e-07,Compara
GO:0051219,phosphoprotein binding,22,94194,23,262673,2.6673931968342854,2.398895024512409e-09,1.0247779682838946e-07,Compara
GO:0097228,sperm principal piece,108,94194,113,262673,2.6652472650588757,1.1900050863415736e-41,5.139603115490682e-39,Compara
GO:0042826,histone deacetylase binding,64,94194,67,262673,2.663773938765311,4.001896494356306e-25,7.941182672591231e-23,Compara
GO:0032467,positive regulation of cytokinesis,21,94194,22,262673,2.6618820538656194,6.40659049955094e-09,2.575826239084157e-07,Compara
GO:1904646,cellular response to amyloid-beta,21,94194,22,262673,2.6618820538656194,6.40659049955094e-09,2.575826239084157e-07,Compara
GO:0003727,single-stranded RNA binding,21,94194,22,262673,2.6618820538656194,6.40659049955094e-09,2.575826239084157e-07,Compara
GO:0031648,protein destabilization,21,94194,22,262673,2.6618820538656194,6.40659049955094e-09,2.575826239084157e-07,Compara
GO:0051592,response to calcium ion,40,94194,42,262673,2.6558460401380333,5.536488809132351e-16,5.676285151562943e-14,Compara
GO:0042177,negative regulation of protein catabolic process,20,94194,21,262673,2.6558460401380333,1.707597507675111e-08,6.32788317377316e-07,Compara
GO:0032760,positive regulation of tumor necrosis factor production,40,94194,42,262673,2.6558460401380333,5.536488809132351e-16,5.676285151562943e-14,Compara
GO:0007611,learning or memory,20,94194,21,262673,2.6558460401380333,1.707597507675111e-08,6.32788317377316e-07,Compara
GO:0071356,cellular response to tumor necrosis factor,59,94194,62,262673,2.6537042288153416,5.350400682040978e-23,9.68029111634561e-21,Compara
GO:0030674,protein-macromolecule adaptor activity,115,94194,121,262673,2.6503587549311365,1.5914059373655797e-43,7.530410479772588e-41,Compara
GO:0005657,replication fork,19,94194,20,262673,2.649206425037688,4.541566888702862e-08,1.6056005009112447e-06,Compara
GO:0071773,cellular response to BMP stimulus,19,94194,20,262673,2.649206425037688,4.541566888702862e-08,1.6056005009112447e-06,Compara
GO:0140374,antiviral innate immune response,38,94194,40,262673,2.649206425037688,3.9078511035641544e-15,3.698330163626907e-13,Compara
GO:0010595,positive regulation of endothelial cell migration,37,94194,39,262673,2.645631247675964,1.0363039422899903e-14,9.306311972258211e-13,Compara
GO:0042056,chemoattractant activity,18,94194,19,262673,2.6418679030846755,1.2050199999468723e-07,3.8209693451923625e-06,Compara
GO:0035331,negative regulation of hippo signaling,18,94194,19,262673,2.6418679030846755,1.2050199999468723e-07,3.8209693451923625e-06,Compara
GO:0000132,establishment of mitotic spindle orientation,18,94194,19,262673,2.6418679030846755,1.2050199999468723e-07,3.8209693451923625e-06,Compara
GO:0071398,cellular response to fatty acid,18,94194,19,262673,2.6418679030846755,1.2050199999468723e-07,3.8209693451923625e-06,Compara
GO:0048027,mRNA 5'-UTR binding,18,94194,19,262673,2.6418679030846755,1.2050199999468723e-07,3.8209693451923625e-06,Compara
GO:0005154,epidermal growth factor receptor binding,18,94194,19,262673,2.6418679030846755,1.2050199999468723e-07,3.8209693451923625e-06,Compara
GO:0050750,low-density lipoprotein particle receptor binding,18,94194,19,262673,2.6418679030846755,1.2050199999468723e-07,3.8209693451923625e-06,Compara
GO:0016604,nuclear body,300,94194,317,262673,2.639089913701831,5.89120363824699e-110,9.059934795169092e-107,Compara
GO:0031398,positive regulation of protein ubiquitination,35,94194,37,262673,2.637901134461425,7.258381957858992e-14,5.99328008238518e-12,Compara
GO:0030308,negative regulation of cell growth,69,94194,73,262673,2.635836241205486,3.47329231784871e-26,7.12198589774878e-24,Compara
GO:0008584,male gonad development,34,94194,36,262673,2.6337139898035495,1.9168156796254616e-13,1.446784251928347e-11,Compara
GO:0032967,positive regulation of collagen biosynthetic process,17,94194,18,262673,2.6337139898035495,3.188916245701797e-07,8.93695593869458e-06,Compara
GO:0045669,positive regulation of osteoblast differentiation,34,94194,36,262673,2.6337139898035495,1.9168156796254616e-13,1.446784251928347e-11,Compara
GO:0019003,GDP binding,51,94194,54,262673,2.6337139898035495,1.2925823835322875e-19,1.849144309836946e-17,Compara
GO:0043001,Golgi to plasma membrane protein transport,17,94194,18,262673,2.6337139898035495,3.188916245701797e-07,8.93695593869458e-06,Compara
GO:0090150,establishment of protein localization to membrane,17,94194,18,262673,2.6337139898035495,3.188916245701797e-07,8.93695593869458e-06,Compara
GO:0005684,U2-type spliceosomal complex,17,94194,18,262673,2.6337139898035495,3.188916245701797e-07,8.93695593869458e-06,Compara
GO:0000993,RNA polymerase II complex binding,17,94194,18,262673,2.6337139898035495,3.188916245701797e-07,8.93695593869458e-06,Compara
GO:0046427,positive regulation of receptor signaling pathway via JAK-STAT,17,94194,18,262673,2.6337139898035495,3.188916245701797e-07,8.93695593869458e-06,Compara
GO:0045071,negative regulation of viral genome replication,17,94194,18,262673,2.6337139898035495,3.188916245701797e-07,8.93695593869458e-06,Compara
GO:0090263,positive regulation of canonical Wnt signaling pathway,51,94194,54,262673,2.6337139898035495,1.2925823835322875e-19,1.849144309836946e-17,Compara
GO:0009410,response to xenobiotic stimulus,152,94194,161,262673,2.6327517267455285,5.6243618779790675e-56,3.641922325514551e-53,Compara
GO:0032733,positive regulation of interleukin-10 production,16,94194,17,262673,2.6246007926069974,8.414461114193901e-07,2.1477824707038915e-05,Compara
GO:0051259,protein complex oligomerization,16,94194,17,262673,2.6246007926069974,8.414461114193901e-07,2.1477824707038915e-05,Compara
GO:0005109,frizzled binding,16,94194,17,262673,2.6246007926069974,8.414461114193901e-07,2.1477824707038915e-05,Compara
GO:0005513,detection of calcium ion,16,94194,17,262673,2.6246007926069974,8.414461114193901e-07,2.1477824707038915e-05,Compara
GO:0008327,methyl-CpG binding,16,94194,17,262673,2.6246007926069974,8.414461114193901e-07,2.1477824707038915e-05,Compara
GO:0043274,phospholipase binding,16,94194,17,262673,2.6246007926069974,8.414461114193901e-07,2.1477824707038915e-05,Compara
GO:0080025,"phosphatidylinositol-3,5-bisphosphate binding",16,94194,17,262673,2.6246007926069974,8.414461114193901e-07,2.1477824707038915e-05,Compara
GO:0035869,ciliary transition zone,47,94194,50,262673,2.621320041616239,6.201459222676114e-18,7.629655281658423e-16,Compara
GO:0071560,cellular response to transforming growth factor beta stimulus,47,94194,50,262673,2.621320041616239,6.201459222676114e-18,7.629655281658423e-16,Compara
GO:0044877,protein-containing complex binding,248,94194,264,262673,2.619629957772515,4.093127115288082e-89,5.5953047665988074e-86,Compara
GO:0072344,rescue of stalled ribosome,31,94194,33,262673,2.619629957772515,3.4964122057359996e-12,2.3127074928586024e-10,Compara
GO:0045862,positive regulation of proteolysis,15,94194,16,262673,2.6143484457608768,2.2130726953962854e-06,4.950442431174636e-05,Compara
GO:0051496,positive regulation of stress fiber assembly,30,94194,32,262673,2.6143484457608768,9.171418058034514e-12,5.786459300923006e-10,Compara
GO:0010824,regulation of centrosome duplication,15,94194,16,262673,2.6143484457608768,2.2130726953962854e-06,4.950442431174636e-05,Compara
GO:0071480,cellular response to gamma radiation,15,94194,16,262673,2.6143484457608768,2.2130726953962854e-06,4.950442431174636e-05,Compara
GO:0070830,bicellular tight junction assembly,15,94194,16,262673,2.6143484457608768,2.2130726953962854e-06,4.950442431174636e-05,Compara
GO:0031210,phosphatidylcholine binding,15,94194,16,262673,2.6143484457608768,2.2130726953962854e-06,4.950442431174636e-05,Compara
GO:0090141,positive regulation of mitochondrial fission,15,94194,16,262673,2.6143484457608768,2.2130726953962854e-06,4.950442431174636e-05,Compara
GO:0022851,GABA-gated chloride ion channel activity,15,94194,16,262673,2.6143484457608768,2.2130726953962854e-06,4.950442431174636e-05,Compara
GO:0072659,protein localization to plasma membrane,75,94194,80,262673,2.6143484457608763,1.0488301454109372e-27,2.346137687089229e-25,Compara
GO:0045766,positive regulation of angiogenesis,73,94194,78,262673,2.6098794740587214,7.176699445139916e-27,1.5490339170799364e-24,Compara
GO:0051117,ATPase binding,58,94194,62,262673,2.6087261910388104,1.426837443765193e-21,2.309786982979364e-19,Compara
GO:0000791,euchromatin,29,94194,31,262673,2.6087261910388104,2.4010621970378268e-11,1.386867052120018e-09,Compara
GO:0043525,positive regulation of neuron apoptotic process,29,94194,31,262673,2.6087261910388104,2.4010621970378268e-11,1.386867052120018e-09,Compara
GO:1902775,mitochondrial large ribosomal subunit assembly,14,94194,15,262673,2.6027291193352724,5.799297115824321e-06,0.00011489332112075141,Compara
GO:0001530,lipopolysaccharide binding,14,94194,15,262673,2.6027291193352724,5.799297115824321e-06,0.00011489332112075141,Compara
GO:0097696,cell surface receptor signaling pathway via STAT,14,94194,15,262673,2.6027291193352724,5.799297115824321e-06,0.00011489332112075141,Compara
GO:0042149,cellular response to glucose starvation,28,94194,30,262673,2.6027291193352724,6.272898262224251e-11,3.5079757872793163e-09,Compara
GO:0021510,spinal cord development,14,94194,15,262673,2.6027291193352724,5.799297115824321e-06,0.00011489332112075141,Compara
GO:0010667,negative regulation of cardiac muscle cell apoptotic process,14,94194,15,262673,2.6027291193352724,5.799297115824321e-06,0.00011489332112075141,Compara
GO:0070372,regulation of ERK1 and ERK2 cascade,14,94194,15,262673,2.6027291193352724,5.799297115824321e-06,0.00011489332112075141,Compara
GO:1990573,potassium ion import across plasma membrane,14,94194,15,262673,2.6027291193352724,5.799297115824321e-06,0.00011489332112075141,Compara
GO:0045840,positive regulation of mitotic nuclear division,14,94194,15,262673,2.6027291193352724,5.799297115824321e-06,0.00011489332112075141,Compara
GO:1904385,cellular response to angiotensin,14,94194,15,262673,2.6027291193352724,5.799297115824321e-06,0.00011489332112075141,Compara
GO:0032956,regulation of actin cytoskeleton organization,42,94194,45,262673,2.6027291193352724,7.613598232885904e-16,7.74133050075994e-14,Compara
GO:0001937,negative regulation of endothelial cell proliferation,14,94194,15,262673,2.6027291193352724,5.799297115824321e-06,0.00011489332112075141,Compara
GO:0043195,terminal bouton,14,94194,15,262673,2.6027291193352724,5.799297115824321e-06,0.00011489332112075141,Compara
GO:0001954,positive regulation of cell-matrix adhesion,14,94194,15,262673,2.6027291193352724,5.799297115824321e-06,0.00011489332112075141,Compara
GO:0030864,cortical actin cytoskeleton,14,94194,15,262673,2.6027291193352724,5.799297115824321e-06,0.00011489332112075141,Compara
GO:0030506,ankyrin binding,14,94194,15,262673,2.6027291193352724,5.799297115824321e-06,0.00011489332112075141,Compara
GO:0010039,response to iron ion,14,94194,15,262673,2.6027291193352724,5.799297115824321e-06,0.00011489332112075141,Compara
GO:0006509,membrane protein ectodomain proteolysis,14,94194,15,262673,2.6027291193352724,5.799297115824321e-06,0.00011489332112075141,Compara
GO:0120212,sperm head-tail coupling apparatus,27,94194,29,262673,2.596318456479767,1.6351976888602073e-10,8.634264878131816e-09,Compara
GO:0031623,receptor internalization,27,94194,29,262673,2.596318456479767,1.6351976888602073e-10,8.634264878131816e-09,Compara
GO:1900087,positive regulation of G1/S transition of mitotic cell cycle,27,94194,29,262673,2.596318456479767,1.6351976888602073e-10,8.634264878131816e-09,Compara
GO:0042803,protein homodimerization activity,448,94194,482,262673,2.5919294134459148,7.74763782980282e-155,2.3829797055016027e-151,Compara
GO:0043495,protein-membrane adaptor activity,13,94194,14,262673,2.5894498891345825,1.5134023139149098e-05,0.000266371797826826,Compara
GO:0006626,protein targeting to mitochondrion,13,94194,14,262673,2.5894498891345825,1.5134023139149098e-05,0.000266371797826826,Compara
GO:1901223,negative regulation of non-canonical NF-kappaB signal transduction,13,94194,14,262673,2.5894498891345825,1.5134023139149098e-05,0.000266371797826826,Compara
GO:0042562,hormone binding,13,94194,14,262673,2.5894498891345825,1.5134023139149098e-05,0.000266371797826826,Compara
GO:0070534,protein K63-linked ubiquitination,39,94194,42,262673,2.5894498891345825,1.340758905280034e-14,1.1867163173856301e-12,Compara
GO:0010043,response to zinc ion,13,94194,14,262673,2.5894498891345825,1.5134023139149098e-05,0.000266371797826826,Compara
GO:1902711,GABA-A receptor complex,13,94194,14,262673,2.5894498891345825,1.5134023139149098e-05,0.000266371797826826,Compara
GO:0032211,negative regulation of telomere maintenance via telomerase,13,94194,14,262673,2.5894498891345825,1.5134023139149098e-05,0.000266371797826826,Compara
GO:0034719,SMN-Sm protein complex,13,94194,14,262673,2.5894498891345825,1.5134023139149098e-05,0.000266371797826826,Compara
GO:0002753,cytoplasmic pattern recognition receptor signaling pathway,13,94194,14,262673,2.5894498891345825,1.5134023139149098e-05,0.000266371797826826,Compara
GO:2001034,positive regulation of double-strand break repair via nonhomologous end joining,13,94194,14,262673,2.5894498891345825,1.5134023139149098e-05,0.000266371797826826,Compara
GO:0043149,stress fiber assembly,13,94194,14,262673,2.5894498891345825,1.5134023139149098e-05,0.000266371797826826,Compara
GO:0097421,liver regeneration,26,94194,28,262673,2.5894498891345825,4.252481004287011e-10,2.1011354938049436e-08,Compara
GO:0098554,cytoplasmic side of endoplasmic reticulum membrane,13,94194,14,262673,2.5894498891345825,1.5134023139149098e-05,0.000266371797826826,Compara
GO:0060261,positive regulation of transcription initiation by RNA polymerase II,26,94194,28,262673,2.5894498891345825,4.252481004287011e-10,2.1011354938049436e-08,Compara
GO:0050998,nitric-oxide synthase binding,13,94194,14,262673,2.5894498891345825,1.5134023139149098e-05,0.000266371797826826,Compara
GO:0051020,GTPase binding,26,94194,28,262673,2.5894498891345825,4.252481004287011e-10,2.1011354938049436e-08,Compara
GO:0000070,mitotic sister chromatid segregation,13,94194,14,262673,2.5894498891345825,1.5134023139149098e-05,0.000266371797826826,Compara
GO:0043254,regulation of protein-containing complex assembly,13,94194,14,262673,2.5894498891345825,1.5134023139149098e-05,0.000266371797826826,Compara
GO:0140297,DNA-binding transcription factor binding,103,94194,111,262673,2.5876553985669215,1.7035475616166848e-36,5.82187379182502e-34,Compara
GO:0042802,identical protein binding,1052,94194,1135,262673,2.584711485406583,0.0,0.0,Compara
GO:0035861,site of double-strand break,63,94194,68,262673,2.583591405222513,1.0183867253567359e-22,1.8158278089947715e-20,Compara
GO:1900026,positive regulation of substrate adhesion-dependent cell spreading,25,94194,27,262673,2.582072539023088,1.1030881609867008e-09,5.063915539037082e-08,Compara
GO:0097110,scaffold protein binding,37,94194,40,262673,2.579490466484065,8.997702870073526e-14,7.282811737533856e-12,Compara
GO:0043025,neuronal cell body,160,94194,173,262673,2.57908748406468,2.066480411790158e-55,1.2711954253127157e-52,Compara
GO:0043024,ribosomal small subunit binding,12,94194,13,262673,2.5741277004414784,3.9307619725174174e-05,0.0006090700824670249,Compara
GO:0043542,endothelial cell migration,12,94194,13,262673,2.5741277004414784,3.9307619725174174e-05,0.0006090700824670249,Compara
GO:2000060,positive regulation of ubiquitin-dependent protein catabolic process,12,94194,13,262673,2.5741277004414784,3.9307619725174174e-05,0.0006090700824670249,Compara
GO:0071354,cellular response to interleukin-6,12,94194,13,262673,2.5741277004414784,3.9307619725174174e-05,0.0006090700824670249,Compara
GO:0051403,stress-activated MAPK cascade,12,94194,13,262673,2.5741277004414784,3.9307619725174174e-05,0.0006090700824670249,Compara
GO:0042770,signal transduction in response to DNA damage,12,94194,13,262673,2.5741277004414784,3.9307619725174174e-05,0.0006090700824670249,Compara
GO:0016234,inclusion body,12,94194,13,262673,2.5741277004414784,3.9307619725174174e-05,0.0006090700824670249,Compara
GO:0060586,multicellular organismal-level iron ion homeostasis,12,94194,13,262673,2.5741277004414784,3.9307619725174174e-05,0.0006090700824670249,Compara
GO:0060236,regulation of mitotic spindle organization,12,94194,13,262673,2.5741277004414784,3.9307619725174174e-05,0.0006090700824670249,Compara
GO:0045777,positive regulation of blood pressure,12,94194,13,262673,2.5741277004414784,3.9307619725174174e-05,0.0006090700824670249,Compara
GO:0042178,xenobiotic catabolic process,12,94194,13,262673,2.5741277004414784,3.9307619725174174e-05,0.0006090700824670249,Compara
GO:0034605,cellular response to heat,24,94194,26,262673,2.5741277004414784,2.8535864771996416e-09,1.1982141443340338e-07,Compara
GO:0043235,receptor complex,119,94194,129,262673,2.572464827249979,2.898297223534836e-41,1.1502500239080351e-38,Compara
GO:0036064,ciliary basal body,235,94194,255,262673,2.569921609427685,6.840971002251605e-80,7.013705520058458e-77,Compara
GO:0005884,actin filament,35,94194,38,262673,2.5684826835545453,5.992024445285301e-13,4.321817014499746e-11,Compara
GO:2000352,negative regulation of endothelial cell apoptotic process,23,94194,25,262673,2.56554727477334,7.3602470896234175e-09,2.9023435879370805e-07,Compara
GO:0097431,mitotic spindle pole,23,94194,25,262673,2.56554727477334,7.3602470896234175e-09,2.9023435879370805e-07,Compara
GO:0071392,cellular response to estradiol stimulus,23,94194,25,262673,2.56554727477334,7.3602470896234175e-09,2.9023435879370805e-07,Compara
GO:0030336,negative regulation of cell migration,68,94194,74,262673,2.5625325306196696,6.905982219763827e-24,1.3071430653808363e-21,Compara
GO:1902895,positive regulation of miRNA transcription,34,94194,37,262673,2.5625325306196696,1.5414560496709575e-12,1.0714425863899317e-10,Compara
GO:0046688,response to copper ion,11,94194,12,262673,2.556251813632857,0.00010153773193616105,0.0013742780154131896,Compara
GO:0032590,dendrite membrane,11,94194,12,262673,2.556251813632857,0.00010153773193616105,0.0013742780154131896,Compara
GO:0031116,positive regulation of microtubule polymerization,11,94194,12,262673,2.556251813632857,0.00010153773193616105,0.0013742780154131896,Compara
GO:0007616,long-term memory,11,94194,12,262673,2.556251813632857,0.00010153773193616105,0.0013742780154131896,Compara
GO:0005159,insulin-like growth factor receptor binding,11,94194,12,262673,2.556251813632857,0.00010153773193616105,0.0013742780154131896,Compara
GO:0032418,lysosome localization,22,94194,24,262673,2.556251813632857,1.8923898332211e-08,6.929188130392616e-07,Compara
GO:1902430,negative regulation of amyloid-beta formation,11,94194,12,262673,2.556251813632857,0.00010153773193616105,0.0013742780154131896,Compara
GO:0010485,histone H4 acetyltransferase activity,11,94194,12,262673,2.556251813632857,0.00010153773193616105,0.0013742780154131896,Compara
GO:1903377,negative regulation of oxidative stress-induced neuron intrinsic apoptotic signaling pathway,11,94194,12,262673,2.556251813632857,0.00010153773193616105,0.0013742780154131896,Compara
GO:0051787,misfolded protein binding,11,94194,12,262673,2.556251813632857,0.00010153773193616105,0.0013742780154131896,Compara
GO:0000400,four-way junction DNA binding,11,94194,12,262673,2.556251813632857,0.00010153773193616105,0.0013742780154131896,Compara
GO:0043198,dendritic shaft,22,94194,24,262673,2.556251813632857,1.8923898332211e-08,6.929188130392616e-07,Compara
GO:1903543,positive regulation of exosomal secretion,11,94194,12,262673,2.556251813632857,0.00010153773193616105,0.0013742780154131896,Compara
GO:0045948,positive regulation of translational initiation,11,94194,12,262673,2.556251813632857,0.00010153773193616105,0.0013742780154131896,Compara
GO:0051384,response to glucocorticoid,44,94194,48,262673,2.556251813632857,8.703043636254486e-16,8.776520152199913e-14,Compara
GO:0038061,non-canonical NF-kappaB signal transduction,11,94194,12,262673,2.556251813632857,0.00010153773193616105,0.0013742780154131896,Compara
GO:0030169,low-density lipoprotein particle binding,11,94194,12,262673,2.556251813632857,0.00010153773193616105,0.0013742780154131896,Compara
GO:0042327,positive regulation of phosphorylation,11,94194,12,262673,2.556251813632857,0.00010153773193616105,0.0013742780154131896,Compara
GO:0044325,transmembrane transporter binding,97,94194,106,262673,2.5518671621514972,3.871406584043602e-33,1.0584425600775207e-30,Compara
GO:0045471,response to ethanol,96,94194,105,262673,2.549612198532512,9.89088318240829e-33,2.6453812128949826e-30,Compara
GO:0042542,response to hydrogen peroxide,21,94194,23,262673,2.546148051523636,4.848739298899988e-08,1.7044011312676157e-06,Compara
GO:0001837,epithelial to mesenchymal transition,21,94194,23,262673,2.546148051523636,4.848739298899988e-08,1.7044011312676157e-06,Compara
GO:0001540,amyloid-beta binding,31,94194,34,262673,2.5425820178380287,2.587759466865295e-11,1.4808002195741267e-09,Compara
GO:0009267,cellular response to starvation,31,94194,34,262673,2.5425820178380287,2.587759466865295e-11,1.4808002195741267e-09,Compara
GO:0050821,protein stabilization,123,94194,135,262673,2.5407593783987186,3.728630656981553e-41,1.4335419679013766e-38,Compara
GO:0006855,xenobiotic transmembrane transport,10,94194,11,262673,2.5351257655863044,0.0002606231910014463,0.003143452373529024,Compara
GO:0030897,HOPS complex,10,94194,11,262673,2.5351257655863044,0.0002606231910014463,0.003143452373529024,Compara
GO:0140677,molecular function activator activity,10,94194,11,262673,2.5351257655863044,0.0002606231910014463,0.003143452373529024,Compara
GO:0050862,positive regulation of T cell receptor signaling pathway,10,94194,11,262673,2.5351257655863044,0.0002606231910014463,0.003143452373529024,Compara
GO:0035025,positive regulation of Rho protein signal transduction,10,94194,11,262673,2.5351257655863044,0.0002606231910014463,0.003143452373529024,Compara
GO:0140678,molecular function inhibitor activity,10,94194,11,262673,2.5351257655863044,0.0002606231910014463,0.003143452373529024,Compara
GO:0061003,positive regulation of dendritic spine morphogenesis,10,94194,11,262673,2.5351257655863044,0.0002606231910014463,0.003143452373529024,Compara
GO:0045022,early endosome to late endosome transport,20,94194,22,262673,2.5351257655863044,1.2376982084554872e-07,3.894475974073621e-06,Compara
GO:0050709,negative regulation of protein secretion,10,94194,11,262673,2.5351257655863044,0.0002606231910014463,0.003143452373529024,Compara
GO:0045672,positive regulation of osteoclast differentiation,10,94194,11,262673,2.5351257655863044,0.0002606231910014463,0.003143452373529024,Compara
GO:0006622,protein targeting to lysosome,10,94194,11,262673,2.5351257655863044,0.0002606231910014463,0.003143452373529024,Compara
GO:0140694,membraneless organelle assembly,10,94194,11,262673,2.5351257655863044,0.0002606231910014463,0.003143452373529024,Compara
GO:0002042,cell migration involved in sprouting angiogenesis,10,94194,11,262673,2.5351257655863044,0.0002606231910014463,0.003143452373529024,Compara
GO:0010803,regulation of tumor necrosis factor-mediated signaling pathway,10,94194,11,262673,2.5351257655863044,0.0002606231910014463,0.003143452373529024,Compara
GO:0031468,nuclear membrane reassembly,10,94194,11,262673,2.5351257655863044,0.0002606231910014463,0.003143452373529024,Compara
GO:0000164,protein phosphatase type 1 complex,10,94194,11,262673,2.5351257655863044,0.0002606231910014463,0.003143452373529024,Compara
GO:0044849,estrous cycle,10,94194,11,262673,2.5351257655863044,0.0002606231910014463,0.003143452373529024,Compara
GO:1901797,negative regulation of signal transduction by p53 class mediator,10,94194,11,262673,2.5351257655863044,0.0002606231910014463,0.003143452373529024,Compara
GO:0050901,leukocyte tethering or rolling,10,94194,11,262673,2.5351257655863044,0.0002606231910014463,0.003143452373529024,Compara
GO:1902230,negative regulation of intrinsic apoptotic signaling pathway in response to DNA damage,10,94194,11,262673,2.5351257655863044,0.0002606231910014463,0.003143452373529024,Compara
GO:0006998,nuclear envelope organization,10,94194,11,262673,2.5351257655863044,0.0002606231910014463,0.003143452373529024,Compara
GO:0051489,regulation of filopodium assembly,10,94194,11,262673,2.5351257655863044,0.0002606231910014463,0.003143452373529024,Compara
GO:0033235,positive regulation of protein sumoylation,10,94194,11,262673,2.5351257655863044,0.0002606231910014463,0.003143452373529024,Compara
GO:1902236,negative regulation of endoplasmic reticulum stress-induced intrinsic apoptotic signaling pathway,10,94194,11,262673,2.5351257655863044,0.0002606231910014463,0.003143452373529024,Compara
GO:0033120,positive regulation of RNA splicing,10,94194,11,262673,2.5351257655863044,0.0002606231910014463,0.003143452373529024,Compara
GO:0033700,phospholipid efflux,10,94194,11,262673,2.5351257655863044,0.0002606231910014463,0.003143452373529024,Compara
GO:0061462,protein localization to lysosome,10,94194,11,262673,2.5351257655863044,0.0002606231910014463,0.003143452373529024,Compara
GO:0030296,protein tyrosine kinase activator activity,10,94194,11,262673,2.5351257655863044,0.0002606231910014463,0.003143452373529024,Compara
GO:0070269,pyroptotic inflammatory response,10,94194,11,262673,2.5351257655863044,0.0002606231910014463,0.003143452373529024,Compara
GO:0052816,long-chain fatty acyl-CoA hydrolase activity,10,94194,11,262673,2.5351257655863044,0.0002606231910014463,0.003143452373529024,Compara
GO:0061158,3'-UTR-mediated mRNA destabilization,10,94194,11,262673,2.5351257655863044,0.0002606231910014463,0.003143452373529024,Compara
GO:0005689,U12-type spliceosomal complex,20,94194,22,262673,2.5351257655863044,1.2376982084554872e-07,3.894475974073621e-06,Compara
GO:0097371,MDM2/MDM4 family protein binding,10,94194,11,262673,2.5351257655863044,0.0002606231910014463,0.003143452373529024,Compara
GO:0034214,protein hexamerization,10,94194,11,262673,2.5351257655863044,0.0002606231910014463,0.003143452373529024,Compara
GO:2000045,regulation of G1/S transition of mitotic cell cycle,20,94194,22,262673,2.5351257655863044,1.2376982084554872e-07,3.894475974073621e-06,Compara
GO:0045732,positive regulation of protein catabolic process,39,94194,43,262673,2.5292301242709874,9.380331208910037e-14,7.520514272738817e-12,Compara
GO:0019899,enzyme binding,253,94194,279,262673,2.5287652349916434,5.021716676884025e-82,5.616561843245833e-79,Compara
GO:0001666,response to hypoxia,107,94194,118,262673,2.528680530589051,1.6319242261909086e-35,5.148093270468397e-33,Compara
GO:0032526,response to retinoic acid,29,94194,32,262673,2.5272034975688475,1.6745625978736412e-10,8.729721882050598e-09,Compara
GO:0010976,positive regulation of neuron projection development,58,94194,64,262673,2.5272034975688475,8.049118661903699e-20,1.1931121312939906e-17,Compara
GO:0050714,positive regulation of protein secretion,29,94194,32,262673,2.5272034975688475,1.6745625978736412e-10,8.729721882050598e-09,Compara
GO:0043679,axon terminus,29,94194,32,262673,2.5272034975688475,1.6745625978736412e-10,8.729721882050598e-09,Compara
GO:0007032,endosome organization,19,94194,21,262673,2.5230537381311318,3.146427600933257e-07,8.93695593869458e-06,Compara
GO:0032868,response to insulin,38,94194,42,262673,2.5230537381311318,2.3765680457942807e-13,1.7828607724028678e-11,Compara
GO:0043162,ubiquitin-dependent protein catabolic process via the multivesicular body sorting pathway,19,94194,21,262673,2.5230537381311318,3.146427600933257e-07,8.93695593869458e-06,Compara
GO:0001772,immunological synapse,19,94194,21,262673,2.5230537381311318,3.146427600933257e-07,8.93695593869458e-06,Compara
GO:0034614,cellular response to reactive oxygen species,19,94194,21,262673,2.5230537381311318,3.146427600933257e-07,8.93695593869458e-06,Compara
GO:0045740,positive regulation of DNA replication,19,94194,21,262673,2.5230537381311318,3.146427600933257e-07,8.93695593869458e-06,Compara
GO:0030838,positive regulation of actin filament polymerization,19,94194,21,262673,2.5230537381311318,3.146427600933257e-07,8.93695593869458e-06,Compara
GO:0070888,E-box binding,28,94194,31,262673,2.518770115485748,4.241003487046267e-10,2.1011354938049436e-08,Compara
GO:0031625,ubiquitin protein ligase binding,205,94194,227,262673,2.518373833214589,5.605474161153256e-66,4.5976099069779e-63,Compara
GO:0034198,cellular response to amino acid starvation,37,94194,41,262673,2.516576064862502,6.006914650731176e-13,4.321817014499746e-11,Compara
GO:0071889,14-3-3 protein binding,18,94194,20,262673,2.5097745079304414,7.962789799612403e-07,2.0624463769396083e-05,Compara
GO:0034145,positive regulation of toll-like receptor 4 signaling pathway,9,94194,10,262673,2.5097745079304414,0.0006639464846171503,0.007078451993279724,Compara
GO:0051899,membrane depolarization,9,94194,10,262673,2.5097745079304414,0.0006639464846171503,0.007078451993279724,Compara
GO:0046598,positive regulation of viral entry into host cell,9,94194,10,262673,2.5097745079304414,0.0006639464846171503,0.007078451993279724,Compara
GO:0036159,inner dynein arm assembly,9,94194,10,262673,2.5097745079304414,0.0006639464846171503,0.007078451993279724,Compara
GO:0034612,response to tumor necrosis factor,18,94194,20,262673,2.5097745079304414,7.962789799612403e-07,2.0624463769396083e-05,Compara
GO:0031396,regulation of protein ubiquitination,9,94194,10,262673,2.5097745079304414,0.0006639464846171503,0.007078451993279724,Compara
GO:0030159,signaling receptor complex adaptor activity,9,94194,10,262673,2.5097745079304414,0.0006639464846171503,0.007078451993279724,Compara
GO:0051881,regulation of mitochondrial membrane potential,18,94194,20,262673,2.5097745079304414,7.962789799612403e-07,2.0624463769396083e-05,Compara
GO:0034058,endosomal vesicle fusion,9,94194,10,262673,2.5097745079304414,0.0006639464846171503,0.007078451993279724,Compara
GO:0060627,regulation of vesicle-mediated transport,9,94194,10,262673,2.5097745079304414,0.0006639464846171503,0.007078451993279724,Compara
GO:0051895,negative regulation of focal adhesion assembly,9,94194,10,262673,2.5097745079304414,0.0006639464846171503,0.007078451993279724,Compara
GO:1903432,regulation of TORC1 signaling,9,94194,10,262673,2.5097745079304414,0.0006639464846171503,0.007078451993279724,Compara
GO:0090151,establishment of protein localization to mitochondrial membrane,9,94194,10,262673,2.5097745079304414,0.0006639464846171503,0.007078451993279724,Compara
GO:0006283,transcription-coupled nucleotide-excision repair,9,94194,10,262673,2.5097745079304414,0.0006639464846171503,0.007078451993279724,Compara
GO:0034185,apolipoprotein binding,9,94194,10,262673,2.5097745079304414,0.0006639464846171503,0.007078451993279724,Compara
GO:1900745,positive regulation of p38MAPK cascade,18,94194,20,262673,2.5097745079304414,7.962789799612403e-07,2.0624463769396083e-05,Compara
GO:1905606,regulation of presynapse assembly,18,94194,20,262673,2.5097745079304414,7.962789799612403e-07,2.0624463769396083e-05,Compara
GO:0030165,PDZ domain binding,45,94194,50,262673,2.5097745079304414,2.2047150536923753e-15,2.1316752925540183e-13,Compara
GO:0035770,ribonucleoprotein granule,9,94194,10,262673,2.5097745079304414,0.0006639464846171503,0.007078451993279724,Compara
GO:0032703,negative regulation of interleukin-2 production,9,94194,10,262673,2.5097745079304414,0.0006639464846171503,0.007078451993279724,Compara
GO:0031115,negative regulation of microtubule polymerization,9,94194,10,262673,2.5097745079304414,0.0006639464846171503,0.007078451993279724,Compara
GO:0055091,phospholipid homeostasis,9,94194,10,262673,2.5097745079304414,0.0006639464846171503,0.007078451993279724,Compara
GO:0140658,ATP-dependent chromatin remodeler activity,9,94194,10,262673,2.5097745079304414,0.0006639464846171503,0.007078451993279724,Compara
GO:0015820,L-leucine transport,9,94194,10,262673,2.5097745079304414,0.0006639464846171503,0.007078451993279724,Compara
GO:0015872,dopamine transport,9,94194,10,262673,2.5097745079304414,0.0006639464846171503,0.007078451993279724,Compara
GO:0005762,mitochondrial large ribosomal subunit,45,94194,50,262673,2.5097745079304414,2.2047150536923753e-15,2.1316752925540183e-13,Compara
GO:0097009,energy homeostasis,9,94194,10,262673,2.5097745079304414,0.0006639464846171503,0.007078451993279724,Compara
GO:0016208,AMP binding,9,94194,10,262673,2.5097745079304414,0.0006639464846171503,0.007078451993279724,Compara
GO:0030501,positive regulation of bone mineralization,18,94194,20,262673,2.5097745079304414,7.962789799612403e-07,2.0624463769396083e-05,Compara
GO:0043117,positive regulation of vascular permeability,9,94194,10,262673,2.5097745079304414,0.0006639464846171503,0.007078451993279724,Compara
GO:0014911,positive regulation of smooth muscle cell migration,9,94194,10,262673,2.5097745079304414,0.0006639464846171503,0.007078451993279724,Compara
GO:2000147,positive regulation of cell motility,9,94194,10,262673,2.5097745079304414,0.0006639464846171503,0.007078451993279724,Compara
GO:0019731,antibacterial humoral response,9,94194,10,262673,2.5097745079304414,0.0006639464846171503,0.007078451993279724,Compara
GO:0034709,methylosome,9,94194,10,262673,2.5097745079304414,0.0006639464846171503,0.007078451993279724,Compara
GO:0070886,positive regulation of calcineurin-NFAT signaling cascade,9,94194,10,262673,2.5097745079304414,0.0006639464846171503,0.007078451993279724,Compara
GO:0044615,nuclear pore nuclear basket,9,94194,10,262673,2.5097745079304414,0.0006639464846171503,0.007078451993279724,Compara
GO:0008097,5S rRNA binding,9,94194,10,262673,2.5097745079304414,0.0006639464846171503,0.007078451993279724,Compara
GO:0010457,centriole-centriole cohesion,9,94194,10,262673,2.5097745079304414,0.0006639464846171503,0.007078451993279724,Compara
GO:0004970,glutamate-gated receptor activity,9,94194,10,262673,2.5097745079304414,0.0006639464846171503,0.007078451993279724,Compara
GO:0010838,positive regulation of keratinocyte proliferation,9,94194,10,262673,2.5097745079304414,0.0006639464846171503,0.007078451993279724,Compara
GO:0007288,sperm axoneme assembly,9,94194,10,262673,2.5097745079304414,0.0006639464846171503,0.007078451993279724,Compara
GO:0019901,protein kinase binding,269,94194,299,262673,2.5088418529665133,3.3892375709116083e-85,4.169778983492552e-82,Compara
GO:0032991,protein-containing complex,464,94194,516,262673,2.507612772781492,1.1297974089389936e-145,2.7799795044352877e-142,Compara
GO:0031667,response to nutrient levels,53,94194,59,262673,2.505048002265789,8.21673450657109e-18,9.910831826896482e-16,Compara
GO:0007204,positive regulation of cytosolic calcium ion concentration,53,94194,59,262673,2.505048002265789,8.21673450657109e-18,9.910831826896482e-16,Compara
GO:0071479,cellular response to ionizing radiation,26,94194,29,262673,2.500158513647183,2.693560307195097e-09,1.1427197399800442e-07,Compara
GO:0050890,cognition,26,94194,29,262673,2.500158513647183,2.693560307195097e-09,1.1427197399800442e-07,Compara
GO:0030335,positive regulation of cell migration,129,94194,144,262673,2.4981551815048375,3.8893169661517234e-41,1.4500080798352925e-38,Compara
GO:0044233,mitochondria-associated endoplasmic reticulum membrane contact site,17,94194,19,262673,2.4950974640244157,2.00520343347996e-06,4.543281370553214e-05,Compara
GO:0033344,cholesterol efflux,17,94194,19,262673,2.4950974640244157,2.00520343347996e-06,4.543281370553214e-05,Compara
GO:0030295,protein kinase activator activity,17,94194,19,262673,2.4950974640244157,2.00520343347996e-06,4.543281370553214e-05,Compara
GO:0061952,midbody abscission,17,94194,19,262673,2.4950974640244157,2.00520343347996e-06,4.543281370553214e-05,Compara
GO:0071816,tail-anchored membrane protein insertion into ER membrane,17,94194,19,262673,2.4950974640244157,2.00520343347996e-06,4.543281370553214e-05,Compara
GO:0030330,"DNA damage response, signal transduction by p53 class mediator",17,94194,19,262673,2.4950974640244157,2.00520343347996e-06,4.543281370553214e-05,Compara
GO:0060391,positive regulation of SMAD protein signal transduction,34,94194,38,262673,2.4950974640244157,9.550611693016855e-12,5.994957941795224e-10,Compara
GO:0090200,positive regulation of release of cytochrome c from mitochondria,17,94194,19,262673,2.4950974640244157,2.00520343347996e-06,4.543281370553214e-05,Compara
GO:0016239,positive regulation of macroautophagy,17,94194,19,262673,2.4950974640244157,2.00520343347996e-06,4.543281370553214e-05,Compara
GO:0032480,negative regulation of type I interferon production,17,94194,19,262673,2.4950974640244157,2.00520343347996e-06,4.543281370553214e-05,Compara
GO:0034976,response to endoplasmic reticulum stress,51,94194,57,262673,2.4950974640244152,5.162339441089393e-17,5.773842013065709e-15,Compara
GO:0000785,chromatin,217,94194,243,262673,2.490265515413378,1.3261316173525908e-67,1.165385520592066e-64,Compara
GO:0010498,proteasomal protein catabolic process,25,94194,28,262673,2.489855662629406,6.751755332564758e-09,2.6882474387231137e-07,Compara
GO:0097542,ciliary tip,25,94194,28,262673,2.489855662629406,6.751755332564758e-09,2.6882474387231137e-07,Compara
GO:1902494,catalytic complex,33,94194,37,262673,2.4871639267779146,2.3880774892615e-11,1.386867052120018e-09,Compara
GO:0009612,response to mechanical stimulus,33,94194,37,262673,2.4871639267779146,2.3880774892615e-11,1.386867052120018e-09,Compara
GO:0006275,regulation of DNA replication,33,94194,37,262673,2.4871639267779146,2.3880774892615e-11,1.386867052120018e-09,Compara
GO:1904263,positive regulation of TORC1 signaling,41,94194,46,262673,2.485525478868311,8.686996684589992e-14,7.077888755662958e-12,Compara
GO:0065003,protein-containing complex assembly,41,94194,46,262673,2.485525478868311,8.686996684589992e-14,7.077888755662958e-12,Compara
GO:0043020,NADPH oxidase complex,16,94194,18,262673,2.4787896374621643,5.0218820060763874e-06,0.0001028023532791311,Compara
GO:0050853,B cell receptor signaling pathway,16,94194,18,262673,2.4787896374621643,5.0218820060763874e-06,0.0001028023532791311,Compara
GO:0050830,defense response to Gram-positive bacterium,24,94194,27,262673,2.4787896374621643,1.6857573006743683e-08,6.28480971824144e-07,Compara
GO:0140861,DNA repair-dependent chromatin remodeling,16,94194,18,262673,2.4787896374621643,5.0218820060763874e-06,0.0001028023532791311,Compara
GO:0008198,ferrous iron binding,16,94194,18,262673,2.4787896374621643,5.0218820060763874e-06,0.0001028023532791311,Compara
GO:0070374,positive regulation of ERK1 and ERK2 cascade,112,94194,126,262673,2.4787896374621643,3.717455464307528e-35,1.143396364434388e-32,Compara
GO:0005881,cytoplasmic microtubule,24,94194,27,262673,2.4787896374621643,1.6857573006743683e-08,6.28480971824144e-07,Compara
GO:0031462,Cul2-RING ubiquitin ligase complex,16,94194,18,262673,2.4787896374621643,5.0218820060763874e-06,0.0001028023532791311,Compara
GO:0032735,positive regulation of interleukin-12 production,16,94194,18,262673,2.4787896374621643,5.0218820060763874e-06,0.0001028023532791311,Compara
GO:0030332,cyclin binding,24,94194,27,262673,2.4787896374621643,1.6857573006743683e-08,6.28480971824144e-07,Compara
GO:2000781,positive regulation of double-strand break repair,16,94194,18,262673,2.4787896374621643,5.0218820060763874e-06,0.0001028023532791311,Compara
GO:0030593,neutrophil chemotaxis,16,94194,18,262673,2.4787896374621643,5.0218820060763874e-06,0.0001028023532791311,Compara
GO:0008285,negative regulation of cell population proliferation,155,94194,175,262673,2.469936817328371,1.2391131479806213e-47,6.352003774835659e-45,Compara
GO:0010634,positive regulation of epithelial cell migration,23,94194,26,262673,2.4668723795897503,4.191131178661599e-08,1.4902741876032846e-06,Compara
GO:0048306,calcium-dependent protein binding,45,94194,51,262673,2.4605632430690605,1.2176676531922061e-14,1.0855771838567907e-12,Compara
GO:0042594,response to starvation,15,94194,17,262673,2.46056324306906,1.2500272074762333e-05,0.00022872020618537286,Compara
GO:0071985,multivesicular body sorting pathway,15,94194,17,262673,2.46056324306906,1.2500272074762333e-05,0.00022872020618537286,Compara
GO:0045907,positive regulation of vasoconstriction,15,94194,17,262673,2.46056324306906,1.2500272074762333e-05,0.00022872020618537286,Compara
GO:0071364,cellular response to epidermal growth factor stimulus,30,94194,34,262673,2.46056324306906,3.6625059093915935e-10,1.839175926663052e-08,Compara
GO:0030511,positive regulation of transforming growth factor beta receptor signaling pathway,15,94194,17,262673,2.46056324306906,1.2500272074762333e-05,0.00022872020618537286,Compara
GO:0010575,positive regulation of vascular endothelial growth factor production,15,94194,17,262673,2.46056324306906,1.2500272074762333e-05,0.00022872020618537286,Compara
GO:0099634,postsynaptic specialization membrane,15,94194,17,262673,2.46056324306906,1.2500272074762333e-05,0.00022872020618537286,Compara
GO:0055117,regulation of cardiac muscle contraction,15,94194,17,262673,2.46056324306906,1.2500272074762333e-05,0.00022872020618537286,Compara
GO:0032790,ribosome disassembly,15,94194,17,262673,2.46056324306906,1.2500272074762333e-05,0.00022872020618537286,Compara
GO:0005546,"phosphatidylinositol-4,5-bisphosphate binding",37,94194,42,262673,2.4566575871276806,3.2871479529483167e-12,2.1979228948436488e-10,Compara
GO:0014823,response to activity,37,94194,42,262673,2.4566575871276806,3.2871479529483167e-12,2.1979228948436488e-10,Compara
GO:0032496,response to lipopolysaccharide,66,94194,75,262673,2.4540017410875428,9.894688628015122e-21,1.56069684859577e-18,Compara
GO:0098586,cellular response to virus,22,94194,25,262673,2.4540017410875428,1.0372400744342002e-07,3.36706190917255e-06,Compara
GO:0032869,cellular response to insulin stimulus,44,94194,50,262673,2.4540017410875428,3.0020609255771916e-14,2.564885803290013e-12,Compara
GO:0005879,axonemal microtubule,29,94194,33,262673,2.4506215734000945,9.035834380005003e-10,4.179243247263216e-08,Compara
GO:0005876,spindle microtubule,29,94194,33,262673,2.4506215734000945,9.035834380005003e-10,4.179243247263216e-08,Compara
GO:0061629,RNA polymerase II-specific DNA-binding transcription factor binding,101,94194,115,262673,2.4491519352751165,7.732750149361597e-31,1.9820005226582442e-28,Compara
GO:0032465,regulation of cytokinesis,36,94194,41,262673,2.4485604955418943,8.093941537263288e-12,5.132977460461352e-10,Compara
GO:0051123,RNA polymerase II preinitiation complex assembly,14,94194,16,262673,2.4400585493768183,3.090286806004314e-05,0.0005186875658154307,Compara
GO:0071385,cellular response to glucocorticoid stimulus,14,94194,16,262673,2.4400585493768183,3.090286806004314e-05,0.0005186875658154307,Compara
GO:0001968,fibronectin binding,14,94194,16,262673,2.4400585493768183,3.090286806004314e-05,0.0005186875658154307,Compara
GO:0010718,positive regulation of epithelial to mesenchymal transition,28,94194,32,262673,2.4400585493768183,2.2206089710521626e-09,9.586018305563072e-08,Compara
GO:0035094,response to nicotine,28,94194,32,262673,2.4400585493768183,2.2206089710521626e-09,9.586018305563072e-08,Compara
GO:0030291,protein serine/threonine kinase inhibitor activity,14,94194,16,262673,2.4400585493768183,3.090286806004314e-05,0.0005186875658154307,Compara
GO:0032977,membrane insertase activity,14,94194,16,262673,2.4400585493768183,3.090286806004314e-05,0.0005186875658154307,Compara
GO:0019985,translesion synthesis,14,94194,16,262673,2.4400585493768183,3.090286806004314e-05,0.0005186875658154307,Compara
GO:0002181,cytoplasmic translation,21,94194,24,262673,2.4400585493768183,2.554318555884454e-07,7.464556102861386e-06,Compara
GO:0032206,positive regulation of telomere maintenance,21,94194,24,262673,2.4400585493768183,2.554318555884454e-07,7.464556102861386e-06,Compara
GO:0000307,cyclin-dependent protein kinase holoenzyme complex,21,94194,24,262673,2.4400585493768183,2.554318555884454e-07,7.464556102861386e-06,Compara
GO:0160232,INTAC complex,14,94194,16,262673,2.4400585493768183,3.090286806004314e-05,0.0005186875658154307,Compara
GO:0032715,negative regulation of interleukin-6 production,14,94194,16,262673,2.4400585493768183,3.090286806004314e-05,0.0005186875658154307,Compara
GO:0007030,Golgi organization,42,94194,48,262673,2.4400585493768183,1.8103699200927058e-13,1.3834149768261217e-11,Compara
GO:0005697,telomerase holoenzyme complex,14,94194,16,262673,2.4400585493768183,3.090286806004314e-05,0.0005186875658154307,Compara
GO:0046676,negative regulation of insulin secretion,14,94194,16,262673,2.4400585493768183,3.090286806004314e-05,0.0005186875658154307,Compara
GO:0042277,peptide binding,14,94194,16,262673,2.4400585493768183,3.090286806004314e-05,0.0005186875658154307,Compara
GO:0051898,negative regulation of phosphatidylinositol 3-kinase/protein kinase B signal transduction,35,94194,40,262673,2.440058549376818,1.9866203571915012e-11,1.2099698145805467e-09,Compara
GO:0046330,positive regulation of JNK cascade,55,94194,63,262673,2.4345255367931973,3.80628135267279e-17,4.335988840919753e-15,Compara
GO:0010628,positive regulation of gene expression,198,94194,227,262673,2.432380580373115,5.942360142945463e-58,4.0616031577032234e-55,Compara
GO:0009749,response to glucose,27,94194,31,262673,2.4288140399326856,5.434758196811441e-09,2.21403410911825e-07,Compara
GO:0033011,perinuclear theca,27,94194,31,262673,2.4288140399326856,5.434758196811441e-09,2.21403410911825e-07,Compara
GO:0042102,positive regulation of T cell proliferation,20,94194,23,262673,2.4249029062129868,6.256526732364816e-07,1.6553558793179425e-05,Compara
GO:0030216,keratinocyte differentiation,20,94194,23,262673,2.4249029062129868,6.256526732364816e-07,1.6553558793179425e-05,Compara
GO:0051897,positive regulation of phosphatidylinositol 3-kinase/protein kinase B signal transduction,93,94194,107,262673,2.423769774013822,9.77726989007562e-28,2.227587989955562e-25,Compara
GO:0005518,collagen binding,33,94194,38,262673,2.4217122444942856,1.1845985200857312e-10,6.564916933610249e-09,Compara
GO:0019900,kinase binding,65,94194,75,262673,2.4168198965256105,1.1809024570391733e-19,1.7296003486848747e-17,Compara
GO:1904047,S-adenosyl-L-methionine binding,13,94194,15,262673,2.41681989652561,7.58097422883522e-05,0.0011223673397997558,Compara
GO:0032456,endocytic recycling,39,94194,45,262673,2.41681989652561,2.62381251810387e-12,1.7736684291336216e-10,Compara
GO:0016597,amino acid binding,13,94194,15,262673,2.41681989652561,7.58097422883522e-05,0.0011223673397997558,Compara
GO:1903076,regulation of protein localization to plasma membrane,13,94194,15,262673,2.41681989652561,7.58097422883522e-05,0.0011223673397997558,Compara
GO:0045668,negative regulation of osteoblast differentiation,13,94194,15,262673,2.41681989652561,7.58097422883522e-05,0.0011223673397997558,Compara
GO:0031072,heat shock protein binding,39,94194,45,262673,2.41681989652561,2.62381251810387e-12,1.7736684291336216e-10,Compara
GO:0014850,response to muscle activity,13,94194,15,262673,2.41681989652561,7.58097422883522e-05,0.0011223673397997558,Compara
GO:0015171,amino acid transmembrane transporter activity,13,94194,15,262673,2.41681989652561,7.58097422883522e-05,0.0011223673397997558,Compara
GO:0010880,regulation of release of sequestered calcium ion into cytosol by sarcoplasmic reticulum,13,94194,15,262673,2.41681989652561,7.58097422883522e-05,0.0011223673397997558,Compara
GO:0035774,positive regulation of insulin secretion involved in cellular response to glucose stimulus,13,94194,15,262673,2.41681989652561,7.58097422883522e-05,0.0011223673397997558,Compara
GO:0031490,chromatin DNA binding,26,94194,30,262673,2.41681989652561,1.324256280960328e-08,5.028495377979912e-07,Compara
GO:1904294,positive regulation of ERAD pathway,13,94194,15,262673,2.41681989652561,7.58097422883522e-05,0.0011223673397997558,Compara
GO:1990756,ubiquitin-like ligase-substrate adaptor activity,64,94194,74,262673,2.4117953229361597,2.859140106799646e-19,3.997272810676823e-17,Compara
GO:0034504,protein localization to nucleus,19,94194,22,262673,2.408369477306989,1.5235047086744509e-06,3.7637908495626045e-05,Compara
GO:0034704,calcium channel complex,19,94194,22,262673,2.408369477306989,1.5235047086744509e-06,3.7637908495626045e-05,Compara
GO:0045931,positive regulation of mitotic cell cycle,19,94194,22,262673,2.408369477306989,1.5235047086744509e-06,3.7637908495626045e-05,Compara
GO:0034243,regulation of transcription elongation by RNA polymerase II,19,94194,22,262673,2.408369477306989,1.5235047086744509e-06,3.7637908495626045e-05,Compara
GO:0034446,substrate adhesion-dependent cell spreading,19,94194,22,262673,2.408369477306989,1.5235047086744509e-06,3.7637908495626045e-05,Compara
GO:0045742,positive regulation of epidermal growth factor receptor signaling pathway,19,94194,22,262673,2.408369477306989,1.5235047086744509e-06,3.7637908495626045e-05,Compara
GO:0043524,negative regulation of neuron apoptotic process,50,94194,58,262673,2.403998570814599,3.2085764518638665e-15,3.0600865183938877e-13,Compara
GO:0019904,protein domain specific binding,150,94194,174,262673,2.403998570814599,6.813777117507166e-43,3.1048111065440988e-40,Compara
GO:0005654,nucleoplasm,2705,94194,3140,262673,2.4023142406057483,0.0,0.0,Compara
GO:1903078,positive regulation of protein localization to plasma membrane,31,94194,36,262673,2.4013274612914715,6.958815004882736e-10,3.2802414178188625e-08,Compara
GO:0060326,cell chemotaxis,31,94194,36,262673,2.4013274612914715,6.958815004882736e-10,3.2802414178188625e-08,Compara
GO:0001822,kidney development,37,94194,43,262673,2.399526015334014,1.5350409686164633e-11,9.442804518444173e-10,Compara
GO:0042274,ribosomal small subunit biogenesis,54,94194,63,262673,2.3902614361242303,4.214943729271578e-16,4.3946146356973075e-14,Compara
GO:0046329,negative regulation of JNK cascade,12,94194,14,262673,2.39026143612423,0.0001843491992511426,0.0024025934304944996,Compara
GO:0010508,positive regulation of autophagy,48,94194,56,262673,2.39026143612423,1.8572721545259688e-14,1.6091562899389433e-12,Compara
GO:0005547,"phosphatidylinositol-3,4,5-trisphosphate binding",24,94194,28,262673,2.39026143612423,7.749247905348703e-08,2.5491710422327565e-06,Compara
GO:0061709,reticulophagy,12,94194,14,262673,2.39026143612423,0.0001843491992511426,0.0024025934304944996,Compara
GO:0051491,positive regulation of filopodium assembly,12,94194,14,262673,2.39026143612423,0.0001843491992511426,0.0024025934304944996,Compara
GO:0097435,supramolecular fiber organization,12,94194,14,262673,2.39026143612423,0.0001843491992511426,0.0024025934304944996,Compara
GO:0048487,beta-tubulin binding,24,94194,28,262673,2.39026143612423,7.749247905348703e-08,2.5491710422327565e-06,Compara
GO:0042307,positive regulation of protein import into nucleus,18,94194,21,262673,2.39026143612423,3.686096299449991e-06,8.02655624285544e-05,Compara
GO:0044548,S100 protein binding,12,94194,14,262673,2.39026143612423,0.0001843491992511426,0.0024025934304944996,Compara
GO:0071339,MLL1 complex,24,94194,28,262673,2.39026143612423,7.749247905348703e-08,2.5491710422327565e-06,Compara
GO:0160049,negative regulation of cGAS/STING signaling pathway,12,94194,14,262673,2.39026143612423,0.0001843491992511426,0.0024025934304944996,Compara
GO:0050860,negative regulation of T cell receptor signaling pathway,18,94194,21,262673,2.39026143612423,3.686096299449991e-06,8.02655624285544e-05,Compara
GO:2000300,regulation of synaptic vesicle exocytosis,18,94194,21,262673,2.39026143612423,3.686096299449991e-06,8.02655624285544e-05,Compara
GO:0014075,response to amine,12,94194,14,262673,2.39026143612423,0.0001843491992511426,0.0024025934304944996,Compara
GO:0032436,positive regulation of proteasomal ubiquitin-dependent protein catabolic process,36,94194,42,262673,2.39026143612423,3.693470304458633e-11,2.0940444772237122e-09,Compara
GO:0034341,response to type II interferon,12,94194,14,262673,2.39026143612423,0.0001843491992511426,0.0024025934304944996,Compara
GO:0042771,intrinsic apoptotic signaling pathway in response to DNA damage by p53 class mediator,12,94194,14,262673,2.39026143612423,0.0001843491992511426,0.0024025934304944996,Compara
GO:0001228,"DNA-binding transcription activator activity, RNA polymerase II-specific",226,94194,264,262673,2.3872434292604368,1.2022220385544861e-62,8.700551611962261e-60,Compara
GO:0010629,negative regulation of gene expression,121,94194,142,262673,2.3762340802784303,7.898140954463378e-34,2.2597867014596033e-31,Compara
GO:0019894,kinesin binding,23,94194,27,262673,2.375506735901241,1.859703097609106e-07,5.7777593964355635e-06,Compara
GO:0002039,p53 binding,40,94194,47,262673,2.373309227357391,4.717882036735388e-12,3.1039627111206137e-10,Compara
GO:0032722,positive regulation of chemokine production,17,94194,20,262673,2.3703425908231948,8.85577533675253e-06,0.0001718495330726599,Compara
GO:0045429,positive regulation of nitric oxide biosynthetic process,17,94194,20,262673,2.3703425908231948,8.85577533675253e-06,0.0001718495330726599,Compara
GO:0048255,mRNA stabilization,17,94194,20,262673,2.3703425908231948,8.85577533675253e-06,0.0001718495330726599,Compara
GO:0007249,canonical NF-kappaB signal transduction,17,94194,20,262673,2.3703425908231948,8.85577533675253e-06,0.0001718495330726599,Compara
GO:0048662,negative regulation of smooth muscle cell proliferation,17,94194,20,262673,2.3703425908231948,8.85577533675253e-06,0.0001718495330726599,Compara
GO:2000134,negative regulation of G1/S transition of mitotic cell cycle,17,94194,20,262673,2.3703425908231948,8.85577533675253e-06,0.0001718495330726599,Compara
GO:0031297,replication fork processing,28,94194,33,262673,2.366117381213884,9.595951956572488e-09,3.7043186782438547e-07,Compara
GO:0048260,positive regulation of receptor-mediated endocytosis,11,94194,13,262673,2.359617058738022,0.0004438033490819459,0.00499096216065373,Compara
GO:0015562,efflux transmembrane transporter activity,11,94194,13,262673,2.359617058738022,0.0004438033490819459,0.00499096216065373,Compara
GO:0071162,CMG complex,11,94194,13,262673,2.359617058738022,0.0004438033490819459,0.00499096216065373,Compara
GO:0150052,regulation of postsynapse assembly,11,94194,13,262673,2.359617058738022,0.0004438033490819459,0.00499096216065373,Compara
GO:0032006,regulation of TOR signaling,11,94194,13,262673,2.359617058738022,0.0004438033490819459,0.00499096216065373,Compara
GO:0098978,glutamatergic synapse,187,94194,221,262673,2.359617058738022,1.7179594144769352e-50,9.607297580140788e-48,Compara
GO:0046761,viral budding from plasma membrane,11,94194,13,262673,2.359617058738022,0.0004438033490819459,0.00499096216065373,Compara
GO:0017053,transcription repressor complex,33,94194,39,262673,2.359617058738022,5.027043907720436e-10,2.4065261166025106e-08,Compara
GO:0032729,positive regulation of type II interferon production,22,94194,26,262673,2.359617058738022,4.436938335679683e-07,1.2266888167161156e-05,Compara
GO:0001921,positive regulation of receptor recycling,11,94194,13,262673,2.359617058738022,0.0004438033490819459,0.00499096216065373,Compara
GO:0042756,drinking behavior,11,94194,13,262673,2.359617058738022,0.0004438033490819459,0.00499096216065373,Compara
GO:0039702,viral budding via host ESCRT complex,11,94194,13,262673,2.359617058738022,0.0004438033490819459,0.00499096216065373,Compara
GO:0032434,regulation of proteasomal ubiquitin-dependent protein catabolic process,11,94194,13,262673,2.359617058738022,0.0004438033490819459,0.00499096216065373,Compara
GO:0019228,neuronal action potential,11,94194,13,262673,2.359617058738022,0.0004438033490819459,0.00499096216065373,Compara
GO:0046039,GTP metabolic process,11,94194,13,262673,2.359617058738022,0.0004438033490819459,0.00499096216065373,Compara
GO:1990837,sequence-specific double-stranded DNA binding,424,94194,502,262673,2.355343938385363,6.318947934811793e-112,1.1106002348855641e-108,Compara
GO:0007098,centrosome cycle,27,94194,32,262673,2.352913601184789,2.279116401690501e-08,8.247049732352422e-07,Compara
GO:0032720,negative regulation of tumor necrosis factor production,27,94194,32,262673,2.352913601184789,2.279116401690501e-08,8.247049732352422e-07,Compara
GO:0030054,cell junction,129,94194,153,262673,2.3512048767104354,5.700238764591672e-35,1.7104887200188133e-32,Compara
GO:0071539,protein localization to centrosome,16,94194,19,262673,2.348327024964156,2.1110834395076662e-05,0.00036736435015930434,Compara
GO:0019902,phosphatase binding,32,94194,38,262673,2.348327024964156,1.1901879847902475e-09,5.4434508464217154e-08,Compara
GO:0160240,RNA polymerase II transcription initiation surveillance,16,94194,19,262673,2.348327024964156,2.1110834395076662e-05,0.00036736435015930434,Compara
GO:0099524,postsynaptic cytosol,16,94194,19,262673,2.348327024964156,2.1110834395076662e-05,0.00036736435015930434,Compara
GO:0021766,hippocampus development,16,94194,19,262673,2.348327024964156,2.1110834395076662e-05,0.00036736435015930434,Compara
GO:0043410,positive regulation of MAPK cascade,85,94194,101,262673,2.346873852300193,1.9882329276612383e-23,3.7062469256085176e-21,Compara
GO:0140416,transcription regulator inhibitor activity,21,94194,25,262673,2.3424562074017454,1.0518980582884755e-06,2.646523887755238e-05,Compara
GO:0043531,ADP binding,21,94194,25,262673,2.3424562074017454,1.0518980582884755e-06,2.646523887755238e-05,Compara
GO:0051289,protein homotetramerization,42,94194,50,262673,2.3424562074017454,3.3519347104608242e-12,2.2291271752864606e-10,Compara
GO:0031519,PcG protein complex,21,94194,25,262673,2.3424562074017454,1.0518980582884755e-06,2.646523887755238e-05,Compara
GO:0034644,cellular response to UV,26,94194,31,262673,2.338857964379623,5.3843146794088704e-08,1.860764705077734e-06,Compara
GO:0009898,cytoplasmic side of plasma membrane,51,94194,61,262673,2.331484515563798,2.275575289670207e-14,1.9577904048120668e-12,Compara
GO:0071375,cellular response to peptide hormone stimulus,10,94194,12,262673,2.3238652851207795,0.0010560504863881923,0.009798332680266916,Compara
GO:0090110,COPII-coated vesicle cargo loading,10,94194,12,262673,2.3238652851207795,0.0010560504863881923,0.009798332680266916,Compara
GO:0010613,positive regulation of cardiac muscle hypertrophy,10,94194,12,262673,2.3238652851207795,0.0010560504863881923,0.009798332680266916,Compara
GO:0002639,positive regulation of immunoglobulin production,10,94194,12,262673,2.3238652851207795,0.0010560504863881923,0.009798332680266916,Compara
GO:0045773,positive regulation of axon extension,10,94194,12,262673,2.3238652851207795,0.0010560504863881923,0.009798332680266916,Compara
GO:2000059,negative regulation of ubiquitin-dependent protein catabolic process,10,94194,12,262673,2.3238652851207795,0.0010560504863881923,0.009798332680266916,Compara
GO:0022624,proteasome accessory complex,10,94194,12,262673,2.3238652851207795,0.0010560504863881923,0.009798332680266916,Compara
GO:0034237,protein kinase A regulatory subunit binding,10,94194,12,262673,2.3238652851207795,0.0010560504863881923,0.009798332680266916,Compara
GO:0000793,condensed chromosome,10,94194,12,262673,2.3238652851207795,0.0010560504863881923,0.009798332680266916,Compara
GO:0090398,cellular senescence,20,94194,24,262673,2.3238652851207795,2.476756761383607e-06,5.510223948517635e-05,Compara
GO:1990748,cellular detoxification,10,94194,12,262673,2.3238652851207795,0.0010560504863881923,0.009798332680266916,Compara
GO:1900016,negative regulation of cytokine production involved in inflammatory response,10,94194,12,262673,2.3238652851207795,0.0010560504863881923,0.009798332680266916,Compara
GO:0070411,I-SMAD binding,10,94194,12,262673,2.3238652851207795,0.0010560504863881923,0.009798332680266916,Compara
GO:0097305,response to alcohol,10,94194,12,262673,2.3238652851207795,0.0010560504863881923,0.009798332680266916,Compara
GO:0045542,positive regulation of cholesterol biosynthetic process,10,94194,12,262673,2.3238652851207795,0.0010560504863881923,0.009798332680266916,Compara
GO:0070509,calcium ion import,10,94194,12,262673,2.3238652851207795,0.0010560504863881923,0.009798332680266916,Compara
GO:0006893,Golgi to plasma membrane transport,10,94194,12,262673,2.3238652851207795,0.0010560504863881923,0.009798332680266916,Compara
GO:0070063,RNA polymerase binding,10,94194,12,262673,2.3238652851207795,0.0010560504863881923,0.009798332680266916,Compara
GO:0000242,pericentriolar material,10,94194,12,262673,2.3238652851207795,0.0010560504863881923,0.009798332680266916,Compara
GO:0045943,positive regulation of transcription by RNA polymerase I,10,94194,12,262673,2.3238652851207795,0.0010560504863881923,0.009798332680266916,Compara
GO:0070527,platelet aggregation,10,94194,12,262673,2.3238652851207795,0.0010560504863881923,0.009798332680266916,Compara
GO:0035371,microtubule plus-end,10,94194,12,262673,2.3238652851207795,0.0010560504863881923,0.009798332680266916,Compara
GO:0055074,calcium ion homeostasis,10,94194,12,262673,2.3238652851207795,0.0010560504863881923,0.009798332680266916,Compara
GO:0015250,water channel activity,10,94194,12,262673,2.3238652851207795,0.0010560504863881923,0.009798332680266916,Compara
GO:1901379,regulation of potassium ion transmembrane transport,10,94194,12,262673,2.3238652851207795,0.0010560504863881923,0.009798332680266916,Compara
GO:0017022,myosin binding,10,94194,12,262673,2.3238652851207795,0.0010560504863881923,0.009798332680266916,Compara
GO:0050829,defense response to Gram-negative bacterium,20,94194,24,262673,2.3238652851207795,2.476756761383607e-06,5.510223948517635e-05,Compara
GO:0061014,positive regulation of mRNA catabolic process,10,94194,12,262673,2.3238652851207795,0.0010560504863881923,0.009798332680266916,Compara
GO:0010314,phosphatidylinositol-5-phosphate binding,10,94194,12,262673,2.3238652851207795,0.0010560504863881923,0.009798332680266916,Compara
GO:0099507,ligand-gated monoatomic ion channel activity involved in regulation of presynaptic membrane potential,10,94194,12,262673,2.3238652851207795,0.0010560504863881923,0.009798332680266916,Compara
GO:0050995,negative regulation of lipid catabolic process,10,94194,12,262673,2.3238652851207795,0.0010560504863881923,0.009798332680266916,Compara
GO:0015908,fatty acid transport,10,94194,12,262673,2.3238652851207795,0.0010560504863881923,0.009798332680266916,Compara
GO:0051209,release of sequestered calcium ion into cytosol,15,94194,18,262673,2.323865285120779,4.989222241817736e-05,0.000761568253611459,Compara
GO:0046332,SMAD binding,30,94194,36,262673,2.323865285120779,6.578300581538216e-09,2.636248601129143e-07,Compara
GO:0036120,cellular response to platelet-derived growth factor stimulus,15,94194,18,262673,2.323865285120779,4.989222241817736e-05,0.000761568253611459,Compara
GO:0042220,response to cocaine,25,94194,30,262673,2.323865285120779,1.2648003139679646e-07,3.9595008302157425e-06,Compara
GO:0006805,xenobiotic metabolic process,25,94194,30,262673,2.323865285120779,1.2648003139679646e-07,3.9595008302157425e-06,Compara
GO:0034599,cellular response to oxidative stress,60,94194,72,262673,2.323865285120779,1.5644119274478254e-16,1.6736486907296173e-14,Compara
GO:0099523,presynaptic cytosol,15,94194,18,262673,2.323865285120779,4.989222241817736e-05,0.000761568253611459,Compara
GO:0000118,histone deacetylase complex,15,94194,18,262673,2.323865285120779,4.989222241817736e-05,0.000761568253611459,Compara
GO:2001237,negative regulation of extrinsic apoptotic signaling pathway,15,94194,18,262673,2.323865285120779,4.989222241817736e-05,0.000761568253611459,Compara
GO:0043200,response to amino acid,15,94194,18,262673,2.323865285120779,4.989222241817736e-05,0.000761568253611459,Compara
GO:0043065,positive regulation of apoptotic process,159,94194,191,262673,2.321431918330077,2.571414063830999e-41,1.0545369075770926e-38,Compara
GO:0071333,cellular response to glucose stimulus,39,94194,47,262673,2.3139764966734564,4.296576242630717e-11,2.424806307939712e-09,Compara
GO:0015485,cholesterol binding,29,94194,35,262673,2.3105860549200887,1.534862208994535e-08,5.774743045033567e-07,Compara
GO:0044297,cell body,24,94194,29,262673,2.307838627982015,2.953021021431953e-07,8.568636232706915e-06,Compara
GO:0000082,G1/S transition of mitotic cell cycle,24,94194,29,262673,2.307838627982015,2.953021021431953e-07,8.568636232706915e-06,Compara
GO:0010719,negative regulation of epithelial to mesenchymal transition,19,94194,23,262673,2.3036577609023374,5.788301877087746e-06,0.00011489332112075141,Compara
GO:0050839,cell adhesion molecule binding,19,94194,23,262673,2.3036577609023374,5.788301877087746e-06,0.00011489332112075141,Compara
GO:0000045,autophagosome assembly,38,94194,46,262673,2.3036577609023374,9.975306959704658e-11,5.553221788472689e-09,Compara
GO:0002931,response to ischemia,19,94194,23,262673,2.3036577609023374,5.788301877087746e-06,0.00011489332112075141,Compara
GO:0030855,epithelial cell differentiation,33,94194,40,262673,2.300626632269571,1.8759671154627974e-09,8.184405468630778e-08,Compara
GO:0071222,cellular response to lipopolysaccharide,66,94194,80,262673,2.300626632269571,1.3513656857668248e-17,1.5986396184605046e-15,Compara
GO:0031647,regulation of protein stability,42,94194,51,262673,2.296525693531123,1.2359944751366138e-11,7.680020215962505e-10,Compara
GO:0061028,establishment of endothelial barrier,14,94194,17,262673,2.2965256935311227,0.00011678164932133417,0.0015600050288820566,Compara
GO:0055088,lipid homeostasis,14,94194,17,262673,2.2965256935311227,0.00011678164932133417,0.0015600050288820566,Compara
GO:0051131,chaperone-mediated protein complex assembly,14,94194,17,262673,2.2965256935311227,0.00011678164932133417,0.0015600050288820566,Compara
GO:0070412,R-SMAD binding,14,94194,17,262673,2.2965256935311227,0.00011678164932133417,0.0015600050288820566,Compara
GO:0032924,activin receptor signaling pathway,14,94194,17,262673,2.2965256935311227,0.00011678164932133417,0.0015600050288820566,Compara
GO:0060339,negative regulation of type I interferon-mediated signaling pathway,14,94194,17,262673,2.2965256935311227,0.00011678164932133417,0.0015600050288820566,Compara
GO:0060090,molecular adaptor activity,70,94194,85,262673,2.2965256935311227,1.7093946238876003e-18,2.1906960476759527e-16,Compara
GO:0006882,intracellular zinc ion homeostasis,14,94194,17,262673,2.2965256935311227,0.00011678164932133417,0.0015600050288820566,Compara
GO:0035278,miRNA-mediated gene silencing by inhibition of translation,14,94194,17,262673,2.2965256935311227,0.00011678164932133417,0.0015600050288820566,Compara
GO:0031175,neuron projection development,37,94194,45,262673,2.292880414652502,2.3060007872723035e-10,1.192047381756771e-08,Compara
GO:0043409,negative regulation of MAPK cascade,23,94194,28,262673,2.2906672096190537,6.849683310427507e-07,1.796836967338798e-05,Compara
GO:0050766,positive regulation of phagocytosis,23,94194,28,262673,2.2906672096190537,6.849683310427507e-07,1.796836967338798e-05,Compara
GO:1901224,positive regulation of non-canonical NF-kappaB signal transduction,23,94194,28,262673,2.2906672096190537,6.849683310427507e-07,1.796836967338798e-05,Compara
GO:0080008,Cul4-RING E3 ubiquitin ligase complex,23,94194,28,262673,2.2906672096190537,6.849683310427507e-07,1.796836967338798e-05,Compara
GO:0031463,Cul3-RING ubiquitin ligase complex,36,94194,44,262673,2.281613189027674,5.306799132484696e-10,2.5306027025953183e-08,Compara
GO:0021549,cerebellum development,18,94194,22,262673,2.281613189027674,1.3417758457633193e-05,0.00024169646018193437,Compara
GO:0007052,mitotic spindle organization,18,94194,22,262673,2.281613189027674,1.3417758457633193e-05,0.00024169646018193437,Compara
GO:0010977,negative regulation of neuron projection development,27,94194,33,262673,2.281613189027674,8.21696182889582e-08,2.6886511005559914e-06,Compara
GO:0097602,cullin family protein binding,18,94194,22,262673,2.281613189027674,1.3417758457633193e-05,0.00024169646018193437,Compara
GO:0043021,ribonucleoprotein complex binding,18,94194,22,262673,2.281613189027674,1.3417758457633193e-05,0.00024169646018193437,Compara
GO:0016197,endosomal transport,27,94194,33,262673,2.281613189027674,8.21696182889582e-08,2.6886511005559914e-06,Compara
GO:0090090,negative regulation of canonical Wnt signaling pathway,67,94194,82,262673,2.2785215722403738,2.0688830264351648e-17,2.424139797545889e-15,Compara
GO:0006513,protein monoubiquitination,31,94194,38,262673,2.274941805434026,9.955887765101664e-09,3.82772772418893e-07,Compara
GO:0015630,microtubule cytoskeleton,140,94194,172,262673,2.26982190639704,1.949614691309307e-34,5.710978463613905e-32,Compara
GO:0016525,negative regulation of angiogenesis,48,94194,59,262673,2.268722719033167,1.0030737260081163e-12,7.011827301748782e-11,Compara
GO:0048870,cell motility,13,94194,16,262673,2.26576865299276,0.00027040619729571096,0.003143452373529024,Compara
GO:0097720,calcineurin-mediated signaling,13,94194,16,262673,2.26576865299276,0.00027040619729571096,0.003143452373529024,Compara
GO:0050850,positive regulation of calcium-mediated signaling,13,94194,16,262673,2.26576865299276,0.00027040619729571096,0.003143452373529024,Compara
GO:0000987,cis-regulatory region sequence-specific DNA binding,26,94194,32,262673,2.26576865299276,1.8840173882299328e-07,5.838555649217345e-06,Compara
GO:0140627,ubiquitin-dependent protein catabolic process via the C-end degron rule pathway,13,94194,16,262673,2.26576865299276,0.00027040619729571096,0.003143452373529024,Compara
GO:0031466,Cul5-RING ubiquitin ligase complex,13,94194,16,262673,2.26576865299276,0.00027040619729571096,0.003143452373529024,Compara
GO:0030970,"retrograde protein transport, ER to cytosol",13,94194,16,262673,2.26576865299276,0.00027040619729571096,0.003143452373529024,Compara
GO:0051018,protein kinase A binding,13,94194,16,262673,2.26576865299276,0.00027040619729571096,0.003143452373529024,Compara
GO:0070059,intrinsic apoptotic signaling pathway in response to endoplasmic reticulum stress,13,94194,16,262673,2.26576865299276,0.00027040619729571096,0.003143452373529024,Compara
GO:0070971,endoplasmic reticulum exit site,13,94194,16,262673,2.26576865299276,0.00027040619729571096,0.003143452373529024,Compara
GO:0060076,excitatory synapse,13,94194,16,262673,2.26576865299276,0.00027040619729571096,0.003143452373529024,Compara
GO:0043124,negative regulation of canonical NF-kappaB signal transduction,39,94194,48,262673,2.26576865299276,1.492862365899912e-10,8.126852074188768e-09,Compara
GO:0035196,miRNA processing,13,94194,16,262673,2.26576865299276,0.00027040619729571096,0.003143452373529024,Compara
GO:0070542,response to fatty acid,13,94194,16,262673,2.26576865299276,0.00027040619729571096,0.003143452373529024,Compara
GO:0002027,regulation of heart rate,17,94194,21,262673,2.2574691341173283,3.0826911245430864e-05,0.0005186875658154307,Compara
GO:0070530,K63-linked polyubiquitin modification-dependent protein binding,17,94194,21,262673,2.2574691341173283,3.0826911245430864e-05,0.0005186875658154307,Compara
GO:0031201,SNARE complex,17,94194,21,262673,2.2574691341173283,3.0826911245430864e-05,0.0005186875658154307,Compara
GO:2001238,positive regulation of extrinsic apoptotic signaling pathway,17,94194,21,262673,2.2574691341173283,3.0826911245430864e-05,0.0005186875658154307,Compara
GO:0050680,negative regulation of epithelial cell proliferation,17,94194,21,262673,2.2574691341173283,3.0826911245430864e-05,0.0005186875658154307,Compara
GO:0000086,G2/M transition of mitotic cell cycle,17,94194,21,262673,2.2574691341173283,3.0826911245430864e-05,0.0005186875658154307,Compara
GO:0043014,alpha-tubulin binding,17,94194,21,262673,2.2574691341173283,3.0826911245430864e-05,0.0005186875658154307,Compara
GO:0007159,leukocyte cell-cell adhesion,17,94194,21,262673,2.2574691341173283,3.0826911245430864e-05,0.0005186875658154307,Compara
GO:0032981,mitochondrial respiratory chain complex I assembly,34,94194,42,262673,2.2574691341173283,2.7701798919914586e-09,1.1671754524373601e-07,Compara
GO:0060048,cardiac muscle contraction,17,94194,21,262673,2.2574691341173283,3.0826911245430864e-05,0.0005186875658154307,Compara
GO:0043434,response to peptide hormone,34,94194,42,262673,2.2574691341173283,2.7701798919914586e-09,1.1671754524373601e-07,Compara
GO:0070328,triglyceride homeostasis,17,94194,21,262673,2.2574691341173283,3.0826911245430864e-05,0.0005186875658154307,Compara
GO:0009636,response to toxic substance,38,94194,47,262673,2.2546437659895218,3.395216998873206e-10,1.711940767915453e-08,Compara
GO:0045739,positive regulation of DNA repair,21,94194,26,262673,2.2523617378862935,3.6063558023618595e-06,7.894839045633089e-05,Compara
GO:0001975,response to amphetamine,21,94194,26,262673,2.2523617378862935,3.6063558023618595e-06,7.894839045633089e-05,Compara
GO:0030177,positive regulation of Wnt signaling pathway,21,94194,26,262673,2.2523617378862935,3.6063558023618595e-06,7.894839045633089e-05,Compara
GO:0048018,receptor ligand activity,67,94194,83,262673,2.2510695051049474,6.949361379244276e-17,7.633749379360923e-15,Compara
GO:0005911,cell-cell junction,67,94194,83,262673,2.2510695051049474,6.949361379244276e-17,7.633749379360923e-15,Compara
GO:0005178,integrin binding,75,94194,93,262673,2.2489018888265604,1.099217139519525e-18,1.45415789973212e-16,Compara
GO:0001784,phosphotyrosine residue binding,29,94194,36,262673,2.246403108950086,5.168281119753223e-08,1.7961966840769463e-06,Compara
GO:0070373,negative regulation of ERK1 and ERK2 cascade,29,94194,36,262673,2.246403108950086,5.168281119753223e-08,1.7961966840769463e-06,Compara
GO:0045785,positive regulation of cell adhesion,29,94194,36,262673,2.246403108950086,5.168281119753223e-08,1.7961966840769463e-06,Compara
GO:0032040,small-subunit processome,53,94194,66,262673,2.239361092934569,1.8045512570028812e-13,1.3834149768261217e-11,Compara
GO:0043161,proteasome-mediated ubiquitin-dependent protein catabolic process,109,94194,136,262673,2.235011612454396,4.595162947121134e-26,9.26791635056251e-24,Compara
GO:0048678,response to axon injury,20,94194,25,262673,2.230910673715948,8.176191573735717e-06,0.000160177842247883,Compara
GO:0019903,protein phosphatase binding,52,94194,65,262673,2.230910673715948,4.053759089992061e-13,2.9510886440338656e-11,Compara
GO:0010875,positive regulation of cholesterol efflux,16,94194,20,262673,2.230910673715948,7.013107062577661e-05,0.0010509410011071006,Compara
GO:0043548,phosphatidylinositol 3-kinase binding,20,94194,25,262673,2.230910673715948,8.176191573735717e-06,0.000160177842247883,Compara
GO:0043687,post-translational protein modification,16,94194,20,262673,2.230910673715948,7.013107062577661e-05,0.0010509410011071006,Compara
GO:0001676,long-chain fatty acid metabolic process,16,94194,20,262673,2.230910673715948,7.013107062577661e-05,0.0010509410011071006,Compara
GO:0042147,"retrograde transport, endosome to Golgi",40,94194,50,262673,2.230910673715948,2.1280778640414035e-10,1.1047148506878222e-08,Compara
GO:0050729,positive regulation of inflammatory response,32,94194,40,262673,2.230910673715948,1.416098218300825e-08,5.344250423237745e-07,Compara
GO:0030971,receptor tyrosine kinase binding,32,94194,40,262673,2.230910673715948,1.416098218300825e-08,5.344250423237745e-07,Compara
GO:0046627,negative regulation of insulin receptor signaling pathway,20,94194,25,262673,2.230910673715948,8.176191573735717e-06,0.000160177842247883,Compara
GO:0030139,endocytic vesicle,28,94194,35,262673,2.230910673715948,1.1668815821559316e-07,3.7779326592801124e-06,Compara
GO:0097546,ciliary base,12,94194,15,262673,2.2309106737159476,0.000618507027082832,0.006794189244821502,Compara
GO:0097191,extrinsic apoptotic signaling pathway,24,94194,30,262673,2.2309106737159476,9.705903851423225e-07,2.4570315860917683e-05,Compara
GO:0031083,BLOC-1 complex,12,94194,15,262673,2.2309106737159476,0.000618507027082832,0.006794189244821502,Compara
GO:0042104,positive regulation of activated T cell proliferation,12,94194,15,262673,2.2309106737159476,0.000618507027082832,0.006794189244821502,Compara
GO:0045727,positive regulation of translation,36,94194,45,262673,2.2309106737159476,1.7309992512826644e-09,7.605887067332364e-08,Compara
GO:0008296,3'-5'-DNA exonuclease activity,12,94194,15,262673,2.2309106737159476,0.000618507027082832,0.006794189244821502,Compara
GO:0051453,regulation of intracellular pH,12,94194,15,262673,2.2309106737159476,0.000618507027082832,0.006794189244821502,Compara
GO:0050699,WW domain binding,12,94194,15,262673,2.2309106737159476,0.000618507027082832,0.006794189244821502,Compara
GO:0046697,decidualization,12,94194,15,262673,2.2309106737159476,0.000618507027082832,0.006794189244821502,Compara
GO:0032727,positive regulation of interferon-alpha production,12,94194,15,262673,2.2309106737159476,0.000618507027082832,0.006794189244821502,Compara
GO:0033627,cell adhesion mediated by integrin,12,94194,15,262673,2.2309106737159476,0.000618507027082832,0.006794189244821502,Compara
GO:0016922,nuclear receptor binding,24,94194,30,262673,2.2309106737159476,9.705903851423225e-07,2.4570315860917683e-05,Compara
GO:0044183,protein folding chaperone,27,94194,34,262673,2.214506918762154,2.617315328975828e-07,7.63052855269896e-06,Compara
GO:0043539,protein serine/threonine kinase activator activity,42,94194,53,262673,2.20986434660542,1.3120063980507295e-10,7.17405098454139e-09,Compara
GO:0006384,transcription initiation at RNA polymerase III promoter,19,94194,24,262673,2.2076720208647402,1.837217331578055e-05,0.00032198411439323093,Compara
GO:0071345,cellular response to cytokine stimulus,19,94194,24,262673,2.2076720208647402,1.837217331578055e-05,0.00032198411439323093,Compara
GO:0001778,plasma membrane repair,15,94194,19,262673,2.201556585903896,0.00015782242750273667,0.002078896494182194,Compara
GO:0002230,positive regulation of defense response to virus by host,15,94194,19,262673,2.201556585903896,0.00015782242750273667,0.002078896494182194,Compara
GO:0071108,protein K48-linked deubiquitination,15,94194,19,262673,2.201556585903896,0.00015782242750273667,0.002078896494182194,Compara
GO:0000228,nuclear chromosome,15,94194,19,262673,2.201556585903896,0.00015782242750273667,0.002078896494182194,Compara
GO:0005801,cis-Golgi network,15,94194,19,262673,2.201556585903896,0.00015782242750273667,0.002078896494182194,Compara
GO:0032880,regulation of protein localization,26,94194,33,262673,2.197108996841464,5.829781865283565e-07,1.549110287010447e-05,Compara
GO:1904262,negative regulation of TORC1 signaling,37,94194,47,262673,2.1953110353055867,2.3558450680065936e-09,1.0134252402687105e-07,Compara
GO:0071277,cellular response to calcium ion,33,94194,42,262673,2.1910729831138775,1.9151778631803295e-08,6.991819955699583e-07,Compara
GO:0032024,positive regulation of insulin secretion,22,94194,28,262673,2.1910729831138775,4.850943698467102e-06,0.00010064276614205861,Compara
GO:0016477,cell migration,84,94194,107,262673,2.189211408786678,2.3439201718277775e-19,3.314626422298522e-17,Compara
GO:0000281,mitotic cytokinesis,29,94194,37,262673,2.185689511410895,1.5656453305202143e-07,4.888866624718324e-06,Compara
GO:0000978,RNA polymerase II cis-regulatory region sequence-specific DNA binding,232,94194,296,262673,2.185689511410895,1.6011158761670995e-50,9.380251725944678e-48,Compara
GO:0051087,protein-folding chaperone binding,58,94194,74,262673,2.185689511410895,9.461406915432671e-14,7.520514272738817e-12,Compara
GO:0035267,NuA4 histone acetyltransferase complex,18,94194,23,262673,2.182412615591688,4.0883802148373015e-05,0.0006319012786827051,Compara
GO:0030991,intraciliary transport particle A,18,94194,23,262673,2.182412615591688,4.0883802148373015e-05,0.0006319012786827051,Compara
GO:0022626,cytosolic ribosome,60,94194,77,262673,2.1729649419311183,5.716692997273666e-14,4.752194185503912e-12,Compara
GO:0000940,outer kinetochore,14,94194,18,262673,2.168940932779394,0.0003508946434818922,0.004000979424242558,Compara
GO:0030182,neuron differentiation,28,94194,36,262673,2.168940932779394,3.4420687278451156e-07,9.60266928768219e-06,Compara
GO:0045747,positive regulation of Notch signaling pathway,14,94194,18,262673,2.168940932779394,0.0003508946434818922,0.004000979424242558,Compara
GO:0098982,GABA-ergic synapse,35,94194,45,262673,2.168940932779394,1.1395291511939625e-08,4.3539214742668696e-07,Compara
GO:0050868,negative regulation of T cell activation,14,94194,18,262673,2.168940932779394,0.0003508946434818922,0.004000979424242558,Compara
GO:0035591,signaling adaptor activity,35,94194,45,262673,2.168940932779394,1.1395291511939625e-08,4.3539214742668696e-07,Compara
GO:0004520,DNA endonuclease activity,14,94194,18,262673,2.168940932779394,0.0003508946434818922,0.004000979424242558,Compara
GO:0007189,adenylate cyclase-activating G protein-coupled receptor signaling pathway,69,94194,89,262673,2.161978040539332,1.1982482654719134e-15,1.1985405211464188e-13,Compara
GO:0034097,response to cytokine,31,94194,40,262673,2.1611947151623245,9.231081073212731e-08,3.012466590019529e-06,Compara
GO:0045786,negative regulation of cell cycle,24,94194,31,262673,2.158945813273498,2.8270132464142455e-06,6.221957776499903e-05,Compara
GO:0050679,positive regulation of epithelial cell proliferation,24,94194,31,262673,2.158945813273498,2.8270132464142455e-06,6.221957776499903e-05,Compara
GO:0045177,apical part of cell,24,94194,31,262673,2.158945813273498,2.8270132464142455e-06,6.221957776499903e-05,Compara
GO:0071363,cellular response to growth factor stimulus,24,94194,31,262673,2.158945813273498,2.8270132464142455e-06,6.221957776499903e-05,Compara
GO:0097190,apoptotic signaling pathway,24,94194,31,262673,2.158945813273498,2.8270132464142455e-06,6.221957776499903e-05,Compara
GO:0060395,SMAD protein signal transduction,17,94194,22,262673,2.1548569007483587,9.001803072435906e-05,0.0013295220072050294,Compara
GO:0007162,negative regulation of cell adhesion,17,94194,22,262673,2.1548569007483587,9.001803072435906e-05,0.0013295220072050294,Compara
GO:0015629,actin cytoskeleton,104,94194,135,262673,2.148284352467209,1.8573769248017446e-22,3.173792820254981e-20,Compara
GO:0001649,osteoblast differentiation,30,94194,39,262673,2.1451064170345653,2.0067041473771265e-07,6.1472590953846884e-06,Compara
GO:0042393,histone binding,70,94194,91,262673,2.1451064170345653,1.5454371737549864e-15,1.5333478668312577e-13,Compara
GO:0051879,Hsp90 protein binding,20,94194,26,262673,2.1451064170345653,2.3408977478374714e-05,0.00040506420522706625,Compara
GO:0042311,vasodilation,20,94194,26,262673,2.1451064170345653,2.3408977478374714e-05,0.00040506420522706625,Compara
GO:0032755,positive regulation of interleukin-6 production,40,94194,52,262673,2.1451064170345653,1.8150517695853528e-09,7.946826306479927e-08,Compara
GO:0032008,positive regulation of TOR signaling,20,94194,26,262673,2.1451064170345653,2.3408977478374714e-05,0.00040506420522706625,Compara
GO:0000149,SNARE binding,20,94194,26,262673,2.1451064170345653,2.3408977478374714e-05,0.00040506420522706625,Compara
GO:0000122,negative regulation of transcription by RNA polymerase II,374,94194,487,262673,2.1415826282591492,5.918869050265646e-76,5.6015266096475573e-73,Compara
GO:0000724,double-strand break repair via homologous recombination,62,94194,81,262673,2.1345132989257527,9.474759914447831e-14,7.520514272738817e-12,Compara
GO:0045944,positive regulation of transcription by RNA polymerase II,608,94194,795,262673,2.132694480533485,5.10637804777783e-121,1.047062818696844e-117,Compara
GO:1904315,transmitter-gated monoatomic ion channel activity involved in regulation of postsynaptic membrane potential,13,94194,17,262673,2.1324881439931853,0.0007696859781710266,0.007334970247434655,Compara
GO:0048812,neuron projection morphogenesis,13,94194,17,262673,2.1324881439931853,0.0007696859781710266,0.007334970247434655,Compara
GO:0001580,detection of chemical stimulus involved in sensory perception of bitter taste,13,94194,17,262673,2.1324881439931853,0.0007696859781710266,0.007334970247434655,Compara
GO:0018279,protein N-linked glycosylation via asparagine,13,94194,17,262673,2.1324881439931853,0.0007696859781710266,0.007334970247434655,Compara
GO:0010212,response to ionizing radiation,26,94194,34,262673,2.1324881439931853,1.6270298108317622e-06,3.798358209233998e-05,Compara
GO:0035255,ionotropic glutamate receptor binding,13,94194,17,262673,2.1324881439931853,0.0007696859781710266,0.007334970247434655,Compara
GO:0048787,presynaptic active zone membrane,13,94194,17,262673,2.1324881439931853,0.0007696859781710266,0.007334970247434655,Compara
GO:0036158,outer dynein arm assembly,13,94194,17,262673,2.1324881439931853,0.0007696859781710266,0.007334970247434655,Compara
GO:0042626,ATPase-coupled transmembrane transporter activity,13,94194,17,262673,2.1324881439931853,0.0007696859781710266,0.007334970247434655,Compara
GO:0007041,lysosomal transport,13,94194,17,262673,2.1324881439931853,0.0007696859781710266,0.007334970247434655,Compara
GO:0032728,positive regulation of interferon-beta production,26,94194,34,262673,2.1324881439931853,1.6270298108317622e-06,3.798358209233998e-05,Compara
GO:0032968,positive regulation of transcription elongation by RNA polymerase II,13,94194,17,262673,2.1324881439931853,0.0007696859781710266,0.007334970247434655,Compara
GO:0071577,zinc ion transmembrane transport,13,94194,17,262673,2.1324881439931853,0.0007696859781710266,0.007334970247434655,Compara
GO:0061157,mRNA destabilization,13,94194,17,262673,2.1324881439931853,0.0007696859781710266,0.007334970247434655,Compara
GO:0005802,trans-Golgi network,96,94194,126,262673,2.124676832110427,3.046623246433225e-20,4.627482197638021e-18,Compara
GO:0008023,transcription elongation factor complex,16,94194,21,262673,2.1246768321104263,0.00019590438064756,0.002531734868809801,Compara
GO:0022604,regulation of cell morphogenesis,16,94194,21,262673,2.1246768321104263,0.00019590438064756,0.002531734868809801,Compara
GO:0045454,cell redox homeostasis,16,94194,21,262673,2.1246768321104263,0.00019590438064756,0.002531734868809801,Compara
GO:0070498,interleukin-1-mediated signaling pathway,16,94194,21,262673,2.1246768321104263,0.00019590438064756,0.002531734868809801,Compara
GO:0010821,regulation of mitochondrion organization,16,94194,21,262673,2.1246768321104263,0.00019590438064756,0.002531734868809801,Compara
GO:0001965,G-protein alpha-subunit binding,16,94194,21,262673,2.1246768321104263,0.00019590438064756,0.002531734868809801,Compara
GO:0033617,mitochondrial cytochrome c oxidase assembly,19,94194,25,262673,2.1193651400301508,5.065944883239081e-05,0.000769460739487536,Compara
GO:0014704,intercalated disc,19,94194,25,262673,2.1193651400301508,5.065944883239081e-05,0.000769460739487536,Compara
GO:0000423,mitophagy,19,94194,25,262673,2.1193651400301508,5.065944883239081e-05,0.000769460739487536,Compara
GO:0015459,potassium channel regulator activity,19,94194,25,262673,2.1193651400301508,5.065944883239081e-05,0.000769460739487536,Compara
GO:0007179,transforming growth factor beta receptor signaling pathway,44,94194,58,262673,2.115518742316847,6.13972092289547e-10,2.9164859658062926e-08,Compara
GO:0021987,cerebral cortex development,22,94194,29,262673,2.115518742316847,1.3249458857170455e-05,0.00024007082815871594,Compara
GO:0030512,negative regulation of transforming growth factor beta receptor signaling pathway,31,94194,41,262673,2.1084826489388533,2.477151011517575e-07,7.291002127918833e-06,Compara
GO:0016485,protein processing,34,94194,45,262673,2.1069711918428395,6.641255212280874e-08,2.282328571974626e-06,Compara
GO:0008283,cell population proliferation,37,94194,49,262673,2.105706503252298,1.7869775023002912e-08,6.582390482275593e-07,Compara
GO:0032266,phosphatidylinositol-3-phosphate binding,24,94194,32,262673,2.0914787566087014,7.44138063683282e-06,0.00014695233703844972,Compara
GO:0045296,cadherin binding,18,94194,24,262673,2.0914787566087014,0.00010841868864104831,0.001460980423166284,Compara
GO:0030514,negative regulation of BMP signaling pathway,18,94194,24,262673,2.0914787566087014,0.00010841868864104831,0.001460980423166284,Compara
GO:0007099,centriole replication,15,94194,20,262673,2.0914787566087014,0.000420896498129461,0.004790277166037704,Compara
GO:0016236,macroautophagy,18,94194,24,262673,2.0914787566087014,0.00010841868864104831,0.001460980423166284,Compara
GO:0017080,sodium channel regulator activity,15,94194,20,262673,2.0914787566087014,0.000420896498129461,0.004790277166037704,Compara
GO:0001889,liver development,24,94194,32,262673,2.0914787566087014,7.44138063683282e-06,0.00014695233703844972,Compara
GO:0016251,RNA polymerase II general transcription initiation factor activity,18,94194,24,262673,2.0914787566087014,0.00010841868864104831,0.001460980423166284,Compara
GO:0003713,transcription coactivator activity,136,94194,182,262673,2.083817662262149,1.3905585528722564e-26,2.899668114574131e-24,Compara
GO:0001227,"DNA-binding transcription repressor activity, RNA polymerase II-specific",112,94194,150,262673,2.082183295468218,4.0504140047191425e-22,6.826334726035563e-20,Compara
GO:0042632,cholesterol homeostasis,38,94194,51,262673,2.077808960813873,2.146347835053376e-08,7.812579116763813e-07,Compara
GO:0000151,ubiquitin ligase complex,49,94194,66,262673,2.0703527085621487,2.427937999979728e-10,1.2498293394874726e-08,Compara
GO:0043123,positive regulation of canonical NF-kappaB signal transduction,95,94194,128,262673,2.069692519560694,1.0953337165588265e-18,1.45415789973212e-16,Compara
GO:0008013,beta-catenin binding,43,94194,58,262673,2.067438770900555,3.2864528429073386e-09,1.3752799090574485e-07,Compara
GO:0008094,"ATP-dependent activity, acting on DNA",20,94194,27,262673,2.0656580312184705,5.970111191534586e-05,0.0009023375674379609,Compara
GO:0007040,lysosome organization,20,94194,27,262673,2.0656580312184705,5.970111191534586e-05,0.0009023375674379609,Compara
GO:0051604,protein maturation,40,94194,54,262673,2.0656580312184705,1.2127702992612553e-08,4.6194157869384595e-07,Compara
GO:0030218,erythrocyte differentiation,14,94194,19,262673,2.0547861468436364,0.0008914968482529851,0.008482664906462859,Compara
GO:0050852,T cell receptor signaling pathway,28,94194,38,262673,2.0547861468436364,2.3135145475588887e-06,5.16572948795227e-05,Compara
GO:0050728,negative regulation of inflammatory response,39,94194,53,262673,2.0520168932764618,2.519750140065007e-08,9.09105160504979e-07,Compara
GO:0007173,epidermal growth factor receptor signaling pathway,33,94194,45,262673,2.0450014509062853,3.4530900541571964e-07,9.611621478799997e-06,Compara
GO:0009615,response to virus,44,94194,60,262673,2.0450014509062853,3.838516792085311e-09,1.5741757364341861e-07,Compara
GO:1990841,promoter-specific chromatin binding,22,94194,30,262673,2.0450014509062853,3.27780435247206e-05,0.0005494118112869721,Compara
GO:0007259,cell surface receptor signaling pathway via JAK-STAT,19,94194,26,262673,2.037851096182837,0.0001246250139334443,0.0016611717729395075,Compara
GO:0035925,mRNA 3'-UTR AU-rich region binding,19,94194,26,262673,2.037851096182837,0.0001246250139334443,0.0016611717729395075,Compara
GO:0007200,phospholipase C-activating G protein-coupled receptor signaling pathway,46,94194,63,262673,2.0361486307724923,2.1522357024209664e-09,9.356521500666131e-08,Compara
GO:0031982,vesicle,59,94194,81,262673,2.0312303973648294,1.3928850710629167e-11,8.611389461953299e-10,Compara
GO:0031145,anaphase-promoting complex-dependent catabolic process,16,94194,22,262673,2.0281006124690433,0.0004782679804345291,0.0053638386173983695,Compara
GO:0038187,pattern recognition receptor activity,16,94194,22,262673,2.0281006124690433,0.0004782679804345291,0.0053638386173983695,Compara
GO:0031464,Cul4A-RING E3 ubiquitin ligase complex,16,94194,22,262673,2.0281006124690433,0.0004782679804345291,0.0053638386173983695,Compara
GO:0030509,BMP signaling pathway,29,94194,40,262673,2.021762798055078,2.6406327680904987e-06,5.864206668920109e-05,Compara
GO:0031252,cell leading edge,21,94194,29,262673,2.0193587994842632,6.771374895375782e-05,0.0010184379625648929,Compara
GO:0007346,regulation of mitotic cell cycle,21,94194,29,262673,2.0193587994842632,6.771374895375782e-05,0.0010184379625648929,Compara
GO:0043484,regulation of RNA splicing,21,94194,29,262673,2.0193587994842632,6.771374895375782e-05,0.0010184379625648929,Compara
GO:0032588,trans-Golgi network membrane,21,94194,29,262673,2.0193587994842632,6.771374895375782e-05,0.0010184379625648929,Compara
GO:0003682,chromatin binding,126,94194,174,262673,2.0193587994842632,1.1205927663795192e-22,1.9695218292524607e-20,Compara
GO:0008104,intracellular protein localization,39,94194,54,262673,2.0140165804380086,5.917897726560626e-08,2.039436855178582e-06,Compara
GO:0030544,Hsp70 protein binding,31,94194,43,262673,2.0104136885230925,1.4534650104499594e-06,3.634548785277612e-05,Compara
GO:0000387,spliceosomal snRNP assembly,18,94194,25,262673,2.0078196063443534,0.00025694244814358303,0.003143452373529024,Compara
GO:0005246,calcium channel regulator activity,23,94194,32,262673,2.004333808416672,3.679269879041899e-05,0.0005781105660517559,Compara
GO:0032731,positive regulation of interleukin-1 beta production,23,94194,32,262673,2.004333808416672,3.679269879041899e-05,0.0005781105660517559,Compara
GO:0030145,manganese ion binding,38,94194,53,262673,1.9994010755001421,1.1997866448024917e-07,3.8209693451923625e-06,Compara
GO:0000209,protein polyubiquitination,60,94194,84,262673,1.9918845301035248,3.6135958068399594e-11,2.0582439449792603e-09,Compara
GO:0045814,"negative regulation of gene expression, epigenetic",20,94194,28,262673,1.9918845301035248,0.0001382686651884963,0.0018350802457541208,Compara
GO:0000792,heterochromatin,25,94194,35,262673,1.9918845301035248,1.9998941451233575e-05,0.00034999569939477476,Compara
GO:0008625,extrinsic apoptotic signaling pathway via death domain receptors,15,94194,21,262673,1.9918845301035248,0.0009833767918266754,0.009342459204512423,Compara
GO:0043488,regulation of mRNA stability,15,94194,21,262673,1.9918845301035248,0.0009833767918266754,0.009342459204512423,Compara
GO:0036464,cytoplasmic ribonucleoprotein granule,52,94194,73,262673,1.9864273122128302,8.489694132847464e-10,3.98659186703902e-08,Compara
GO:0043491,phosphatidylinositol 3-kinase/protein kinase B signal transduction,22,94194,31,262673,1.9790336621673734,7.453307713084049e-05,0.001115547990195536,Compara
GO:0009897,external side of plasma membrane,66,94194,93,262673,1.979033662167373,6.198790964450628e-12,4.0565811295551104e-10,Compara
GO:0010506,regulation of autophagy,34,94194,48,262673,1.9752854923526624,8.821466298878915e-07,2.2423656998989113e-05,Compara
GO:0042910,xenobiotic transmembrane transporter activity,17,94194,24,262673,1.9752854923526624,0.0005226346533864339,0.005840121835252767,Compara
GO:0003730,mRNA 3'-UTR binding,34,94194,48,262673,1.9752854923526624,8.821466298878915e-07,2.2423656998989113e-05,Compara
GO:0030968,endoplasmic reticulum unfolded protein response,17,94194,24,262673,1.9752854923526624,0.0005226346533864339,0.005840121835252767,Compara
GO:0042593,glucose homeostasis,17,94194,24,262673,1.9752854923526624,0.0005226346533864339,0.005840121835252767,Compara
GO:0000977,RNA polymerase II transcription regulatory region sequence-specific DNA binding,101,94194,143,262673,1.9695977101862827,3.0364154158677447e-17,3.5242470623981945e-15,Compara
GO:0001618,virus receptor activity,19,94194,27,262673,1.962375129657547,0.00027881928123751513,0.0031999194189040563,Compara
GO:0030155,regulation of cell adhesion,19,94194,27,262673,1.962375129657547,0.00027881928123751513,0.0031999194189040563,Compara
GO:0043022,ribosome binding,33,94194,47,262673,1.9579801125698477,1.7566187493032579e-06,4.0699963225382266e-05,Compara
GO:0001664,G protein-coupled receptor binding,33,94194,47,262673,1.9579801125698477,1.7566187493032579e-06,4.0699963225382266e-05,Compara
GO:0022627,cytosolic small ribosomal subunit,28,94194,40,262673,1.9520468395014545,1.1784428310634087e-05,0.0002276041153936125,Compara
GO:0008047,enzyme activator activity,28,94194,40,262673,1.9520468395014545,1.1784428310634087e-05,0.0002276041153936125,Compara
GO:0098685,Schaffer collateral - CA1 synapse,21,94194,30,262673,1.9520468395014543,0.00014923039495931314,0.0019784283935177045,Compara
GO:0034451,centriolar satellite,101,94194,145,262673,1.942430845218196,1.398931366586463e-16,1.5097414564134434e-14,Compara
GO:0005829,cytosol,2466,94194,3544,262673,1.9404012843480276,0.0,0.0,Compara
GO:0015804,neutral amino acid transport,16,94194,23,262673,1.9399223249703894,0.001047493813772745,0.009798332680266916,Compara
GO:0007420,brain development,34,94194,49,262673,1.9349735435291386,1.885446931017135e-06,4.352092606435987e-05,Compara
GO:2000042,negative regulation of double-strand break repair via homologous recombination,18,94194,26,262673,1.930595775331109,0.000554656675130659,0.006181106045409872,Compara
GO:0007265,Ras protein signal transduction,18,94194,26,262673,1.930595775331109,0.000554656675130659,0.006181106045409872,Compara
GO:0009986,cell surface,276,94194,399,262673,1.9289829133634135,1.2114808611658115e-41,5.139603115490682e-39,Compara
GO:0019005,SCF ubiquitin ligase complex,29,94194,42,262673,1.925488379100074,1.2551630891424029e-05,0.00022872020618537286,Compara
GO:0000976,transcription cis-regulatory region binding,118,94194,171,262673,1.9243235343456275,1.3348624330068654e-18,1.747107714179092e-16,Compara
GO:0007565,female pregnancy,40,94194,58,262673,1.9231988566516791,3.044644022200673e-07,8.813707154149382e-06,Compara
GO:0045271,respiratory chain complex I,42,94194,61,262673,1.9200460716407748,1.6607892077564127e-07,5.172832815956239e-06,Compara
GO:0009411,response to UV,22,94194,32,262673,1.9171888602246427,0.00015756190947748385,0.002078896494182194,Compara
GO:0060070,canonical Wnt signaling pathway,35,94194,51,262673,1.9137714112759359,1.9971450970324595e-06,4.543281370553214e-05,Compara
GO:0006874,intracellular calcium ion homeostasis,37,94194,54,262673,1.910733678877085,1.085034991256269e-06,2.72432357090324e-05,Compara
GO:0015631,tubulin binding,26,94194,38,262673,1.9080157077833766,4.5345287811240085e-05,0.000698226628212374,Compara
GO:0006898,receptor-mediated endocytosis,26,94194,38,262673,1.9080157077833766,4.5345287811240085e-05,0.000698226628212374,Compara
GO:0036503,ERAD pathway,47,94194,69,262673,1.8995072765335064,5.211993279296266e-08,1.8062860088783654e-06,Compara
GO:0008284,positive regulation of cell population proliferation,230,94194,338,262673,1.8975941381459616,2.833540575567263e-33,7.922965841182736e-31,Compara
GO:0070273,phosphatidylinositol-4-phosphate binding,19,94194,28,262673,1.8922903035983487,0.0005755372484694516,0.006396418037867808,Compara
GO:0006890,"retrograde vesicle-mediated transport, Golgi to endoplasmic reticulum",19,94194,28,262673,1.8922903035983487,0.0005755372484694516,0.006396418037867808,Compara
GO:0030141,secretory granule,38,94194,56,262673,1.8922903035983487,1.1353165653717376e-06,2.8447657237817694e-05,Compara
GO:0004175,endopeptidase activity,42,94194,62,262673,1.8890775866143108,3.3580651042536463e-07,9.389607949461956e-06,Compara
GO:0003725,double-stranded RNA binding,46,94194,68,262673,1.8864318196862795,9.971179510455311e-08,3.2453815216172406e-06,Compara
GO:0003714,transcription corepressor activity,73,94194,108,262673,1.8849129534868543,2.0914670794281155e-11,1.2370826672213514e-09,Compara
GO:0006979,response to oxidative stress,76,94194,113,262673,1.8755443717080977,1.1955605469327624e-11,7.466488024829327e-10,Compara
GO:0007507,heart development,43,94194,64,262673,1.8736163861286281,3.4795263902360806e-07,9.663343832748193e-06,Compara
GO:0019905,syntaxin binding,22,94194,33,262673,1.8590922280966233,0.0003124948267005688,0.0035763942817647423,Compara
GO:0035198,miRNA binding,20,94194,30,262673,1.8590922280966231,0.0005867113138507364,0.006497128077682816,Compara
GO:0045666,positive regulation of neuron differentiation,20,94194,30,262673,1.8590922280966231,0.0005867113138507364,0.006497128077682816,Compara
GO:0060271,cilium assembly,88,94194,134,262673,1.8313445829011512,2.3135404808597007e-12,1.5990723896638706e-10,Compara
GO:0043066,negative regulation of apoptotic process,236,94194,361,262673,1.8230433483274369,4.702320596668613e-30,1.1570530060162787e-27,Compara
GO:0007005,mitochondrion organization,37,94194,57,262673,1.81016874840987,7.785426124923768e-06,0.00015325455618389939,Compara
GO:0036126,sperm flagellum,35,94194,54,262673,1.8074507773161614,1.4334243686738943e-05,0.0002578277778917386,Compara
GO:0005669,transcription factor TFIID complex,22,94194,34,262673,1.8044130449173108,0.0005857906172089132,0.006497128077682816,Compara
GO:0006302,double-strand break repair,38,94194,59,262673,1.7960721525679242,7.750628870800971e-06,0.0001528140817267057,Compara
GO:0042391,regulation of membrane potential,25,94194,39,262673,1.7875886808621377,0.000309938102346822,0.003550436194760662,Compara
GO:0005543,phospholipid binding,41,94194,64,262673,1.786471437936599,4.187487010035923e-06,9.102235456620487e-05,Compara
GO:0071230,cellular response to amino acid stimulus,23,94194,36,262673,1.7816300519259305,0.0005764056410426068,0.006400287546703241,Compara
GO:0003690,double-stranded DNA binding,54,94194,85,262673,1.7716055350097233,1.9931122270702284e-07,6.1472590953846884e-06,Compara
GO:0000381,"regulation of alternative mRNA splicing, via spliceosome",33,94194,52,262673,1.7697127940535164,4.742502018670946e-05,0.0007293375291963581,Compara
GO:0006367,transcription initiation at RNA polymerase II promoter,26,94194,41,262673,1.7684048023358123,0.0003037400275452253,0.0034826780604742843,Compara
GO:0042110,T cell activation,24,94194,38,262673,1.7612452687231168,0.0005626529757266297,0.006264542588565362,Compara
GO:0042645,mitochondrial nucleoid,37,94194,59,262673,1.7488070959213997,2.46955291599278e-05,0.0004267262573800445,Compara
GO:0045893,positive regulation of DNA-templated transcription,298,94194,485,262673,1.71343139373029,2.1944391431976308e-30,5.50983362831846e-28,Compara
GO:0008021,synaptic vesicle,53,94194,87,262673,1.6988256567089832,1.7402793127389873e-06,4.047383059475947e-05,Compara
GO:0007623,circadian rhythm,28,94194,46,262673,1.6974320343490907,0.00048186748675807474,0.005399285691789248,Compara
GO:0016328,lateral plasma membrane,31,94194,51,262673,1.695054678558686,0.0002526528559565219,0.003143452373529024,Compara
GO:0006606,protein import into nucleus,34,94194,56,262673,1.6931018505879962,0.00013298295256101067,0.001768745151738502,Compara
GO:0003684,damaged DNA binding,28,94194,47,262673,1.661316459150174,0.0007856696961639998,0.007481497114478089,Compara
GO:0043130,ubiquitin binding,41,94194,69,262673,1.6570169859122077,5.7152611459612954e-05,0.000865946525600515,Compara
GO:0031965,nuclear membrane,157,94194,265,262673,1.652136678176433,8.47093580648647e-15,7.663082590235517e-13,Compara
GO:0045892,negative regulation of DNA-templated transcription,250,94194,422,262673,1.6520369325503168,1.3616149326917036e-22,2.359429368578314e-20,Compara
GO:0005793,endoplasmic reticulum-Golgi intermediate compartment,41,94194,70,262673,1.6333453146848904,9.026483899372882e-05,0.0013315687219902228,Compara
GO:0046982,protein heterodimerization activity,145,94194,248,262673,1.6304538693992565,3.716932391944218e-13,2.7219892391720064e-11,Compara
GO:0017148,negative regulation of translation,38,94194,65,262673,1.6302808769462698,0.00017023758476727513,0.0022400352998842633,Compara
GO:0003729,mRNA binding,52,94194,89,262673,1.6293167841745688,1.2077992798383781e-05,0.00022872020618537286,Compara
GO:0030036,actin cytoskeleton organization,63,94194,108,262673,1.6267056995845455,1.6474092636463178e-06,3.8386507898940625e-05,Compara
GO:0005770,late endosome,88,94194,151,262673,1.6251667159520151,1.7180969350593505e-08,6.347671649259817e-07,Compara
GO:0031267,small GTPase binding,115,94194,199,262673,1.6115246700837562,2.5284152418303243e-10,1.2961288633432699e-08,Compara
GO:0005102,signaling receptor binding,122,94194,213,262673,1.5972482523083664,1.6201141762092822e-10,8.634264878131816e-09,Compara
GO:0005783,endoplasmic reticulum,590,94194,1033,262673,1.5927363231999145,4.4014169906985595e-44,2.166025329462575e-41,Compara
GO:0016607,nuclear speck,288,94194,508,262673,1.5809603199561837,9.72167376360609e-22,1.6162939501844015e-19,Compara
GO:0003697,single-stranded DNA binding,47,94194,84,262673,1.5603095485810945,0.0001358473236311191,0.001804891601116262,Compara
GO:0030496,midbody,123,94194,220,262673,1.5591023458355773,1.0907906340146279e-09,5.0262161686449316e-08,Compara
GO:0006511,ubiquitin-dependent protein catabolic process,87,94194,156,262673,1.5552021523500599,3.162229649602773e-07,8.93695593869458e-06,Compara
GO:0008360,regulation of cell shape,47,94194,85,262673,1.541952965656611,0.00019864153501851866,0.002564414276319869,Compara
GO:0005901,caveola,42,94194,76,262673,1.5410896101327274,0.0004307466472259335,0.004897852126451626,Compara
GO:0031012,extracellular matrix,52,94194,95,262673,1.526412566226701,0.00013276923787969595,0.0017678137809890684,Compara
GO:0055037,recycling endosome,63,94194,121,262673,1.4519356657448834,0.0001933440995018633,0.0025144951967985456,Compara
GO:0005794,Golgi apparatus,571,94194,1103,262673,1.443619667601775,2.4964816431069197e-27,5.48468100984722e-25,Compara
GO:0051726,regulation of cell cycle,92,94194,178,262673,1.4413186936928877,1.1382874655242827e-05,0.00022054095572197243,Compara
GO:0004842,ubiquitin-protein transferase activity,110,94194,213,262673,1.4401418668354122,1.7916887094298192e-06,4.1434485323524556e-05,Compara
GO:0045121,membrane raft,91,94194,177,262673,1.4337067182779044,1.6586633607392715e-05,0.0002915219332453608,Compara
GO:0048471,perinuclear region of cytoplasm,320,94194,627,262673,1.4232284999782763,5.623325466686507e-15,5.201787459898053e-13,Compara
GO:0000287,magnesium ion binding,107,94194,210,262673,1.4208776314738478,5.4357855356845604e-06,0.00011109048080652351,Compara
GO:0005813,centrosome,426,94194,838,262673,1.4176132861023178,5.372430978531551e-19,7.426631272907153e-17,Compara
GO:0005768,endosome,138,94194,272,262673,1.4148238647647096,3.6766353871103865e-07,1.018775792063493e-05,Compara
GO:0005615,extracellular space,485,94194,959,262673,1.4103124045258533,8.00766944210117e-21,1.2794591837165025e-18,Compara
GO:0005739,mitochondrion,886,94194,1760,262673,1.4038258926934162,9.97987616709208e-36,3.2311162232561545e-33,Compara
GO:0005635,nuclear envelope,104,94194,211,262673,1.3744947278818636,4.3691226118903575e-05,0.0006744456147313308,Compara
GO:0000398,"mRNA splicing, via spliceosome",76,94194,155,262673,1.3673323484065487,0.000523126267618685,0.0058403107717900915,Compara
GO:0005929,cilium,217,94194,450,262673,1.3447433783232243,5.043762746290991e-08,1.767903506199945e-06,Compara
GO:0005925,focal adhesion,117,94194,243,262673,1.3426777202920057,5.652990324102163e-05,0.0008575676936797647,Compara
GO:0005769,early endosome,127,94194,273,262673,1.2972786426828087,0.00018862369128632434,0.002455700818937194,Compara
