go_term,go_term_label,method_count,method_total,term_total,total_annotations,fold_enrichment,p_value,p_adjusted,method_name
GO:0060008,Sertoli cell differentiation,7,85271,7,293897,3.4466231192316266,0.00017304836336255999,0.0012674821908386898,Compara
GO:0050673,epithelial cell proliferation,14,85271,14,293897,3.4466231192316266,2.9933522083709555e-08,5.247272564978867e-07,Compara
GO:0010763,positive regulation of fibroblast migration,9,85271,9,293897,3.4466231192316266,1.4565509086473874e-05,0.00014419853995609134,Compara
GO:0050872,white fat cell differentiation,15,85271,15,293897,3.4466231192316266,8.683871786555978e-09,1.683528145072602e-07,Compara
GO:0010807,regulation of synaptic vesicle priming,9,85271,9,293897,3.4466231192316266,1.4565509086473874e-05,0.00014419853995609134,Compara
GO:0050810,regulation of steroid biosynthetic process,7,85271,7,293897,3.4466231192316266,0.00017304836336255999,0.0012674821908386898,Compara
GO:0010812,negative regulation of cell-substrate adhesion,7,85271,7,293897,3.4466231192316266,0.00017304836336255999,0.0012674821908386898,Compara
GO:0050806,positive regulation of synaptic transmission,18,85271,18,293897,3.4466231192316266,2.1201102804968003e-10,5.258047632000073e-09,Compara
GO:0010842,retina layer formation,18,85271,18,293897,3.4466231192316266,2.1201102804968003e-10,5.258047632000073e-09,Compara
GO:0010954,positive regulation of protein processing,7,85271,7,293897,3.4466231192316266,0.00017304836336255999,0.0012674821908386898,Compara
GO:0010761,fibroblast migration,13,85271,13,293897,3.4466231192316266,1.0318073616960871e-07,1.6333118367713421e-06,Compara
GO:0048935,peripheral nervous system neuron development,7,85271,7,293897,3.4466231192316266,0.00017304836336255999,0.0012674821908386898,Compara
GO:0048873,homeostasis of number of cells within a tissue,37,85271,37,293897,3.4466231192316266,1.3002331001272345e-20,9.237773754903964e-19,Compara
GO:0048854,brain morphogenesis,15,85271,15,293897,3.4466231192316266,8.683871786555978e-09,1.683528145072602e-07,Compara
GO:0014004,microglia differentiation,11,85271,11,293897,3.4466231192316266,1.2259404567269677e-06,1.558621982773507e-05,Compara
GO:0014031,mesenchymal cell development,7,85271,7,293897,3.4466231192316266,0.00017304836336255999,0.0012674821908386898,Compara
GO:0048821,erythrocyte development,15,85271,15,293897,3.4466231192316266,8.683871786555978e-09,1.683528145072602e-07,Compara
GO:0014047,glutamate secretion,9,85271,9,293897,3.4466231192316266,1.4565509086473874e-05,0.00014419853995609134,Compara
GO:0050884,neuromuscular process controlling posture,14,85271,14,293897,3.4466231192316266,2.9933522083709555e-08,5.247272564978867e-07,Compara
GO:0050905,neuromuscular process,36,85271,36,293897,3.4466231192316266,4.482757071825583e-20,3.007929995194966e-18,Compara
GO:0051593,response to folic acid,7,85271,7,293897,3.4466231192316266,0.00017304836336255999,0.0012674821908386898,Compara
GO:0010575,positive regulation of vascular endothelial growth factor production,9,85271,9,293897,3.4466231192316266,1.4565509086473874e-05,0.00014419853995609134,Compara
GO:0009954,proximal/distal pattern formation,22,85271,22,293897,3.4466231192316266,1.5014166292914633e-12,4.861691702032786e-11,Compara
GO:0051450,myoblast proliferation,7,85271,7,293897,3.4466231192316266,0.00017304836336255999,0.0012674821908386898,Compara
GO:0010269,response to selenium ion,9,85271,9,293897,3.4466231192316266,1.4565509086473874e-05,0.00014419853995609134,Compara
GO:0051057,positive regulation of small GTPase mediated signal transduction,7,85271,7,293897,3.4466231192316266,0.00017304836336255999,0.0012674821908386898,Compara
GO:0010459,negative regulation of heart rate,7,85271,7,293897,3.4466231192316266,0.00017304836336255999,0.0012674821908386898,Compara
GO:0010460,positive regulation of heart rate,11,85271,11,293897,3.4466231192316266,1.2259404567269677e-06,1.558621982773507e-05,Compara
GO:0051026,chiasma assembly,7,85271,7,293897,3.4466231192316266,0.00017304836336255999,0.0012674821908386898,Compara
GO:0010592,positive regulation of lamellipodium assembly,9,85271,9,293897,3.4466231192316266,1.4565509086473874e-05,0.00014419853995609134,Compara
GO:0050908,detection of light stimulus involved in visual perception,15,85271,15,293897,3.4466231192316266,8.683871786555978e-09,1.683528145072602e-07,Compara
GO:0050966,detection of mechanical stimulus involved in sensory perception of pain,14,85271,14,293897,3.4466231192316266,2.9933522083709555e-08,5.247272564978867e-07,Compara
GO:0010614,negative regulation of cardiac muscle hypertrophy,14,85271,14,293897,3.4466231192316266,2.9933522083709555e-08,5.247272564978867e-07,Compara
GO:0050917,sensory perception of umami taste,7,85271,7,293897,3.4466231192316266,0.00017304836336255999,0.0012674821908386898,Compara
GO:0050916,sensory perception of sweet taste,9,85271,9,293897,3.4466231192316266,1.4565509086473874e-05,0.00014419853995609134,Compara
GO:0010666,positive regulation of cardiac muscle cell apoptotic process,9,85271,9,293897,3.4466231192316266,1.4565509086473874e-05,0.00014419853995609134,Compara
GO:0050910,detection of mechanical stimulus involved in sensory perception of sound,13,85271,13,293897,3.4466231192316266,1.0318073616960871e-07,1.6333118367713421e-06,Compara
GO:0010669,epithelial structure maintenance,7,85271,7,293897,3.4466231192316266,0.00017304836336255999,0.0012674821908386898,Compara
GO:0048787,presynaptic active zone membrane,28,85271,28,293897,3.4466231192316266,8.94554650851842e-16,4.077143801127754e-14,Compara
GO:0048745,smooth muscle tissue development,13,85271,13,293897,3.4466231192316266,1.0318073616960871e-07,1.6333118367713421e-06,Compara
GO:0048715,negative regulation of oligodendrocyte differentiation,13,85271,13,293897,3.4466231192316266,1.0318073616960871e-07,1.6333118367713421e-06,Compara
GO:0048265,response to pain,18,85271,18,293897,3.4466231192316266,2.1201102804968003e-10,5.258047632000073e-09,Compara
GO:0048485,sympathetic nervous system development,14,85271,14,293897,3.4466231192316266,2.9933522083709555e-08,5.247272564978867e-07,Compara
GO:0048469,cell maturation,37,85271,37,293897,3.4466231192316266,1.3002331001272345e-20,9.237773754903964e-19,Compara
GO:0048339,paraxial mesoderm development,11,85271,11,293897,3.4466231192316266,1.2259404567269677e-06,1.558621982773507e-05,Compara
GO:0048318,axial mesoderm development,7,85271,7,293897,3.4466231192316266,0.00017304836336255999,0.0012674821908386898,Compara
GO:0019227,neuronal action potential propagation,11,85271,11,293897,3.4466231192316266,1.2259404567269677e-06,1.558621982773507e-05,Compara
GO:0019228,neuronal action potential,22,85271,22,293897,3.4466231192316266,1.5014166292914633e-12,4.861691702032786e-11,Compara
GO:0048286,lung alveolus development,44,85271,44,293897,3.4466231192316266,2.2451844253348135e-24,2.222732581081465e-22,Compara
GO:0019430,removal of superoxide radicals,9,85271,9,293897,3.4466231192316266,1.4565509086473874e-05,0.00014419853995609134,Compara
GO:0014824,artery smooth muscle contraction,7,85271,7,293897,3.4466231192316266,0.00017304836336255999,0.0012674821908386898,Compara
GO:0048246,macrophage chemotaxis,7,85271,7,293897,3.4466231192316266,0.00017304836336255999,0.0012674821908386898,Compara
GO:0048169,regulation of long-term neuronal synaptic plasticity,15,85271,15,293897,3.4466231192316266,8.683871786555978e-09,1.683528145072602e-07,Compara
GO:0048149,behavioral response to ethanol,11,85271,11,293897,3.4466231192316266,1.2259404567269677e-06,1.558621982773507e-05,Compara
GO:0048147,negative regulation of fibroblast proliferation,14,85271,14,293897,3.4466231192316266,2.9933522083709555e-08,5.247272564978867e-07,Compara
GO:0048103,somatic stem cell division,9,85271,9,293897,3.4466231192316266,1.4565509086473874e-05,0.00014419853995609134,Compara
GO:0021510,spinal cord development,29,85271,29,293897,3.4466231192316266,2.594847435449805e-16,1.2387576017929937e-14,Compara
GO:0021517,ventral spinal cord development,7,85271,7,293897,3.4466231192316266,0.00017304836336255999,0.0012674821908386898,Compara
GO:0048488,synaptic vesicle endocytosis,28,85271,28,293897,3.4466231192316266,8.94554650851842e-16,4.077143801127754e-14,Compara
GO:0016601,Rac protein signal transduction,9,85271,9,293897,3.4466231192316266,1.4565509086473874e-05,0.00014419853995609134,Compara
GO:0048541,Peyer's patch development,7,85271,7,293897,3.4466231192316266,0.00017304836336255999,0.0012674821908386898,Compara
GO:0048557,embryonic digestive tract morphogenesis,14,85271,14,293897,3.4466231192316266,2.9933522083709555e-08,5.247272564978867e-07,Compara
GO:0014883,transition between fast and slow fiber,7,85271,7,293897,3.4466231192316266,0.00017304836336255999,0.0012674821908386898,Compara
GO:0048708,astrocyte differentiation,13,85271,13,293897,3.4466231192316266,1.0318073616960871e-07,1.6333118367713421e-06,Compara
GO:0048704,embryonic skeletal system morphogenesis,45,85271,45,293897,3.4466231192316266,6.511770613742511e-25,6.780100471791555e-23,Compara
GO:0015175,neutral L-amino acid transmembrane transporter activity,7,85271,7,293897,3.4466231192316266,0.00017304836336255999,0.0012674821908386898,Compara
GO:0048701,embryonic cranial skeleton morphogenesis,26,85271,26,293897,3.4466231192316266,1.0631293947892038e-14,4.308884842370471e-13,Compara
GO:0048668,collateral sprouting,9,85271,9,293897,3.4466231192316266,1.4565509086473874e-05,0.00014419853995609134,Compara
GO:0016082,synaptic vesicle priming,7,85271,7,293897,3.4466231192316266,0.00017304836336255999,0.0012674821908386898,Compara
GO:0048644,muscle organ morphogenesis,9,85271,9,293897,3.4466231192316266,1.4565509086473874e-05,0.00014419853995609134,Compara
GO:0016322,neuron remodeling,9,85271,9,293897,3.4466231192316266,1.4565509086473874e-05,0.00014419853995609134,Compara
GO:0048617,embryonic foregut morphogenesis,9,85271,9,293897,3.4466231192316266,1.4565509086473874e-05,0.00014419853995609134,Compara
GO:0048599,oocyte development,14,85271,14,293897,3.4466231192316266,2.9933522083709555e-08,5.247272564978867e-07,Compara
GO:0048596,embryonic camera-type eye morphogenesis,14,85271,14,293897,3.4466231192316266,2.9933522083709555e-08,5.247272564978867e-07,Compara
GO:0016331,morphogenesis of embryonic epithelium,11,85271,11,293897,3.4466231192316266,1.2259404567269677e-06,1.558621982773507e-05,Compara
GO:0048593,camera-type eye morphogenesis,18,85271,18,293897,3.4466231192316266,2.1201102804968003e-10,5.258047632000073e-09,Compara
GO:0048565,digestive tract development,29,85271,29,293897,3.4466231192316266,2.594847435449805e-16,1.2387576017929937e-14,Compara
GO:0051491,positive regulation of filopodium assembly,11,85271,11,293897,3.4466231192316266,1.2259404567269677e-06,1.558621982773507e-05,Compara
GO:0009950,dorsal/ventral axis specification,7,85271,7,293897,3.4466231192316266,0.00017304836336255999,0.0012674821908386898,Compara
GO:0007143,female meiotic nuclear division,11,85271,11,293897,3.4466231192316266,1.2259404567269677e-06,1.558621982773507e-05,Compara
GO:0060385,axonogenesis involved in innervation,9,85271,9,293897,3.4466231192316266,1.4565509086473874e-05,0.00014419853995609134,Compara
GO:0060463,lung lobe morphogenesis,7,85271,7,293897,3.4466231192316266,0.00017304836336255999,0.0012674821908386898,Compara
GO:0060445,branching involved in salivary gland morphogenesis,11,85271,11,293897,3.4466231192316266,1.2259404567269677e-06,1.558621982773507e-05,Compara
GO:0007422,peripheral nervous system development,15,85271,15,293897,3.4466231192316266,8.683871786555978e-09,1.683528145072602e-07,Compara
GO:0060444,branching involved in mammary gland duct morphogenesis,11,85271,11,293897,3.4466231192316266,1.2259404567269677e-06,1.558621982773507e-05,Compara
GO:0007494,midgut development,7,85271,7,293897,3.4466231192316266,0.00017304836336255999,0.0012674821908386898,Compara
GO:0060440,trachea formation,7,85271,7,293897,3.4466231192316266,0.00017304836336255999,0.0012674821908386898,Compara
GO:0060413,atrial septum morphogenesis,9,85271,9,293897,3.4466231192316266,1.4565509086473874e-05,0.00014419853995609134,Compara
GO:0060351,cartilage development involved in endochondral bone morphogenesis,7,85271,7,293897,3.4466231192316266,0.00017304836336255999,0.0012674821908386898,Compara
GO:0060484,lung-associated mesenchyme development,7,85271,7,293897,3.4466231192316266,0.00017304836336255999,0.0012674821908386898,Compara
GO:0060317,cardiac epithelial to mesenchymal transition,7,85271,7,293897,3.4466231192316266,0.00017304836336255999,0.0012674821908386898,Compara
GO:0060296,regulation of cilium beat frequency involved in ciliary motility,7,85271,7,293897,3.4466231192316266,0.00017304836336255999,0.0012674821908386898,Compara
GO:0060292,long-term synaptic depression,13,85271,13,293897,3.4466231192316266,1.0318073616960871e-07,1.6333118367713421e-06,Compara
GO:0007614,short-term memory,9,85271,9,293897,3.4466231192316266,1.4565509086473874e-05,0.00014419853995609134,Compara
GO:0060259,regulation of feeding behavior,9,85271,9,293897,3.4466231192316266,1.4565509086473874e-05,0.00014419853995609134,Compara
GO:0060253,negative regulation of glial cell proliferation,7,85271,7,293897,3.4466231192316266,0.00017304836336255999,0.0012674821908386898,Compara
GO:0007625,grooming behavior,15,85271,15,293897,3.4466231192316266,8.683871786555978e-09,1.683528145072602e-07,Compara
GO:0007413,axonal fasciculation,15,85271,15,293897,3.4466231192316266,8.683871786555978e-09,1.683528145072602e-07,Compara
GO:0060509,type I pneumocyte differentiation,7,85271,7,293897,3.4466231192316266,0.00017304836336255999,0.0012674821908386898,Compara
GO:0009948,anterior/posterior axis specification,15,85271,15,293897,3.4466231192316266,8.683871786555978e-09,1.683528145072602e-07,Compara
GO:0007215,glutamate receptor signaling pathway,7,85271,7,293897,3.4466231192316266,0.00017304836336255999,0.0012674821908386898,Compara
GO:0060999,positive regulation of dendritic spine development,15,85271,15,293897,3.4466231192316266,8.683871786555978e-09,1.683528145072602e-07,Compara
GO:0060997,dendritic spine morphogenesis,13,85271,13,293897,3.4466231192316266,1.0318073616960871e-07,1.6333118367713421e-06,Compara
GO:0060996,dendritic spine development,14,85271,14,293897,3.4466231192316266,2.9933522083709555e-08,5.247272564978867e-07,Compara
GO:0060982,coronary artery morphogenesis,7,85271,7,293897,3.4466231192316266,0.00017304836336255999,0.0012674821908386898,Compara
GO:0060976,coronary vasculature development,26,85271,26,293897,3.4466231192316266,1.0631293947892038e-14,4.308884842370471e-13,Compara
GO:0060972,left/right pattern formation,9,85271,9,293897,3.4466231192316266,1.4565509086473874e-05,0.00014419853995609134,Compara
GO:0007212,G protein-coupled dopamine receptor signaling pathway,7,85271,7,293897,3.4466231192316266,0.00017304836336255999,0.0012674821908386898,Compara
GO:0060856,establishment of blood-brain barrier,7,85271,7,293897,3.4466231192316266,0.00017304836336255999,0.0012674821908386898,Compara
GO:0007405,neuroblast proliferation,18,85271,18,293897,3.4466231192316266,2.1201102804968003e-10,5.258047632000073e-09,Compara
GO:0060840,artery development,15,85271,15,293897,3.4466231192316266,8.683871786555978e-09,1.683528145072602e-07,Compara
GO:0060707,trophoblast giant cell differentiation,13,85271,13,293897,3.4466231192316266,1.0318073616960871e-07,1.6333118367713421e-06,Compara
GO:0060612,adipose tissue development,45,85271,45,293897,3.4466231192316266,6.511770613742511e-25,6.780100471791555e-23,Compara
GO:0060603,mammary gland duct morphogenesis,7,85271,7,293897,3.4466231192316266,0.00017304836336255999,0.0012674821908386898,Compara
GO:0060563,neuroepithelial cell differentiation,7,85271,7,293897,3.4466231192316266,0.00017304836336255999,0.0012674821908386898,Compara
GO:0060541,respiratory system development,7,85271,7,293897,3.4466231192316266,0.00017304836336255999,0.0012674821908386898,Compara
GO:0060510,type II pneumocyte differentiation,7,85271,7,293897,3.4466231192316266,0.00017304836336255999,0.0012674821908386898,Compara
GO:0060221,retinal rod cell differentiation,7,85271,7,293897,3.4466231192316266,0.00017304836336255999,0.0012674821908386898,Compara
GO:0060218,hematopoietic stem cell differentiation,11,85271,11,293897,3.4466231192316266,1.2259404567269677e-06,1.558621982773507e-05,Compara
GO:0060216,definitive hemopoiesis,14,85271,14,293897,3.4466231192316266,2.9933522083709555e-08,5.247272564978867e-07,Compara
GO:0055093,response to hyperoxia,15,85271,15,293897,3.4466231192316266,8.683871786555978e-09,1.683528145072602e-07,Compara
GO:0060039,pericardium development,7,85271,7,293897,3.4466231192316266,0.00017304836336255999,0.0012674821908386898,Compara
GO:0060038,cardiac muscle cell proliferation,14,85271,14,293897,3.4466231192316266,2.9933522083709555e-08,5.247272564978867e-07,Compara
GO:0060037,pharyngeal system development,18,85271,18,293897,3.4466231192316266,2.1201102804968003e-10,5.258047632000073e-09,Compara
GO:0060022,hard palate development,9,85271,9,293897,3.4466231192316266,1.4565509086473874e-05,0.00014419853995609134,Compara
GO:0060009,Sertoli cell development,14,85271,14,293897,3.4466231192316266,2.9933522083709555e-08,5.247272564978867e-07,Compara
GO:0033327,Leydig cell differentiation,9,85271,9,293897,3.4466231192316266,1.4565509086473874e-05,0.00014419853995609134,Compara
GO:0055123,digestive system development,9,85271,9,293897,3.4466231192316266,1.4565509086473874e-05,0.00014419853995609134,Compara
GO:0055088,lipid homeostasis,22,85271,22,293897,3.4466231192316266,1.5014166292914633e-12,4.861691702032786e-11,Compara
GO:0060174,limb bud formation,7,85271,7,293897,3.4466231192316266,0.00017304836336255999,0.0012674821908386898,Compara
GO:0055075,potassium ion homeostasis,11,85271,11,293897,3.4466231192316266,1.2259404567269677e-06,1.558621982773507e-05,Compara
GO:0055010,ventricular cardiac muscle tissue morphogenesis,11,85271,11,293897,3.4466231192316266,1.2259404567269677e-06,1.558621982773507e-05,Compara
GO:0009629,response to gravity,7,85271,7,293897,3.4466231192316266,0.00017304836336255999,0.0012674821908386898,Compara
GO:0051966,"regulation of synaptic transmission, glutamatergic",15,85271,15,293897,3.4466231192316266,8.683871786555978e-09,1.683528145072602e-07,Compara
GO:0051965,positive regulation of synapse assembly,59,85271,59,293897,3.4466231192316266,1.9390018025543435e-32,3.6592599642580254e-30,Compara
GO:0051932,"synaptic transmission, GABAergic",9,85271,9,293897,3.4466231192316266,1.4565509086473874e-05,0.00014419853995609134,Compara
GO:0051930,regulation of sensory perception of pain,9,85271,9,293897,3.4466231192316266,1.4565509086473874e-05,0.00014419853995609134,Compara
GO:0009100,glycoprotein metabolic process,7,85271,7,293897,3.4466231192316266,0.00017304836336255999,0.0012674821908386898,Compara
GO:0008637,apoptotic mitochondrial changes,13,85271,13,293897,3.4466231192316266,1.0318073616960871e-07,1.6333118367713421e-06,Compara
GO:0008631,intrinsic apoptotic signaling pathway in response to oxidative stress,9,85271,9,293897,3.4466231192316266,1.4565509086473874e-05,0.00014419853995609134,Compara
GO:0008593,regulation of Notch signaling pathway,11,85271,11,293897,3.4466231192316266,1.2259404567269677e-06,1.558621982773507e-05,Compara
GO:0060136,embryonic process involved in female pregnancy,7,85271,7,293897,3.4466231192316266,0.00017304836336255999,0.0012674821908386898,Compara
GO:0060135,maternal process involved in female pregnancy,14,85271,14,293897,3.4466231192316266,2.9933522083709555e-08,5.247272564978867e-07,Compara
GO:0060134,prepulse inhibition,11,85271,11,293897,3.4466231192316266,1.2259404567269677e-06,1.558621982773507e-05,Compara
GO:0008206,bile acid metabolic process,14,85271,14,293897,3.4466231192316266,2.9933522083709555e-08,5.247272564978867e-07,Compara
GO:0060122,inner ear receptor cell stereocilium organization,22,85271,22,293897,3.4466231192316266,1.5014166292914633e-12,4.861691702032786e-11,Compara
GO:0008211,glucocorticoid metabolic process,7,85271,7,293897,3.4466231192316266,0.00017304836336255999,0.0012674821908386898,Compara
GO:0060117,auditory receptor cell development,7,85271,7,293897,3.4466231192316266,0.00017304836336255999,0.0012674821908386898,Compara
GO:0008306,associative learning,36,85271,36,293897,3.4466231192316266,4.482757071825583e-20,3.007929995194966e-18,Compara
GO:0060081,membrane hyperpolarization,7,85271,7,293897,3.4466231192316266,0.00017304836336255999,0.0012674821908386898,Compara
GO:0060076,excitatory synapse,22,85271,22,293897,3.4466231192316266,1.5014166292914633e-12,4.861691702032786e-11,Compara
GO:0008347,glial cell migration,7,85271,7,293897,3.4466231192316266,0.00017304836336255999,0.0012674821908386898,Compara
GO:0060075,regulation of resting membrane potential,9,85271,9,293897,3.4466231192316266,1.4565509086473874e-05,0.00014419853995609134,Compara
GO:0060068,vagina development,11,85271,11,293897,3.4466231192316266,1.2259404567269677e-06,1.558621982773507e-05,Compara
GO:0060047,heart contraction,15,85271,15,293897,3.4466231192316266,8.683871786555978e-09,1.683528145072602e-07,Compara
GO:0008589,regulation of smoothened signaling pathway,18,85271,18,293897,3.4466231192316266,2.1201102804968003e-10,5.258047632000073e-09,Compara
GO:0021532,neural tube patterning,7,85271,7,293897,3.4466231192316266,0.00017304836336255999,0.0012674821908386898,Compara
GO:0046928,regulation of neurotransmitter secretion,7,85271,7,293897,3.4466231192316266,0.00017304836336255999,0.0012674821908386898,Compara
GO:0021554,optic nerve development,11,85271,11,293897,3.4466231192316266,1.2259404567269677e-06,1.558621982773507e-05,Compara
GO:0036477,somatodendritic compartment,14,85271,14,293897,3.4466231192316266,2.9933522083709555e-08,5.247272564978867e-07,Compara
GO:0031915,positive regulation of synaptic plasticity,9,85271,9,293897,3.4466231192316266,1.4565509086473874e-05,0.00014419853995609134,Compara
GO:0040020,regulation of meiotic nuclear division,7,85271,7,293897,3.4466231192316266,0.00017304836336255999,0.0012674821908386898,Compara
GO:0032009,early phagosome,9,85271,9,293897,3.4466231192316266,1.4565509086473874e-05,0.00014419853995609134,Compara
GO:0032026,response to magnesium ion,9,85271,9,293897,3.4466231192316266,1.4565509086473874e-05,0.00014419853995609134,Compara
GO:0038026,reelin-mediated signaling pathway,9,85271,9,293897,3.4466231192316266,1.4565509086473874e-05,0.00014419853995609134,Compara
GO:0032230,"positive regulation of synaptic transmission, GABAergic",9,85271,9,293897,3.4466231192316266,1.4565509086473874e-05,0.00014419853995609134,Compara
GO:0032281,AMPA glutamate receptor complex,26,85271,26,293897,3.4466231192316266,1.0631293947892038e-14,4.308884842370471e-13,Compara
GO:0032308,positive regulation of prostaglandin secretion,7,85271,7,293897,3.4466231192316266,0.00017304836336255999,0.0012674821908386898,Compara
GO:0042053,regulation of dopamine metabolic process,7,85271,7,293897,3.4466231192316266,0.00017304836336255999,0.0012674821908386898,Compara
GO:0032330,regulation of chondrocyte differentiation,9,85271,9,293897,3.4466231192316266,1.4565509086473874e-05,0.00014419853995609134,Compara
GO:0032355,response to estradiol,71,85271,71,293897,3.4466231192316266,6.85571826180302e-39,1.7617737269373803e-36,Compara
GO:0036302,atrioventricular canal development,7,85271,7,293897,3.4466231192316266,0.00017304836336255999,0.0012674821908386898,Compara
GO:0036197,zymosterol biosynthetic process,14,85271,14,293897,3.4466231192316266,2.9933522083709555e-08,5.247272564978867e-07,Compara
GO:0032421,stereocilium bundle,9,85271,9,293897,3.4466231192316266,1.4565509086473874e-05,0.00014419853995609134,Compara
GO:0032426,stereocilium tip,15,85271,15,293897,3.4466231192316266,8.683871786555978e-09,1.683528145072602e-07,Compara
GO:0035994,response to muscle stretch,13,85271,13,293897,3.4466231192316266,1.0318073616960871e-07,1.6333118367713421e-06,Compara
GO:0042048,olfactory behavior,9,85271,9,293897,3.4466231192316266,1.4565509086473874e-05,0.00014419853995609134,Compara
GO:0042158,lipoprotein biosynthetic process,7,85271,7,293897,3.4466231192316266,0.00017304836336255999,0.0012674821908386898,Compara
GO:0046888,negative regulation of hormone secretion,7,85271,7,293897,3.4466231192316266,0.00017304836336255999,0.0012674821908386898,Compara
GO:0042554,superoxide anion generation,11,85271,11,293897,3.4466231192316266,1.2259404567269677e-06,1.558621982773507e-05,Compara
GO:0042771,intrinsic apoptotic signaling pathway in response to DNA damage by p53 class mediator,15,85271,15,293897,3.4466231192316266,8.683871786555978e-09,1.683528145072602e-07,Compara
GO:0042755,eating behavior,26,85271,26,293897,3.4466231192316266,1.0631293947892038e-14,4.308884842370471e-13,Compara
GO:0042711,maternal behavior,14,85271,14,293897,3.4466231192316266,2.9933522083709555e-08,5.247272564978867e-07,Compara
GO:0042698,ovulation cycle,7,85271,7,293897,3.4466231192316266,0.00017304836336255999,0.0012674821908386898,Compara
GO:0031069,hair follicle morphogenesis,28,85271,28,293897,3.4466231192316266,8.94554650851842e-16,4.077143801127754e-14,Compara
GO:0031076,embryonic camera-type eye development,14,85271,14,293897,3.4466231192316266,2.9933522083709555e-08,5.247272564978867e-07,Compara
GO:0042574,retinal metabolic process,7,85271,7,293897,3.4466231192316266,0.00017304836336255999,0.0012674821908386898,Compara
GO:0042551,neuron maturation,15,85271,15,293897,3.4466231192316266,8.683871786555978e-09,1.683528145072602e-07,Compara
GO:0042308,negative regulation of protein import into nucleus,9,85271,9,293897,3.4466231192316266,1.4565509086473874e-05,0.00014419853995609134,Compara
GO:0042542,response to hydrogen peroxide,30,85271,30,293897,3.4466231192316266,7.526848282341995e-17,3.6656965142792985e-15,Compara
GO:0042487,regulation of odontogenesis of dentin-containing tooth,7,85271,7,293897,3.4466231192316266,0.00017304836336255999,0.0012674821908386898,Compara
GO:0042476,odontogenesis,14,85271,14,293897,3.4466231192316266,2.9933522083709555e-08,5.247272564978867e-07,Compara
GO:0031435,mitogen-activated protein kinase kinase kinase binding,7,85271,7,293897,3.4466231192316266,0.00017304836336255999,0.0012674821908386898,Compara
GO:0042428,serotonin metabolic process,7,85271,7,293897,3.4466231192316266,0.00017304836336255999,0.0012674821908386898,Compara
GO:0042417,dopamine metabolic process,13,85271,13,293897,3.4466231192316266,1.0318073616960871e-07,1.6333118367713421e-06,Compara
GO:0031526,brush border membrane,36,85271,36,293897,3.4466231192316266,4.482757071825583e-20,3.007929995194966e-18,Compara
GO:0035924,cellular response to vascular endothelial growth factor stimulus,7,85271,7,293897,3.4466231192316266,0.00017304836336255999,0.0012674821908386898,Compara
GO:0035912,dorsal aorta morphogenesis,7,85271,7,293897,3.4466231192316266,0.00017304836336255999,0.0012674821908386898,Compara
GO:0035909,aorta morphogenesis,13,85271,13,293897,3.4466231192316266,1.0318073616960871e-07,1.6333118367713421e-06,Compara
GO:0033762,response to glucagon,9,85271,9,293897,3.4466231192316266,1.4565509086473874e-05,0.00014419853995609134,Compara
GO:0035024,negative regulation of Rho protein signal transduction,7,85271,7,293897,3.4466231192316266,0.00017304836336255999,0.0012674821908386898,Compara
GO:0034663,endoplasmic reticulum chaperone complex,9,85271,9,293897,3.4466231192316266,1.4565509086473874e-05,0.00014419853995609134,Compara
GO:0034605,cellular response to heat,18,85271,18,293897,3.4466231192316266,2.1201102804968003e-10,5.258047632000073e-09,Compara
GO:0034332,adherens junction organization,11,85271,11,293897,3.4466231192316266,1.2259404567269677e-06,1.558621982773507e-05,Compara
GO:0034244,negative regulation of transcription elongation by RNA polymerase II,7,85271,7,293897,3.4466231192316266,0.00017304836336255999,0.0012674821908386898,Compara
GO:0032967,positive regulation of collagen biosynthetic process,11,85271,11,293897,3.4466231192316266,1.2259404567269677e-06,1.558621982773507e-05,Compara
GO:0034101,erythrocyte homeostasis,9,85271,9,293897,3.4466231192316266,1.4565509086473874e-05,0.00014419853995609134,Compara
GO:0033690,positive regulation of osteoblast proliferation,11,85271,11,293897,3.4466231192316266,1.2259404567269677e-06,1.558621982773507e-05,Compara
GO:0035904,aorta development,30,85271,30,293897,3.4466231192316266,7.526848282341995e-17,3.6656965142792985e-15,Compara
GO:0033630,positive regulation of cell adhesion mediated by integrin,7,85271,7,293897,3.4466231192316266,0.00017304836336255999,0.0012674821908386898,Compara
GO:0033189,response to vitamin A,14,85271,14,293897,3.4466231192316266,2.9933522083709555e-08,5.247272564978867e-07,Compara
GO:0033598,mammary gland epithelial cell proliferation,9,85271,9,293897,3.4466231192316266,1.4565509086473874e-05,0.00014419853995609134,Compara
GO:0033555,multicellular organismal response to stress,11,85271,11,293897,3.4466231192316266,1.2259404567269677e-06,1.558621982773507e-05,Compara
GO:0033490,cholesterol biosynthetic process via lathosterol,18,85271,18,293897,3.4466231192316266,2.1201102804968003e-10,5.258047632000073e-09,Compara
GO:0033268,node of Ranvier,14,85271,14,293897,3.4466231192316266,2.9933522083709555e-08,5.247272564978867e-07,Compara
GO:0033489,cholesterol biosynthetic process via desmosterol,18,85271,18,293897,3.4466231192316266,2.1201102804968003e-10,5.258047632000073e-09,Compara
GO:0032836,glomerular basement membrane development,7,85271,7,293897,3.4466231192316266,0.00017304836336255999,0.0012674821908386898,Compara
GO:0035050,embryonic heart tube development,22,85271,22,293897,3.4466231192316266,1.5014166292914633e-12,4.861691702032786e-11,Compara
GO:0035115,embryonic forelimb morphogenesis,26,85271,26,293897,3.4466231192316266,1.0631293947892038e-14,4.308884842370471e-13,Compara
GO:0035116,embryonic hindlimb morphogenesis,28,85271,28,293897,3.4466231192316266,8.94554650851842e-16,4.077143801127754e-14,Compara
GO:0035865,cellular response to potassium ion,7,85271,7,293897,3.4466231192316266,0.00017304836336255999,0.0012674821908386898,Compara
GO:0035855,megakaryocyte development,18,85271,18,293897,3.4466231192316266,2.1201102804968003e-10,5.258047632000073e-09,Compara
GO:0035845,photoreceptor cell outer segment organization,11,85271,11,293897,3.4466231192316266,1.2259404567269677e-06,1.558621982773507e-05,Compara
GO:0035773,insulin secretion involved in cellular response to glucose stimulus,7,85271,7,293897,3.4466231192316266,0.00017304836336255999,0.0012674821908386898,Compara
GO:0032693,negative regulation of interleukin-10 production,7,85271,7,293897,3.4466231192316266,0.00017304836336255999,0.0012674821908386898,Compara
GO:0035631,CD40 receptor complex,9,85271,9,293897,3.4466231192316266,1.4565509086473874e-05,0.00014419853995609134,Compara
GO:0035497,cAMP response element binding,7,85271,7,293897,3.4466231192316266,0.00017304836336255999,0.0012674821908386898,Compara
GO:0035264,multicellular organism growth,116,85271,116,293897,3.4466231192316266,4.347011587220796e-63,3.7502289964609124e-60,Compara
GO:0035259,nuclear glucocorticoid receptor binding,7,85271,7,293897,3.4466231192316266,0.00017304836336255999,0.0012674821908386898,Compara
GO:0035249,"synaptic transmission, glutamatergic",22,85271,22,293897,3.4466231192316266,1.5014166292914633e-12,4.861691702032786e-11,Compara
GO:0032736,positive regulation of interleukin-13 production,7,85271,7,293897,3.4466231192316266,0.00017304836336255999,0.0012674821908386898,Compara
GO:0032740,positive regulation of interleukin-17 production,7,85271,7,293897,3.4466231192316266,0.00017304836336255999,0.0012674821908386898,Compara
GO:0032753,positive regulation of interleukin-4 production,14,85271,14,293897,3.4466231192316266,2.9933522083709555e-08,5.247272564978867e-07,Compara
GO:0035137,hindlimb morphogenesis,9,85271,9,293897,3.4466231192316266,1.4565509086473874e-05,0.00014419853995609134,Compara
GO:0035136,forelimb morphogenesis,7,85271,7,293897,3.4466231192316266,0.00017304836336255999,0.0012674821908386898,Compara
GO:0043011,myeloid dendritic cell differentiation,15,85271,15,293897,3.4466231192316266,8.683871786555978e-09,1.683528145072602e-07,Compara
GO:0030903,notochord development,9,85271,9,293897,3.4466231192316266,1.4565509086473874e-05,0.00014419853995609134,Compara
GO:0043116,negative regulation of vascular permeability,7,85271,7,293897,3.4466231192316266,0.00017304836336255999,0.0012674821908386898,Compara
GO:0021960,anterior commissure morphogenesis,7,85271,7,293897,3.4466231192316266,0.00017304836336255999,0.0012674821908386898,Compara
GO:0021904,dorsal/ventral neural tube patterning,13,85271,13,293897,3.4466231192316266,1.0318073616960871e-07,1.6333118367713421e-06,Compara
GO:0046548,retinal rod cell development,7,85271,7,293897,3.4466231192316266,0.00017304836336255999,0.0012674821908386898,Compara
GO:0021952,central nervous system projection neuron axonogenesis,7,85271,7,293897,3.4466231192316266,0.00017304836336255999,0.0012674821908386898,Compara
GO:0021953,central nervous system neuron differentiation,9,85271,9,293897,3.4466231192316266,1.4565509086473874e-05,0.00014419853995609134,Compara
GO:0021954,central nervous system neuron development,18,85271,18,293897,3.4466231192316266,2.1201102804968003e-10,5.258047632000073e-09,Compara
GO:0046426,negative regulation of receptor signaling pathway via JAK-STAT,7,85271,7,293897,3.4466231192316266,0.00017304836336255999,0.0012674821908386898,Compara
GO:0021957,corticospinal tract morphogenesis,7,85271,7,293897,3.4466231192316266,0.00017304836336255999,0.0012674821908386898,Compara
GO:0021978,telencephalon regionalization,7,85271,7,293897,3.4466231192316266,0.00017304836336255999,0.0012674821908386898,Compara
GO:0045664,regulation of neuron differentiation,14,85271,14,293897,3.4466231192316266,2.9933522083709555e-08,5.247272564978867e-07,Compara
GO:0046322,negative regulation of fatty acid oxidation,9,85271,9,293897,3.4466231192316266,1.4565509086473874e-05,0.00014419853995609134,Compara
GO:0046007,negative regulation of activated T cell proliferation,9,85271,9,293897,3.4466231192316266,1.4565509086473874e-05,0.00014419853995609134,Compara
GO:0022010,central nervous system myelination,13,85271,13,293897,3.4466231192316266,1.0318073616960871e-07,1.6333118367713421e-06,Compara
GO:0045807,positive regulation of endocytosis,13,85271,13,293897,3.4466231192316266,1.0318073616960871e-07,1.6333118367713421e-06,Compara
GO:0045780,positive regulation of bone resorption,13,85271,13,293897,3.4466231192316266,1.0318073616960871e-07,1.6333118367713421e-06,Compara
GO:0030031,cell projection assembly,7,85271,7,293897,3.4466231192316266,0.00017304836336255999,0.0012674821908386898,Compara
GO:0030070,insulin processing,7,85271,7,293897,3.4466231192316266,0.00017304836336255999,0.0012674821908386898,Compara
GO:0046549,retinal cone cell development,9,85271,9,293897,3.4466231192316266,1.4565509086473874e-05,0.00014419853995609134,Compara
GO:0021895,cerebral cortex neuron differentiation,13,85271,13,293897,3.4466231192316266,1.0318073616960871e-07,1.6333118367713421e-06,Compara
GO:0046620,regulation of organ growth,7,85271,7,293897,3.4466231192316266,0.00017304836336255999,0.0012674821908386898,Compara
GO:0021860,pyramidal neuron development,7,85271,7,293897,3.4466231192316266,0.00017304836336255999,0.0012674821908386898,Compara
GO:0046887,positive regulation of hormone secretion,9,85271,9,293897,3.4466231192316266,1.4565509086473874e-05,0.00014419853995609134,Compara
GO:0046827,positive regulation of protein export from nucleus,7,85271,7,293897,3.4466231192316266,0.00017304836336255999,0.0012674821908386898,Compara
GO:0021675,nerve development,13,85271,13,293897,3.4466231192316266,1.0318073616960871e-07,1.6333118367713421e-06,Compara
GO:0046689,response to mercury ion,7,85271,7,293897,3.4466231192316266,0.00017304836336255999,0.0012674821908386898,Compara
GO:0046686,response to cadmium ion,18,85271,18,293897,3.4466231192316266,2.1201102804968003e-10,5.258047632000073e-09,Compara
GO:0021702,cerebellar Purkinje cell differentiation,14,85271,14,293897,3.4466231192316266,2.9933522083709555e-08,5.247272564978867e-07,Compara
GO:0046685,response to arsenic-containing substance,7,85271,7,293897,3.4466231192316266,0.00017304836336255999,0.0012674821908386898,Compara
GO:0021756,striatum development,14,85271,14,293897,3.4466231192316266,2.9933522083709555e-08,5.247272564978867e-07,Compara
GO:0021766,hippocampus development,71,85271,71,293897,3.4466231192316266,6.85571826180302e-39,1.7617737269373803e-36,Compara
GO:0046641,positive regulation of alpha-beta T cell proliferation,7,85271,7,293897,3.4466231192316266,0.00017304836336255999,0.0012674821908386898,Compara
GO:0021796,cerebral cortex regionalization,7,85271,7,293897,3.4466231192316266,0.00017304836336255999,0.0012674821908386898,Compara
GO:0021799,cerebral cortex radially oriented cell migration,11,85271,11,293897,3.4466231192316266,1.2259404567269677e-06,1.558621982773507e-05,Compara
GO:0021819,layer formation in cerebral cortex,13,85271,13,293897,3.4466231192316266,1.0318073616960871e-07,1.6333118367713421e-06,Compara
GO:0046628,positive regulation of insulin receptor signaling pathway,11,85271,11,293897,3.4466231192316266,1.2259404567269677e-06,1.558621982773507e-05,Compara
GO:0046622,positive regulation of organ growth,13,85271,13,293897,3.4466231192316266,1.0318073616960871e-07,1.6333118367713421e-06,Compara
GO:0045671,negative regulation of osteoclast differentiation,14,85271,14,293897,3.4466231192316266,2.9933522083709555e-08,5.247272564978867e-07,Compara
GO:0045663,positive regulation of myoblast differentiation,13,85271,13,293897,3.4466231192316266,1.0318073616960871e-07,1.6333118367713421e-06,Compara
GO:0043194,axon initial segment,14,85271,14,293897,3.4466231192316266,2.9933522083709555e-08,5.247272564978867e-07,Compara
GO:0043292,contractile muscle fiber,11,85271,11,293897,3.4466231192316266,1.2259404567269677e-06,1.558621982773507e-05,Compara
GO:0044295,axonal growth cone,18,85271,18,293897,3.4466231192316266,2.1201102804968003e-10,5.258047632000073e-09,Compara
GO:0043616,keratinocyte proliferation,9,85271,9,293897,3.4466231192316266,1.4565509086473874e-05,0.00014419853995609134,Compara
GO:0043525,positive regulation of neuron apoptotic process,36,85271,36,293897,3.4466231192316266,4.482757071825583e-20,3.007929995194966e-18,Compara
GO:0043425,bHLH transcription factor binding,14,85271,14,293897,3.4466231192316266,2.9933522083709555e-08,5.247272564978867e-07,Compara
GO:0043403,skeletal muscle tissue regeneration,22,85271,22,293897,3.4466231192316266,1.5014166292914633e-12,4.861691702032786e-11,Compara
GO:0043395,heparan sulfate proteoglycan binding,7,85271,7,293897,3.4466231192316266,0.00017304836336255999,0.0012674821908386898,Compara
GO:0030673,axolemma,9,85271,9,293897,3.4466231192316266,1.4565509086473874e-05,0.00014419853995609134,Compara
GO:0030742,GTP-dependent protein binding,7,85271,7,293897,3.4466231192316266,0.00017304836336255999,0.0012674821908386898,Compara
GO:0045589,regulation of regulatory T cell differentiation,7,85271,7,293897,3.4466231192316266,0.00017304836336255999,0.0012674821908386898,Compara
GO:0030850,prostate gland development,14,85271,14,293897,3.4466231192316266,2.9933522083709555e-08,5.247272564978867e-07,Compara
GO:0030851,granulocyte differentiation,9,85271,9,293897,3.4466231192316266,1.4565509086473874e-05,0.00014419853995609134,Compara
GO:0043278,response to morphine,15,85271,15,293897,3.4466231192316266,8.683871786555978e-09,1.683528145072602e-07,Compara
GO:0030856,regulation of epithelial cell differentiation,7,85271,7,293897,3.4466231192316266,0.00017304836336255999,0.0012674821908386898,Compara
GO:0030857,negative regulation of epithelial cell differentiation,9,85271,9,293897,3.4466231192316266,1.4565509086473874e-05,0.00014419853995609134,Compara
GO:0030878,thyroid gland development,28,85271,28,293897,3.4466231192316266,8.94554650851842e-16,4.077143801127754e-14,Compara
GO:0043196,varicosity,7,85271,7,293897,3.4466231192316266,0.00017304836336255999,0.0012674821908386898,Compara
GO:0044309,neuron spine,7,85271,7,293897,3.4466231192316266,0.00017304836336255999,0.0012674821908386898,Compara
GO:0044320,cellular response to leptin stimulus,7,85271,7,293897,3.4466231192316266,0.00017304836336255999,0.0012674821908386898,Compara
GO:0044344,cellular response to fibroblast growth factor stimulus,14,85271,14,293897,3.4466231192316266,2.9933522083709555e-08,5.247272564978867e-07,Compara
GO:0030325,adrenal gland development,18,85271,18,293897,3.4466231192316266,2.1201102804968003e-10,5.258047632000073e-09,Compara
GO:0045588,positive regulation of gamma-delta T cell differentiation,9,85271,9,293897,3.4466231192316266,1.4565509086473874e-05,0.00014419853995609134,Compara
GO:0045475,locomotor rhythm,11,85271,11,293897,3.4466231192316266,1.2259404567269677e-06,1.558621982773507e-05,Compara
GO:0045198,establishment of epithelial cell apical/basal polarity,9,85271,9,293897,3.4466231192316266,1.4565509086473874e-05,0.00014419853995609134,Compara
GO:0045190,isotype switching,18,85271,18,293897,3.4466231192316266,2.1201102804968003e-10,5.258047632000073e-09,Compara
GO:0030216,keratinocyte differentiation,30,85271,30,293897,3.4466231192316266,7.526848282341995e-17,3.6656965142792985e-15,Compara
GO:0030217,T cell differentiation,37,85271,37,293897,3.4466231192316266,1.3002331001272345e-20,9.237773754903964e-19,Compara
GO:0030219,megakaryocyte differentiation,7,85271,7,293897,3.4466231192316266,0.00017304836336255999,0.0012674821908386898,Compara
GO:0030220,platelet formation,14,85271,14,293897,3.4466231192316266,2.9933522083709555e-08,5.247272564978867e-07,Compara
GO:0045176,apical protein localization,7,85271,7,293897,3.4466231192316266,0.00017304836336255999,0.0012674821908386898,Compara
GO:0045141,meiotic telomere clustering,9,85271,9,293897,3.4466231192316266,1.4565509086473874e-05,0.00014419853995609134,Compara
GO:0030278,regulation of ossification,13,85271,13,293897,3.4466231192316266,1.0318073616960871e-07,1.6333118367713421e-06,Compara
GO:0045019,negative regulation of nitric oxide biosynthetic process,7,85271,7,293897,3.4466231192316266,0.00017304836336255999,0.0012674821908386898,Compara
GO:0044853,plasma membrane raft,9,85271,9,293897,3.4466231192316266,1.4565509086473874e-05,0.00014419853995609134,Compara
GO:0030318,melanocyte differentiation,15,85271,15,293897,3.4466231192316266,8.683871786555978e-09,1.683528145072602e-07,Compara
GO:0044381,glucose import in response to insulin stimulus,7,85271,7,293897,3.4466231192316266,0.00017304836336255999,0.0012674821908386898,Compara
GO:0007144,female meiosis I,7,85271,7,293897,3.4466231192316266,0.00017304836336255999,0.0012674821908386898,Compara
GO:0033391,chromatoid body,11,85271,11,293897,3.4466231192316266,1.2259404567269677e-06,1.558621982773507e-05,Compara
GO:1902043,positive regulation of extrinsic apoptotic signaling pathway via death domain receptors,7,85271,7,293897,3.4466231192316266,0.00017304836336255999,0.0012674821908386898,Compara
GO:0001835,blastocyst hatching,28,85271,28,293897,3.4466231192316266,8.94554650851842e-16,4.077143801127754e-14,Compara
GO:0003222,ventricular trabecula myocardium morphogenesis,14,85271,14,293897,3.4466231192316266,2.9933522083709555e-08,5.247272564978867e-07,Compara
GO:1901652,response to peptide,13,85271,13,293897,3.4466231192316266,1.0318073616960871e-07,1.6333118367713421e-06,Compara
GO:0003215,cardiac right ventricle morphogenesis,11,85271,11,293897,3.4466231192316266,1.2259404567269677e-06,1.558621982773507e-05,Compara
GO:0001771,immunological synapse formation,7,85271,7,293897,3.4466231192316266,0.00017304836336255999,0.0012674821908386898,Compara
GO:0090394,negative regulation of excitatory postsynaptic potential,9,85271,9,293897,3.4466231192316266,1.4565509086473874e-05,0.00014419853995609134,Compara
GO:0090659,walking behavior,7,85271,7,293897,3.4466231192316266,0.00017304836336255999,0.0012674821908386898,Compara
GO:0001775,cell activation,7,85271,7,293897,3.4466231192316266,0.00017304836336255999,0.0012674821908386898,Compara
GO:0003198,epithelial to mesenchymal transition involved in endocardial cushion formation,11,85271,11,293897,3.4466231192316266,1.2259404567269677e-06,1.558621982773507e-05,Compara
GO:0003197,endocardial cushion development,9,85271,9,293897,3.4466231192316266,1.4565509086473874e-05,0.00014419853995609134,Compara
GO:0001779,natural killer cell differentiation,14,85271,14,293897,3.4466231192316266,2.9933522083709555e-08,5.247272564978867e-07,Compara
GO:0001780,neutrophil homeostasis,9,85271,9,293897,3.4466231192316266,1.4565509086473874e-05,0.00014419853995609134,Compara
GO:0003181,atrioventricular valve morphogenesis,11,85271,11,293897,3.4466231192316266,1.2259404567269677e-06,1.558621982773507e-05,Compara
GO:0003170,heart valve development,9,85271,9,293897,3.4466231192316266,1.4565509086473874e-05,0.00014419853995609134,Compara
GO:0097091,synaptic vesicle clustering,9,85271,9,293897,3.4466231192316266,1.4565509086473874e-05,0.00014419853995609134,Compara
GO:0097107,postsynaptic density assembly,7,85271,7,293897,3.4466231192316266,0.00017304836336255999,0.0012674821908386898,Compara
GO:0003149,membranous septum morphogenesis,9,85271,9,293897,3.4466231192316266,1.4565509086473874e-05,0.00014419853995609134,Compara
GO:0097178,ruffle assembly,9,85271,9,293897,3.4466231192316266,1.4565509086473874e-05,0.00014419853995609134,Compara
GO:0097284,hepatocyte apoptotic process,11,85271,11,293897,3.4466231192316266,1.2259404567269677e-06,1.558621982773507e-05,Compara
GO:0001824,blastocyst development,22,85271,22,293897,3.4466231192316266,1.5014166292914633e-12,4.861691702032786e-11,Compara
GO:0160112,axonemal B tubule inner sheath,11,85271,11,293897,3.4466231192316266,1.2259404567269677e-06,1.558621982773507e-05,Compara
GO:0160111,axonemal A tubule inner sheath,26,85271,26,293897,3.4466231192316266,1.0631293947892038e-14,4.308884842370471e-13,Compara
GO:0003073,regulation of systemic arterial blood pressure,9,85271,9,293897,3.4466231192316266,1.4565509086473874e-05,0.00014419853995609134,Compara
GO:0001833,inner cell mass cell proliferation,15,85271,15,293897,3.4466231192316266,8.683871786555978e-09,1.683528145072602e-07,Compara
GO:0090181,regulation of cholesterol metabolic process,9,85271,9,293897,3.4466231192316266,1.4565509086473874e-05,0.00014419853995609134,Compara
GO:0003253,cardiac neural crest cell migration involved in outflow tract morphogenesis,7,85271,7,293897,3.4466231192316266,0.00017304836336255999,0.0012674821908386898,Compara
GO:0001759,organ induction,13,85271,13,293897,3.4466231192316266,1.0318073616960871e-07,1.6333118367713421e-06,Compara
GO:1903428,positive regulation of reactive oxygen species biosynthetic process,9,85271,9,293897,3.4466231192316266,1.4565509086473874e-05,0.00014419853995609134,Compara
GO:0071837,HMG box domain binding,11,85271,11,293897,3.4466231192316266,1.2259404567269677e-06,1.558621982773507e-05,Compara
GO:0071872,cellular response to epinephrine stimulus,7,85271,7,293897,3.4466231192316266,0.00017304836336255999,0.0012674821908386898,Compara
GO:0001655,urogenital system development,15,85271,15,293897,3.4466231192316266,8.683871786555978e-09,1.683528145072602e-07,Compara
GO:0005068,transmembrane receptor protein tyrosine kinase adaptor activity,7,85271,7,293897,3.4466231192316266,0.00017304836336255999,0.0012674821908386898,Compara
GO:0072089,stem cell proliferation,7,85271,7,293897,3.4466231192316266,0.00017304836336255999,0.0012674821908386898,Compara
GO:0001657,ureteric bud development,36,85271,36,293897,3.4466231192316266,4.482757071825583e-20,3.007929995194966e-18,Compara
GO:1903898,negative regulation of PERK-mediated unfolded protein response,7,85271,7,293897,3.4466231192316266,0.00017304836336255999,0.0012674821908386898,Compara
GO:0072112,podocyte differentiation,9,85271,9,293897,3.4466231192316266,1.4565509086473874e-05,0.00014419853995609134,Compara
GO:0072197,ureter morphogenesis,7,85271,7,293897,3.4466231192316266,0.00017304836336255999,0.0012674821908386898,Compara
GO:0001662,behavioral fear response,37,85271,37,293897,3.4466231192316266,1.3002331001272345e-20,9.237773754903964e-19,Compara
GO:0072687,meiotic spindle,14,85271,14,293897,3.4466231192316266,2.9933522083709555e-08,5.247272564978867e-07,Compara
GO:0003281,ventricular septum development,28,85271,28,293897,3.4466231192316266,8.94554650851842e-16,4.077143801127754e-14,Compara
GO:0001673,male germ cell nucleus,15,85271,15,293897,3.4466231192316266,8.683871786555978e-09,1.683528145072602e-07,Compara
GO:1903427,negative regulation of reactive oxygen species biosynthetic process,11,85271,11,293897,3.4466231192316266,1.2259404567269677e-06,1.558621982773507e-05,Compara
GO:0003416,endochondral bone growth,9,85271,9,293897,3.4466231192316266,1.4565509086473874e-05,0.00014419853995609134,Compara
GO:0001706,endoderm formation,7,85271,7,293897,3.4466231192316266,0.00017304836336255999,0.0012674821908386898,Compara
GO:1902459,positive regulation of stem cell population maintenance,7,85271,7,293897,3.4466231192316266,0.00017304836336255999,0.0012674821908386898,Compara
GO:1902065,response to L-glutamate,11,85271,11,293897,3.4466231192316266,1.2259404567269677e-06,1.558621982773507e-05,Compara
GO:0003344,pericardium morphogenesis,7,85271,7,293897,3.4466231192316266,0.00017304836336255999,0.0012674821908386898,Compara
GO:0090102,cochlea development,29,85271,29,293897,3.4466231192316266,2.594847435449805e-16,1.2387576017929937e-14,Compara
GO:1902004,positive regulation of amyloid-beta formation,7,85271,7,293897,3.4466231192316266,0.00017304836336255999,0.0012674821908386898,Compara
GO:0003300,cardiac muscle hypertrophy,7,85271,7,293897,3.4466231192316266,0.00017304836336255999,0.0012674821908386898,Compara
GO:0003014,renal system process,11,85271,11,293897,3.4466231192316266,1.2259404567269677e-06,1.558621982773507e-05,Compara
GO:0001837,epithelial to mesenchymal transition,22,85271,22,293897,3.4466231192316266,1.5014166292914633e-12,4.861691702032786e-11,Compara
GO:0005539,glycosaminoglycan binding,13,85271,13,293897,3.4466231192316266,1.0318073616960871e-07,1.6333118367713421e-06,Compara
GO:0150078,positive regulation of neuroinflammatory response,7,85271,7,293897,3.4466231192316266,0.00017304836336255999,0.0012674821908386898,Compara
GO:0098868,bone growth,7,85271,7,293897,3.4466231192316266,0.00017304836336255999,0.0012674821908386898,Compara
GO:0002064,epithelial cell development,9,85271,9,293897,3.4466231192316266,1.4565509086473874e-05,0.00014419853995609134,Compara
GO:0098884,postsynaptic neurotransmitter receptor internalization,7,85271,7,293897,3.4466231192316266,0.00017304836336255999,0.0012674821908386898,Compara
GO:0098885,modification of postsynaptic actin cytoskeleton,11,85271,11,293897,3.4466231192316266,1.2259404567269677e-06,1.558621982773507e-05,Compara
GO:0098890,extrinsic component of postsynaptic membrane,7,85271,7,293897,3.4466231192316266,0.00017304836336255999,0.0012674821908386898,Compara
GO:0099010,modification of postsynaptic structure,9,85271,9,293897,3.4466231192316266,1.4565509086473874e-05,0.00014419853995609134,Compara
GO:0001939,female pronucleus,9,85271,9,293897,3.4466231192316266,1.4565509086473874e-05,0.00014419853995609134,Compara
GO:0002024,diet induced thermogenesis,9,85271,9,293897,3.4466231192316266,1.4565509086473874e-05,0.00014419853995609134,Compara
GO:0001940,male pronucleus,7,85271,7,293897,3.4466231192316266,0.00017304836336255999,0.0012674821908386898,Compara
GO:0002021,response to dietary excess,18,85271,18,293897,3.4466231192316266,2.1201102804968003e-10,5.258047632000073e-09,Compara
GO:0099151,regulation of postsynaptic density assembly,15,85271,15,293897,3.4466231192316266,8.683871786555978e-09,1.683528145072602e-07,Compara
GO:0120197,mucociliary clearance,9,85271,9,293897,3.4466231192316266,1.4565509086473874e-05,0.00014419853995609134,Compara
GO:0002011,morphogenesis of an epithelial sheet,7,85271,7,293897,3.4466231192316266,0.00017304836336255999,0.0012674821908386898,Compara
GO:0120193,tight junction organization,7,85271,7,293897,3.4466231192316266,0.00017304836336255999,0.0012674821908386898,Compara
GO:0099171,presynaptic modulation of chemical synaptic transmission,28,85271,28,293897,3.4466231192316266,8.94554650851842e-16,4.077143801127754e-14,Compara
GO:0001975,response to amphetamine,36,85271,36,293897,3.4466231192316266,4.482757071825583e-20,3.007929995194966e-18,Compara
GO:0099523,presynaptic cytosol,30,85271,30,293897,3.4466231192316266,7.526848282341995e-17,3.6656965142792985e-15,Compara
GO:0099558,maintenance of synapse structure,7,85271,7,293897,3.4466231192316266,0.00017304836336255999,0.0012674821908386898,Compara
GO:0099572,postsynaptic specialization,7,85271,7,293897,3.4466231192316266,0.00017304836336255999,0.0012674821908386898,Compara
GO:0099634,postsynaptic specialization membrane,26,85271,26,293897,3.4466231192316266,1.0631293947892038e-14,4.308884842370471e-13,Compara
GO:0001964,startle response,18,85271,18,293897,3.4466231192316266,2.1201102804968003e-10,5.258047632000073e-09,Compara
GO:0001945,lymph vessel development,14,85271,14,293897,3.4466231192316266,2.9933522083709555e-08,5.247272564978867e-07,Compara
GO:0001956,positive regulation of neurotransmitter secretion,7,85271,7,293897,3.4466231192316266,0.00017304836336255999,0.0012674821908386898,Compara
GO:0120317,sperm mitochondrial sheath assembly,7,85271,7,293897,3.4466231192316266,0.00017304836336255999,0.0012674821908386898,Compara
GO:0002082,regulation of oxidative phosphorylation,7,85271,7,293897,3.4466231192316266,0.00017304836336255999,0.0012674821908386898,Compara
GO:0002087,regulation of respiratory gaseous exchange by nervous system process,11,85271,11,293897,3.4466231192316266,1.2259404567269677e-06,1.558621982773507e-05,Compara
GO:0098686,hippocampal mossy fiber to CA3 synapse,44,85271,44,293897,3.4466231192316266,2.2451844253348135e-24,2.222732581081465e-22,Compara
GO:0097440,apical dendrite,11,85271,11,293897,3.4466231192316266,1.2259404567269677e-06,1.558621982773507e-05,Compara
GO:0097449,astrocyte projection,14,85271,14,293897,3.4466231192316266,2.9933522083709555e-08,5.247272564978867e-07,Compara
GO:0002931,response to ischemia,44,85271,44,293897,3.4466231192316266,2.2451844253348135e-24,2.222732581081465e-22,Compara
GO:0097484,dendrite extension,9,85271,9,293897,3.4466231192316266,1.4565509086473874e-05,0.00014419853995609134,Compara
GO:0001878,response to yeast,7,85271,7,293897,3.4466231192316266,0.00017304836336255999,0.0012674821908386898,Compara
GO:0150053,cerebellar climbing fiber to Purkinje cell synapse,9,85271,9,293897,3.4466231192316266,1.4565509086473874e-05,0.00014419853995609134,Compara
GO:0002637,regulation of immunoglobulin production,9,85271,9,293897,3.4466231192316266,1.4565509086473874e-05,0.00014419853995609134,Compara
GO:0098528,skeletal muscle fiber differentiation,7,85271,7,293897,3.4466231192316266,0.00017304836336255999,0.0012674821908386898,Compara
GO:0002523,leukocyte migration involved in inflammatory response,7,85271,7,293897,3.4466231192316266,0.00017304836336255999,0.0012674821908386898,Compara
GO:0002437,inflammatory response to antigenic stimulus,15,85271,15,293897,3.4466231192316266,8.683871786555978e-09,1.683528145072602e-07,Compara
GO:0002315,marginal zone B cell differentiation,9,85271,9,293897,3.4466231192316266,1.4565509086473874e-05,0.00014419853995609134,Compara
GO:0098843,postsynaptic endocytic zone,7,85271,7,293897,3.4466231192316266,0.00017304836336255999,0.0012674821908386898,Compara
GO:0140311,protein sequestering activity,9,85271,9,293897,3.4466231192316266,1.4565509086473874e-05,0.00014419853995609134,Compara
GO:0098693,regulation of synaptic vesicle cycle,13,85271,13,293897,3.4466231192316266,1.0318073616960871e-07,1.6333118367713421e-06,Compara
GO:0098696,regulation of neurotransmitter receptor localization to postsynaptic specialization membrane,14,85271,14,293897,3.4466231192316266,2.9933522083709555e-08,5.247272564978867e-07,Compara
GO:0002260,lymphocyte homeostasis,15,85271,15,293897,3.4466231192316266,8.683871786555978e-09,1.683528145072602e-07,Compara
GO:0140238,presynaptic endocytosis,11,85271,11,293897,3.4466231192316266,1.2259404567269677e-06,1.558621982773507e-05,Compara
GO:0002199,zona pellucida receptor complex,7,85271,7,293897,3.4466231192316266,0.00017304836336255999,0.0012674821908386898,Compara
GO:0140104,molecular carrier activity,7,85271,7,293897,3.4466231192316266,0.00017304836336255999,0.0012674821908386898,Compara
GO:0098830,presynaptic endosome,7,85271,7,293897,3.4466231192316266,0.00017304836336255999,0.0012674821908386898,Compara
GO:0140059,dendrite arborization,7,85271,7,293897,3.4466231192316266,0.00017304836336255999,0.0012674821908386898,Compara
GO:0061053,somite development,14,85271,14,293897,3.4466231192316266,2.9933522083709555e-08,5.247272564978867e-07,Compara
GO:0071679,commissural neuron axon guidance,11,85271,11,293897,3.4466231192316266,1.2259404567269677e-06,1.558621982773507e-05,Compara
GO:0001947,heart looping,44,85271,44,293897,3.4466231192316266,2.2451844253348135e-24,2.222732581081465e-22,Compara
GO:2000379,positive regulation of reactive oxygen species metabolic process,9,85271,9,293897,3.4466231192316266,1.4565509086473874e-05,0.00014419853995609134,Compara
GO:2000300,regulation of synaptic vesicle exocytosis,26,85271,26,293897,3.4466231192316266,1.0631293947892038e-14,4.308884842370471e-13,Compara
GO:2000178,negative regulation of neural precursor cell proliferation,11,85271,11,293897,3.4466231192316266,1.2259404567269677e-06,1.558621982773507e-05,Compara
GO:0070372,regulation of ERK1 and ERK2 cascade,9,85271,9,293897,3.4466231192316266,1.4565509086473874e-05,0.00014419853995609134,Compara
GO:0071425,hematopoietic stem cell proliferation,11,85271,11,293897,3.4466231192316266,1.2259404567269677e-06,1.558621982773507e-05,Compara
GO:0071314,cellular response to cocaine,9,85271,9,293897,3.4466231192316266,1.4565509086473874e-05,0.00014419853995609134,Compara
GO:0070555,response to interleukin-1,13,85271,13,293897,3.4466231192316266,1.0318073616960871e-07,1.6333118367713421e-06,Compara
GO:0000800,lateral element,11,85271,11,293897,3.4466231192316266,1.2259404567269677e-06,1.558621982773507e-05,Compara
GO:0071340,skeletal muscle acetylcholine-gated channel clustering,7,85271,7,293897,3.4466231192316266,0.00017304836336255999,0.0012674821908386898,Compara
GO:1905232,cellular response to L-glutamate,7,85271,7,293897,3.4466231192316266,0.00017304836336255999,0.0012674821908386898,Compara
GO:0001542,ovulation from ovarian follicle,9,85271,9,293897,3.4466231192316266,1.4565509086473874e-05,0.00014419853995609134,Compara
GO:0071397,cellular response to cholesterol,11,85271,11,293897,3.4466231192316266,1.2259404567269677e-06,1.558621982773507e-05,Compara
GO:0000979,RNA polymerase II core promoter sequence-specific DNA binding,7,85271,7,293897,3.4466231192316266,0.00017304836336255999,0.0012674821908386898,Compara
GO:1904628,cellular response to phorbol 13-acetate 12-myristate,7,85271,7,293897,3.4466231192316266,0.00017304836336255999,0.0012674821908386898,Compara
GO:0071276,cellular response to cadmium ion,7,85271,7,293897,3.4466231192316266,0.00017304836336255999,0.0012674821908386898,Compara
GO:2000134,negative regulation of G1/S transition of mitotic cell cycle,11,85271,11,293897,3.4466231192316266,1.2259404567269677e-06,1.558621982773507e-05,Compara
GO:1990760,osmolarity-sensing monoatomic cation channel activity,7,85271,7,293897,3.4466231192316266,0.00017304836336255999,0.0012674821908386898,Compara
GO:0071361,cellular response to ethanol,13,85271,13,293897,3.4466231192316266,1.0318073616960871e-07,1.6333118367713421e-06,Compara
GO:0005883,neurofilament,7,85271,7,293897,3.4466231192316266,0.00017304836336255999,0.0012674821908386898,Compara
GO:0070166,enamel mineralization,11,85271,11,293897,3.4466231192316266,1.2259404567269677e-06,1.558621982773507e-05,Compara
GO:1905198,manchette assembly,11,85271,11,293897,3.4466231192316266,1.2259404567269677e-06,1.558621982773507e-05,Compara
GO:0061760,antifungal innate immune response,7,85271,7,293897,3.4466231192316266,0.00017304836336255999,0.0012674821908386898,Compara
GO:0001556,oocyte maturation,18,85271,18,293897,3.4466231192316266,2.1201102804968003e-10,5.258047632000073e-09,Compara
GO:0071305,cellular response to vitamin D,9,85271,9,293897,3.4466231192316266,1.4565509086473874e-05,0.00014419853995609134,Compara
GO:2000177,regulation of neural precursor cell proliferation,11,85271,11,293897,3.4466231192316266,1.2259404567269677e-06,1.558621982773507e-05,Compara
GO:0061299,retina vasculature morphogenesis in camera-type eye,7,85271,7,293897,3.4466231192316266,0.00017304836336255999,0.0012674821908386898,Compara
GO:2001241,positive regulation of extrinsic apoptotic signaling pathway in absence of ligand,7,85271,7,293897,3.4466231192316266,0.00017304836336255999,0.0012674821908386898,Compara
GO:0071257,cellular response to electrical stimulus,9,85271,9,293897,3.4466231192316266,1.4565509086473874e-05,0.00014419853995609134,Compara
GO:2001224,positive regulation of neuron migration,9,85271,9,293897,3.4466231192316266,1.4565509086473874e-05,0.00014419853995609134,Compara
GO:0071280,cellular response to copper ion,7,85271,7,293897,3.4466231192316266,0.00017304836336255999,0.0012674821908386898,Compara
GO:2001223,negative regulation of neuron migration,7,85271,7,293897,3.4466231192316266,0.00017304836336255999,0.0012674821908386898,Compara
GO:1990403,embryonic brain development,15,85271,15,293897,3.4466231192316266,8.683871786555978e-09,1.683528145072602e-07,Compara
GO:0061179,negative regulation of insulin secretion involved in cellular response to glucose stimulus,7,85271,7,293897,3.4466231192316266,0.00017304836336255999,0.0012674821908386898,Compara
GO:0061180,mammary gland epithelium development,7,85271,7,293897,3.4466231192316266,0.00017304836336255999,0.0012674821908386898,Compara
GO:0061298,retina vasculature development in camera-type eye,14,85271,14,293897,3.4466231192316266,2.9933522083709555e-08,5.247272564978867e-07,Compara
GO:1990869,cellular response to chemokine,7,85271,7,293897,3.4466231192316266,0.00017304836336255999,0.0012674821908386898,Compara
GO:0061448,connective tissue development,7,85271,7,293897,3.4466231192316266,0.00017304836336255999,0.0012674821908386898,Compara
GO:0071285,cellular response to lithium ion,11,85271,11,293897,3.4466231192316266,1.2259404567269677e-06,1.558621982773507e-05,Compara
GO:2000773,negative regulation of cellular senescence,7,85271,7,293897,3.4466231192316266,0.00017304836336255999,0.0012674821908386898,Compara
GO:0071548,response to dexamethasone,13,85271,13,293897,3.4466231192316266,1.0318073616960871e-07,1.6333118367713421e-06,Compara
GO:0071514,genomic imprinting,14,85271,14,293897,3.4466231192316266,2.9933522083709555e-08,5.247272564978867e-07,Compara
GO:1904706,negative regulation of vascular associated smooth muscle cell proliferation,7,85271,7,293897,3.4466231192316266,0.00017304836336255999,0.0012674821908386898,Compara
GO:1904383,response to sodium phosphate,9,85271,9,293897,3.4466231192316266,1.4565509086473874e-05,0.00014419853995609134,Compara
GO:2000737,negative regulation of stem cell differentiation,9,85271,9,293897,3.4466231192316266,1.4565509086473874e-05,0.00014419853995609134,Compara
GO:0001504,neurotransmitter uptake,7,85271,7,293897,3.4466231192316266,0.00017304836336255999,0.0012674821908386898,Compara
GO:1990416,cellular response to brain-derived neurotrophic factor stimulus,7,85271,7,293897,3.4466231192316266,0.00017304836336255999,0.0012674821908386898,Compara
GO:0061518,microglial cell proliferation,7,85271,7,293897,3.4466231192316266,0.00017304836336255999,0.0012674821908386898,Compara
GO:0040015,negative regulation of multicellular organism growth,12,85271,12,293897,3.446623119231626,3.556606416768669e-07,4.9546357902805055e-06,Compara
GO:0035239,tube morphogenesis,6,85271,6,293897,3.446623119231626,0.0005964622829607854,0.0037115257360125537,Compara
GO:0140459,response to Gram-positive bacterium,6,85271,6,293897,3.446623119231626,0.0005964622829607854,0.0037115257360125537,Compara
GO:0140718,facultative heterochromatin formation,6,85271,6,293897,3.446623119231626,0.0005964622829607854,0.0037115257360125537,Compara
GO:0045598,regulation of fat cell differentiation,12,85271,12,293897,3.446623119231626,3.556606416768669e-07,4.9546357902805055e-06,Compara
GO:0045499,chemorepellent activity,6,85271,6,293897,3.446623119231626,0.0005964622829607854,0.0037115257360125537,Compara
GO:0035253,ciliary rootlet,8,85271,8,293897,3.446623119231626,5.020516401891405e-05,0.00042762903457012964,Compara
GO:0045453,bone resorption,21,85271,21,293897,3.446623119231626,5.17572215099591e-12,1.5987818961567418e-10,Compara
GO:1990742,microvesicle,6,85271,6,293897,3.446623119231626,0.0005964622829607854,0.0037115257360125537,Compara
GO:0044539,long-chain fatty acid import into cell,6,85271,6,293897,3.446623119231626,0.0005964622829607854,0.0037115257360125537,Compara
GO:0044849,estrous cycle,12,85271,12,293897,3.446623119231626,3.556606416768669e-07,4.9546357902805055e-06,Compara
GO:0035634,response to stilbenoid,6,85271,6,293897,3.446623119231626,0.0005964622829607854,0.0037115257360125537,Compara
GO:0035633,maintenance of blood-brain barrier,6,85271,6,293897,3.446623119231626,0.0005964622829607854,0.0037115257360125537,Compara
GO:0045060,negative thymic T cell selection,12,85271,12,293897,3.446623119231626,3.556606416768669e-07,4.9546357902805055e-06,Compara
GO:0045063,T-helper 1 cell differentiation,6,85271,6,293897,3.446623119231626,0.0005964622829607854,0.0037115257360125537,Compara
GO:0045120,pronucleus,8,85271,8,293897,3.446623119231626,5.020516401891405e-05,0.00042762903457012964,Compara
GO:0035265,organ growth,12,85271,12,293897,3.446623119231626,3.556606416768669e-07,4.9546357902805055e-06,Compara
GO:1990708,conditioned place preference,10,85271,10,293897,3.446623119231626,4.225706513001431e-06,4.7301281987054014e-05,Compara
GO:0150076,neuroinflammatory response,10,85271,10,293897,3.446623119231626,4.225706513001431e-06,4.7301281987054014e-05,Compara
GO:0045445,myoblast differentiation,8,85271,8,293897,3.446623119231626,5.020516401891405e-05,0.00042762903457012964,Compara
GO:0035255,ionotropic glutamate receptor binding,20,85271,20,293897,3.446623119231626,1.7841734390898402e-11,5.106456587044334e-10,Compara
GO:0045187,"regulation of circadian sleep/wake cycle, sleep",6,85271,6,293897,3.446623119231626,0.0005964622829607854,0.0037115257360125537,Compara
GO:0150052,regulation of postsynapse assembly,38,85271,38,293897,3.446623119231626,3.77132199199912e-21,2.882913102491479e-19,Compara
GO:0150012,positive regulation of neuron projection arborization,6,85271,6,293897,3.446623119231626,0.0005964622829607854,0.0037115257360125537,Compara
GO:0141196,transposable element silencing by piRNA-mediated DNA methylation,10,85271,10,293897,3.446623119231626,4.225706513001431e-06,4.7301281987054014e-05,Compara
GO:0045197,establishment or maintenance of epithelial cell apical/basal polarity,6,85271,6,293897,3.446623119231626,0.0005964622829607854,0.0037115257360125537,Compara
GO:1990776,response to angiotensin,8,85271,8,293897,3.446623119231626,5.020516401891405e-05,0.00042762903457012964,Compara
GO:0141163,positive regulation of cAMP/PKA signal transduction,6,85271,6,293897,3.446623119231626,0.0005964622829607854,0.0037115257360125537,Compara
GO:1990859,cellular response to endothelin,10,85271,10,293897,3.446623119231626,4.225706513001431e-06,4.7301281987054014e-05,Compara
GO:0045603,positive regulation of endothelial cell differentiation,8,85271,8,293897,3.446623119231626,5.020516401891405e-05,0.00042762903457012964,Compara
GO:0035106,operant conditioning,6,85271,6,293897,3.446623119231626,0.0005964622829607854,0.0037115257360125537,Compara
GO:0045638,negative regulation of myeloid cell differentiation,12,85271,12,293897,3.446623119231626,3.556606416768669e-07,4.9546357902805055e-06,Compara
GO:0035234,ectopic germ cell programmed cell death,6,85271,6,293897,3.446623119231626,0.0005964622829607854,0.0037115257360125537,Compara
GO:2000378,negative regulation of reactive oxygen species metabolic process,10,85271,10,293897,3.446623119231626,4.225706513001431e-06,4.7301281987054014e-05,Compara
GO:0120200,rod photoreceptor outer segment,6,85271,6,293897,3.446623119231626,0.0005964622829607854,0.0037115257360125537,Compara
GO:0045793,positive regulation of cell size,8,85271,8,293897,3.446623119231626,5.020516401891405e-05,0.00042762903457012964,Compara
GO:0034224,cellular response to zinc ion starvation,6,85271,6,293897,3.446623119231626,0.0005964622829607854,0.0037115257360125537,Compara
GO:0045806,negative regulation of endocytosis,6,85271,6,293897,3.446623119231626,0.0005964622829607854,0.0037115257360125537,Compara
GO:0034142,toll-like receptor 4 signaling pathway,12,85271,12,293897,3.446623119231626,3.556606416768669e-07,4.9546357902805055e-06,Compara
GO:0045820,negative regulation of glycolytic process,10,85271,10,293897,3.446623119231626,4.225706513001431e-06,4.7301281987054014e-05,Compara
GO:0045824,negative regulation of innate immune response,12,85271,12,293897,3.446623119231626,3.556606416768669e-07,4.9546357902805055e-06,Compara
GO:0045840,positive regulation of mitotic nuclear division,10,85271,10,293897,3.446623119231626,4.225706513001431e-06,4.7301281987054014e-05,Compara
GO:2000463,positive regulation of excitatory postsynaptic potential,16,85271,16,293897,3.446623119231626,2.5192157841310613e-09,5.38532535234247e-08,Compara
GO:0045956,positive regulation of calcium ion-dependent exocytosis,8,85271,8,293897,3.446623119231626,5.020516401891405e-05,0.00042762903457012964,Compara
GO:2000738,positive regulation of stem cell differentiation,8,85271,8,293897,3.446623119231626,5.020516401891405e-05,0.00042762903457012964,Compara
GO:0033603,positive regulation of dopamine secretion,6,85271,6,293897,3.446623119231626,0.0005964622829607854,0.0037115257360125537,Compara
GO:2001171,positive regulation of ATP biosynthetic process,8,85271,8,293897,3.446623119231626,5.020516401891405e-05,0.00042762903457012964,Compara
GO:2001214,positive regulation of vasculogenesis,6,85271,6,293897,3.446623119231626,0.0005964622829607854,0.0037115257360125537,Compara
GO:0046323,D-glucose import,8,85271,8,293897,3.446623119231626,5.020516401891405e-05,0.00042762903457012964,Compara
GO:0120163,negative regulation of cold-induced thermogenesis,38,85271,38,293897,3.446623119231626,3.77132199199912e-21,2.882913102491479e-19,Compara
GO:2000347,positive regulation of hepatocyte proliferation,8,85271,8,293897,3.446623119231626,5.020516401891405e-05,0.00042762903457012964,Compara
GO:2000320,negative regulation of T-helper 17 cell differentiation,8,85271,8,293897,3.446623119231626,5.020516401891405e-05,0.00042762903457012964,Compara
GO:0045779,negative regulation of bone resorption,10,85271,10,293897,3.446623119231626,4.225706513001431e-06,4.7301281987054014e-05,Compara
GO:0140058,neuron projection arborization,6,85271,6,293897,3.446623119231626,0.0005964622829607854,0.0037115257360125537,Compara
GO:2000010,positive regulation of protein localization to cell surface,10,85271,10,293897,3.446623119231626,4.225706513001431e-06,4.7301281987054014e-05,Compara
GO:0045661,regulation of myoblast differentiation,6,85271,6,293897,3.446623119231626,0.0005964622829607854,0.0037115257360125537,Compara
GO:2000035,regulation of stem cell division,8,85271,8,293897,3.446623119231626,5.020516401891405e-05,0.00042762903457012964,Compara
GO:0150103,reactive gliosis,6,85271,6,293897,3.446623119231626,0.0005964622829607854,0.0037115257360125537,Compara
GO:0045668,negative regulation of osteoblast differentiation,31,85271,31,293897,3.446623119231626,2.1832872504354376e-17,1.122116740883371e-15,Compara
GO:0035035,histone acetyltransferase binding,10,85271,10,293897,3.446623119231626,4.225706513001431e-06,4.7301281987054014e-05,Compara
GO:2000253,positive regulation of feeding behavior,6,85271,6,293897,3.446623119231626,0.0005964622829607854,0.0037115257360125537,Compara
GO:0045687,positive regulation of glial cell differentiation,6,85271,6,293897,3.446623119231626,0.0005964622829607854,0.0037115257360125537,Compara
GO:0034355,NAD+ biosynthetic process via the salvage pathway,8,85271,8,293897,3.446623119231626,5.020516401891405e-05,0.00042762903457012964,Compara
GO:0035019,somatic stem cell population maintenance,33,85271,33,293897,3.446623119231626,1.8369420698334572e-18,1.0822725033877315e-16,Compara
GO:0045722,positive regulation of gluconeogenesis,16,85271,16,293897,3.446623119231626,2.5192157841310613e-09,5.38532535234247e-08,Compara
GO:0045724,positive regulation of cilium assembly,8,85271,8,293897,3.446623119231626,5.020516401891405e-05,0.00042762903457012964,Compara
GO:0045725,positive regulation of glycogen biosynthetic process,6,85271,6,293897,3.446623119231626,0.0005964622829607854,0.0037115257360125537,Compara
GO:0045776,negative regulation of blood pressure,20,85271,20,293897,3.446623119231626,1.7841734390898402e-11,5.106456587044334e-10,Compara
GO:2000318,positive regulation of T-helper 17 type immune response,6,85271,6,293897,3.446623119231626,0.0005964622829607854,0.0037115257360125537,Compara
GO:0045777,positive regulation of blood pressure,17,85271,17,293897,3.446623119231626,7.308255438903873e-10,1.6749356582747816e-08,Compara
GO:0044458,motile cilium assembly,17,85271,17,293897,3.446623119231626,7.308255438903873e-10,1.6749356582747816e-08,Compara
GO:0044300,cerebellar mossy fiber,8,85271,8,293897,3.446623119231626,5.020516401891405e-05,0.00042762903457012964,Compara
GO:0035641,locomotory exploration behavior,16,85271,16,293897,3.446623119231626,2.5192157841310613e-09,5.38532535234247e-08,Compara
GO:0036342,post-anal tail morphogenesis,20,85271,20,293897,3.446623119231626,1.7841734390898402e-11,5.106456587044334e-10,Compara
GO:0042474,middle ear morphogenesis,20,85271,20,293897,3.446623119231626,1.7841734390898402e-11,5.106456587044334e-10,Compara
GO:1903546,protein localization to photoreceptor outer segment,6,85271,6,293897,3.446623119231626,0.0005964622829607854,0.0037115257360125537,Compara
GO:1904507,positive regulation of telomere maintenance in response to DNA damage,12,85271,12,293897,3.446623119231626,3.556606416768669e-07,4.9546357902805055e-06,Compara
GO:0042491,inner ear auditory receptor cell differentiation,12,85271,12,293897,3.446623119231626,3.556606416768669e-07,4.9546357902805055e-06,Compara
GO:1904645,response to amyloid-beta,6,85271,6,293897,3.446623119231626,0.0005964622829607854,0.0037115257360125537,Compara
GO:1903409,reactive oxygen species biosynthetic process,8,85271,8,293897,3.446623119231626,5.020516401891405e-05,0.00042762903457012964,Compara
GO:1903238,positive regulation of leukocyte tethering or rolling,10,85271,10,293897,3.446623119231626,4.225706513001431e-06,4.7301281987054014e-05,Compara
GO:0042594,response to starvation,24,85271,24,293897,3.446623119231626,1.2634291924082485e-13,4.610180599971851e-12,Compara
GO:1903169,regulation of calcium ion transmembrane transport,6,85271,6,293897,3.446623119231626,0.0005964622829607854,0.0037115257360125537,Compara
GO:0042596,fear response,8,85271,8,293897,3.446623119231626,5.020516401891405e-05,0.00042762903457012964,Compara
GO:0042462,eye photoreceptor cell development,16,85271,16,293897,3.446623119231626,2.5192157841310613e-09,5.38532535234247e-08,Compara
GO:1903077,negative regulation of protein localization to plasma membrane,6,85271,6,293897,3.446623119231626,0.0005964622829607854,0.0037115257360125537,Compara
GO:1903076,regulation of protein localization to plasma membrane,8,85271,8,293897,3.446623119231626,5.020516401891405e-05,0.00042762903457012964,Compara
GO:0036336,dendritic cell migration,6,85271,6,293897,3.446623119231626,0.0005964622829607854,0.0037115257360125537,Compara
GO:0042756,drinking behavior,17,85271,17,293897,3.446623119231626,7.308255438903873e-10,1.6749356582747816e-08,Compara
GO:1902237,positive regulation of endoplasmic reticulum stress-induced intrinsic apoptotic signaling pathway,6,85271,6,293897,3.446623119231626,0.0005964622829607854,0.0037115257360125537,Compara
GO:1902074,response to salt,8,85271,8,293897,3.446623119231626,5.020516401891405e-05,0.00042762903457012964,Compara
GO:1904948,midbrain dopaminergic neuron differentiation,6,85271,6,293897,3.446623119231626,0.0005964622829607854,0.0037115257360125537,Compara
GO:0043032,positive regulation of macrophage activation,12,85271,12,293897,3.446623119231626,3.556606416768669e-07,4.9546357902805055e-06,Compara
GO:0120162,positive regulation of cold-induced thermogenesis,81,85271,81,293897,3.446623119231626,2.879942420191837e-44,9.938269871736288e-42,Compara
GO:0042473,outer ear morphogenesis,6,85271,6,293897,3.446623119231626,0.0005964622829607854,0.0037115257360125537,Compara
GO:1903803,L-glutamine import across plasma membrane,6,85271,6,293897,3.446623119231626,0.0005964622829607854,0.0037115257360125537,Compara
GO:1905144,response to acetylcholine,6,85271,6,293897,3.446623119231626,0.0005964622829607854,0.0037115257360125537,Compara
GO:0042074,cell migration involved in gastrulation,8,85271,8,293897,3.446623119231626,5.020516401891405e-05,0.00042762903457012964,Compara
GO:1904179,positive regulation of adipose tissue development,6,85271,6,293897,3.446623119231626,0.0005964622829607854,0.0037115257360125537,Compara
GO:0040019,positive regulation of embryonic development,8,85271,8,293897,3.446623119231626,5.020516401891405e-05,0.00042762903457012964,Compara
GO:1904045,cellular response to aldosterone,6,85271,6,293897,3.446623119231626,0.0005964622829607854,0.0037115257360125537,Compara
GO:1904044,response to aldosterone,10,85271,10,293897,3.446623119231626,4.225706513001431e-06,4.7301281987054014e-05,Compara
GO:0040037,negative regulation of fibroblast growth factor receptor signaling pathway,10,85271,10,293897,3.446623119231626,4.225706513001431e-06,4.7301281987054014e-05,Compara
GO:0042045,epithelial fluid transport,8,85271,8,293897,3.446623119231626,5.020516401891405e-05,0.00042762903457012964,Compara
GO:1904036,negative regulation of epithelial cell apoptotic process,6,85271,6,293897,3.446623119231626,0.0005964622829607854,0.0037115257360125537,Compara
GO:1903999,negative regulation of eating behavior,6,85271,6,293897,3.446623119231626,0.0005964622829607854,0.0037115257360125537,Compara
GO:0040011,locomotion,12,85271,12,293897,3.446623119231626,3.556606416768669e-07,4.9546357902805055e-06,Compara
GO:0042098,T cell proliferation,20,85271,20,293897,3.446623119231626,1.7841734390898402e-11,5.106456587044334e-10,Compara
GO:0038024,cargo receptor activity,10,85271,10,293897,3.446623119231626,4.225706513001431e-06,4.7301281987054014e-05,Compara
GO:0038133,ERBB2-ERBB3 signaling pathway,8,85271,8,293897,3.446623119231626,5.020516401891405e-05,0.00042762903457012964,Compara
GO:0042100,B cell proliferation,16,85271,16,293897,3.446623119231626,2.5192157841310613e-09,5.38532535234247e-08,Compara
GO:0042169,SH2 domain binding,12,85271,12,293897,3.446623119231626,3.556606416768669e-07,4.9546357902805055e-06,Compara
GO:0042220,response to cocaine,34,85271,34,293897,3.446623119231626,5.3282221758267735e-19,3.317230280393597e-17,Compara
GO:1903979,negative regulation of microglial cell activation,6,85271,6,293897,3.446623119231626,0.0005964622829607854,0.0037115257360125537,Compara
GO:0038127,ERBB signaling pathway,6,85271,6,293897,3.446623119231626,0.0005964622829607854,0.0037115257360125537,Compara
GO:0042415,norepinephrine metabolic process,8,85271,8,293897,3.446623119231626,5.020516401891405e-05,0.00042762903457012964,Compara
GO:0038063,collagen-activated tyrosine kinase receptor signaling pathway,12,85271,12,293897,3.446623119231626,3.556606416768669e-07,4.9546357902805055e-06,Compara
GO:1904385,cellular response to angiotensin,10,85271,10,293897,3.446623119231626,4.225706513001431e-06,4.7301281987054014e-05,Compara
GO:0043129,surfactant homeostasis,12,85271,12,293897,3.446623119231626,3.556606416768669e-07,4.9546357902805055e-06,Compara
GO:0043153,entrainment of circadian clock by photoperiod,20,85271,20,293897,3.446623119231626,1.7841734390898402e-11,5.106456587044334e-10,Compara
GO:0035726,common myeloid progenitor cell proliferation,6,85271,6,293897,3.446623119231626,0.0005964622829607854,0.0037115257360125537,Compara
GO:1900027,regulation of ruffle assembly,6,85271,6,293897,3.446623119231626,0.0005964622829607854,0.0037115257360125537,Compara
GO:0043588,skin development,46,85271,46,293897,3.446623119231626,1.8886111454815007e-25,2.0550131004617627e-23,Compara
GO:1900087,positive regulation of G1/S transition of mitotic cell cycle,12,85271,12,293897,3.446623119231626,3.556606416768669e-07,4.9546357902805055e-06,Compara
GO:1990138,neuron projection extension,23,85271,23,293897,3.446623119231626,4.3553982555284133e-13,1.5029857180077762e-11,Compara
GO:0043627,response to estrogen,31,85271,31,293897,3.446623119231626,2.1832872504354376e-17,1.122116740883371e-15,Compara
GO:0043679,axon terminus,43,85271,43,293897,3.446623119231626,7.741075985580498e-24,7.304430918268848e-22,Compara
GO:1990266,neutrophil migration,6,85271,6,293897,3.446623119231626,0.0005964622829607854,0.0037115257360125537,Compara
GO:0035810,positive regulation of urine volume,8,85271,8,293897,3.446623119231626,5.020516401891405e-05,0.00042762903457012964,Compara
GO:0044224,juxtaparanode region of axon,8,85271,8,293897,3.446623119231626,5.020516401891405e-05,0.00042762903457012964,Compara
GO:0044294,dendritic growth cone,6,85271,6,293897,3.446623119231626,0.0005964622829607854,0.0037115257360125537,Compara
GO:0044297,cell body,69,85271,69,293897,3.446623119231626,8.153486572605937e-38,1.893804054306433e-35,Compara
GO:0043586,tongue development,8,85271,8,293897,3.446623119231626,5.020516401891405e-05,0.00042762903457012964,Compara
GO:0040016,embryonic cleavage,8,85271,8,293897,3.446623119231626,5.020516401891405e-05,0.00042762903457012964,Compara
GO:0044305,calyx of Held,24,85271,24,293897,3.446623119231626,1.2634291924082485e-13,4.610180599971851e-12,Compara
GO:0044306,neuron projection terminus,17,85271,17,293897,3.446623119231626,7.308255438903873e-10,1.6749356582747816e-08,Compara
GO:1900016,negative regulation of cytokine production involved in inflammatory response,16,85271,16,293897,3.446623119231626,2.5192157841310613e-09,5.38532535234247e-08,Compara
GO:0035774,positive regulation of insulin secretion involved in cellular response to glucose stimulus,32,85271,32,293897,3.446623119231626,6.332934236370588e-18,3.3995190980837315e-16,Compara
GO:1900006,positive regulation of dendrite development,8,85271,8,293897,3.446623119231626,5.020516401891405e-05,0.00042762903457012964,Compara
GO:0044331,cell-cell adhesion mediated by cadherin,6,85271,6,293897,3.446623119231626,0.0005964622829607854,0.0037115257360125537,Compara
GO:1990314,cellular response to insulin-like growth factor stimulus,10,85271,10,293897,3.446623119231626,4.225706513001431e-06,4.7301281987054014e-05,Compara
GO:0035729,cellular response to hepatocyte growth factor stimulus,10,85271,10,293897,3.446623119231626,4.225706513001431e-06,4.7301281987054014e-05,Compara
GO:0035864,response to potassium ion,8,85271,8,293897,3.446623119231626,5.020516401891405e-05,0.00042762903457012964,Compara
GO:0043583,ear development,12,85271,12,293897,3.446623119231626,3.556606416768669e-07,4.9546357902805055e-06,Compara
GO:1905146,lysosomal protein catabolic process,8,85271,8,293897,3.446623119231626,5.020516401891405e-05,0.00042762903457012964,Compara
GO:1900273,positive regulation of long-term synaptic potentiation,17,85271,17,293897,3.446623119231626,7.308255438903873e-10,1.6749356582747816e-08,Compara
GO:1901741,positive regulation of myoblast fusion,12,85271,12,293897,3.446623119231626,3.556606416768669e-07,4.9546357902805055e-06,Compara
GO:0043198,dendritic shaft,32,85271,32,293897,3.446623119231626,6.332934236370588e-18,3.3995190980837315e-16,Compara
GO:0043270,positive regulation of monoatomic ion transport,6,85271,6,293897,3.446623119231626,0.0005964622829607854,0.0037115257360125537,Compara
GO:1901653,cellular response to peptide,8,85271,8,293897,3.446623119231626,5.020516401891405e-05,0.00042762903457012964,Compara
GO:1905274,regulation of modification of postsynaptic actin cytoskeleton,6,85271,6,293897,3.446623119231626,0.0005964622829607854,0.0037115257360125537,Compara
GO:1901381,positive regulation of potassium ion transmembrane transport,6,85271,6,293897,3.446623119231626,0.0005964622829607854,0.0037115257360125537,Compara
GO:1900407,regulation of cellular response to oxidative stress,8,85271,8,293897,3.446623119231626,5.020516401891405e-05,0.00042762903457012964,Compara
GO:0043279,response to alkaloid,10,85271,10,293897,3.446623119231626,4.225706513001431e-06,4.7301281987054014e-05,Compara
GO:1905806,regulation of synapse pruning,8,85271,8,293897,3.446623119231626,5.020516401891405e-05,0.00042762903457012964,Compara
GO:1905820,positive regulation of chromosome separation,6,85271,6,293897,3.446623119231626,0.0005964622829607854,0.0037115257360125537,Compara
GO:0043576,regulation of respiratory gaseous exchange,6,85271,6,293897,3.446623119231626,0.0005964622829607854,0.0037115257360125537,Compara
GO:0043296,apical junction complex,10,85271,10,293897,3.446623119231626,4.225706513001431e-06,4.7301281987054014e-05,Compara
GO:0043306,positive regulation of mast cell degranulation,10,85271,10,293897,3.446623119231626,4.225706513001431e-06,4.7301281987054014e-05,Compara
GO:0043353,enucleate erythrocyte differentiation,6,85271,6,293897,3.446623119231626,0.0005964622829607854,0.0037115257360125537,Compara
GO:0035902,response to immobilization stress,21,85271,21,293897,3.446623119231626,5.17572215099591e-12,1.5987818961567418e-10,Compara
GO:1900271,regulation of long-term synaptic potentiation,8,85271,8,293897,3.446623119231626,5.020516401891405e-05,0.00042762903457012964,Compara
GO:1990090,cellular response to nerve growth factor stimulus,23,85271,23,293897,3.446623119231626,4.3553982555284133e-13,1.5029857180077762e-11,Compara
GO:1900242,regulation of synaptic vesicle endocytosis,19,85271,19,293897,3.446623119231626,6.150346289958667e-11,1.6362088654211626e-09,Compara
GO:1900181,negative regulation of protein localization to nucleus,10,85271,10,293897,3.446623119231626,4.225706513001431e-06,4.7301281987054014e-05,Compara
GO:0043568,positive regulation of insulin-like growth factor receptor signaling pathway,6,85271,6,293897,3.446623119231626,0.0005964622829607854,0.0037115257360125537,Compara
GO:0061052,negative regulation of cell growth involved in cardiac muscle cell development,12,85271,12,293897,3.446623119231626,3.556606416768669e-07,4.9546357902805055e-06,Compara
GO:0098831,presynaptic active zone cytoplasmic component,8,85271,8,293897,3.446623119231626,5.020516401891405e-05,0.00042762903457012964,Compara
GO:0120044,stereocilium base,6,85271,6,293897,3.446623119231626,0.0005964622829607854,0.0037115257360125537,Compara
GO:0071565,nBAF complex,8,85271,8,293897,3.446623119231626,5.020516401891405e-05,0.00042762903457012964,Compara
GO:0071559,response to transforming growth factor beta,6,85271,6,293897,3.446623119231626,0.0005964622829607854,0.0037115257360125537,Compara
GO:0071549,cellular response to dexamethasone stimulus,21,85271,21,293897,3.446623119231626,5.17572215099591e-12,1.5987818961567418e-10,Compara
GO:0060042,retina morphogenesis in camera-type eye,12,85271,12,293897,3.446623119231626,3.556606416768669e-07,4.9546357902805055e-06,Compara
GO:0060045,positive regulation of cardiac muscle cell proliferation,19,85271,19,293897,3.446623119231626,6.150346289958667e-11,1.6362088654211626e-09,Compara
GO:0071466,cellular response to xenobiotic stimulus,38,85271,38,293897,3.446623119231626,3.77132199199912e-21,2.882913102491479e-19,Compara
GO:0060048,cardiac muscle contraction,17,85271,17,293897,3.446623119231626,7.308255438903873e-10,1.6749356582747816e-08,Compara
GO:0060052,neurofilament cytoskeleton organization,10,85271,10,293897,3.446623119231626,4.225706513001431e-06,4.7301281987054014e-05,Compara
GO:0060055,angiogenesis involved in wound healing,8,85271,8,293897,3.446623119231626,5.020516401891405e-05,0.00042762903457012964,Compara
GO:0060056,mammary gland involution,6,85271,6,293897,3.446623119231626,0.0005964622829607854,0.0037115257360125537,Compara
GO:0060065,uterus development,23,85271,23,293897,3.446623119231626,4.3553982555284133e-13,1.5029857180077762e-11,Compara
GO:0071404,cellular response to low-density lipoprotein particle stimulus,10,85271,10,293897,3.446623119231626,4.225706513001431e-06,4.7301281987054014e-05,Compara
GO:0071398,cellular response to fatty acid,19,85271,19,293897,3.446623119231626,6.150346289958667e-11,1.6362088654211626e-09,Compara
GO:0060080,inhibitory postsynaptic potential,8,85271,8,293897,3.446623119231626,5.020516401891405e-05,0.00042762903457012964,Compara
GO:0071380,cellular response to prostaglandin E stimulus,10,85271,10,293897,3.446623119231626,4.225706513001431e-06,4.7301281987054014e-05,Compara
GO:0071375,cellular response to peptide hormone stimulus,12,85271,12,293897,3.446623119231626,3.556606416768669e-07,4.9546357902805055e-06,Compara
GO:0060087,relaxation of vascular associated smooth muscle,6,85271,6,293897,3.446623119231626,0.0005964622829607854,0.0037115257360125537,Compara
GO:0060088,auditory receptor cell stereocilium organization,19,85271,19,293897,3.446623119231626,6.150346289958667e-11,1.6362088654211626e-09,Compara
GO:0060113,inner ear receptor cell differentiation,8,85271,8,293897,3.446623119231626,5.020516401891405e-05,0.00042762903457012964,Compara
GO:0071374,cellular response to parathyroid hormone stimulus,8,85271,8,293897,3.446623119231626,5.020516401891405e-05,0.00042762903457012964,Compara
GO:0060119,inner ear receptor cell development,8,85271,8,293897,3.446623119231626,5.020516401891405e-05,0.00042762903457012964,Compara
GO:0071372,cellular response to follicle-stimulating hormone stimulus,10,85271,10,293897,3.446623119231626,4.225706513001431e-06,4.7301281987054014e-05,Compara
GO:0060124,positive regulation of growth hormone secretion,8,85271,8,293897,3.446623119231626,5.020516401891405e-05,0.00042762903457012964,Compara
GO:0071294,cellular response to zinc ion,6,85271,6,293897,3.446623119231626,0.0005964622829607854,0.0037115257360125537,Compara
GO:0060179,male mating behavior,6,85271,6,293897,3.446623119231626,0.0005964622829607854,0.0037115257360125537,Compara
GO:0060252,positive regulation of glial cell proliferation,10,85271,10,293897,3.446623119231626,4.225706513001431e-06,4.7301281987054014e-05,Compara
GO:0060040,retinal bipolar neuron differentiation,6,85271,6,293897,3.446623119231626,0.0005964622829607854,0.0037115257360125537,Compara
GO:0071578,zinc ion import across plasma membrane,6,85271,6,293897,3.446623119231626,0.0005964622829607854,0.0037115257360125537,Compara
GO:0106222,lncRNA binding,21,85271,21,293897,3.446623119231626,5.17572215099591e-12,1.5987818961567418e-10,Compara
GO:0071599,otic vesicle development,6,85271,6,293897,3.446623119231626,0.0005964622829607854,0.0037115257360125537,Compara
GO:0051481,negative regulation of cytosolic calcium ion concentration,8,85271,8,293897,3.446623119231626,5.020516401891405e-05,0.00042762903457012964,Compara
GO:0086004,regulation of cardiac muscle cell contraction,8,85271,8,293897,3.446623119231626,5.020516401891405e-05,0.00042762903457012964,Compara
GO:0086003,cardiac muscle cell contraction,6,85271,6,293897,3.446623119231626,0.0005964622829607854,0.0037115257360125537,Compara
GO:0085029,extracellular matrix assembly,12,85271,12,293897,3.446623119231626,3.556606416768669e-07,4.9546357902805055e-06,Compara
GO:0051602,response to electrical stimulus,23,85271,23,293897,3.446623119231626,4.3553982555284133e-13,1.5029857180077762e-11,Compara
GO:0051764,actin crosslink formation,6,85271,6,293897,3.446623119231626,0.0005964622829607854,0.0037115257360125537,Compara
GO:0051798,positive regulation of hair follicle development,6,85271,6,293897,3.446623119231626,0.0005964622829607854,0.0037115257360125537,Compara
GO:0051894,positive regulation of focal adhesion assembly,8,85271,8,293897,3.446623119231626,5.020516401891405e-05,0.00042762903457012964,Compara
GO:0051928,positive regulation of calcium ion transport,8,85271,8,293897,3.446623119231626,5.020516401891405e-05,0.00042762903457012964,Compara
GO:0072520,seminiferous tubule development,20,85271,20,293897,3.446623119231626,1.7841734390898402e-11,5.106456587044334e-10,Compara
GO:0072347,response to anesthetic,6,85271,6,293897,3.446623119231626,0.0005964622829607854,0.0037115257360125537,Compara
GO:0051967,"negative regulation of synaptic transmission, glutamatergic",8,85271,8,293897,3.446623119231626,5.020516401891405e-05,0.00042762903457012964,Compara
GO:0051968,"positive regulation of synaptic transmission, glutamatergic",10,85271,10,293897,3.446623119231626,4.225706513001431e-06,4.7301281987054014e-05,Compara
GO:0051984,positive regulation of chromosome segregation,6,85271,6,293897,3.446623119231626,0.0005964622829607854,0.0037115257360125537,Compara
GO:0055001,muscle cell development,16,85271,16,293897,3.446623119231626,2.5192157841310613e-09,5.38532535234247e-08,Compara
GO:0055009,atrial cardiac muscle tissue morphogenesis,6,85271,6,293897,3.446623119231626,0.0005964622829607854,0.0037115257360125537,Compara
GO:0055015,ventricular cardiac muscle cell development,10,85271,10,293897,3.446623119231626,4.225706513001431e-06,4.7301281987054014e-05,Compara
GO:0072006,nephron development,6,85271,6,293897,3.446623119231626,0.0005964622829607854,0.0037115257360125537,Compara
GO:0055089,fatty acid homeostasis,10,85271,10,293897,3.446623119231626,4.225706513001431e-06,4.7301281987054014e-05,Compara
GO:0071774,response to fibroblast growth factor,10,85271,10,293897,3.446623119231626,4.225706513001431e-06,4.7301281987054014e-05,Compara
GO:0071732,cellular response to nitric oxide,12,85271,12,293897,3.446623119231626,3.556606416768669e-07,4.9546357902805055e-06,Compara
GO:0060013,righting reflex,10,85271,10,293897,3.446623119231626,4.225706513001431e-06,4.7301281987054014e-05,Compara
GO:0060019,radial glial cell differentiation,6,85271,6,293897,3.446623119231626,0.0005964622829607854,0.0037115257360125537,Compara
GO:0060020,Bergmann glial cell differentiation,10,85271,10,293897,3.446623119231626,4.225706513001431e-06,4.7301281987054014e-05,Compara
GO:0071639,positive regulation of monocyte chemotactic protein-1 production,6,85271,6,293897,3.446623119231626,0.0005964622829607854,0.0037115257360125537,Compara
GO:0070986,left/right axis specification,12,85271,12,293897,3.446623119231626,3.556606416768669e-07,4.9546357902805055e-06,Compara
GO:0070885,negative regulation of calcineurin-NFAT signaling cascade,10,85271,10,293897,3.446623119231626,4.225706513001431e-06,4.7301281987054014e-05,Compara
GO:0070852,cell body fiber,6,85271,6,293897,3.446623119231626,0.0005964622829607854,0.0037115257360125537,Compara
GO:0060272,embryonic skeletal joint morphogenesis,8,85271,8,293897,3.446623119231626,5.020516401891405e-05,0.00042762903457012964,Compara
GO:0061549,sympathetic ganglion development,8,85271,8,293897,3.446623119231626,5.020516401891405e-05,0.00042762903457012964,Compara
GO:0060613,fat pad development,10,85271,10,293897,3.446623119231626,4.225706513001431e-06,4.7301281987054014e-05,Compara
GO:0060638,mesenchymal-epithelial cell signaling,6,85271,6,293897,3.446623119231626,0.0005964622829607854,0.0037115257360125537,Compara
GO:0060644,mammary gland epithelial cell differentiation,10,85271,10,293897,3.446623119231626,4.225706513001431e-06,4.7301281987054014e-05,Compara
GO:0060670,branching involved in labyrinthine layer morphogenesis,10,85271,10,293897,3.446623119231626,4.225706513001431e-06,4.7301281987054014e-05,Compara
GO:0060674,placenta blood vessel development,12,85271,12,293897,3.446623119231626,3.556606416768669e-07,4.9546357902805055e-06,Compara
GO:0060706,cell differentiation involved in embryonic placenta development,6,85271,6,293897,3.446623119231626,0.0005964622829607854,0.0037115257360125537,Compara
GO:0060710,chorio-allantoic fusion,6,85271,6,293897,3.446623119231626,0.0005964622829607854,0.0037115257360125537,Compara
GO:0060711,labyrinthine layer development,10,85271,10,293897,3.446623119231626,4.225706513001431e-06,4.7301281987054014e-05,Compara
GO:0060716,labyrinthine layer blood vessel development,20,85271,20,293897,3.446623119231626,1.7841734390898402e-11,5.106456587044334e-10,Compara
GO:0060718,chorionic trophoblast cell differentiation,6,85271,6,293897,3.446623119231626,0.0005964622829607854,0.0037115257360125537,Compara
GO:0060736,prostate gland growth,6,85271,6,293897,3.446623119231626,0.0005964622829607854,0.0037115257360125537,Compara
GO:0060740,prostate gland epithelium morphogenesis,10,85271,10,293897,3.446623119231626,4.225706513001431e-06,4.7301281987054014e-05,Compara
GO:0060749,mammary gland alveolus development,17,85271,17,293897,3.446623119231626,7.308255438903873e-10,1.6749356582747816e-08,Compara
GO:0060770,negative regulation of epithelial cell proliferation involved in prostate gland development,6,85271,6,293897,3.446623119231626,0.0005964622829607854,0.0037115257360125537,Compara
GO:0061436,establishment of skin barrier,27,85271,27,293897,3.446623119231626,3.0838859655037295e-15,1.3302562389769302e-13,Compara
GO:0061384,heart trabecula morphogenesis,6,85271,6,293897,3.446623119231626,0.0005964622829607854,0.0037115257360125537,Compara
GO:0061351,neural precursor cell proliferation,17,85271,17,293897,3.446623119231626,7.308255438903873e-10,1.6749356582747816e-08,Compara
GO:0060907,positive regulation of macrophage cytokine production,8,85271,8,293897,3.446623119231626,5.020516401891405e-05,0.00042762903457012964,Compara
GO:0061337,cardiac conduction,8,85271,8,293897,3.446623119231626,5.020516401891405e-05,0.00042762903457012964,Compara
GO:0061303,cornea development in camera-type eye,6,85271,6,293897,3.446623119231626,0.0005964622829607854,0.0037115257360125537,Compara
GO:0061003,positive regulation of dendritic spine morphogenesis,16,85271,16,293897,3.446623119231626,2.5192157841310613e-09,5.38532535234247e-08,Compara
GO:0061029,eyelid development in camera-type eye,10,85271,10,293897,3.446623119231626,4.225706513001431e-06,4.7301281987054014e-05,Compara
GO:0061037,negative regulation of cartilage development,8,85271,8,293897,3.446623119231626,5.020516401891405e-05,0.00042762903457012964,Compara
GO:0061178,regulation of insulin secretion involved in cellular response to glucose stimulus,10,85271,10,293897,3.446623119231626,4.225706513001431e-06,4.7301281987054014e-05,Compara
GO:0061626,pharyngeal arch artery morphogenesis,10,85271,10,293897,3.446623119231626,4.225706513001431e-06,4.7301281987054014e-05,Compara
GO:0060576,intestinal epithelial cell development,10,85271,10,293897,3.446623119231626,4.225706513001431e-06,4.7301281987054014e-05,Compara
GO:0061743,motor learning,8,85271,8,293897,3.446623119231626,5.020516401891405e-05,0.00042762903457012964,Compara
GO:0060425,lung morphogenesis,23,85271,23,293897,3.446623119231626,4.3553982555284133e-13,1.5029857180077762e-11,Compara
GO:0060290,transdifferentiation,6,85271,6,293897,3.446623119231626,0.0005964622829607854,0.0037115257360125537,Compara
GO:0070848,response to growth factor,6,85271,6,293897,3.446623119231626,0.0005964622829607854,0.0037115257360125537,Compara
GO:0070613,regulation of protein processing,8,85271,8,293897,3.446623119231626,5.020516401891405e-05,0.00042762903457012964,Compara
GO:0060346,bone trabecula formation,8,85271,8,293897,3.446623119231626,5.020516401891405e-05,0.00042762903457012964,Compara
GO:0060347,heart trabecula formation,10,85271,10,293897,3.446623119231626,4.225706513001431e-06,4.7301281987054014e-05,Compara
GO:0070542,response to fatty acid,19,85271,19,293897,3.446623119231626,6.150346289958667e-11,1.6362088654211626e-09,Compara
GO:0060384,innervation,19,85271,19,293897,3.446623119231626,6.150346289958667e-11,1.6362088654211626e-09,Compara
GO:0070474,positive regulation of uterine smooth muscle contraction,6,85271,6,293897,3.446623119231626,0.0005964622829607854,0.0037115257360125537,Compara
GO:0060412,ventricular septum morphogenesis,32,85271,32,293897,3.446623119231626,6.332934236370588e-18,3.3995190980837315e-16,Compara
GO:0070417,cellular response to cold,10,85271,10,293897,3.446623119231626,4.225706513001431e-06,4.7301281987054014e-05,Compara
GO:0060416,response to growth hormone,12,85271,12,293897,3.446623119231626,3.556606416768669e-07,4.9546357902805055e-06,Compara
GO:0070373,negative regulation of ERK1 and ERK2 cascade,40,85271,40,293897,3.446623119231626,3.172689367229266e-22,2.571794777006381e-20,Compara
GO:0061744,motor behavior,25,85271,25,293897,3.446623119231626,3.664969165795872e-14,1.4325403749023475e-12,Compara
GO:0070307,lens fiber cell development,6,85271,6,293897,3.446623119231626,0.0005964622829607854,0.0037115257360125537,Compara
GO:0070301,cellular response to hydrogen peroxide,32,85271,32,293897,3.446623119231626,6.332934236370588e-18,3.3995190980837315e-16,Compara
GO:0070233,negative regulation of T cell apoptotic process,6,85271,6,293897,3.446623119231626,0.0005964622829607854,0.0037115257360125537,Compara
GO:0060449,bud elongation involved in lung branching,6,85271,6,293897,3.446623119231626,0.0005964622829607854,0.0037115257360125537,Compara
GO:0070192,chromosome organization involved in meiotic cell cycle,6,85271,6,293897,3.446623119231626,0.0005964622829607854,0.0037115257360125537,Compara
GO:0070168,negative regulation of biomineral tissue development,6,85271,6,293897,3.446623119231626,0.0005964622829607854,0.0037115257360125537,Compara
GO:0060487,lung epithelial cell differentiation,8,85271,8,293897,3.446623119231626,5.020516401891405e-05,0.00042762903457012964,Compara
GO:0062009,secondary palate development,6,85271,6,293897,3.446623119231626,0.0005964622829607854,0.0037115257360125537,Compara
GO:0061827,sperm head,6,85271,6,293897,3.446623119231626,0.0005964622829607854,0.0037115257360125537,Compara
GO:0060527,prostate epithelial cord arborization involved in prostate glandular acinus morphogenesis,6,85271,6,293897,3.446623119231626,0.0005964622829607854,0.0037115257360125537,Compara
GO:0060536,cartilage morphogenesis,6,85271,6,293897,3.446623119231626,0.0005964622829607854,0.0037115257360125537,Compara
GO:0086091,regulation of heart rate by cardiac conduction,6,85271,6,293897,3.446623119231626,0.0005964622829607854,0.0037115257360125537,Compara
GO:0051428,peptide hormone receptor binding,6,85271,6,293897,3.446623119231626,0.0005964622829607854,0.0037115257360125537,Compara
GO:0051412,response to corticosterone,17,85271,17,293897,3.446623119231626,7.308255438903873e-10,1.6749356582747816e-08,Compara
GO:0097398,cellular response to interleukin-17,8,85271,8,293897,3.446623119231626,5.020516401891405e-05,0.00042762903457012964,Compara
GO:0098691,dopaminergic synapse,12,85271,12,293897,3.446623119231626,3.556606416768669e-07,4.9546357902805055e-06,Compara
GO:0098690,glycinergic synapse,10,85271,10,293897,3.446623119231626,4.225706513001431e-06,4.7301281987054014e-05,Compara
GO:0048341,paraxial mesoderm formation,6,85271,6,293897,3.446623119231626,0.0005964622829607854,0.0037115257360125537,Compara
GO:0098688,parallel fiber to Purkinje cell synapse,24,85271,24,293897,3.446623119231626,1.2634291924082485e-13,4.610180599971851e-12,Compara
GO:0048490,anterograde synaptic vesicle transport,16,85271,16,293897,3.446623119231626,2.5192157841310613e-09,5.38532535234247e-08,Compara
GO:0048512,circadian behavior,8,85271,8,293897,3.446623119231626,5.020516401891405e-05,0.00042762903457012964,Compara
GO:0048536,spleen development,42,85271,42,293897,3.446623119231626,2.66899046547909e-23,2.4237644242147705e-21,Compara
GO:0048538,thymus development,46,85271,46,293897,3.446623119231626,1.8886111454815007e-25,2.0550131004617627e-23,Compara
GO:0048539,bone marrow development,6,85271,6,293897,3.446623119231626,0.0005964622829607854,0.0037115257360125537,Compara
GO:0048545,response to steroid hormone,23,85271,23,293897,3.446623119231626,4.3553982555284133e-13,1.5029857180077762e-11,Compara
GO:0098684,photoreceptor ribbon synapse,8,85271,8,293897,3.446623119231626,5.020516401891405e-05,0.00042762903457012964,Compara
GO:0048566,embryonic digestive tract development,10,85271,10,293897,3.446623119231626,4.225706513001431e-06,4.7301281987054014e-05,Compara
GO:0048570,notochord morphogenesis,6,85271,6,293897,3.446623119231626,0.0005964622829607854,0.0037115257360125537,Compara
GO:0097731,9+0 non-motile cilium,19,85271,19,293897,3.446623119231626,6.150346289958667e-11,1.6362088654211626e-09,Compara
GO:0097709,connective tissue replacement,6,85271,6,293897,3.446623119231626,0.0005964622829607854,0.0037115257360125537,Compara
GO:0097485,neuron projection guidance,6,85271,6,293897,3.446623119231626,0.0005964622829607854,0.0037115257360125537,Compara
GO:0048608,reproductive structure development,6,85271,6,293897,3.446623119231626,0.0005964622829607854,0.0037115257360125537,Compara
GO:0048645,animal organ formation,6,85271,6,293897,3.446623119231626,0.0005964622829607854,0.0037115257360125537,Compara
GO:0048663,neuron fate commitment,27,85271,27,293897,3.446623119231626,3.0838859655037295e-15,1.3302562389769302e-13,Compara
GO:0048664,neuron fate determination,6,85271,6,293897,3.446623119231626,0.0005964622829607854,0.0037115257360125537,Compara
GO:0097421,liver regeneration,27,85271,27,293897,3.446623119231626,3.0838859655037295e-15,1.3302562389769302e-13,Compara
GO:0048672,positive regulation of collateral sprouting,6,85271,6,293897,3.446623119231626,0.0005964622829607854,0.0037115257360125537,Compara
GO:0048681,negative regulation of axon regeneration,12,85271,12,293897,3.446623119231626,3.556606416768669e-07,4.9546357902805055e-06,Compara
GO:0048702,embryonic neurocranium morphogenesis,6,85271,6,293897,3.446623119231626,0.0005964622829607854,0.0037115257360125537,Compara
GO:0048703,embryonic viscerocranium morphogenesis,8,85271,8,293897,3.446623119231626,5.020516401891405e-05,0.00042762903457012964,Compara
GO:0048304,positive regulation of isotype switching to IgG isotypes,10,85271,10,293897,3.446623119231626,4.225706513001431e-06,4.7301281987054014e-05,Compara
GO:0048266,behavioral response to pain,16,85271,16,293897,3.446623119231626,2.5192157841310613e-09,5.38532535234247e-08,Compara
GO:0098712,L-glutamate import across plasma membrane,8,85271,8,293897,3.446623119231626,5.020516401891405e-05,0.00042762903457012964,Compara
GO:0098981,cholinergic synapse,12,85271,12,293897,3.446623119231626,3.556606416768669e-07,4.9546357902805055e-06,Compara
GO:0046533,negative regulation of photoreceptor cell differentiation,6,85271,6,293897,3.446623119231626,0.0005964622829607854,0.0037115257360125537,Compara
GO:0099645,neurotransmitter receptor localization to postsynaptic specialization membrane,20,85271,20,293897,3.446623119231626,1.7841734390898402e-11,5.106456587044334e-10,Compara
GO:0099170,postsynaptic modulation of chemical synaptic transmission,24,85271,24,293897,3.446623119231626,1.2634291924082485e-13,4.610180599971851e-12,Compara
GO:0046632,alpha-beta T cell differentiation,6,85271,6,293897,3.446623119231626,0.0005964622829607854,0.0037115257360125537,Compara
GO:0046638,positive regulation of alpha-beta T cell differentiation,8,85271,8,293897,3.446623119231626,5.020516401891405e-05,0.00042762903457012964,Compara
GO:0046676,negative regulation of insulin secretion,25,85271,25,293897,3.446623119231626,3.664969165795872e-14,1.4325403749023475e-12,Compara
GO:0099149,regulation of postsynaptic neurotransmitter receptor internalization,19,85271,19,293897,3.446623119231626,6.150346289958667e-11,1.6362088654211626e-09,Compara
GO:0046677,response to antibiotic,12,85271,12,293897,3.446623119231626,3.556606416768669e-07,4.9546357902805055e-06,Compara
GO:0099092,"postsynaptic density, intracellular component",16,85271,16,293897,3.446623119231626,2.5192157841310613e-09,5.38532535234247e-08,Compara
GO:0099072,regulation of postsynaptic membrane neurotransmitter receptor levels,24,85271,24,293897,3.446623119231626,1.2634291924082485e-13,4.610180599971851e-12,Compara
GO:0099013,neuronal dense core vesicle lumen,6,85271,6,293897,3.446623119231626,0.0005964622829607854,0.0037115257360125537,Compara
GO:0098976,excitatory chemical synaptic transmission,6,85271,6,293897,3.446623119231626,0.0005964622829607854,0.0037115257360125537,Compara
GO:0098815,modulation of excitatory postsynaptic potential,8,85271,8,293897,3.446623119231626,5.020516401891405e-05,0.00042762903457012964,Compara
GO:0046889,positive regulation of lipid biosynthetic process,6,85271,6,293897,3.446623119231626,0.0005964622829607854,0.0037115257360125537,Compara
GO:0046965,nuclear retinoid X receptor binding,8,85271,8,293897,3.446623119231626,5.020516401891405e-05,0.00042762903457012964,Compara
GO:0047496,vesicle transport along microtubule,8,85271,8,293897,3.446623119231626,5.020516401891405e-05,0.00042762903457012964,Compara
GO:0048026,"positive regulation of mRNA splicing, via spliceosome",6,85271,6,293897,3.446623119231626,0.0005964622829607854,0.0037115257360125537,Compara
GO:0048066,developmental pigmentation,12,85271,12,293897,3.446623119231626,3.556606416768669e-07,4.9546357902805055e-06,Compara
GO:0098850,extrinsic component of synaptic vesicle membrane,12,85271,12,293897,3.446623119231626,3.556606416768669e-07,4.9546357902805055e-06,Compara
GO:0048070,regulation of developmental pigmentation,6,85271,6,293897,3.446623119231626,0.0005964622829607854,0.0037115257360125537,Compara
GO:0048143,astrocyte activation,10,85271,10,293897,3.446623119231626,4.225706513001431e-06,4.7301281987054014e-05,Compara
GO:0048144,fibroblast proliferation,6,85271,6,293897,3.446623119231626,0.0005964622829607854,0.0037115257360125537,Compara
GO:0048156,tau protein binding,10,85271,10,293897,3.446623119231626,4.225706513001431e-06,4.7301281987054014e-05,Compara
GO:0048172,regulation of short-term neuronal synaptic plasticity,10,85271,10,293897,3.446623119231626,4.225706513001431e-06,4.7301281987054014e-05,Compara
GO:0097401,synaptic vesicle lumen acidification,17,85271,17,293897,3.446623119231626,7.308255438903873e-10,1.6749356582747816e-08,Compara
GO:0048706,embryonic skeletal system development,41,85271,41,293897,3.446623119231626,9.202145514464288e-23,7.718299550256922e-21,Compara
GO:0051402,neuron apoptotic process,50,85271,50,293897,3.446623119231626,1.336226831226068e-27,1.7542334421248314e-25,Compara
GO:0097386,glial cell projection,8,85271,8,293897,3.446623119231626,5.020516401891405e-05,0.00042762903457012964,Compara
GO:0097021,lymphocyte migration into lymphoid organs,6,85271,6,293897,3.446623119231626,0.0005964622829607854,0.0037115257360125537,Compara
GO:0090660,cerebrospinal fluid circulation,16,85271,16,293897,3.446623119231626,2.5192157841310613e-09,5.38532535234247e-08,Compara
GO:0050848,regulation of calcium-mediated signaling,8,85271,8,293897,3.446623119231626,5.020516401891405e-05,0.00042762903457012964,Compara
GO:0050869,negative regulation of B cell activation,8,85271,8,293897,3.446623119231626,5.020516401891405e-05,0.00042762903457012964,Compara
GO:0050873,brown fat cell differentiation,32,85271,32,293897,3.446623119231626,6.332934236370588e-18,3.3995190980837315e-16,Compara
GO:0090207,regulation of triglyceride metabolic process,6,85271,6,293897,3.446623119231626,0.0005964622829607854,0.0037115257360125537,Compara
GO:0050892,intestinal absorption,10,85271,10,293897,3.446623119231626,4.225706513001431e-06,4.7301281987054014e-05,Compara
GO:0090201,negative regulation of release of cytochrome c from mitochondria,6,85271,6,293897,3.446623119231626,0.0005964622829607854,0.0037115257360125537,Compara
GO:0090175,regulation of establishment of planar polarity,6,85271,6,293897,3.446623119231626,0.0005964622829607854,0.0037115257360125537,Compara
GO:0050913,sensory perception of bitter taste,6,85271,6,293897,3.446623119231626,0.0005964622829607854,0.0037115257360125537,Compara
GO:0090129,positive regulation of synapse maturation,6,85271,6,293897,3.446623119231626,0.0005964622829607854,0.0037115257360125537,Compara
GO:0050965,detection of temperature stimulus involved in sensory perception of pain,17,85271,17,293897,3.446623119231626,7.308255438903873e-10,1.6749356582747816e-08,Compara
GO:0090128,regulation of synapse maturation,16,85271,16,293897,3.446623119231626,2.5192157841310613e-09,5.38532535234247e-08,Compara
GO:0090103,cochlea morphogenesis,17,85271,17,293897,3.446623119231626,7.308255438903873e-10,1.6749356582747816e-08,Compara
GO:0050974,detection of mechanical stimulus involved in sensory perception,6,85271,6,293897,3.446623119231626,0.0005964622829607854,0.0037115257360125537,Compara
GO:0050998,nitric-oxide synthase binding,8,85271,8,293897,3.446623119231626,5.020516401891405e-05,0.00042762903457012964,Compara
GO:0051019,mitogen-activated protein kinase binding,6,85271,6,293897,3.446623119231626,0.0005964622829607854,0.0037115257360125537,Compara
GO:0090050,positive regulation of cell migration involved in sprouting angiogenesis,8,85271,8,293897,3.446623119231626,5.020516401891405e-05,0.00042762903457012964,Compara
GO:0090023,positive regulation of neutrophil chemotaxis,12,85271,12,293897,3.446623119231626,3.556606416768669e-07,4.9546357902805055e-06,Compara
GO:0090009,primitive streak formation,8,85271,8,293897,3.446623119231626,5.020516401891405e-05,0.00042762903457012964,Compara
GO:0051146,striated muscle cell differentiation,16,85271,16,293897,3.446623119231626,2.5192157841310613e-09,5.38532535234247e-08,Compara
GO:0051148,negative regulation of muscle cell differentiation,6,85271,6,293897,3.446623119231626,0.0005964622829607854,0.0037115257360125537,Compara
GO:0051281,positive regulation of release of sequestered calcium ion into cytosol,8,85271,8,293897,3.446623119231626,5.020516401891405e-05,0.00042762903457012964,Compara
GO:0086100,endothelin receptor signaling pathway,8,85271,8,293897,3.446623119231626,5.020516401891405e-05,0.00042762903457012964,Compara
GO:0051291,protein heterooligomerization,12,85271,12,293897,3.446623119231626,3.556606416768669e-07,4.9546357902805055e-06,Compara
GO:0050805,negative regulation of synaptic transmission,10,85271,10,293897,3.446623119231626,4.225706513001431e-06,4.7301281987054014e-05,Compara
GO:0050773,regulation of dendrite development,12,85271,12,293897,3.446623119231626,3.556606416768669e-07,4.9546357902805055e-06,Compara
GO:0050771,negative regulation of axonogenesis,8,85271,8,293897,3.446623119231626,5.020516401891405e-05,0.00042762903457012964,Compara
GO:0048820,hair follicle maturation,6,85271,6,293897,3.446623119231626,0.0005964622829607854,0.0037115257360125537,Compara
GO:0048711,positive regulation of astrocyte differentiation,8,85271,8,293897,3.446623119231626,5.020516401891405e-05,0.00042762903457012964,Compara
GO:0048712,negative regulation of astrocyte differentiation,10,85271,10,293897,3.446623119231626,4.225706513001431e-06,4.7301281987054014e-05,Compara
GO:0097300,programmed necrotic cell death,6,85271,6,293897,3.446623119231626,0.0005964622829607854,0.0037115257360125537,Compara
GO:0048713,regulation of oligodendrocyte differentiation,6,85271,6,293897,3.446623119231626,0.0005964622829607854,0.0037115257360125537,Compara
GO:0048733,sebaceous gland development,8,85271,8,293897,3.446623119231626,5.020516401891405e-05,0.00042762903457012964,Compara
GO:0048738,cardiac muscle tissue development,16,85271,16,293897,3.446623119231626,2.5192157841310613e-09,5.38532535234247e-08,Compara
GO:0097237,cellular response to toxic substance,10,85271,10,293897,3.446623119231626,4.225706513001431e-06,4.7301281987054014e-05,Compara
GO:0048752,semicircular canal morphogenesis,6,85271,6,293897,3.446623119231626,0.0005964622829607854,0.0037115257360125537,Compara
GO:0097192,extrinsic apoptotic signaling pathway in absence of ligand,23,85271,23,293897,3.446623119231626,4.3553982555284133e-13,1.5029857180077762e-11,Compara
GO:0048813,dendrite morphogenesis,27,85271,27,293897,3.446623119231626,3.0838859655037295e-15,1.3302562389769302e-13,Compara
GO:0048814,regulation of dendrite morphogenesis,10,85271,10,293897,3.446623119231626,4.225706513001431e-06,4.7301281987054014e-05,Compara
GO:0048843,negative regulation of axon extension involved in axon guidance,8,85271,8,293897,3.446623119231626,5.020516401891405e-05,0.00042762903457012964,Compara
GO:0097049,motor neuron apoptotic process,6,85271,6,293897,3.446623119231626,0.0005964622829607854,0.0037115257360125537,Compara
GO:0048844,artery morphogenesis,23,85271,23,293897,3.446623119231626,4.3553982555284133e-13,1.5029857180077762e-11,Compara
GO:0048845,venous blood vessel morphogenesis,6,85271,6,293897,3.446623119231626,0.0005964622829607854,0.0037115257360125537,Compara
GO:0048853,forebrain morphogenesis,8,85271,8,293897,3.446623119231626,5.020516401891405e-05,0.00042762903457012964,Compara
GO:0048872,homeostasis of number of cells,42,85271,42,293897,3.446623119231626,2.66899046547909e-23,2.4237644242147705e-21,Compara
GO:0097084,vascular associated smooth muscle cell development,8,85271,8,293897,3.446623119231626,5.020516401891405e-05,0.00042762903457012964,Compara
GO:0048874,host-mediated modulation of intestinal microbiota composition,8,85271,8,293897,3.446623119231626,5.020516401891405e-05,0.00042762903457012964,Compara
GO:0097066,response to thyroid hormone,6,85271,6,293897,3.446623119231626,0.0005964622829607854,0.0037115257360125537,Compara
GO:0050435,amyloid-beta metabolic process,8,85271,8,293897,3.446623119231626,5.020516401891405e-05,0.00042762903457012964,Compara
GO:0097062,dendritic spine maintenance,6,85271,6,293897,3.446623119231626,0.0005964622829607854,0.0037115257360125537,Compara
GO:0050678,regulation of epithelial cell proliferation,12,85271,12,293897,3.446623119231626,3.556606416768669e-07,4.9546357902805055e-06,Compara
GO:0050709,negative regulation of protein secretion,6,85271,6,293897,3.446623119231626,0.0005964622829607854,0.0037115257360125537,Compara
GO:0000038,very long-chain fatty acid metabolic process,8,85271,8,293897,3.446623119231626,5.020516401891405e-05,0.00042762903457012964,Compara
GO:0042562,hormone binding,8,85271,8,293897,3.446623119231626,5.020516401891405e-05,0.00042762903457012964,Compara
GO:2001244,positive regulation of intrinsic apoptotic signaling pathway,12,85271,12,293897,3.446623119231626,3.556606416768669e-07,4.9546357902805055e-06,Compara
GO:0003009,skeletal muscle contraction,8,85271,8,293897,3.446623119231626,5.020516401891405e-05,0.00042762903457012964,Compara
GO:0003357,noradrenergic neuron differentiation,8,85271,8,293897,3.446623119231626,5.020516401891405e-05,0.00042762903457012964,Compara
GO:0003351,epithelial cilium movement involved in extracellular fluid movement,17,85271,17,293897,3.446623119231626,7.308255438903873e-10,1.6749356582747816e-08,Compara
GO:0003229,ventricular cardiac muscle tissue development,8,85271,8,293897,3.446623119231626,5.020516401891405e-05,0.00042762903457012964,Compara
GO:0003223,ventricular compact myocardium morphogenesis,6,85271,6,293897,3.446623119231626,0.0005964622829607854,0.0037115257360125537,Compara
GO:0003214,cardiac left ventricle morphogenesis,6,85271,6,293897,3.446623119231626,0.0005964622829607854,0.0037115257360125537,Compara
GO:0030194,positive regulation of blood coagulation,8,85271,8,293897,3.446623119231626,5.020516401891405e-05,0.00042762903457012964,Compara
GO:0003209,cardiac atrium morphogenesis,6,85271,6,293897,3.446623119231626,0.0005964622829607854,0.0037115257360125537,Compara
GO:0003208,cardiac ventricle morphogenesis,8,85271,8,293897,3.446623119231626,5.020516401891405e-05,0.00042762903457012964,Compara
GO:0003203,endocardial cushion morphogenesis,16,85271,16,293897,3.446623119231626,2.5192157841310613e-09,5.38532535234247e-08,Compara
GO:0003158,endothelium development,8,85271,8,293897,3.446623119231626,5.020516401891405e-05,0.00042762903457012964,Compara
GO:0030202,heparin proteoglycan metabolic process,6,85271,6,293897,3.446623119231626,0.0005964622829607854,0.0037115257360125537,Compara
GO:0030223,neutrophil differentiation,6,85271,6,293897,3.446623119231626,0.0005964622829607854,0.0037115257360125537,Compara
GO:0003143,embryonic heart tube morphogenesis,8,85271,8,293897,3.446623119231626,5.020516401891405e-05,0.00042762903457012964,Compara
GO:0003139,secondary heart field specification,8,85271,8,293897,3.446623119231626,5.020516401891405e-05,0.00042762903457012964,Compara
GO:0003085,negative regulation of systemic arterial blood pressure,12,85271,12,293897,3.446623119231626,3.556606416768669e-07,4.9546357902805055e-06,Compara
GO:0003084,positive regulation of systemic arterial blood pressure,10,85271,10,293897,3.446623119231626,4.225706513001431e-06,4.7301281987054014e-05,Compara
GO:0003016,respiratory system process,19,85271,19,293897,3.446623119231626,6.150346289958667e-11,1.6362088654211626e-09,Compara
GO:0003406,retinal pigment epithelium development,8,85271,8,293897,3.446623119231626,5.020516401891405e-05,0.00042762903457012964,Compara
GO:0003417,growth plate cartilage development,12,85271,12,293897,3.446623119231626,3.556606416768669e-07,4.9546357902805055e-06,Compara
GO:0005123,death receptor binding,8,85271,8,293897,3.446623119231626,5.020516401891405e-05,0.00042762903457012964,Compara
GO:0022011,myelination in peripheral nervous system,16,85271,16,293897,3.446623119231626,2.5192157841310613e-09,5.38532535234247e-08,Compara
GO:0021915,neural tube development,35,85271,35,293897,3.446623119231626,1.5454877736032503e-19,1.0200219305781451e-17,Compara
GO:0021930,cerebellar granule cell precursor proliferation,6,85271,6,293897,3.446623119231626,0.0005964622829607854,0.0037115257360125537,Compara
GO:0006839,mitochondrial transport,6,85271,6,293897,3.446623119231626,0.0005964622829607854,0.0037115257360125537,Compara
GO:0021955,central nervous system neuron axonogenesis,6,85271,6,293897,3.446623119231626,0.0005964622829607854,0.0037115257360125537,Compara
GO:0021984,adenohypophysis development,8,85271,8,293897,3.446623119231626,5.020516401891405e-05,0.00042762903457012964,Compara
GO:0006612,protein targeting to membrane,6,85271,6,293897,3.446623119231626,0.0005964622829607854,0.0037115257360125537,Compara
GO:0006091,generation of precursor metabolites and energy,6,85271,6,293897,3.446623119231626,0.0005964622829607854,0.0037115257360125537,Compara
GO:0006029,proteoglycan metabolic process,8,85271,8,293897,3.446623119231626,5.020516401891405e-05,0.00042762903457012964,Compara
GO:0005253,monoatomic anion channel activity,6,85271,6,293897,3.446623119231626,0.0005964622829607854,0.0037115257360125537,Compara
GO:0022038,corpus callosum development,20,85271,20,293897,3.446623119231626,1.7841734390898402e-11,5.106456587044334e-10,Compara
GO:0022405,hair cycle process,6,85271,6,293897,3.446623119231626,0.0005964622829607854,0.0037115257360125537,Compara
GO:0005916,fascia adherens,8,85271,8,293897,3.446623119231626,5.020516401891405e-05,0.00042762903457012964,Compara
GO:0023019,signal transduction involved in regulation of gene expression,17,85271,17,293897,3.446623119231626,7.308255438903873e-10,1.6749356582747816e-08,Compara
GO:0005798,Golgi-associated vesicle,6,85271,6,293897,3.446623119231626,0.0005964622829607854,0.0037115257360125537,Compara
GO:0005587,collagen type IV trimer,6,85271,6,293897,3.446623119231626,0.0005964622829607854,0.0037115257360125537,Compara
GO:0005295,neutral L-amino acid:sodium symporter activity,6,85271,6,293897,3.446623119231626,0.0005964622829607854,0.0037115257360125537,Compara
GO:0003015,heart process,10,85271,10,293897,3.446623119231626,4.225706513001431e-06,4.7301281987054014e-05,Compara
GO:0002934,desmosome organization,6,85271,6,293897,3.446623119231626,0.0005964622829607854,0.0037115257360125537,Compara
GO:0021879,forebrain neuron differentiation,8,85271,8,293897,3.446623119231626,5.020516401891405e-05,0.00042762903457012964,Compara
GO:0002829,negative regulation of type 2 immune response,6,85271,6,293897,3.446623119231626,0.0005964622829607854,0.0037115257360125537,Compara
GO:0002053,positive regulation of mesenchymal cell proliferation,21,85271,21,293897,3.446623119231626,5.17572215099591e-12,1.5987818961567418e-10,Compara
GO:0002052,positive regulation of neuroblast proliferation,20,85271,20,293897,3.446623119231626,1.7841734390898402e-11,5.106456587044334e-10,Compara
GO:0030863,cortical cytoskeleton,17,85271,17,293897,3.446623119231626,7.308255438903873e-10,1.6749356582747816e-08,Compara
GO:0030890,positive regulation of B cell proliferation,24,85271,24,293897,3.446623119231626,1.2634291924082485e-13,4.610180599971851e-12,Compara
GO:0002026,regulation of the force of heart contraction,10,85271,10,293897,3.446623119231626,4.225706513001431e-06,4.7301281987054014e-05,Compara
GO:0002003,angiotensin maturation,10,85271,10,293897,3.446623119231626,4.225706513001431e-06,4.7301281987054014e-05,Compara
GO:0001967,suckling behavior,10,85271,10,293897,3.446623119231626,4.225706513001431e-06,4.7301281987054014e-05,Compara
GO:0001958,endochondral ossification,27,85271,27,293897,3.446623119231626,3.0838859655037295e-15,1.3302562389769302e-13,Compara
GO:0030902,hindbrain development,17,85271,17,293897,3.446623119231626,7.308255438903873e-10,1.6749356582747816e-08,Compara
GO:0001957,intramembranous ossification,6,85271,6,293897,3.446623119231626,0.0005964622829607854,0.0037115257360125537,Compara
GO:0001946,lymphangiogenesis,10,85271,10,293897,3.446623119231626,4.225706513001431e-06,4.7301281987054014e-05,Compara
GO:0001942,hair follicle development,38,85271,38,293897,3.446623119231626,3.77132199199912e-21,2.882913102491479e-19,Compara
GO:0001935,endothelial cell proliferation,12,85271,12,293897,3.446623119231626,3.556606416768669e-07,4.9546357902805055e-06,Compara
GO:0001921,positive regulation of receptor recycling,8,85271,8,293897,3.446623119231626,5.020516401891405e-05,0.00042762903457012964,Compara
GO:0001916,positive regulation of T cell mediated cytotoxicity,8,85271,8,293897,3.446623119231626,5.020516401891405e-05,0.00042762903457012964,Compara
GO:0001913,T cell mediated cytotoxicity,8,85271,8,293897,3.446623119231626,5.020516401891405e-05,0.00042762903457012964,Compara
GO:0001894,tissue homeostasis,23,85271,23,293897,3.446623119231626,4.3553982555284133e-13,1.5029857180077762e-11,Compara
GO:0030644,intracellular chloride ion homeostasis,8,85271,8,293897,3.446623119231626,5.020516401891405e-05,0.00042762903457012964,Compara
GO:0002063,chondrocyte development,17,85271,17,293897,3.446623119231626,7.308255438903873e-10,1.6749356582747816e-08,Compara
GO:0030595,leukocyte chemotaxis,8,85271,8,293897,3.446623119231626,5.020516401891405e-05,0.00042762903457012964,Compara
GO:0002314,germinal center B cell differentiation,8,85271,8,293897,3.446623119231626,5.020516401891405e-05,0.00042762903457012964,Compara
GO:0002639,positive regulation of immunoglobulin production,17,85271,17,293897,3.446623119231626,7.308255438903873e-10,1.6749356582747816e-08,Compara
GO:0002544,chronic inflammatory response,6,85271,6,293897,3.446623119231626,0.0005964622829607854,0.0037115257360125537,Compara
GO:0030432,peristalsis,6,85271,6,293897,3.446623119231626,0.0005964622829607854,0.0037115257360125537,Compara
GO:0002526,acute inflammatory response,8,85271,8,293897,3.446623119231626,5.020516401891405e-05,0.00042762903457012964,Compara
GO:0030502,negative regulation of bone mineralization,6,85271,6,293897,3.446623119231626,0.0005964622829607854,0.0037115257360125537,Compara
GO:0002320,lymphoid progenitor cell differentiation,6,85271,6,293897,3.446623119231626,0.0005964622829607854,0.0037115257360125537,Compara
GO:0030510,regulation of BMP signaling pathway,6,85271,6,293897,3.446623119231626,0.0005964622829607854,0.0037115257360125537,Compara
GO:0002291,T cell activation via T cell receptor contact with antigen bound to MHC molecule on antigen presenting cell,6,85271,6,293897,3.446623119231626,0.0005964622829607854,0.0037115257360125537,Compara
GO:0002070,epithelial cell maturation,8,85271,8,293897,3.446623119231626,5.020516401891405e-05,0.00042762903457012964,Compara
GO:0002283,neutrophil activation involved in immune response,8,85271,8,293897,3.446623119231626,5.020516401891405e-05,0.00042762903457012964,Compara
GO:0030513,positive regulation of BMP signaling pathway,25,85271,25,293897,3.446623119231626,3.664969165795872e-14,1.4325403749023475e-12,Compara
GO:0030516,regulation of axon extension,6,85271,6,293897,3.446623119231626,0.0005964622829607854,0.0037115257360125537,Compara
GO:0030517,negative regulation of axon extension,17,85271,17,293897,3.446623119231626,7.308255438903873e-10,1.6749356582747816e-08,Compara
GO:0002088,lens development in camera-type eye,31,85271,31,293897,3.446623119231626,2.1832872504354376e-17,1.122116740883371e-15,Compara
GO:0002076,osteoblast development,12,85271,12,293897,3.446623119231626,3.556606416768669e-07,4.9546357902805055e-06,Compara
GO:0030539,male genitalia development,16,85271,16,293897,3.446623119231626,2.5192157841310613e-09,5.38532535234247e-08,Compara
GO:0021902,commitment of neuronal cell to specific neuron type in forebrain,6,85271,6,293897,3.446623119231626,0.0005964622829607854,0.0037115257360125537,Compara
GO:0021854,hypothalamus development,12,85271,12,293897,3.446623119231626,3.556606416768669e-07,4.9546357902805055e-06,Compara
GO:0001892,embryonic placenta development,24,85271,24,293897,3.446623119231626,1.2634291924082485e-13,4.610180599971851e-12,Compara
GO:0008542,visual learning,48,85271,48,293897,3.446623119231626,1.5886147997160186e-26,1.957886688874497e-24,Compara
GO:0009437,carnitine metabolic process,6,85271,6,293897,3.446623119231626,0.0005964622829607854,0.0037115257360125537,Compara
GO:0010832,negative regulation of myotube differentiation,8,85271,8,293897,3.446623119231626,5.020516401891405e-05,0.00042762903457012964,Compara
GO:0010839,negative regulation of keratinocyte proliferation,6,85271,6,293897,3.446623119231626,0.0005964622829607854,0.0037115257360125537,Compara
GO:0010875,positive regulation of cholesterol efflux,10,85271,10,293897,3.446623119231626,4.225706513001431e-06,4.7301281987054014e-05,Compara
GO:0010918,positive regulation of mitochondrial membrane potential,6,85271,6,293897,3.446623119231626,0.0005964622829607854,0.0037115257360125537,Compara
GO:0009266,response to temperature stimulus,10,85271,10,293897,3.446623119231626,4.225706513001431e-06,4.7301281987054014e-05,Compara
GO:0010971,positive regulation of G2/M transition of mitotic cell cycle,6,85271,6,293897,3.446623119231626,0.0005964622829607854,0.0037115257360125537,Compara
GO:0009101,glycoprotein biosynthetic process,27,85271,27,293897,3.446623119231626,3.0838859655037295e-15,1.3302562389769302e-13,Compara
GO:0010996,response to auditory stimulus,19,85271,19,293897,3.446623119231626,6.150346289958667e-11,1.6362088654211626e-09,Compara
GO:0012506,vesicle membrane,12,85271,12,293897,3.446623119231626,3.556606416768669e-07,4.9546357902805055e-06,Compara
GO:0014003,oligodendrocyte development,19,85271,19,293897,3.446623119231626,6.150346289958667e-11,1.6362088654211626e-09,Compara
GO:0014009,glial cell proliferation,10,85271,10,293897,3.446623119231626,4.225706513001431e-06,4.7301281987054014e-05,Compara
GO:0014012,peripheral nervous system axon regeneration,6,85271,6,293897,3.446623119231626,0.0005964622829607854,0.0037115257360125537,Compara
GO:0008585,female gonad development,23,85271,23,293897,3.446623119231626,4.3553982555284133e-13,1.5029857180077762e-11,Compara
GO:0014033,neural crest cell differentiation,8,85271,8,293897,3.446623119231626,5.020516401891405e-05,0.00042762903457012964,Compara
GO:0014044,Schwann cell development,20,85271,20,293897,3.446623119231626,1.7841734390898402e-11,5.106456587044334e-10,Compara
GO:0014049,positive regulation of glutamate secretion,8,85271,8,293897,3.446623119231626,5.020516401891405e-05,0.00042762903457012964,Compara
GO:0010827,regulation of D-glucose transmembrane transport,6,85271,6,293897,3.446623119231626,0.0005964622829607854,0.0037115257360125537,Compara
GO:0010811,positive regulation of cell-substrate adhesion,24,85271,24,293897,3.446623119231626,1.2634291924082485e-13,4.610180599971851e-12,Compara
GO:0009620,response to fungus,6,85271,6,293897,3.446623119231626,0.0005964622829607854,0.0037115257360125537,Compara
GO:0009743,response to carbohydrate,10,85271,10,293897,3.446623119231626,4.225706513001431e-06,4.7301281987054014e-05,Compara
GO:0010288,response to lead ion,12,85271,12,293897,3.446623119231626,3.556606416768669e-07,4.9546357902805055e-06,Compara
GO:0010001,glial cell differentiation,20,85271,20,293897,3.446623119231626,1.7841734390898402e-11,5.106456587044334e-10,Compara
GO:0009953,dorsal/ventral pattern formation,34,85271,34,293897,3.446623119231626,5.3282221758267735e-19,3.317230280393597e-17,Compara
GO:0010332,response to gamma radiation,25,85271,25,293897,3.446623119231626,3.664969165795872e-14,1.4325403749023475e-12,Compara
GO:0010369,chromocenter,8,85271,8,293897,3.446623119231626,5.020516401891405e-05,0.00042762903457012964,Compara
GO:0010470,regulation of gastrulation,6,85271,6,293897,3.446623119231626,0.0005964622829607854,0.0037115257360125537,Compara
GO:0009791,post-embryonic development,78,85271,78,293897,3.446623119231626,1.1814696162782881e-42,3.567447506352291e-40,Compara
GO:0010659,cardiac muscle cell apoptotic process,6,85271,6,293897,3.446623119231626,0.0005964622829607854,0.0037115257360125537,Compara
GO:0009624,response to nematode,8,85271,8,293897,3.446623119231626,5.020516401891405e-05,0.00042762903457012964,Compara
GO:0010667,negative regulation of cardiac muscle cell apoptotic process,19,85271,19,293897,3.446623119231626,6.150346289958667e-11,1.6362088654211626e-09,Compara
GO:0010718,positive regulation of epithelial to mesenchymal transition,16,85271,16,293897,3.446623119231626,2.5192157841310613e-09,5.38532535234247e-08,Compara
GO:0009651,response to salt stress,6,85271,6,293897,3.446623119231626,0.0005964622829607854,0.0037115257360125537,Compara
GO:0009642,response to light intensity,12,85271,12,293897,3.446623119231626,3.556606416768669e-07,4.9546357902805055e-06,Compara
GO:0010762,regulation of fibroblast migration,12,85271,12,293897,3.446623119231626,3.556606416768669e-07,4.9546357902805055e-06,Compara
GO:0010764,negative regulation of fibroblast migration,6,85271,6,293897,3.446623119231626,0.0005964622829607854,0.0037115257360125537,Compara
GO:0010765,positive regulation of sodium ion transport,6,85271,6,293897,3.446623119231626,0.0005964622829607854,0.0037115257360125537,Compara
GO:0008584,male gonad development,86,85271,86,293897,3.446623119231626,5.900835217645098e-47,2.6396402873599075e-44,Compara
GO:0008354,germ cell migration,6,85271,6,293897,3.446623119231626,0.0005964622829607854,0.0037115257360125537,Compara
GO:0021846,cell proliferation in forebrain,12,85271,12,293897,3.446623119231626,3.556606416768669e-07,4.9546357902805055e-06,Compara
GO:0014075,response to amine,10,85271,10,293897,3.446623119231626,4.225706513001431e-06,4.7301281987054014e-05,Compara
GO:0007416,synapse assembly,32,85271,32,293897,3.446623119231626,6.332934236370588e-18,3.3995190980837315e-16,Compara
GO:0007406,negative regulation of neuroblast proliferation,6,85271,6,293897,3.446623119231626,0.0005964622829607854,0.0037115257360125537,Compara
GO:0007341,penetration of zona pellucida,10,85271,10,293897,3.446623119231626,4.225706513001431e-06,4.7301281987054014e-05,Compara
GO:0007289,spermatid nucleus differentiation,8,85271,8,293897,3.446623119231626,5.020516401891405e-05,0.00042762903457012964,Compara
GO:0021522,spinal cord motor neuron differentiation,19,85271,19,293897,3.446623119231626,6.150346289958667e-11,1.6362088654211626e-09,Compara
GO:0007274,neuromuscular synaptic transmission,12,85271,12,293897,3.446623119231626,3.556606416768669e-07,4.9546357902805055e-06,Compara
GO:0007270,neuron-neuron synaptic transmission,6,85271,6,293897,3.446623119231626,0.0005964622829607854,0.0037115257360125537,Compara
GO:0021527,spinal cord association neuron differentiation,12,85271,12,293897,3.446623119231626,3.556606416768669e-07,4.9546357902805055e-06,Compara
GO:0021542,dentate gyrus development,24,85271,24,293897,3.446623119231626,1.2634291924082485e-13,4.610180599971851e-12,Compara
GO:0021591,ventricular system development,19,85271,19,293897,3.446623119231626,6.150346289958667e-11,1.6362088654211626e-09,Compara
GO:0007141,male meiosis I,24,85271,24,293897,3.446623119231626,1.2634291924082485e-13,4.610180599971851e-12,Compara
GO:0007028,cytoplasm organization,6,85271,6,293897,3.446623119231626,0.0005964622829607854,0.0037115257360125537,Compara
GO:0021707,cerebellar granule cell differentiation,6,85271,6,293897,3.446623119231626,0.0005964622829607854,0.0037115257360125537,Compara
GO:0021764,amygdala development,6,85271,6,293897,3.446623119231626,0.0005964622829607854,0.0037115257360125537,Compara
GO:0021794,thalamus development,10,85271,10,293897,3.446623119231626,4.225706513001431e-06,4.7301281987054014e-05,Compara
GO:0021795,cerebral cortex cell migration,10,85271,10,293897,3.446623119231626,4.225706513001431e-06,4.7301281987054014e-05,Compara
GO:0021798,forebrain dorsal/ventral pattern formation,6,85271,6,293897,3.446623119231626,0.0005964622829607854,0.0037115257360125537,Compara
GO:0019233,sensory perception of pain,32,85271,32,293897,3.446623119231626,6.332934236370588e-18,3.3995190980837315e-16,Compara
GO:0019226,transmission of nerve impulse,21,85271,21,293897,3.446623119231626,5.17572215099591e-12,1.5987818961567418e-10,Compara
GO:0017156,calcium-ion regulated exocytosis,8,85271,8,293897,3.446623119231626,5.020516401891405e-05,0.00042762903457012964,Compara
GO:0016064,immunoglobulin mediated immune response,12,85271,12,293897,3.446623119231626,3.556606416768669e-07,4.9546357902805055e-06,Compara
GO:0014807,regulation of somitogenesis,6,85271,6,293897,3.446623119231626,0.0005964622829607854,0.0037115257360125537,Compara
GO:0014823,response to activity,50,85271,50,293897,3.446623119231626,1.336226831226068e-27,1.7542334421248314e-25,Compara
GO:0014832,urinary bladder smooth muscle contraction,6,85271,6,293897,3.446623119231626,0.0005964622829607854,0.0037115257360125537,Compara
GO:0014898,cardiac muscle hypertrophy in response to stress,12,85271,12,293897,3.446623119231626,3.556606416768669e-07,4.9546357902805055e-06,Compara
GO:0014902,myotube differentiation,12,85271,12,293897,3.446623119231626,3.556606416768669e-07,4.9546357902805055e-06,Compara
GO:0008340,determination of adult lifespan,35,85271,35,293897,3.446623119231626,1.5454877736032503e-19,1.0200219305781451e-17,Compara
GO:0008157,protein phosphatase 1 binding,8,85271,8,293897,3.446623119231626,5.020516401891405e-05,0.00042762903457012964,Compara
GO:0016188,synaptic vesicle maturation,6,85271,6,293897,3.446623119231626,0.0005964622829607854,0.0037115257360125537,Compara
GO:0007519,skeletal muscle tissue development,49,85271,49,293897,3.446623119231626,4.6073500022930354e-27,5.919954609329285e-25,Compara
GO:0007628,adult walking behavior,34,85271,34,293897,3.446623119231626,5.3282221758267735e-19,3.317230280393597e-17,Compara
GO:0007613,memory,79,85271,79,293897,3.446623119231626,3.425678428425243e-43,1.0888248436452654e-40,Compara
GO:0016339,calcium-dependent cell-cell adhesion via plasma membrane cell adhesion molecules,6,85271,6,293897,3.446623119231626,0.0005964622829607854,0.0037115257360125537,Compara
GO:0017015,regulation of transforming growth factor beta receptor signaling pathway,12,85271,12,293897,3.446623119231626,3.556606416768669e-07,4.9546357902805055e-06,Compara
GO:0007584,response to nutrient,49,85271,49,293897,3.446623119231626,4.6073500022930354e-27,5.919954609329285e-25,Compara
GO:0017145,stem cell division,6,85271,6,293897,3.446623119231626,0.0005964622829607854,0.0037115257360125537,Compara
GO:0007566,embryo implantation,34,85271,34,293897,3.446623119231626,5.3282221758267735e-19,3.317230280393597e-17,Compara
GO:0001893,maternal placenta development,10,85271,10,293897,3.446623119231626,4.225706513001431e-06,4.7301281987054014e-05,Compara
GO:0003279,cardiac septum development,12,85271,12,293897,3.446623119231626,3.556606416768669e-07,4.9546357902805055e-06,Compara
GO:0010172,embryonic body morphogenesis,6,85271,6,293897,3.446623119231626,0.0005964622829607854,0.0037115257360125537,Compara
GO:0001520,outer dense fiber,6,85271,6,293897,3.446623119231626,0.0005964622829607854,0.0037115257360125537,Compara
GO:0001541,ovarian follicle development,40,85271,40,293897,3.446623119231626,3.172689367229266e-22,2.571794777006381e-20,Compara
GO:0032689,negative regulation of type II interferon production,19,85271,19,293897,3.446623119231626,6.150346289958667e-11,1.6362088654211626e-09,Compara
GO:0001739,sex chromatin,6,85271,6,293897,3.446623119231626,0.0005964622829607854,0.0037115257360125537,Compara
GO:0032700,negative regulation of interleukin-17 production,8,85271,8,293897,3.446623119231626,5.020516401891405e-05,0.00042762903457012964,Compara
GO:0001741,XY body,16,85271,16,293897,3.446623119231626,2.5192157841310613e-09,5.38532535234247e-08,Compara
GO:0001755,neural crest cell migration,23,85271,23,293897,3.446623119231626,4.3553982555284133e-13,1.5029857180077762e-11,Compara
GO:0001756,somitogenesis,46,85271,46,293897,3.446623119231626,1.8886111454815007e-25,2.0550131004617627e-23,Compara
GO:0031642,negative regulation of myelination,6,85271,6,293897,3.446623119231626,0.0005964622829607854,0.0037115257360125537,Compara
GO:0001768,establishment of T cell polarity,6,85271,6,293897,3.446623119231626,0.0005964622829607854,0.0037115257360125537,Compara
GO:0031333,negative regulation of protein-containing complex assembly,8,85271,8,293897,3.446623119231626,5.020516401891405e-05,0.00042762903457012964,Compara
GO:0001502,cartilage condensation,16,85271,16,293897,3.446623119231626,2.5192157841310613e-09,5.38532535234247e-08,Compara
GO:0031624,ubiquitin conjugating enzyme binding,6,85271,6,293897,3.446623119231626,0.0005964622829607854,0.0037115257360125537,Compara
GO:0001776,leukocyte homeostasis,8,85271,8,293897,3.446623119231626,5.020516401891405e-05,0.00042762903457012964,Compara
GO:0032754,positive regulation of interleukin-5 production,8,85271,8,293897,3.446623119231626,5.020516401891405e-05,0.00042762903457012964,Compara
GO:0001782,B cell homeostasis,24,85271,24,293897,3.446623119231626,1.2634291924082485e-13,4.610180599971851e-12,Compara
GO:0032809,neuronal cell body membrane,17,85271,17,293897,3.446623119231626,7.308255438903873e-10,1.6749356582747816e-08,Compara
GO:0032825,positive regulation of natural killer cell differentiation,8,85271,8,293897,3.446623119231626,5.020516401891405e-05,0.00042762903457012964,Compara
GO:0001783,B cell apoptotic process,8,85271,8,293897,3.446623119231626,5.020516401891405e-05,0.00042762903457012964,Compara
GO:0031643,positive regulation of myelination,16,85271,16,293897,3.446623119231626,2.5192157841310613e-09,5.38532535234247e-08,Compara
GO:0032675,regulation of interleukin-6 production,6,85271,6,293897,3.446623119231626,0.0005964622829607854,0.0037115257360125537,Compara
GO:0001553,luteinization,8,85271,8,293897,3.446623119231626,5.020516401891405e-05,0.00042762903457012964,Compara
GO:0032525,somite rostral/caudal axis specification,8,85271,8,293897,3.446623119231626,5.020516401891405e-05,0.00042762903457012964,Compara
GO:0031987,locomotion involved in locomotory behavior,8,85271,8,293897,3.446623119231626,5.020516401891405e-05,0.00042762903457012964,Compara
GO:0032000,positive regulation of fatty acid beta-oxidation,6,85271,6,293897,3.446623119231626,0.0005964622829607854,0.0037115257360125537,Compara
GO:0031941,filamentous actin,8,85271,8,293897,3.446623119231626,5.020516401891405e-05,0.00042762903457012964,Compara
GO:0001702,gastrulation with mouth forming second,16,85271,16,293897,3.446623119231626,2.5192157841310613e-09,5.38532535234247e-08,Compara
GO:0001707,mesoderm formation,32,85271,32,293897,3.446623119231626,6.332934236370588e-18,3.3995190980837315e-16,Compara
GO:0032025,response to cobalt ion,6,85271,6,293897,3.446623119231626,0.0005964622829607854,0.0037115257360125537,Compara
GO:0032094,response to food,33,85271,33,293897,3.446623119231626,1.8369420698334572e-18,1.0822725033877315e-16,Compara
GO:0001675,acrosome assembly,31,85271,31,293897,3.446623119231626,2.1832872504354376e-17,1.122116740883371e-15,Compara
GO:0032287,peripheral nervous system myelin maintenance,8,85271,8,293897,3.446623119231626,5.020516401891405e-05,0.00042762903457012964,Compara
GO:0001659,temperature homeostasis,21,85271,21,293897,3.446623119231626,5.17572215099591e-12,1.5987818961567418e-10,Compara
GO:0032432,actin filament bundle,6,85271,6,293897,3.446623119231626,0.0005964622829607854,0.0037115257360125537,Compara
GO:0032435,negative regulation of proteasomal ubiquitin-dependent protein catabolic process,12,85271,12,293897,3.446623119231626,3.556606416768669e-07,4.9546357902805055e-06,Compara
GO:0001574,ganglioside biosynthetic process,8,85271,8,293897,3.446623119231626,5.020516401891405e-05,0.00042762903457012964,Compara
GO:0032437,cuticular plate,8,85271,8,293897,3.446623119231626,5.020516401891405e-05,0.00042762903457012964,Compara
GO:0032495,response to muramyl dipeptide,8,85271,8,293897,3.446623119231626,5.020516401891405e-05,0.00042762903457012964,Compara
GO:0001711,endodermal cell fate commitment,6,85271,6,293897,3.446623119231626,0.0005964622829607854,0.0037115257360125537,Compara
GO:0031017,exocrine pancreas development,10,85271,10,293897,3.446623119231626,4.225706513001431e-06,4.7301281987054014e-05,Compara
GO:0001825,blastocyst formation,20,85271,20,293897,3.446623119231626,1.7841734390898402e-11,5.106456587044334e-10,Compara
GO:0001216,DNA-binding transcription activator activity,6,85271,6,293897,3.446623119231626,0.0005964622829607854,0.0037115257360125537,Compara
GO:0033147,negative regulation of intracellular estrogen receptor signaling pathway,6,85271,6,293897,3.446623119231626,0.0005964622829607854,0.0037115257360125537,Compara
GO:0031103,axon regeneration,10,85271,10,293897,3.446623119231626,4.225706513001431e-06,4.7301281987054014e-05,Compara
GO:0032966,negative regulation of collagen biosynthetic process,10,85271,10,293897,3.446623119231626,4.225706513001431e-06,4.7301281987054014e-05,Compara
GO:0000303,response to superoxide,6,85271,6,293897,3.446623119231626,0.0005964622829607854,0.0037115257360125537,Compara
GO:0032993,protein-DNA complex,10,85271,10,293897,3.446623119231626,4.225706513001431e-06,4.7301281987054014e-05,Compara
GO:0001832,blastocyst growth,6,85271,6,293897,3.446623119231626,0.0005964622829607854,0.0037115257360125537,Compara
GO:0001841,neural tube formation,10,85271,10,293897,3.446623119231626,4.225706513001431e-06,4.7301281987054014e-05,Compara
GO:0033077,T cell differentiation in thymus,34,85271,34,293897,3.446623119231626,5.3282221758267735e-19,3.317230280393597e-17,Compara
GO:0033089,positive regulation of T cell differentiation in thymus,10,85271,10,293897,3.446623119231626,4.225706513001431e-06,4.7301281987054014e-05,Compara
GO:0001886,endothelial cell morphogenesis,10,85271,10,293897,3.446623119231626,4.225706513001431e-06,4.7301281987054014e-05,Compara
GO:0033194,response to hydroperoxide,6,85271,6,293897,3.446623119231626,0.0005964622829607854,0.0037115257360125537,Compara
GO:0033197,response to vitamin E,6,85271,6,293897,3.446623119231626,0.0005964622829607854,0.0037115257360125537,Compara
GO:0031100,animal organ regeneration,23,85271,23,293897,3.446623119231626,4.3553982555284133e-13,1.5029857180077762e-11,Compara
GO:0031045,dense core granule,12,85271,12,293897,3.446623119231626,3.556606416768669e-07,4.9546357902805055e-06,Compara
GO:0033211,adiponectin-activated signaling pathway,6,85271,6,293897,3.446623119231626,0.0005964622829607854,0.0037115257360125537,Compara
GO:0033280,response to vitamin D,12,85271,12,293897,3.446623119231626,3.556606416768669e-07,4.9546357902805055e-06,Compara
GO:0098685,Schaffer collateral - CA1 synapse,96,85271,97,293897,3.4110909221261454,1.7124279774719923e-50,9.401229596321237e-48,Compara
GO:0030324,lung development,92,85271,93,293897,3.4095626555839744,2.3244718586421582e-48,1.1697904628616661e-45,Compara
GO:0009952,anterior/posterior pattern specification,90,85271,91,293897,3.408748139899411,2.706225448486384e-47,1.257145806416098e-44,Compara
GO:0007626,locomotory behavior,88,85271,89,293897,3.4078970167683496,3.149062039871407e-46,1.2269152037924791e-43,Compara
GO:0001701,in utero embryonic development,239,85271,242,293897,3.4038963863485896,2.4244765684376034e-123,5.856565598717875e-120,Compara
GO:0001843,neural tube closure,76,85271,77,293897,3.401861780020826,7.723908243197609e-40,2.1202128127577438e-37,Compara
GO:0060041,retina development in camera-type eye,74,85271,75,293897,3.400668144308538,8.949369231843121e-39,2.2059281955551266e-36,Compara
GO:0060021,roof of mouth development,60,85271,61,293897,3.390121100883567,2.451664396393099e-31,4.419582474572515e-29,Compara
GO:0097009,energy homeostasis,59,85271,60,293897,3.389179400577766,8.3164184427728e-31,1.47714267576191e-28,Compara
GO:0002244,hematopoietic progenitor cell differentiation,57,85271,58,293897,3.3871985826931503,9.561256762419048e-30,1.4997514178765877e-27,Compara
GO:0042472,inner ear morphogenesis,55,85271,56,293897,3.385076277816776,1.0979173705033455e-28,1.597668192884266e-26,Compara
GO:0007611,learning or memory,54,85271,55,293897,3.383957244336506,3.71868302114947e-28,5.162557876947505e-26,Compara
GO:0045471,response to ethanol,108,85271,110,293897,3.383957244336506,2.656293071711224e-55,1.6885635642172717e-52,Compara
GO:0001570,vasculogenesis,51,85271,52,293897,3.380341905400249,1.4419685324086556e-26,1.7954738076733757e-24,Compara
GO:0009749,response to glucose,51,85271,52,293897,3.380341905400249,1.4419685324086556e-26,1.7954738076733757e-24,Compara
GO:0021549,cerebellum development,49,85271,50,293897,3.3776906568469935,1.648923853820938e-25,1.8440465098564157e-23,Compara
GO:0030183,B cell differentiation,46,85271,47,293897,3.3732907124394638,6.356822389624052e-24,6.142216065750344e-22,Compara
GO:0051384,response to glucocorticoid,46,85271,47,293897,3.3732907124394638,6.356822389624052e-24,6.142216065750344e-22,Compara
GO:0043025,neuronal cell body,271,85271,277,293897,3.3719670227861758,1.3214521918872054e-135,3.990124893403417e-132,Compara
GO:0010977,negative regulation of neuron projection development,45,85271,46,293897,3.3716965296831125,2.1455394668474995e-23,1.9933712061987765e-21,Compara
GO:0009611,response to wounding,44,85271,45,293897,3.3700314943598126,7.238150844053681e-23,6.113453559054571e-21,Compara
GO:0035914,skeletal muscle cell differentiation,44,85271,45,293897,3.3700314943598126,7.238150844053681e-23,6.113453559054571e-21,Compara
GO:0007612,learning,44,85271,45,293897,3.3700314943598126,7.238150844053681e-23,6.113453559054571e-21,Compara
GO:0032496,response to lipopolysaccharide,123,85271,126,293897,3.3645606640118255,8.796896000669487e-62,7.083260659739071e-59,Compara
GO:0048839,inner ear development,40,85271,41,293897,3.3625591407137816,9.327168199185353e-21,6.911259969923969e-19,Compara
GO:0009566,fertilization,40,85271,41,293897,3.3625591407137816,9.327168199185353e-21,6.911259969923969e-19,Compara
GO:0098978,glutamatergic synapse,531,85271,545,293897,3.3580860115816393,2.3005871919776517e-261,2.7786492104706076e-257,Compara
GO:0032868,response to insulin,75,85271,77,293897,3.357100440810026,7.226657140880002e-38,1.7456712989509734e-35,Compara
GO:0030282,bone mineralization,37,85271,38,293897,3.355922510830794,3.545496643408254e-19,2.2777930031428133e-17,Compara
GO:0016358,dendrite development,37,85271,38,293897,3.355922510830794,3.545496643408254e-19,2.2777930031428133e-17,Compara
GO:0043434,response to peptide hormone,36,85271,37,293897,3.353471143036177,1.1905362005856627e-18,7.189648115336818e-17,Compara
GO:0048863,stem cell differentiation,36,85271,37,293897,3.353471143036177,1.1905362005856627e-18,7.189648115336818e-17,Compara
GO:0001974,blood vessel remodeling,36,85271,37,293897,3.353471143036177,1.1905362005856627e-18,7.189648115336818e-17,Compara
GO:0033574,response to testosterone,34,85271,35,293897,3.348148172967865,1.3394119185486272e-17,7.064374302283982e-16,Compara
GO:0098982,GABA-ergic synapse,100,85271,103,293897,3.3462360380889575,1.120883691973518e-49,5.886101405067891e-47,Compara
GO:0000794,condensed nuclear chromosome,33,85271,34,293897,3.345251851018931,4.487289719375091e-17,2.2582285512755146e-15,Compara
GO:0048709,oligodendrocyte differentiation,31,85271,32,293897,3.338916146755638,5.02330958810791e-16,2.3699817658268492e-14,Compara
GO:0032024,positive regulation of insulin secretion,31,85271,32,293897,3.338916146755638,5.02330958810791e-16,2.3699817658268492e-14,Compara
GO:0042593,glucose homeostasis,92,85271,95,293897,3.3377823891506275,1.759829439061038e-45,6.251535283817417e-43,Compara
GO:0030879,mammary gland development,30,85271,31,293897,3.3354417282886706,1.6783367923485854e-15,7.535669805942831e-14,Compara
GO:0032526,response to retinoic acid,30,85271,31,293897,3.3354417282886706,1.6783367923485854e-15,7.535669805942831e-14,Compara
GO:0043524,negative regulation of neuron apoptotic process,119,85271,123,293897,3.334537814541167,2.4778837096683123e-58,1.7604634967866985e-55,Compara
GO:0001822,kidney development,118,85271,122,293897,3.3336190825355074,8.271565276532063e-58,5.550220300553014e-55,Compara
GO:0043029,T cell homeostasis,29,85271,30,293897,3.3317356819239055,5.601756304769508e-15,2.3656647779372765e-13,Compara
GO:0040018,positive regulation of multicellular organism growth,29,85271,30,293897,3.3317356819239055,5.601756304769508e-15,2.3656647779372765e-13,Compara
GO:0030901,midbrain development,29,85271,30,293897,3.3317356819239055,5.601756304769508e-15,2.3656647779372765e-13,Compara
GO:0031667,response to nutrient levels,58,85271,60,293897,3.3317356819239055,6.049015776864469e-29,9.132501569121133e-27,Compara
GO:0006641,triglyceride metabolic process,29,85271,30,293897,3.3317356819239055,5.601756304769508e-15,2.3656647779372765e-13,Compara
GO:0071300,cellular response to retinoic acid,29,85271,30,293897,3.3317356819239055,5.601756304769508e-15,2.3656647779372765e-13,Compara
GO:0007492,endoderm development,28,85271,29,293897,3.3277740461546736,1.8676512054739127e-14,7.469367966792688e-13,Compara
GO:0099524,postsynaptic cytosol,28,85271,29,293897,3.3277740461546736,1.8676512054739127e-14,7.469367966792688e-13,Compara
GO:0010976,positive regulation of neuron projection development,56,85271,58,293897,3.3277740461546736,6.720254805866908e-28,9.223549721052332e-26,Compara
GO:0009410,response to xenobiotic stimulus,191,85271,198,293897,3.3247728069355587,3.858691409134788e-92,5.178363871058886e-89,Compara
GO:0001569,branching involved in blood vessel morphogenesis,27,85271,28,293897,3.3235294364019254,6.219583146329849e-14,2.37349180901026e-12,Compara
GO:0007616,long-term memory,27,85271,28,293897,3.3235294364019254,6.219583146329849e-14,2.37349180901026e-12,Compara
GO:0030326,embryonic limb morphogenesis,54,85271,56,293897,3.3235294364019254,7.447935559264442e-27,9.469070072083782e-25,Compara
GO:0099175,regulation of postsynapse organization,27,85271,28,293897,3.3235294364019254,6.219583146329849e-14,2.37349180901026e-12,Compara
GO:0009306,protein secretion,27,85271,28,293897,3.3235294364019254,6.219583146329849e-14,2.37349180901026e-12,Compara
GO:0002181,cytoplasmic translation,27,85271,28,293897,3.3235294364019254,6.219583146329849e-14,2.37349180901026e-12,Compara
GO:0019827,stem cell population maintenance,53,85271,55,293897,3.3212913694413855,2.4771006452218808e-26,2.962219959701968e-24,Compara
GO:0045665,negative regulation of neuron differentiation,52,85271,54,293897,3.3189704111119362,8.233030602728174e-26,9.380994681108573e-24,Compara
GO:0048568,embryonic organ development,26,85271,27,293897,3.3189704111119362,2.068639014836337e-13,7.436018458688475e-12,Compara
GO:0042552,myelination,52,85271,54,293897,3.3189704111119362,8.233030602728174e-26,9.380994681108573e-24,Compara
GO:0055007,cardiac muscle cell differentiation,26,85271,27,293897,3.3189704111119362,2.068639014836337e-13,7.436018458688475e-12,Compara
GO:0010467,gene expression,284,85271,295,293897,3.3181049690229893,1.2415592308498662e-135,3.990124893403417e-132,Compara
GO:0001889,liver development,77,85271,80,293897,3.31737475226044,1.2174542113887145e-37,2.77441735191564e-35,Compara
GO:0042733,embryonic digit morphogenesis,51,85271,53,293897,3.3165618694493006,2.7344712300894783e-25,2.922738364338117e-23,Compara
GO:0001568,blood vessel development,51,85271,53,293897,3.3165618694493006,2.7344712300894783e-25,2.922738364338117e-23,Compara
GO:0009612,response to mechanical stimulus,50,85271,52,293897,3.3140606915688715,9.075553846150467e-25,9.36876404733379e-23,Compara
GO:0060349,bone morphogenesis,25,85271,26,293897,3.3140606915688715,6.87109634399599e-13,2.3246246958762903e-11,Compara
GO:0000902,cell morphogenesis,72,85271,75,293897,3.3087581944623614,4.886658381357875e-35,1.0354571917550948e-32,Compara
GO:0035640,exploration behavior,24,85271,25,293897,3.308758194462361,2.2789803812064164e-12,7.243559222160815e-11,Compara
GO:0048754,branching morphogenesis of an epithelial tube,24,85271,25,293897,3.308758194462361,2.2789803812064164e-12,7.243559222160815e-11,Compara
GO:0007288,sperm axoneme assembly,24,85271,25,293897,3.308758194462361,2.2789803812064164e-12,7.243559222160815e-11,Compara
GO:0048661,positive regulation of smooth muscle cell proliferation,24,85271,25,293897,3.308758194462361,2.2789803812064164e-12,7.243559222160815e-11,Compara
GO:0045444,fat cell differentiation,71,85271,74,293897,3.306895154938452,1.6181964355950742e-34,3.369754577434018e-32,Compara
GO:0040014,regulation of multicellular organism growth,23,85271,24,293897,3.303013822596975,7.547068670802613e-12,2.2731544989015948e-10,Compara
GO:0050885,neuromuscular process controlling balance,46,85271,48,293897,3.303013822596975,1.0926506347337926e-22,9.10140301125155e-21,Compara
GO:1901224,positive regulation of non-canonical NF-kappaB signal transduction,23,85271,24,293897,3.303013822596975,7.547068670802613e-12,2.2731544989015948e-10,Compara
GO:0008089,anterograde axonal transport,23,85271,24,293897,3.303013822596975,7.547068670802613e-12,2.2731544989015948e-10,Compara
GO:0014850,response to muscle activity,23,85271,24,293897,3.303013822596975,7.547068670802613e-12,2.2731544989015948e-10,Compara
GO:0003151,outflow tract morphogenesis,45,85271,47,293897,3.299958305647302,3.61173270942848e-22,2.888907792349482e-20,Compara
GO:0045879,negative regulation of smoothened signaling pathway,22,85271,23,293897,3.296769940134599,2.4950706311846734e-11,7.00824722870895e-10,Compara
GO:0045773,positive regulation of axon extension,22,85271,23,293897,3.296769940134599,2.4950706311846734e-11,7.00824722870895e-10,Compara
GO:0050807,regulation of synapse organization,22,85271,23,293897,3.296769940134599,2.4950706311846734e-11,7.00824722870895e-10,Compara
GO:0030307,positive regulation of cell growth,22,85271,23,293897,3.296769940134599,2.4950706311846734e-11,7.00824722870895e-10,Compara
GO:0060348,bone development,65,85271,68,293897,3.2945662169125836,2.107409547616469e-31,3.8565594721381385e-29,Compara
GO:0048167,regulation of synaptic plasticity,42,85271,44,293897,3.289958431993825,1.2970542917485621e-20,9.237773754903964e-19,Compara
GO:2001235,positive regulation of apoptotic signaling pathway,21,85271,22,293897,3.289958431993825,8.233613809922653e-11,2.1478528638498017e-09,Compara
GO:0007623,circadian rhythm,63,85271,66,293897,3.289958431993825,2.289550455891302e-30,3.7369176224669116e-28,Compara
GO:0043195,terminal bouton,21,85271,22,293897,3.289958431993825,8.233613809922653e-11,2.1478528638498017e-09,Compara
GO:0097150,neuronal stem cell population maintenance,21,85271,22,293897,3.289958431993825,8.233613809922653e-11,2.1478528638498017e-09,Compara
GO:0050728,negative regulation of inflammatory response,62,85271,65,293897,3.28754820603632,7.538644900412318e-30,1.1980493829892103e-27,Compara
GO:0071346,cellular response to type II interferon,41,85271,43,293897,3.286315067174341,4.2706138513814797e-20,2.98153029462344e-18,Compara
GO:0120316,sperm flagellum assembly,20,85271,21,293897,3.282498208792025,2.711619791836366e-10,6.587085961887855e-09,Compara
GO:0071353,cellular response to interleukin-4,20,85271,21,293897,3.282498208792025,2.711619791836366e-10,6.587085961887855e-09,Compara
GO:0071560,cellular response to transforming growth factor beta stimulus,40,85271,42,293897,3.282498208792025,1.4045823167882855e-19,9.372676918325366e-18,Compara
GO:0007286,spermatid development,99,85271,104,293897,3.2809200846531827,1.0223227660668602e-46,4.257798058122599e-44,Compara
GO:0048675,axon extension,19,85271,20,293897,3.274291963270045,8.910763045977367e-10,2.0230112043104255e-08,Compara
GO:0045672,positive regulation of osteoclast differentiation,19,85271,20,293897,3.274291963270045,8.910763045977367e-10,2.0230112043104255e-08,Compara
GO:0048535,lymph node development,19,85271,20,293897,3.274291963270045,8.910763045977367e-10,2.0230112043104255e-08,Compara
GO:0034504,protein localization to nucleus,19,85271,20,293897,3.274291963270045,8.910763045977367e-10,2.0230112043104255e-08,Compara
GO:0055013,cardiac muscle cell development,19,85271,20,293897,3.274291963270045,8.910763045977367e-10,2.0230112043104255e-08,Compara
GO:0043473,pigmentation,37,85271,39,293897,3.2698732156812866,4.9616943696625546e-18,2.761628783261951e-16,Compara
GO:0060441,epithelial tube branching involved in lung morphogenesis,18,85271,19,293897,3.265221902429962,2.9211472005885315e-09,6.117612973444151e-08,Compara
GO:0010906,regulation of glucose metabolic process,18,85271,19,293897,3.265221902429962,2.9211472005885315e-09,6.117612973444151e-08,Compara
GO:0042060,wound healing,36,85271,38,293897,3.265221902429962,1.6238293853487407e-17,8.49030792910913e-16,Compara
GO:0043542,endothelial cell migration,18,85271,19,293897,3.265221902429962,2.9211472005885315e-09,6.117612973444151e-08,Compara
GO:0060324,face development,18,85271,19,293897,3.265221902429962,2.9211472005885315e-09,6.117612973444151e-08,Compara
GO:2000179,positive regulation of neural precursor cell proliferation,18,85271,19,293897,3.265221902429962,2.9211472005885315e-09,6.117612973444151e-08,Compara
GO:0042307,positive regulation of protein import into nucleus,18,85271,19,293897,3.265221902429962,2.9211472005885315e-09,6.117612973444151e-08,Compara
GO:0003148,outflow tract septum morphogenesis,18,85271,19,293897,3.265221902429962,2.9211472005885315e-09,6.117612973444151e-08,Compara
GO:0001658,branching involved in ureteric bud morphogenesis,36,85271,38,293897,3.265221902429962,1.6238293853487407e-17,8.49030792910913e-16,Compara
GO:0050679,positive regulation of epithelial cell proliferation,35,85271,37,293897,3.260319166840728,5.306925016907749e-17,2.6377382861815555e-15,Compara
GO:0001890,placenta development,35,85271,37,293897,3.260319166840728,5.306925016907749e-17,2.6377382861815555e-15,Compara
GO:0021987,cerebral cortex development,69,85271,73,293897,3.257767057903866,2.309047427384903e-32,4.290565358146901e-30,Compara
GO:0051963,regulation of synapse assembly,17,85271,18,293897,3.2551440570520915,9.550672313612806e-09,1.8310003206954837e-07,Compara
GO:0046697,decidualization,17,85271,18,293897,3.2551440570520915,9.550672313612806e-09,1.8310003206954837e-07,Compara
GO:0031290,retinal ganglion cell axon guidance,17,85271,18,293897,3.2551440570520915,9.550672313612806e-09,1.8310003206954837e-07,Compara
GO:0090190,positive regulation of branching involved in ureteric bud morphogenesis,17,85271,18,293897,3.2551440570520915,9.550672313612806e-09,1.8310003206954837e-07,Compara
GO:0048148,behavioral response to cocaine,17,85271,18,293897,3.2551440570520915,9.550672313612806e-09,1.8310003206954837e-07,Compara
GO:2001234,negative regulation of apoptotic signaling pathway,17,85271,18,293897,3.2551440570520915,9.550672313612806e-09,1.8310003206954837e-07,Compara
GO:0045600,positive regulation of fat cell differentiation,33,85271,35,293897,3.2496732267041044,5.642727343343414e-16,2.6518622899961774e-14,Compara
GO:0000987,cis-regulatory region sequence-specific DNA binding,49,85271,52,293897,3.247779477737494,3.7347586935591204e-23,3.2452097482595003e-21,Compara
GO:1904862,inhibitory synapse assembly,16,85271,17,293897,3.2438805828062365,3.113345962608293e-08,5.402728812698701e-07,Compara
GO:0030225,macrophage differentiation,16,85271,17,293897,3.2438805828062365,3.113345962608293e-08,5.402728812698701e-07,Compara
GO:0050680,negative regulation of epithelial cell proliferation,32,85271,34,293897,3.2438805828062365,1.8355132652934124e-15,8.180564287163777e-14,Compara
GO:0030864,cortical actin cytoskeleton,16,85271,17,293897,3.2438805828062365,3.113345962608293e-08,5.402728812698701e-07,Compara
GO:0002177,manchette,16,85271,17,293897,3.2438805828062365,3.113345962608293e-08,5.402728812698701e-07,Compara
GO:0002062,chondrocyte differentiation,32,85271,34,293897,3.2438805828062365,1.8355132652934124e-15,8.180564287163777e-14,Compara
GO:2001222,regulation of neuron migration,16,85271,17,293897,3.2438805828062365,3.113345962608293e-08,5.402728812698701e-07,Compara
GO:0009880,embryonic pattern specification,16,85271,17,293897,3.2438805828062365,3.113345962608293e-08,5.402728812698701e-07,Compara
GO:0060077,inhibitory synapse,16,85271,17,293897,3.2438805828062365,3.113345962608293e-08,5.402728812698701e-07,Compara
GO:0036126,sperm flagellum,94,85271,100,293897,3.2398257320777284,4.6198223184472776e-43,1.4307234349283647e-40,Compara
GO:0035094,response to nicotine,31,85271,33,293897,3.2377368695812243,5.960288225187668e-15,2.499595874438078e-13,Compara
GO:0001656,metanephros development,31,85271,33,293897,3.2377368695812243,5.960288225187668e-15,2.499595874438078e-13,Compara
GO:0060322,head development,15,85271,16,293897,3.2312091742796496,1.0115371183155107e-07,1.6333118367713421e-06,Compara
GO:0051881,regulation of mitochondrial membrane potential,15,85271,16,293897,3.2312091742796496,1.0115371183155107e-07,1.6333118367713421e-06,Compara
GO:0042832,defense response to protozoan,15,85271,16,293897,3.2312091742796496,1.0115371183155107e-07,1.6333118367713421e-06,Compara
GO:0034446,substrate adhesion-dependent cell spreading,15,85271,16,293897,3.2312091742796496,1.0115371183155107e-07,1.6333118367713421e-06,Compara
GO:1904888,cranial skeletal system development,15,85271,16,293897,3.2312091742796496,1.0115371183155107e-07,1.6333118367713421e-06,Compara
GO:0045429,positive regulation of nitric oxide biosynthetic process,15,85271,16,293897,3.2312091742796496,1.0115371183155107e-07,1.6333118367713421e-06,Compara
GO:1990782,protein tyrosine kinase binding,15,85271,16,293897,3.2312091742796496,1.0115371183155107e-07,1.6333118367713421e-06,Compara
GO:0003382,epithelial cell morphogenesis,15,85271,16,293897,3.2312091742796496,1.0115371183155107e-07,1.6333118367713421e-06,Compara
GO:0001829,trophectodermal cell differentiation,15,85271,16,293897,3.2312091742796496,1.0115371183155107e-07,1.6333118367713421e-06,Compara
GO:0010043,response to zinc ion,15,85271,16,293897,3.2312091742796496,1.0115371183155107e-07,1.6333118367713421e-06,Compara
GO:0007528,neuromuscular junction development,30,85271,32,293897,3.2312091742796496,1.931842429514943e-14,7.700591704185307e-13,Compara
GO:0030218,erythrocyte differentiation,44,85271,47,293897,3.2266258988551395,1.3389302871346558e-20,9.45707602807741e-19,Compara
GO:0008283,cell population proliferation,102,85271,109,293897,3.2252803501066594,4.100076343539511e-46,1.500627941735461e-43,Compara
GO:0048678,response to axon injury,29,85271,31,293897,3.224260337345715,6.24913392337525e-14,2.37349180901026e-12,Compara
GO:0009725,response to hormone,29,85271,31,293897,3.224260337345715,6.24913392337525e-14,2.37349180901026e-12,Compara
GO:0042475,odontogenesis of dentin-containing tooth,43,85271,46,293897,3.2218433505860853,4.324428240293398e-20,3.0017496716243483e-18,Compara
GO:0031594,neuromuscular junction,57,85271,61,293897,3.2206150458393887,3.145380913095408e-26,3.6883408415889645e-24,Compara
GO:0003407,neural retina development,14,85271,15,293897,3.216848244616185,3.2742862624210214e-07,4.888359638754153e-06,Compara
GO:0032332,positive regulation of chondrocyte differentiation,14,85271,15,293897,3.216848244616185,3.2742862624210214e-07,4.888359638754153e-06,Compara
GO:0001764,neuron migration,98,85271,105,293897,3.216848244616185,4.4389436545666035e-44,1.4892655961070954e-41,Compara
GO:0045662,negative regulation of myoblast differentiation,14,85271,15,293897,3.216848244616185,3.2742862624210214e-07,4.888359638754153e-06,Compara
GO:0032590,dendrite membrane,14,85271,15,293897,3.216848244616185,3.2742862624210214e-07,4.888359638754153e-06,Compara
GO:0007157,heterophilic cell-cell adhesion via plasma membrane cell adhesion molecules,14,85271,15,293897,3.216848244616185,3.2742862624210214e-07,4.888359638754153e-06,Compara
GO:1904646,cellular response to amyloid-beta,14,85271,15,293897,3.216848244616185,3.2742862624210214e-07,4.888359638754153e-06,Compara
GO:0035162,embryonic hemopoiesis,14,85271,15,293897,3.216848244616185,3.2742862624210214e-07,4.888359638754153e-06,Compara
GO:0032733,positive regulation of interleukin-10 production,14,85271,15,293897,3.216848244616185,3.2742862624210214e-07,4.888359638754153e-06,Compara
GO:0048546,digestive tract morphogenesis,14,85271,15,293897,3.216848244616185,3.2742862624210214e-07,4.888359638754153e-06,Compara
GO:0035022,positive regulation of Rac protein signal transduction,14,85271,15,293897,3.216848244616185,3.2742862624210214e-07,4.888359638754153e-06,Compara
GO:0050775,positive regulation of dendrite morphogenesis,14,85271,15,293897,3.216848244616185,3.2742862624210214e-07,4.888359638754153e-06,Compara
GO:0032228,"regulation of synaptic transmission, GABAergic",14,85271,15,293897,3.216848244616185,3.2742862624210214e-07,4.888359638754153e-06,Compara
GO:0043523,regulation of neuron apoptotic process,14,85271,15,293897,3.216848244616185,3.2742862624210214e-07,4.888359638754153e-06,Compara
GO:0055074,calcium ion homeostasis,27,85271,29,293897,3.208924973077721,6.49706643426565e-13,2.2042575391309133e-11,Compara
GO:0051591,response to cAMP,27,85271,29,293897,3.208924973077721,6.49706643426565e-13,2.2042575391309133e-11,Compara
GO:1904315,transmitter-gated monoatomic ion channel activity involved in regulation of postsynaptic membrane potential,27,85271,29,293897,3.208924973077721,6.49706643426565e-13,2.2042575391309133e-11,Compara
GO:0045165,cell fate commitment,40,85271,43,293897,3.2061610411456987,1.443819473857469e-18,8.590370248891878e-17,Compara
GO:0007507,heart development,197,85271,212,293897,3.202758275889766,2.5551502725141304e-86,2.8055549992205152e-83,Compara
GO:0006487,protein N-linked glycosylation,13,85271,14,293897,3.2004357535722248,1.0553945192727963e-06,1.4179149058706156e-05,Compara
GO:0002009,morphogenesis of an epithelium,13,85271,14,293897,3.2004357535722248,1.0553945192727963e-06,1.4179149058706156e-05,Compara
GO:0042116,macrophage activation,13,85271,14,293897,3.2004357535722248,1.0553945192727963e-06,1.4179149058706156e-05,Compara
GO:0071260,cellular response to mechanical stimulus,26,85271,28,293897,3.2004357535722248,2.0875488118297055e-12,6.705695358850847e-11,Compara
GO:0098761,cellular response to interleukin-7,13,85271,14,293897,3.2004357535722248,1.0553945192727963e-06,1.4179149058706156e-05,Compara
GO:0060395,SMAD protein signal transduction,13,85271,14,293897,3.2004357535722248,1.0553945192727963e-06,1.4179149058706156e-05,Compara
GO:0042692,muscle cell differentiation,13,85271,14,293897,3.2004357535722248,1.0553945192727963e-06,1.4179149058706156e-05,Compara
GO:0097305,response to alcohol,13,85271,14,293897,3.2004357535722248,1.0553945192727963e-06,1.4179149058706156e-05,Compara
GO:0031018,endocrine pancreas development,13,85271,14,293897,3.2004357535722248,1.0553945192727963e-06,1.4179149058706156e-05,Compara
GO:0007129,homologous chromosome pairing at meiosis,26,85271,28,293897,3.2004357535722248,2.0875488118297055e-12,6.705695358850847e-11,Compara
GO:0046716,muscle cell cellular homeostasis,13,85271,14,293897,3.2004357535722248,1.0553945192727963e-06,1.4179149058706156e-05,Compara
GO:0051145,smooth muscle cell differentiation,13,85271,14,293897,3.2004357535722248,1.0553945192727963e-06,1.4179149058706156e-05,Compara
GO:0045599,negative regulation of fat cell differentiation,39,85271,42,293897,3.2004357535722243,4.6340664754365185e-18,2.615432471510386e-16,Compara
GO:0065003,protein-containing complex assembly,39,85271,42,293897,3.2004357535722243,4.6340664754365185e-18,2.615432471510386e-16,Compara
GO:1990841,promoter-specific chromatin binding,51,85271,55,293897,3.1959596196511444,3.466313730374872e-23,3.033778060541138e-21,Compara
GO:0032715,negative regulation of interleukin-6 production,25,85271,27,293897,3.1913177029922464,6.690181295712397e-12,2.040505295192281e-10,Compara
GO:0048741,skeletal muscle fiber development,25,85271,27,293897,3.1913177029922464,6.690181295712397e-12,2.040505295192281e-10,Compara
GO:0007140,male meiotic nuclear division,25,85271,27,293897,3.1913177029922464,6.690181295712397e-12,2.040505295192281e-10,Compara
GO:0009416,response to light stimulus,25,85271,27,293897,3.1913177029922464,6.690181295712397e-12,2.040505295192281e-10,Compara
GO:0021983,pituitary gland development,25,85271,27,293897,3.1913177029922464,6.690181295712397e-12,2.040505295192281e-10,Compara
GO:0032869,cellular response to insulin stimulus,62,85271,67,293897,3.1894124386919525,8.514218358340628e-28,1.1426081036893122e-25,Compara
GO:0030182,neuron differentiation,99,85271,107,293897,3.188931671064776,1.3137519757116008e-43,4.2885125304445175e-41,Compara
GO:0009267,cellular response to starvation,37,85271,40,293897,3.1881263852892543,4.7482546077585945e-17,2.379643948236859e-15,Compara
GO:0008344,adult locomotory behavior,49,85271,53,293897,3.186500619666975,3.5427420335010233e-22,2.8526158853750237e-20,Compara
GO:0090336,positive regulation of brown fat cell differentiation,12,85271,13,293897,3.1814982639061165,3.385419507764845e-06,4.11773381820582e-05,Compara
GO:0034614,cellular response to reactive oxygen species,12,85271,13,293897,3.1814982639061165,3.385419507764845e-06,4.11773381820582e-05,Compara
GO:0014002,astrocyte development,12,85271,13,293897,3.1814982639061165,3.385419507764845e-06,4.11773381820582e-05,Compara
GO:0016446,somatic hypermutation of immunoglobulin genes,12,85271,13,293897,3.1814982639061165,3.385419507764845e-06,4.11773381820582e-05,Compara
GO:0030855,epithelial cell differentiation,24,85271,26,293897,3.1814982639061165,2.1381429343299185e-11,6.062086939163558e-10,Compara
GO:0035092,sperm DNA condensation,12,85271,13,293897,3.1814982639061165,3.385419507764845e-06,4.11773381820582e-05,Compara
GO:0002089,lens morphogenesis in camera-type eye,12,85271,13,293897,3.1814982639061165,3.385419507764845e-06,4.11773381820582e-05,Compara
GO:0035108,limb morphogenesis,24,85271,26,293897,3.1814982639061165,2.1381429343299185e-11,6.062086939163558e-10,Compara
GO:0009409,response to cold,24,85271,26,293897,3.1814982639061165,2.1381429343299185e-11,6.062086939163558e-10,Compara
GO:0051899,membrane depolarization,12,85271,13,293897,3.1814982639061165,3.385419507764845e-06,4.11773381820582e-05,Compara
GO:0055078,sodium ion homeostasis,12,85271,13,293897,3.1814982639061165,3.385419507764845e-06,4.11773381820582e-05,Compara
GO:0006911,"phagocytosis, engulfment",12,85271,13,293897,3.1814982639061165,3.385419507764845e-06,4.11773381820582e-05,Compara
GO:0021670,lateral ventricle development,12,85271,13,293897,3.1814982639061165,3.385419507764845e-06,4.11773381820582e-05,Compara
GO:0022624,proteasome accessory complex,24,85271,26,293897,3.1814982639061165,2.1381429343299185e-11,6.062086939163558e-10,Compara
GO:0001709,cell fate determination,12,85271,13,293897,3.1814982639061165,3.385419507764845e-06,4.11773381820582e-05,Compara
GO:0009792,embryo development ending in birth or egg hatching,12,85271,13,293897,3.1814982639061165,3.385419507764845e-06,4.11773381820582e-05,Compara
GO:0035988,chondrocyte proliferation,12,85271,13,293897,3.1814982639061165,3.385419507764845e-06,4.11773381820582e-05,Compara
GO:0045580,regulation of T cell differentiation,12,85271,13,293897,3.1814982639061165,3.385419507764845e-06,4.11773381820582e-05,Compara
GO:0030316,osteoclast differentiation,35,85271,38,293897,3.1745212940291294,4.827637405232782e-16,2.2955986055276194e-14,Compara
GO:0050768,negative regulation of neurogenesis,23,85271,25,293897,3.170893269693096,6.81300839991143e-11,1.788859031611527e-09,Compara
GO:0048589,developmental growth,23,85271,25,293897,3.170893269693096,6.81300839991143e-11,1.788859031611527e-09,Compara
GO:0048146,positive regulation of fibroblast proliferation,23,85271,25,293897,3.170893269693096,6.81300839991143e-11,1.788859031611527e-09,Compara
GO:0061484,hematopoietic stem cell homeostasis,23,85271,25,293897,3.170893269693096,6.81300839991143e-11,1.788859031611527e-09,Compara
GO:0007368,determination of left/right symmetry,68,85271,74,293897,3.1671671906452783,6.917946157874632e-30,1.1140660492641305e-27,Compara
GO:0051642,centrosome localization,11,85271,12,293897,3.159404525962324,1.0799018422468166e-05,0.00011593826178361822,Compara
GO:0070527,platelet aggregation,22,85271,24,293897,3.159404525962324,2.1639072037561413e-10,5.312128294098917e-09,Compara
GO:0045579,positive regulation of B cell differentiation,11,85271,12,293897,3.159404525962324,1.0799018422468166e-05,0.00011593826178361822,Compara
GO:0035025,positive regulation of Rho protein signal transduction,11,85271,12,293897,3.159404525962324,1.0799018422468166e-05,0.00011593826178361822,Compara
GO:0045987,positive regulation of smooth muscle contraction,11,85271,12,293897,3.159404525962324,1.0799018422468166e-05,0.00011593826178361822,Compara
GO:0045178,basal part of cell,11,85271,12,293897,3.159404525962324,1.0799018422468166e-05,0.00011593826178361822,Compara
GO:0010165,response to X-ray,11,85271,12,293897,3.159404525962324,1.0799018422468166e-05,0.00011593826178361822,Compara
GO:0051453,regulation of intracellular pH,11,85271,12,293897,3.159404525962324,1.0799018422468166e-05,0.00011593826178361822,Compara
GO:0034122,negative regulation of toll-like receptor signaling pathway,11,85271,12,293897,3.159404525962324,1.0799018422468166e-05,0.00011593826178361822,Compara
GO:0008209,androgen metabolic process,11,85271,12,293897,3.159404525962324,1.0799018422468166e-05,0.00011593826178361822,Compara
GO:0030214,hyaluronan catabolic process,11,85271,12,293897,3.159404525962324,1.0799018422468166e-05,0.00011593826178361822,Compara
GO:0008343,adult feeding behavior,11,85271,12,293897,3.159404525962324,1.0799018422468166e-05,0.00011593826178361822,Compara
GO:0070306,lens fiber cell differentiation,11,85271,12,293897,3.159404525962324,1.0799018422468166e-05,0.00011593826178361822,Compara
GO:0001736,establishment of planar polarity,11,85271,12,293897,3.159404525962324,1.0799018422468166e-05,0.00011593826178361822,Compara
GO:0060993,kidney morphogenesis,11,85271,12,293897,3.159404525962324,1.0799018422468166e-05,0.00011593826178361822,Compara
GO:0007167,enzyme-linked receptor protein signaling pathway,11,85271,12,293897,3.159404525962324,1.0799018422468166e-05,0.00011593826178361822,Compara
GO:0030838,positive regulation of actin filament polymerization,22,85271,24,293897,3.159404525962324,2.1639072037561413e-10,5.312128294098917e-09,Compara
GO:0097228,sperm principal piece,22,85271,24,293897,3.159404525962324,2.1639072037561413e-10,5.312128294098917e-09,Compara
GO:0001772,immunological synapse,22,85271,24,293897,3.159404525962324,2.1639072037561413e-10,5.312128294098917e-09,Compara
GO:0060816,random inactivation of X chromosome,11,85271,12,293897,3.159404525962324,1.0799018422468166e-05,0.00011593826178361822,Compara
GO:0034587,piRNA processing,11,85271,12,293897,3.159404525962324,1.0799018422468166e-05,0.00011593826178361822,Compara
GO:0043220,Schmidt-Lanterman incisure,11,85271,12,293897,3.159404525962324,1.0799018422468166e-05,0.00011593826178361822,Compara
GO:0048168,regulation of neuronal synaptic plasticity,11,85271,12,293897,3.159404525962324,1.0799018422468166e-05,0.00011593826178361822,Compara
GO:0007340,acrosome reaction,11,85271,12,293897,3.159404525962324,1.0799018422468166e-05,0.00011593826178361822,Compara
GO:0035418,protein localization to synapse,11,85271,12,293897,3.159404525962324,1.0799018422468166e-05,0.00011593826178361822,Compara
GO:0050766,positive regulation of phagocytosis,22,85271,24,293897,3.159404525962324,2.1639072037561413e-10,5.312128294098917e-09,Compara
GO:0007411,axon guidance,96,85271,105,293897,3.1511982804403442,3.548615624579995e-41,1.0204804646113614e-38,Compara
GO:0032760,positive regulation of tumor necrosis factor production,53,85271,58,293897,3.149500436539245,2.7994120666594735e-23,2.5163682253111218e-21,Compara
GO:0071392,cellular response to estradiol stimulus,21,85271,23,293897,3.1469167610375717,6.848831719090608e-10,1.6380235545183436e-08,Compara
GO:0050769,positive regulation of neurogenesis,21,85271,23,293897,3.1469167610375717,6.848831719090608e-10,1.6380235545183436e-08,Compara
GO:0060173,limb development,42,85271,46,293897,3.1469167610375717,1.1497789430879016e-18,7.049253844982577e-17,Compara
GO:0032720,negative regulation of tumor necrosis factor production,31,85271,34,293897,3.1425093145935414,4.858296280978999e-14,1.886768568542262e-12,Compara
GO:0048666,neuron development,41,85271,45,293897,3.140256619744371,3.622778832738635e-18,2.0639586198970392e-16,Compara
GO:0043010,camera-type eye development,61,85271,67,293897,3.1379703025840175,2.1698419485671663e-26,2.6207351054794233e-24,Compara
GO:0045666,positive regulation of neuron differentiation,61,85271,67,293897,3.1379703025840175,2.1698419485671663e-26,2.6207351054794233e-24,Compara
GO:0002042,cell migration involved in sprouting angiogenesis,10,85271,11,293897,3.133293744756024,3.422336707621993e-05,0.0003211731371768332,Compara
GO:0099173,postsynapse organization,10,85271,11,293897,3.133293744756024,3.422336707621993e-05,0.0003211731371768332,Compara
GO:0002023,reduction of food intake in response to dietary excess,10,85271,11,293897,3.133293744756024,3.422336707621993e-05,0.0003211731371768332,Compara
GO:0002028,regulation of sodium ion transport,10,85271,11,293897,3.133293744756024,3.422336707621993e-05,0.0003211731371768332,Compara
GO:1990845,adaptive thermogenesis,10,85271,11,293897,3.133293744756024,3.422336707621993e-05,0.0003211731371768332,Compara
GO:0014059,regulation of dopamine secretion,10,85271,11,293897,3.133293744756024,3.422336707621993e-05,0.0003211731371768332,Compara
GO:2000406,positive regulation of T cell migration,10,85271,11,293897,3.133293744756024,3.422336707621993e-05,0.0003211731371768332,Compara
GO:0048812,neuron projection morphogenesis,40,85271,44,293897,3.133293744756024,1.1391088096217054e-17,6.06086176326474e-16,Compara
GO:0000302,response to reactive oxygen species,10,85271,11,293897,3.133293744756024,3.422336707621993e-05,0.0003211731371768332,Compara
GO:0000791,euchromatin,20,85271,22,293897,3.133293744756024,2.159420389917052e-09,4.82097587235086e-08,Compara
GO:0000380,"alternative mRNA splicing, via spliceosome",10,85271,11,293897,3.133293744756024,3.422336707621993e-05,0.0003211731371768332,Compara
GO:2000060,positive regulation of ubiquitin-dependent protein catabolic process,10,85271,11,293897,3.133293744756024,3.422336707621993e-05,0.0003211731371768332,Compara
GO:0090280,positive regulation of calcium ion import,10,85271,11,293897,3.133293744756024,3.422336707621993e-05,0.0003211731371768332,Compara
GO:0060325,face morphogenesis,20,85271,22,293897,3.133293744756024,2.159420389917052e-09,4.82097587235086e-08,Compara
GO:0045931,positive regulation of mitotic cell cycle,10,85271,11,293897,3.133293744756024,3.422336707621993e-05,0.0003211731371768332,Compara
GO:0035567,non-canonical Wnt signaling pathway,10,85271,11,293897,3.133293744756024,3.422336707621993e-05,0.0003211731371768332,Compara
GO:0001530,lipopolysaccharide binding,10,85271,11,293897,3.133293744756024,3.422336707621993e-05,0.0003211731371768332,Compara
GO:0032703,negative regulation of interleukin-2 production,10,85271,11,293897,3.133293744756024,3.422336707621993e-05,0.0003211731371768332,Compara
GO:0060546,negative regulation of necroptotic process,10,85271,11,293897,3.133293744756024,3.422336707621993e-05,0.0003211731371768332,Compara
GO:0046427,positive regulation of receptor signaling pathway via JAK-STAT,10,85271,11,293897,3.133293744756024,3.422336707621993e-05,0.0003211731371768332,Compara
GO:0022851,GABA-gated chloride ion channel activity,10,85271,11,293897,3.133293744756024,3.422336707621993e-05,0.0003211731371768332,Compara
GO:0071347,cellular response to interleukin-1,20,85271,22,293897,3.133293744756024,2.159420389917052e-09,4.82097587235086e-08,Compara
GO:0030238,male sex determination,10,85271,11,293897,3.133293744756024,3.422336707621993e-05,0.0003211731371768332,Compara
GO:0002262,myeloid cell homeostasis,10,85271,11,293897,3.133293744756024,3.422336707621993e-05,0.0003211731371768332,Compara
GO:0071480,cellular response to gamma radiation,10,85271,11,293897,3.133293744756024,3.422336707621993e-05,0.0003211731371768332,Compara
GO:0042104,positive regulation of activated T cell proliferation,10,85271,11,293897,3.133293744756024,3.422336707621993e-05,0.0003211731371768332,Compara
GO:0005614,interstitial matrix,10,85271,11,293897,3.133293744756024,3.422336707621993e-05,0.0003211731371768332,Compara
GO:0097242,amyloid-beta clearance,10,85271,11,293897,3.133293744756024,3.422336707621993e-05,0.0003211731371768332,Compara
GO:0060538,skeletal muscle organ development,10,85271,11,293897,3.133293744756024,3.422336707621993e-05,0.0003211731371768332,Compara
GO:0032099,negative regulation of appetite,10,85271,11,293897,3.133293744756024,3.422336707621993e-05,0.0003211731371768332,Compara
GO:0045670,regulation of osteoclast differentiation,10,85271,11,293897,3.133293744756024,3.422336707621993e-05,0.0003211731371768332,Compara
GO:0045214,sarcomere organization,20,85271,22,293897,3.133293744756024,2.159420389917052e-09,4.82097587235086e-08,Compara
GO:0003334,keratinocyte development,10,85271,11,293897,3.133293744756024,3.422336707621993e-05,0.0003211731371768332,Compara
GO:0007512,adult heart development,10,85271,11,293897,3.133293744756024,3.422336707621993e-05,0.0003211731371768332,Compara
GO:0030073,insulin secretion,30,85271,33,293897,3.1332937447560236,1.5289978499551967e-13,5.545716526053713e-12,Compara
GO:0050729,positive regulation of inflammatory response,39,85271,43,293897,3.126007015117056,3.573897473944469e-17,1.813677886147113e-15,Compara
GO:0031175,neuron projection development,78,85271,86,293897,3.126007015117056,4.223936455698435e-33,8.228500727729951e-31,Compara
GO:0032391,photoreceptor connecting cilium,29,85271,32,293897,3.123502201803661,4.79829516972778e-13,1.6464150301128448e-11,Compara
GO:0097225,sperm midpiece,29,85271,32,293897,3.123502201803661,4.79829516972778e-13,1.6464150301128448e-11,Compara
GO:0007409,axonogenesis,67,85271,74,293897,3.1205912025475535,1.6565693566286516e-28,2.3538876105130416e-26,Compara
GO:0009897,external side of plasma membrane,143,85271,158,293897,3.1194120636083706,2.957659418807896e-59,2.2326631537726104e-56,Compara
GO:0048714,positive regulation of oligodendrocyte differentiation,19,85271,21,293897,3.1183732983524237,6.780262395933926e-09,1.374027000303523e-07,Compara
GO:0050853,B cell receptor signaling pathway,19,85271,21,293897,3.1183732983524237,6.780262395933926e-09,1.374027000303523e-07,Compara
GO:0032735,positive regulation of interleukin-12 production,19,85271,21,293897,3.1183732983524237,6.780262395933926e-09,1.374027000303523e-07,Compara
GO:0048665,neuron fate specification,19,85271,21,293897,3.1183732983524237,6.780262395933926e-09,1.374027000303523e-07,Compara
GO:0022008,neurogenesis,56,85271,62,293897,3.113078946402759,6.5392971767965526e-24,6.219026086720375e-22,Compara
GO:0045880,positive regulation of smoothened signaling pathway,28,85271,31,293897,3.113078946402759,1.5012194569751674e-12,4.861691702032786e-11,Compara
GO:0009636,response to toxic substance,56,85271,62,293897,3.113078946402759,6.5392971767965526e-24,6.219026086720375e-22,Compara
GO:0014704,intercalated disc,28,85271,31,293897,3.113078946402759,1.5012194569751674e-12,4.861691702032786e-11,Compara
GO:0009617,response to bacterium,93,85271,103,293897,3.1119995154227307,8.16438663185805e-39,2.0543637862412817e-36,Compara
GO:0030317,flagellated sperm motility,102,85271,113,293897,3.111111134173681,2.06756471478742e-42,6.090743079317673e-40,Compara
GO:0034976,response to endoplasmic reticulum stress,55,85271,61,293897,3.1076110091432696,2.0382339579726275e-23,1.908355794139023e-21,Compara
GO:0050804,modulation of chemical synaptic transmission,82,85271,91,293897,3.1057483052416854,3.1410133773263977e-34,6.322859928558039e-32,Compara
GO:0070266,necroptotic process,9,85271,10,293897,3.1019608073084637,0.000107623732238333,0.0008830702703631699,Compara
GO:0050840,extracellular matrix binding,18,85271,20,293897,3.1019608073084637,2.119178526484471e-08,3.986828386741346e-07,Compara
GO:1990918,double-strand break repair involved in meiotic recombination,9,85271,10,293897,3.1019608073084637,0.000107623732238333,0.0008830702703631699,Compara
GO:1900272,negative regulation of long-term synaptic potentiation,9,85271,10,293897,3.1019608073084637,0.000107623732238333,0.0008830702703631699,Compara
GO:0017158,regulation of calcium ion-dependent exocytosis,9,85271,10,293897,3.1019608073084637,0.000107623732238333,0.0008830702703631699,Compara
GO:0051898,negative regulation of phosphatidylinositol 3-kinase/protein kinase B signal transduction,27,85271,30,293897,3.1019608073084637,4.681558601483828e-12,1.4724964788729603e-10,Compara
GO:0030889,negative regulation of B cell proliferation,9,85271,10,293897,3.1019608073084637,0.000107623732238333,0.0008830702703631699,Compara
GO:0032402,melanosome transport,9,85271,10,293897,3.1019608073084637,0.000107623732238333,0.0008830702703631699,Compara
GO:0036038,MKS complex,9,85271,10,293897,3.1019608073084637,0.000107623732238333,0.0008830702703631699,Compara
GO:0001954,positive regulation of cell-matrix adhesion,9,85271,10,293897,3.1019608073084637,0.000107623732238333,0.0008830702703631699,Compara
GO:0045745,positive regulation of G protein-coupled receptor signaling pathway,9,85271,10,293897,3.1019608073084637,0.000107623732238333,0.0008830702703631699,Compara
GO:0033176,proton-transporting V-type ATPase complex,9,85271,10,293897,3.1019608073084637,0.000107623732238333,0.0008830702703631699,Compara
GO:0045787,positive regulation of cell cycle,18,85271,20,293897,3.1019608073084637,2.119178526484471e-08,3.986828386741346e-07,Compara
GO:0044321,response to leptin,9,85271,10,293897,3.1019608073084637,0.000107623732238333,0.0008830702703631699,Compara
GO:0008045,motor neuron axon guidance,18,85271,20,293897,3.1019608073084637,2.119178526484471e-08,3.986828386741346e-07,Compara
GO:0032835,glomerulus development,9,85271,10,293897,3.1019608073084637,0.000107623732238333,0.0008830702703631699,Compara
GO:0010719,negative regulation of epithelial to mesenchymal transition,9,85271,10,293897,3.1019608073084637,0.000107623732238333,0.0008830702703631699,Compara
GO:0045059,positive thymic T cell selection,9,85271,10,293897,3.1019608073084637,0.000107623732238333,0.0008830702703631699,Compara
GO:1902236,negative regulation of endoplasmic reticulum stress-induced intrinsic apoptotic signaling pathway,9,85271,10,293897,3.1019608073084637,0.000107623732238333,0.0008830702703631699,Compara
GO:0048705,skeletal system morphogenesis,36,85271,40,293897,3.1019608073084637,1.0882319618904761e-15,4.9412276825989365e-14,Compara
GO:0007193,adenylate cyclase-inhibiting G protein-coupled receptor signaling pathway,27,85271,30,293897,3.1019608073084637,4.681558601483828e-12,1.4724964788729603e-10,Compara
GO:0040008,regulation of growth,18,85271,20,293897,3.1019608073084637,2.119178526484471e-08,3.986828386741346e-07,Compara
GO:2001243,negative regulation of intrinsic apoptotic signaling pathway,9,85271,10,293897,3.1019608073084637,0.000107623732238333,0.0008830702703631699,Compara
GO:0061771,response to caloric restriction,9,85271,10,293897,3.1019608073084637,0.000107623732238333,0.0008830702703631699,Compara
GO:0019894,kinesin binding,18,85271,20,293897,3.1019608073084637,2.119178526484471e-08,3.986828386741346e-07,Compara
GO:0031666,positive regulation of lipopolysaccharide-mediated signaling pathway,9,85271,10,293897,3.1019608073084637,0.000107623732238333,0.0008830702703631699,Compara
GO:0055091,phospholipid homeostasis,9,85271,10,293897,3.1019608073084637,0.000107623732238333,0.0008830702703631699,Compara
GO:1903377,negative regulation of oxidative stress-induced neuron intrinsic apoptotic signaling pathway,9,85271,10,293897,3.1019608073084637,0.000107623732238333,0.0008830702703631699,Compara
GO:0007398,ectoderm development,9,85271,10,293897,3.1019608073084637,0.000107623732238333,0.0008830702703631699,Compara
GO:0005080,protein kinase C binding,18,85271,20,293897,3.1019608073084637,2.119178526484471e-08,3.986828386741346e-07,Compara
GO:0060100,"positive regulation of phagocytosis, engulfment",9,85271,10,293897,3.1019608073084637,0.000107623732238333,0.0008830702703631699,Compara
GO:0043931,ossification involved in bone maturation,9,85271,10,293897,3.1019608073084637,0.000107623732238333,0.0008830702703631699,Compara
GO:0071456,cellular response to hypoxia,61,85271,68,293897,3.091823680487194,1.5068220488751397e-25,1.7008781968517697e-23,Compara
GO:0005903,brush border,43,85271,48,293897,3.0875998776449984,2.506027680135209e-18,1.4482202067307682e-16,Compara
GO:0007389,pattern specification process,43,85271,48,293897,3.0875998776449984,2.506027680135209e-18,1.4482202067307682e-16,Compara
GO:0050808,synapse organization,43,85271,48,293897,3.0875998776449984,2.506027680135209e-18,1.4482202067307682e-16,Compara
GO:0032755,positive regulation of interleukin-6 production,51,85271,57,293897,3.0838206856282975,1.8894374084105305e-21,1.4818587674534016e-19,Compara
GO:0005721,pericentric heterochromatin,17,85271,19,293897,3.083820685628297,6.590163577694031e-08,1.108579327178113e-06,Compara
GO:0002040,sprouting angiogenesis,17,85271,19,293897,3.083820685628297,6.590163577694031e-08,1.108579327178113e-06,Compara
GO:0003180,aortic valve morphogenesis,17,85271,19,293897,3.083820685628297,6.590163577694031e-08,1.108579327178113e-06,Compara
GO:0051496,positive regulation of stress fiber assembly,17,85271,19,293897,3.083820685628297,6.590163577694031e-08,1.108579327178113e-06,Compara
GO:0046326,positive regulation of D-glucose import,17,85271,19,293897,3.083820685628297,6.590163577694031e-08,1.108579327178113e-06,Compara
GO:0001774,microglial cell activation,17,85271,19,293897,3.083820685628297,6.590163577694031e-08,1.108579327178113e-06,Compara
GO:0007595,lactation,34,85271,38,293897,3.083820685628297,1.0473958406930513e-14,4.308884842370471e-13,Compara
GO:0045766,positive regulation of angiogenesis,59,85271,66,293897,3.0810721823434233,1.441604414656746e-24,1.4755676373071337e-22,Compara
GO:0007254,JNK cascade,25,85271,28,293897,3.0773420707425236,4.504545199675793e-11,1.2449861995808747e-09,Compara
GO:0048514,blood vessel morphogenesis,25,85271,28,293897,3.0773420707425236,4.504545199675793e-11,1.2449861995808747e-09,Compara
GO:0045747,positive regulation of Notch signaling pathway,25,85271,28,293897,3.0773420707425236,4.504545199675793e-11,1.2449861995808747e-09,Compara
GO:0007339,binding of sperm to zona pellucida,25,85271,28,293897,3.0773420707425236,4.504545199675793e-11,1.2449861995808747e-09,Compara
GO:0001666,response to hypoxia,116,85271,130,293897,3.0754483217759128,8.285282861416995e-47,3.5739159428640877e-44,Compara
GO:0008286,insulin receptor signaling pathway,41,85271,46,293897,3.071990171489058,2.3901377927216855e-17,1.2180626270250007e-15,Compara
GO:0008104,intracellular protein localization,89,85271,100,293897,3.067494576116147,4.958794562051942e-36,1.0889512858266064e-33,Compara
GO:0097450,astrocyte end-foot,8,85271,9,293897,3.063664994872557,0.00033532240348586314,0.002383769269748237,Compara
GO:0001937,negative regulation of endothelial cell proliferation,8,85271,9,293897,3.063664994872557,0.00033532240348586314,0.002383769269748237,Compara
GO:0006622,protein targeting to lysosome,8,85271,9,293897,3.063664994872557,0.00033532240348586314,0.002383769269748237,Compara
GO:0055062,phosphate ion homeostasis,8,85271,9,293897,3.063664994872557,0.00033532240348586314,0.002383769269748237,Compara
GO:0001823,mesonephros development,8,85271,9,293897,3.063664994872557,0.00033532240348586314,0.002383769269748237,Compara
GO:0003183,mitral valve morphogenesis,8,85271,9,293897,3.063664994872557,0.00033532240348586314,0.002383769269748237,Compara
GO:0005657,replication fork,8,85271,9,293897,3.063664994872557,0.00033532240348586314,0.002383769269748237,Compara
GO:0051451,myoblast migration,8,85271,9,293897,3.063664994872557,0.00033532240348586314,0.002383769269748237,Compara
GO:0009268,response to pH,8,85271,9,293897,3.063664994872557,0.00033532240348586314,0.002383769269748237,Compara
GO:0007097,nuclear migration,8,85271,9,293897,3.063664994872557,0.00033532240348586314,0.002383769269748237,Compara
GO:1905606,regulation of presynapse assembly,16,85271,18,293897,3.063664994872557,2.037957581328059e-07,3.1727098090042174e-06,Compara
GO:0005790,smooth endoplasmic reticulum,8,85271,9,293897,3.063664994872557,0.00033532240348586314,0.002383769269748237,Compara
GO:0071354,cellular response to interleukin-6,8,85271,9,293897,3.063664994872557,0.00033532240348586314,0.002383769269748237,Compara
GO:0051156,glucose 6-phosphate metabolic process,8,85271,9,293897,3.063664994872557,0.00033532240348586314,0.002383769269748237,Compara
GO:0050801,monoatomic ion homeostasis,8,85271,9,293897,3.063664994872557,0.00033532240348586314,0.002383769269748237,Compara
GO:0031253,cell projection membrane,8,85271,9,293897,3.063664994872557,0.00033532240348586314,0.002383769269748237,Compara
GO:0045830,positive regulation of isotype switching,8,85271,9,293897,3.063664994872557,0.00033532240348586314,0.002383769269748237,Compara
GO:0043200,response to amino acid,16,85271,18,293897,3.063664994872557,2.037957581328059e-07,3.1727098090042174e-06,Compara
GO:0014911,positive regulation of smooth muscle cell migration,8,85271,9,293897,3.063664994872557,0.00033532240348586314,0.002383769269748237,Compara
GO:0048515,spermatid differentiation,8,85271,9,293897,3.063664994872557,0.00033532240348586314,0.002383769269748237,Compara
GO:0021695,cerebellar cortex development,8,85271,9,293897,3.063664994872557,0.00033532240348586314,0.002383769269748237,Compara
GO:0045582,positive regulation of T cell differentiation,16,85271,18,293897,3.063664994872557,2.037957581328059e-07,3.1727098090042174e-06,Compara
GO:0035686,sperm fibrous sheath,8,85271,9,293897,3.063664994872557,0.00033532240348586314,0.002383769269748237,Compara
GO:0046688,response to copper ion,8,85271,9,293897,3.063664994872557,0.00033532240348586314,0.002383769269748237,Compara
GO:0010447,response to acidic pH,8,85271,9,293897,3.063664994872557,0.00033532240348586314,0.002383769269748237,Compara
GO:0033386,geranylgeranyl diphosphate biosynthetic process,8,85271,9,293897,3.063664994872557,0.00033532240348586314,0.002383769269748237,Compara
GO:0048679,regulation of axon regeneration,8,85271,9,293897,3.063664994872557,0.00033532240348586314,0.002383769269748237,Compara
GO:0045177,apical part of cell,64,85271,72,293897,3.063664994872557,3.2353725128858313e-26,3.757387424099526e-24,Compara
GO:0033270,paranode region of axon,8,85271,9,293897,3.063664994872557,0.00033532240348586314,0.002383769269748237,Compara
GO:0031641,regulation of myelination,16,85271,18,293897,3.063664994872557,2.037957581328059e-07,3.1727098090042174e-06,Compara
GO:0044877,protein-containing complex binding,188,85271,212,293897,3.0564393698846497,6.544460650914341e-74,6.0803073647494936e-71,Compara
GO:0050727,regulation of inflammatory response,47,85271,53,293897,3.0564393698846497,1.6962547607307e-19,1.113443750005728e-17,Compara
GO:0007565,female pregnancy,39,85271,44,293897,3.0549614011371236,2.256524905624221e-16,1.0945505144630258e-14,Compara
GO:0007224,smoothened signaling pathway,69,85271,78,293897,3.048935836243362,7.194532030515994e-28,9.763545827480019e-26,Compara
GO:0071356,cellular response to tumor necrosis factor,46,85271,52,293897,3.048935836243362,5.192202091765725e-19,3.317230280393597e-17,Compara
GO:0046849,bone remodeling,15,85271,17,293897,3.0411380463808464,6.263056033180104e-07,8.596044405539693e-06,Compara
GO:2000377,regulation of reactive oxygen species metabolic process,15,85271,17,293897,3.0411380463808464,6.263056033180104e-07,8.596044405539693e-06,Compara
GO:0045648,positive regulation of erythrocyte differentiation,15,85271,17,293897,3.0411380463808464,6.263056033180104e-07,8.596044405539693e-06,Compara
GO:0008630,intrinsic apoptotic signaling pathway in response to DNA damage,30,85271,34,293897,3.0411380463808464,9.35275951343616e-13,3.137850816757832e-11,Compara
GO:0048009,insulin-like growth factor receptor signaling pathway,22,85271,25,293897,3.033028344923831,1.30363538710291e-09,2.948559589031638e-08,Compara
GO:0033344,cholesterol efflux,22,85271,25,293897,3.033028344923831,1.30363538710291e-09,2.948559589031638e-08,Compara
GO:0042752,regulation of circadian rhythm,44,85271,50,293897,3.033028344923831,4.8292594778858406e-18,2.712920742972334e-16,Compara
GO:0071222,cellular response to lipopolysaccharide,87,85271,99,293897,3.028850619930823,2.7502934006611e-34,5.630176897149959e-32,Compara
GO:0001501,skeletal system development,72,85271,82,293897,3.0263032266424035,1.4664727184991464e-28,2.10857827309913e-26,Compara
GO:0032922,circadian regulation of gene expression,50,85271,57,293897,3.023353613361076,3.40139010846742e-20,2.3884877750040406e-18,Compara
GO:0051897,positive regulation of phosphatidylinositol 3-kinase/protein kinase B signal transduction,78,85271,89,293897,3.0206359921355825,1.057684049912102e-30,1.8249582792626242e-28,Compara
GO:0021520,spinal cord motor neuron cell fate specification,7,85271,8,293897,3.015795229327673,0.0010329507587397292,0.006259899279507501,Compara
GO:0060323,head morphogenesis,7,85271,8,293897,3.015795229327673,0.0010329507587397292,0.006259899279507501,Compara
GO:0043034,costamere,7,85271,8,293897,3.015795229327673,0.0010329507587397292,0.006259899279507501,Compara
GO:0015721,bile acid and bile salt transport,7,85271,8,293897,3.015795229327673,0.0010329507587397292,0.006259899279507501,Compara
GO:0001895,retina homeostasis,7,85271,8,293897,3.015795229327673,0.0010329507587397292,0.006259899279507501,Compara
GO:2000288,positive regulation of myoblast proliferation,7,85271,8,293897,3.015795229327673,0.0010329507587397292,0.006259899279507501,Compara
GO:0000779,"condensed chromosome, centromeric region",14,85271,16,293897,3.015795229327673,1.91135302722533e-06,2.375033113459623e-05,Compara
GO:0031503,protein-containing complex localization,7,85271,8,293897,3.015795229327673,0.0010329507587397292,0.006259899279507501,Compara
GO:0048011,neurotrophin TRK receptor signaling pathway,7,85271,8,293897,3.015795229327673,0.0010329507587397292,0.006259899279507501,Compara
GO:0106015,negative regulation of inflammatory response to wounding,7,85271,8,293897,3.015795229327673,0.0010329507587397292,0.006259899279507501,Compara
GO:0021516,dorsal spinal cord development,7,85271,8,293897,3.015795229327673,0.0010329507587397292,0.006259899279507501,Compara
GO:0060379,cardiac muscle cell myoblast differentiation,7,85271,8,293897,3.015795229327673,0.0010329507587397292,0.006259899279507501,Compara
GO:0000801,central element,7,85271,8,293897,3.015795229327673,0.0010329507587397292,0.006259899279507501,Compara
GO:0019216,regulation of lipid metabolic process,21,85271,24,293897,3.015795229327673,3.964330332648903e-09,8.241167256064278e-08,Compara
GO:0047498,calcium-dependent phospholipase A2 activity,7,85271,8,293897,3.015795229327673,0.0010329507587397292,0.006259899279507501,Compara
GO:0060586,multicellular organismal-level iron ion homeostasis,21,85271,24,293897,3.015795229327673,3.964330332648903e-09,8.241167256064278e-08,Compara
GO:0070509,calcium ion import,14,85271,16,293897,3.015795229327673,1.91135302722533e-06,2.375033113459623e-05,Compara
GO:0043117,positive regulation of vascular permeability,7,85271,8,293897,3.015795229327673,0.0010329507587397292,0.006259899279507501,Compara
GO:0046902,regulation of mitochondrial membrane permeability,7,85271,8,293897,3.015795229327673,0.0010329507587397292,0.006259899279507501,Compara
GO:0044342,type B pancreatic cell proliferation,7,85271,8,293897,3.015795229327673,0.0010329507587397292,0.006259899279507501,Compara
GO:0043584,nose development,7,85271,8,293897,3.015795229327673,0.0010329507587397292,0.006259899279507501,Compara
GO:0003176,aortic valve development,7,85271,8,293897,3.015795229327673,0.0010329507587397292,0.006259899279507501,Compara
GO:0003179,heart valve morphogenesis,7,85271,8,293897,3.015795229327673,0.0010329507587397292,0.006259899279507501,Compara
GO:0097028,dendritic cell differentiation,7,85271,8,293897,3.015795229327673,0.0010329507587397292,0.006259899279507501,Compara
GO:0038166,angiotensin-activated signaling pathway,7,85271,8,293897,3.015795229327673,0.0010329507587397292,0.006259899279507501,Compara
GO:0090307,mitotic spindle assembly,7,85271,8,293897,3.015795229327673,0.0010329507587397292,0.006259899279507501,Compara
GO:0032279,asymmetric synapse,7,85271,8,293897,3.015795229327673,0.0010329507587397292,0.006259899279507501,Compara
GO:0036120,cellular response to platelet-derived growth factor stimulus,14,85271,16,293897,3.015795229327673,1.91135302722533e-06,2.375033113459623e-05,Compara
GO:0001649,osteoblast differentiation,63,85271,72,293897,3.015795229327673,5.675330746254432e-25,6.012863574847458e-23,Compara
GO:0072091,regulation of stem cell proliferation,7,85271,8,293897,3.015795229327673,0.0010329507587397292,0.006259899279507501,Compara
GO:0045721,negative regulation of gluconeogenesis,7,85271,8,293897,3.015795229327673,0.0010329507587397292,0.006259899279507501,Compara
GO:0032680,regulation of tumor necrosis factor production,7,85271,8,293897,3.015795229327673,0.0010329507587397292,0.006259899279507501,Compara
GO:0071542,dopaminergic neuron differentiation,14,85271,16,293897,3.015795229327673,1.91135302722533e-06,2.375033113459623e-05,Compara
GO:0071541,"eukaryotic translation initiation factor 3 complex, eIF3m",7,85271,8,293897,3.015795229327673,0.0010329507587397292,0.006259899279507501,Compara
GO:0030593,neutrophil chemotaxis,14,85271,16,293897,3.015795229327673,1.91135302722533e-06,2.375033113459623e-05,Compara
GO:0045744,negative regulation of G protein-coupled receptor signaling pathway,7,85271,8,293897,3.015795229327673,0.0010329507587397292,0.006259899279507501,Compara
GO:0043277,apoptotic cell clearance,14,85271,16,293897,3.015795229327673,1.91135302722533e-06,2.375033113459623e-05,Compara
GO:0032695,negative regulation of interleukin-12 production,7,85271,8,293897,3.015795229327673,0.0010329507587397292,0.006259899279507501,Compara
GO:0043274,phospholipase binding,7,85271,8,293897,3.015795229327673,0.0010329507587397292,0.006259899279507501,Compara
GO:0070269,pyroptotic inflammatory response,7,85271,8,293897,3.015795229327673,0.0010329507587397292,0.006259899279507501,Compara
GO:0021772,olfactory bulb development,21,85271,24,293897,3.015795229327673,3.964330332648903e-09,8.241167256064278e-08,Compara
GO:0032794,GTPase activating protein binding,7,85271,8,293897,3.015795229327673,0.0010329507587397292,0.006259899279507501,Compara
GO:0000266,mitochondrial fission,7,85271,8,293897,3.015795229327673,0.0010329507587397292,0.006259899279507501,Compara
GO:0042277,peptide binding,14,85271,16,293897,3.015795229327673,1.91135302722533e-06,2.375033113459623e-05,Compara
GO:0050770,regulation of axonogenesis,14,85271,16,293897,3.015795229327673,1.91135302722533e-06,2.375033113459623e-05,Compara
GO:1900119,positive regulation of execution phase of apoptosis,7,85271,8,293897,3.015795229327673,0.0010329507587397292,0.006259899279507501,Compara
GO:0051209,release of sequestered calcium ion into cytosol,14,85271,16,293897,3.015795229327673,1.91135302722533e-06,2.375033113459623e-05,Compara
GO:0014032,neural crest cell development,14,85271,16,293897,3.015795229327673,1.91135302722533e-06,2.375033113459623e-05,Compara
GO:2001240,negative regulation of extrinsic apoptotic signaling pathway in absence of ligand,14,85271,16,293897,3.015795229327673,1.91135302722533e-06,2.375033113459623e-05,Compara
GO:0042622,photoreceptor outer segment membrane,7,85271,8,293897,3.015795229327673,0.0010329507587397292,0.006259899279507501,Compara
GO:0014816,skeletal muscle satellite cell differentiation,7,85271,8,293897,3.015795229327673,0.0010329507587397292,0.006259899279507501,Compara
GO:0050862,positive regulation of T cell receptor signaling pathway,7,85271,8,293897,3.015795229327673,0.0010329507587397292,0.006259899279507501,Compara
GO:0055003,cardiac myofibril assembly,7,85271,8,293897,3.015795229327673,0.0010329507587397292,0.006259899279507501,Compara
GO:0010831,positive regulation of myotube differentiation,7,85271,8,293897,3.015795229327673,0.0010329507587397292,0.006259899279507501,Compara
GO:1900182,positive regulation of protein localization to nucleus,14,85271,16,293897,3.015795229327673,1.91135302722533e-06,2.375033113459623e-05,Compara
GO:0000212,meiotic spindle organization,7,85271,8,293897,3.015795229327673,0.0010329507587397292,0.006259899279507501,Compara
GO:0050765,negative regulation of phagocytosis,7,85271,8,293897,3.015795229327673,0.0010329507587397292,0.006259899279507501,Compara
GO:0007420,brain development,122,85271,140,293897,3.0034858610447026,1.2313927042234974e-46,4.957587027203801e-44,Compara
GO:0001944,vasculature development,27,85271,31,293897,3.0018975554598035,2.614884782609452e-11,7.310782038045593e-10,Compara
GO:0034097,response to cytokine,27,85271,31,293897,3.0018975554598035,2.614884782609452e-11,7.310782038045593e-10,Compara
GO:0030097,hemopoiesis,53,85271,61,293897,2.994606972447151,6.59270202502827e-21,5.007965726936569e-19,Compara
GO:0035176,social behavior,46,85271,53,293897,2.991408744993487,2.8165570267115936e-18,1.6122452970911199e-16,Compara
GO:0003682,chromatin binding,248,85271,286,293897,2.988680187305746,3.215811972905981e-92,4.8550721260948045e-89,Compara
GO:0019395,fatty acid oxidation,13,85271,15,293897,2.987073370000743,5.787172823657619e-06,6.448106398905602e-05,Compara
GO:0032331,negative regulation of chondrocyte differentiation,13,85271,15,293897,2.987073370000743,5.787172823657619e-06,6.448106398905602e-05,Compara
GO:0045109,intermediate filament organization,13,85271,15,293897,2.987073370000743,5.787172823657619e-06,6.448106398905602e-05,Compara
GO:0003007,heart morphogenesis,39,85271,45,293897,2.987073370000743,1.2143995249175623e-15,5.493452232941692e-14,Compara
GO:0030099,myeloid cell differentiation,19,85271,22,293897,2.976629057518223,3.604559509902689e-08,6.219409965800668e-07,Compara
GO:0035869,ciliary transition zone,19,85271,22,293897,2.976629057518223,3.604559509902689e-08,6.219409965800668e-07,Compara
GO:0042632,cholesterol homeostasis,57,85271,66,293897,2.9766290575182226,4.174815192545087e-22,3.317330124707866e-20,Compara
GO:0001228,"DNA-binding transcription activator activity, RNA polymerase II-specific",220,85271,255,293897,2.9735572009057165,4.671296215429016e-81,4.701659640829304e-78,Compara
GO:0042130,negative regulation of T cell proliferation,25,85271,29,293897,2.971226826923816,2.356492294312103e-10,5.7731671259029575e-09,Compara
GO:0045995,regulation of embryonic development,31,85271,36,293897,2.9679254637827897,1.5839652997757792e-12,5.1152761739817806e-11,Compara
GO:0097431,mitotic spindle pole,12,85271,14,293897,2.954248387912823,1.7365569439396387e-05,0.00017024460039693955,Compara
GO:0061564,axon development,12,85271,14,293897,2.954248387912823,1.7365569439396387e-05,0.00017024460039693955,Compara
GO:0050650,chondroitin sulfate proteoglycan biosynthetic process,12,85271,14,293897,2.954248387912823,1.7365569439396387e-05,0.00017024460039693955,Compara
GO:0050811,GABA receptor binding,12,85271,14,293897,2.954248387912823,1.7365569439396387e-05,0.00017024460039693955,Compara
GO:0050767,regulation of neurogenesis,24,85271,28,293897,2.954248387912823,7.021071840758037e-10,1.6725938006444886e-08,Compara
GO:0048240,sperm capacitation,12,85271,14,293897,2.954248387912823,1.7365569439396387e-05,0.00017024460039693955,Compara
GO:0090314,positive regulation of protein targeting to membrane,12,85271,14,293897,2.954248387912823,1.7365569439396387e-05,0.00017024460039693955,Compara
GO:0048699,generation of neurons,12,85271,14,293897,2.954248387912823,1.7365569439396387e-05,0.00017024460039693955,Compara
GO:0051924,regulation of calcium ion transport,12,85271,14,293897,2.954248387912823,1.7365569439396387e-05,0.00017024460039693955,Compara
GO:0034341,response to type II interferon,12,85271,14,293897,2.954248387912823,1.7365569439396387e-05,0.00017024460039693955,Compara
GO:0007281,germ cell development,24,85271,28,293897,2.954248387912823,7.021071840758037e-10,1.6725938006444886e-08,Compara
GO:0015908,fatty acid transport,12,85271,14,293897,2.954248387912823,1.7365569439396387e-05,0.00017024460039693955,Compara
GO:0006111,regulation of gluconeogenesis,12,85271,14,293897,2.954248387912823,1.7365569439396387e-05,0.00017024460039693955,Compara
GO:1990830,cellular response to leukemia inhibitory factor,102,85271,119,293897,2.9542483879128225,7.620627321089121e-38,1.804743858512047e-35,Compara
GO:0070059,intrinsic apoptotic signaling pathway in response to endoplasmic reticulum stress,18,85271,21,293897,2.9542483879128225,1.0766092247803295e-07,1.697556947375564e-06,Compara
GO:0005546,"phosphatidylinositol-4,5-bisphosphate binding",18,85271,21,293897,2.9542483879128225,1.0766092247803295e-07,1.697556947375564e-06,Compara
GO:0030279,negative regulation of ossification,18,85271,21,293897,2.9542483879128225,1.0766092247803295e-07,1.697556947375564e-06,Compara
GO:0050852,T cell receptor signaling pathway,36,85271,42,293897,2.9542483879128225,3.2216387589469793e-14,1.2757689485430039e-12,Compara
GO:0019904,protein domain specific binding,77,85271,90,293897,2.948777557564836,8.373958333828714e-29,1.2334227897071124e-26,Compara
GO:0070374,positive regulation of ERK1 and ERK2 cascade,77,85271,90,293897,2.948777557564836,8.373958333828714e-29,1.2334227897071124e-26,Compara
GO:0009887,animal organ morphogenesis,59,85271,69,293897,2.947112522241535,2.301629018973959e-22,1.8910935572222773e-20,Compara
GO:0032729,positive regulation of type II interferon production,35,85271,41,293897,2.942239248124559,9.538359582362064e-14,3.6114202832529467e-12,Compara
GO:0042311,vasodilation,29,85271,34,293897,2.939766778168152,1.3955875983299534e-11,4.1415004945034833e-10,Compara
GO:0051592,response to calcium ion,29,85271,34,293897,2.939766778168152,1.3955875983299534e-11,4.1415004945034833e-10,Compara
GO:0021537,telencephalon development,23,85271,27,293897,2.9360122867528666,2.080380316633766e-09,4.6791123769651076e-08,Compara
GO:0032880,regulation of protein localization,40,85271,47,293897,2.9332962716864905,1.9482619951516714e-15,8.651142785824224e-14,Compara
GO:0032570,response to progesterone,17,85271,20,293897,2.9296296513468825,3.1925745534258226e-07,4.84421048445692e-06,Compara
GO:0007026,negative regulation of microtubule depolymerization,17,85271,20,293897,2.9296296513468825,3.1925745534258226e-07,4.84421048445692e-06,Compara
GO:0072659,protein localization to plasma membrane,51,85271,60,293897,2.9296296513468825,2.8237032466281636e-19,1.8434966385283763e-17,Compara
GO:0001523,retinoid metabolic process,17,85271,20,293897,2.9296296513468825,3.1925745534258226e-07,4.84421048445692e-06,Compara
GO:0042177,negative regulation of protein catabolic process,17,85271,20,293897,2.9296296513468825,3.1925745534258226e-07,4.84421048445692e-06,Compara
GO:1905515,non-motile cilium assembly,34,85271,40,293897,2.9296296513468825,2.812848318987923e-13,1.0051355620336134e-11,Compara
GO:0030514,negative regulation of BMP signaling pathway,34,85271,40,293897,2.9296296513468825,2.812848318987923e-13,1.0051355620336134e-11,Compara
GO:1900017,positive regulation of cytokine production involved in inflammatory response,17,85271,20,293897,2.9296296513468825,3.1925745534258226e-07,4.84421048445692e-06,Compara
GO:0032743,positive regulation of interleukin-2 production,17,85271,20,293897,2.9296296513468825,3.1925745534258226e-07,4.84421048445692e-06,Compara
GO:0007520,myoblast fusion,17,85271,20,293897,2.9296296513468825,3.1925745534258226e-07,4.84421048445692e-06,Compara
GO:0048255,mRNA stabilization,17,85271,20,293897,2.9296296513468825,3.1925745534258226e-07,4.84421048445692e-06,Compara
GO:0043410,positive regulation of MAPK cascade,84,85271,99,293897,2.9244074951056223,9.574397227271754e-31,1.675935792912873e-28,Compara
GO:0005911,cell-cell junction,100,85271,118,293897,2.9208670501962937,3.1143041262752955e-36,6.965660229102411e-34,Compara
GO:0007204,positive regulation of cytosolic calcium ion concentration,50,85271,59,293897,2.9208670501962937,8.287699780713322e-19,5.1070835689518105e-17,Compara
GO:0042953,lipoprotein transport,11,85271,13,293897,2.916373408580607,5.157381245103197e-05,0.00043651612248322643,Compara
GO:0045740,positive regulation of DNA replication,11,85271,13,293897,2.916373408580607,5.157381245103197e-05,0.00043651612248322643,Compara
GO:0033210,leptin-mediated signaling pathway,11,85271,13,293897,2.916373408580607,5.157381245103197e-05,0.00043651612248322643,Compara
GO:1904707,positive regulation of vascular associated smooth muscle cell proliferation,11,85271,13,293897,2.916373408580607,5.157381245103197e-05,0.00043651612248322643,Compara
GO:0001578,microtubule bundle formation,11,85271,13,293897,2.916373408580607,5.157381245103197e-05,0.00043651612248322643,Compara
GO:0031016,pancreas development,22,85271,26,293897,2.916373408580607,6.1276796159889454e-09,1.2522861996939846e-07,Compara
GO:0048484,enteric nervous system development,11,85271,13,293897,2.916373408580607,5.157381245103197e-05,0.00043651612248322643,Compara
GO:0120212,sperm head-tail coupling apparatus,11,85271,13,293897,2.916373408580607,5.157381245103197e-05,0.00043651612248322643,Compara
GO:0032722,positive regulation of chemokine production,22,85271,26,293897,2.916373408580607,6.1276796159889454e-09,1.2522861996939846e-07,Compara
GO:0048008,platelet-derived growth factor receptor signaling pathway,22,85271,26,293897,2.916373408580607,6.1276796159889454e-09,1.2522861996939846e-07,Compara
GO:0071711,basement membrane organization,22,85271,26,293897,2.916373408580607,6.1276796159889454e-09,1.2522861996939846e-07,Compara
GO:0006112,energy reserve metabolic process,11,85271,13,293897,2.916373408580607,5.157381245103197e-05,0.00043651612248322643,Compara
GO:1900026,positive regulation of substrate adhesion-dependent cell spreading,11,85271,13,293897,2.916373408580607,5.157381245103197e-05,0.00043651612248322643,Compara
GO:0070371,ERK1 and ERK2 cascade,22,85271,26,293897,2.916373408580607,6.1276796159889454e-09,1.2522861996939846e-07,Compara
GO:0006605,protein targeting,27,85271,32,293897,2.9080882568516846,1.2063750128944803e-10,3.133461807685921e-09,Compara
GO:0043330,response to exogenous dsRNA,16,85271,19,293897,2.9024194688266327,9.39231077380531e-07,1.2760442016425257e-05,Compara
GO:2001237,negative regulation of extrinsic apoptotic signaling pathway,16,85271,19,293897,2.9024194688266327,9.39231077380531e-07,1.2760442016425257e-05,Compara
GO:0007269,neurotransmitter secretion,16,85271,19,293897,2.9024194688266327,9.39231077380531e-07,1.2760442016425257e-05,Compara
GO:0006959,humoral immune response,16,85271,19,293897,2.9024194688266327,9.39231077380531e-07,1.2760442016425257e-05,Compara
GO:0001540,amyloid-beta binding,16,85271,19,293897,2.9024194688266327,9.39231077380531e-07,1.2760442016425257e-05,Compara
GO:1903078,positive regulation of protein localization to plasma membrane,21,85271,25,293897,2.895163420154566,1.7932978796547228e-08,3.4055741808914686e-07,Compara
GO:0007498,mesoderm development,21,85271,25,293897,2.895163420154566,1.7932978796547228e-08,3.4055741808914686e-07,Compara
GO:0010975,regulation of neuron projection development,26,85271,31,293897,2.890716164516848,3.5188059325555497e-10,8.466162958845803e-09,Compara
GO:0045494,photoreceptor cell maintenance,26,85271,31,293897,2.890716164516848,3.5188059325555497e-10,8.466162958845803e-09,Compara
GO:0030010,establishment of cell polarity,26,85271,31,293897,2.890716164516848,3.5188059325555497e-10,8.466162958845803e-09,Compara
GO:0006874,intracellular calcium ion homeostasis,57,85271,68,293897,2.8890811440618043,8.847899930339109e-21,6.637573624759985e-19,Compara
GO:0042102,positive regulation of T cell proliferation,31,85271,37,293897,2.88771126205893,7.0284770315476276e-12,2.1382857830486713e-10,Compara
GO:0090263,positive regulation of canonical Wnt signaling pathway,36,85271,43,293897,2.8855449370311286,1.421506101391164e-13,5.171370690542915e-12,Compara
GO:0031490,chromatin DNA binding,41,85271,49,293897,2.8839091405815647,2.901652094532823e-15,1.2790567152469866e-13,Compara
GO:0044325,transmembrane transporter binding,51,85271,61,293897,2.8816029357510318,1.2331979915835307e-18,7.373547199181131e-17,Compara
GO:1902017,regulation of cilium assembly,10,85271,12,293897,2.872185932693022,0.00015134511034733882,0.0012284584964886815,Compara
GO:0005980,glycogen catabolic process,10,85271,12,293897,2.872185932693022,0.00015134511034733882,0.0012284584964886815,Compara
GO:0044782,cilium organization,20,85271,24,293897,2.872185932693022,5.211635940120362e-08,8.853184090685476e-07,Compara
GO:0048041,focal adhesion assembly,10,85271,12,293897,2.872185932693022,0.00015134511034733882,0.0012284584964886815,Compara
GO:0050850,positive regulation of calcium-mediated signaling,15,85271,18,293897,2.872185932693022,2.7388548293790253e-06,3.3824017003312746e-05,Compara
GO:0045089,positive regulation of innate immune response,10,85271,12,293897,2.872185932693022,0.00015134511034733882,0.0012284584964886815,Compara
GO:0006882,intracellular zinc ion homeostasis,15,85271,18,293897,2.872185932693022,2.7388548293790253e-06,3.3824017003312746e-05,Compara
GO:0043113,receptor clustering,10,85271,12,293897,2.872185932693022,0.00015134511034733882,0.0012284584964886815,Compara
GO:0045786,negative regulation of cell cycle,15,85271,18,293897,2.872185932693022,2.7388548293790253e-06,3.3824017003312746e-05,Compara
GO:0010507,negative regulation of autophagy,15,85271,18,293897,2.872185932693022,2.7388548293790253e-06,3.3824017003312746e-05,Compara
GO:0016597,amino acid binding,10,85271,12,293897,2.872185932693022,0.00015134511034733882,0.0012284584964886815,Compara
GO:0043409,negative regulation of MAPK cascade,20,85271,24,293897,2.872185932693022,5.211635940120362e-08,8.853184090685476e-07,Compara
GO:0005326,neurotransmitter transmembrane transporter activity,10,85271,12,293897,2.872185932693022,0.00015134511034733882,0.0012284584964886815,Compara
GO:0046325,negative regulation of D-glucose import,10,85271,12,293897,2.872185932693022,0.00015134511034733882,0.0012284584964886815,Compara
GO:0050860,negative regulation of T cell receptor signaling pathway,15,85271,18,293897,2.872185932693022,2.7388548293790253e-06,3.3824017003312746e-05,Compara
GO:0097191,extrinsic apoptotic signaling pathway,20,85271,24,293897,2.872185932693022,5.211635940120362e-08,8.853184090685476e-07,Compara
GO:0006997,nucleus organization,10,85271,12,293897,2.872185932693022,0.00015134511034733882,0.0012284584964886815,Compara
GO:0060411,cardiac septum morphogenesis,10,85271,12,293897,2.872185932693022,0.00015134511034733882,0.0012284584964886815,Compara
GO:0010634,positive regulation of epithelial cell migration,10,85271,12,293897,2.872185932693022,0.00015134511034733882,0.0012284584964886815,Compara
GO:0010759,positive regulation of macrophage chemotaxis,10,85271,12,293897,2.872185932693022,0.00015134511034733882,0.0012284584964886815,Compara
GO:0072332,intrinsic apoptotic signaling pathway by p53 class mediator,10,85271,12,293897,2.872185932693022,0.00015134511034733882,0.0012284584964886815,Compara
GO:0000149,SNARE binding,20,85271,24,293897,2.872185932693022,5.211635940120362e-08,8.853184090685476e-07,Compara
GO:0007040,lysosome organization,34,85271,41,293897,2.8581752696067144,1.1842336927913245e-12,3.962098210951141e-11,Compara
GO:0071320,cellular response to cAMP,29,85271,35,293897,2.8557734416490614,5.863358145857536e-11,1.6131580794001668e-09,Compara
GO:0030163,protein catabolic process,53,85271,64,293897,2.8542347706136906,6.103405381664388e-19,3.7803553948585885e-17,Compara
GO:0032956,regulation of actin cytoskeleton organization,24,85271,29,293897,2.8523777538468633,2.9411053661623066e-09,6.145790763409747e-08,Compara
GO:0007029,endoplasmic reticulum organization,19,85271,23,293897,2.8472104028435172,1.50311246405064e-07,2.357739265039432e-06,Compara
GO:0098992,neuronal dense core vesicle,19,85271,23,293897,2.8472104028435172,1.50311246405064e-07,2.357739265039432e-06,Compara
GO:0017157,regulation of exocytosis,14,85271,17,293897,2.8383955099554568,7.908241004978643e-06,8.7629114548745e-05,Compara
GO:0060828,regulation of canonical Wnt signaling pathway,14,85271,17,293897,2.8383955099554568,7.908241004978643e-06,8.7629114548745e-05,Compara
GO:0030509,BMP signaling pathway,42,85271,51,293897,2.8383955099554568,4.0642801838478984e-15,1.7469172975272214e-13,Compara
GO:0016079,synaptic vesicle exocytosis,14,85271,17,293897,2.8383955099554568,7.908241004978643e-06,8.7629114548745e-05,Compara
GO:0050830,defense response to Gram-positive bacterium,37,85271,45,293897,2.833890120257115,1.9764880645365262e-13,7.14731222858448e-12,Compara
GO:0140297,DNA-binding transcription factor binding,46,85271,56,293897,2.831154705083122,2.393869847788172e-16,1.1565264008634217e-14,Compara
GO:0043209,myelin sheath,32,85271,39,293897,2.827998456805437,9.679626343144744e-12,2.8938249250619365e-10,Compara
GO:0030165,PDZ domain binding,32,85271,39,293897,2.827998456805437,9.679626343144744e-12,2.8938249250619365e-10,Compara
GO:0030032,lamellipodium assembly,18,85271,22,293897,2.8199643702804216,4.299298956653212e-07,5.968612965339942e-06,Compara
GO:0071479,cellular response to ionizing radiation,9,85271,11,293897,2.8199643702804216,0.00043792537549705335,0.003071581118033339,Compara
GO:0001534,radial spoke,9,85271,11,293897,2.8199643702804216,0.00043792537549705335,0.003071581118033339,Compara
GO:0002687,positive regulation of leukocyte migration,9,85271,11,293897,2.8199643702804216,0.00043792537549705335,0.003071581118033339,Compara
GO:0097186,amelogenesis,9,85271,11,293897,2.8199643702804216,0.00043792537549705335,0.003071581118033339,Compara
GO:0050995,negative regulation of lipid catabolic process,9,85271,11,293897,2.8199643702804216,0.00043792537549705335,0.003071581118033339,Compara
GO:0070365,hepatocyte differentiation,9,85271,11,293897,2.8199643702804216,0.00043792537549705335,0.003071581118033339,Compara
GO:0045446,endothelial cell differentiation,9,85271,11,293897,2.8199643702804216,0.00043792537549705335,0.003071581118033339,Compara
GO:0070294,renal sodium ion absorption,9,85271,11,293897,2.8199643702804216,0.00043792537549705335,0.003071581118033339,Compara
GO:0051020,GTPase binding,9,85271,11,293897,2.8199643702804216,0.00043792537549705335,0.003071581118033339,Compara
GO:0046847,filopodium assembly,9,85271,11,293897,2.8199643702804216,0.00043792537549705335,0.003071581118033339,Compara
GO:0045333,cellular respiration,9,85271,11,293897,2.8199643702804216,0.00043792537549705335,0.003071581118033339,Compara
GO:0019371,cyclooxygenase pathway,9,85271,11,293897,2.8199643702804216,0.00043792537549705335,0.003071581118033339,Compara
GO:0003184,pulmonary valve morphogenesis,9,85271,11,293897,2.8199643702804216,0.00043792537549705335,0.003071581118033339,Compara
GO:0009060,aerobic respiration,9,85271,11,293897,2.8199643702804216,0.00043792537549705335,0.003071581118033339,Compara
GO:0045669,positive regulation of osteoblast differentiation,36,85271,44,293897,2.8199643702804216,5.6165221879823e-13,1.9217097729872585e-11,Compara
GO:0046329,negative regulation of JNK cascade,9,85271,11,293897,2.8199643702804216,0.00043792537549705335,0.003071581118033339,Compara
GO:0070328,triglyceride homeostasis,18,85271,22,293897,2.8199643702804216,4.299298956653212e-07,5.968612965339942e-06,Compara
GO:0030139,endocytic vesicle,18,85271,22,293897,2.8199643702804216,4.299298956653212e-07,5.968612965339942e-06,Compara
GO:0003323,type B pancreatic cell development,9,85271,11,293897,2.8199643702804216,0.00043792537549705335,0.003071581118033339,Compara
GO:0061036,positive regulation of cartilage development,9,85271,11,293897,2.8199643702804216,0.00043792537549705335,0.003071581118033339,Compara
GO:1901379,regulation of potassium ion transmembrane transport,9,85271,11,293897,2.8199643702804216,0.00043792537549705335,0.003071581118033339,Compara
GO:0001654,eye development,22,85271,27,293897,2.8083595786331768,2.3935796534090068e-08,4.4821170626161217e-07,Compara
GO:0072593,reactive oxygen species metabolic process,22,85271,27,293897,2.8083595786331768,2.3935796534090068e-08,4.4821170626161217e-07,Compara
GO:0051219,phosphoprotein binding,13,85271,16,293897,2.800381284375696,2.2582391942954636e-05,0.0002192525159863393,Compara
GO:0032963,collagen metabolic process,13,85271,16,293897,2.800381284375696,2.2582391942954636e-05,0.0002192525159863393,Compara
GO:0051279,regulation of release of sequestered calcium ion into cytosol,13,85271,16,293897,2.800381284375696,2.2582391942954636e-05,0.0002192525159863393,Compara
GO:0030041,actin filament polymerization,13,85271,16,293897,2.800381284375696,2.2582391942954636e-05,0.0002192525159863393,Compara
GO:0030511,positive regulation of transforming growth factor beta receptor signaling pathway,13,85271,16,293897,2.800381284375696,2.2582391942954636e-05,0.0002192525159863393,Compara
GO:0048870,cell motility,13,85271,16,293897,2.800381284375696,2.2582391942954636e-05,0.0002192525159863393,Compara
GO:0001221,transcription coregulator binding,13,85271,16,293897,2.800381284375696,2.2582391942954636e-05,0.0002192525159863393,Compara
GO:0017075,syntaxin-1 binding,13,85271,16,293897,2.800381284375696,2.2582391942954636e-05,0.0002192525159863393,Compara
GO:0050870,positive regulation of T cell activation,13,85271,16,293897,2.800381284375696,2.2582391942954636e-05,0.0002192525159863393,Compara
GO:0031648,protein destabilization,21,85271,26,293897,2.783810980917852,6.751523535646069e-08,1.134143272093647e-06,Compara
GO:0000978,RNA polymerase II cis-regulatory region sequence-specific DNA binding,274,85271,340,293897,2.77757274902784,1.8744983010708823e-86,2.2640190480334115e-83,Compara
GO:0008217,regulation of blood pressure,53,85271,66,293897,2.767742807867821,8.600525884141705e-18,4.596334142861218e-16,Compara
GO:0008285,negative regulation of cell population proliferation,163,85271,203,293897,2.767485558791897,1.1423527658105923e-51,6.898668352730167e-49,Compara
GO:0045944,positive regulation of transcription by RNA polymerase II,613,85271,764,293897,2.7654188116347997,1.2699405750940201e-189,7.669171132992788e-186,Compara
GO:0007032,endosome organization,12,85271,15,293897,2.7572984953853013,6.367915589999988e-05,0.0005367179657782265,Compara
GO:0043122,regulation of canonical NF-kappaB signal transduction,12,85271,15,293897,2.7572984953853013,6.367915589999988e-05,0.0005367179657782265,Compara
GO:0048598,embryonic morphogenesis,12,85271,15,293897,2.7572984953853013,6.367915589999988e-05,0.0005367179657782265,Compara
GO:0006346,DNA methylation-dependent constitutive heterochromatin formation,12,85271,15,293897,2.7572984953853013,6.367915589999988e-05,0.0005367179657782265,Compara
GO:0003272,endocardial cushion formation,8,85271,10,293897,2.757298495385301,0.0012461170884115575,0.007470068484256611,Compara
GO:0032480,negative regulation of type I interferon production,8,85271,10,293897,2.757298495385301,0.0012461170884115575,0.007470068484256611,Compara
GO:0051497,negative regulation of stress fiber assembly,8,85271,10,293897,2.757298495385301,0.0012461170884115575,0.007470068484256611,Compara
GO:0002827,positive regulation of T-helper 1 type immune response,8,85271,10,293897,2.757298495385301,0.0012461170884115575,0.007470068484256611,Compara
GO:0045746,negative regulation of Notch signaling pathway,16,85271,20,293897,2.757298495385301,3.419125565500021e-06,4.142045995998922e-05,Compara
GO:0071377,cellular response to glucagon stimulus,8,85271,10,293897,2.757298495385301,0.0012461170884115575,0.007470068484256611,Compara
GO:1903829,positive regulation of protein localization,8,85271,10,293897,2.757298495385301,0.0012461170884115575,0.007470068484256611,Compara
GO:0000242,pericentriolar material,8,85271,10,293897,2.757298495385301,0.0012461170884115575,0.007470068484256611,Compara
GO:0031252,cell leading edge,28,85271,35,293897,2.757298495385301,6.053449194017458e-10,1.4535498879789831e-08,Compara
GO:0001223,transcription coactivator binding,16,85271,20,293897,2.757298495385301,3.419125565500021e-06,4.142045995998922e-05,Compara
GO:0070888,E-box binding,32,85271,40,293897,2.757298495385301,3.482137018032064e-11,9.712990970852487e-10,Compara
GO:0055008,cardiac muscle tissue morphogenesis,8,85271,10,293897,2.757298495385301,0.0012461170884115575,0.007470068484256611,Compara
GO:0045907,positive regulation of vasoconstriction,16,85271,20,293897,2.757298495385301,3.419125565500021e-06,4.142045995998922e-05,Compara
GO:0007033,vacuole organization,8,85271,10,293897,2.757298495385301,0.0012461170884115575,0.007470068484256611,Compara
GO:0048251,elastic fiber assembly,8,85271,10,293897,2.757298495385301,0.0012461170884115575,0.007470068484256611,Compara
GO:0060485,mesenchyme development,8,85271,10,293897,2.757298495385301,0.0012461170884115575,0.007470068484256611,Compara
GO:0000793,condensed chromosome,20,85271,25,293897,2.757298495385301,1.8884988181542514e-07,2.9584032069607068e-06,Compara
GO:0034612,response to tumor necrosis factor,8,85271,10,293897,2.757298495385301,0.0012461170884115575,0.007470068484256611,Compara
GO:0006941,striated muscle contraction,8,85271,10,293897,2.757298495385301,0.0012461170884115575,0.007470068484256611,Compara
GO:0140416,transcription regulator inhibitor activity,16,85271,20,293897,2.757298495385301,3.419125565500021e-06,4.142045995998922e-05,Compara
GO:0048667,cell morphogenesis involved in neuron differentiation,8,85271,10,293897,2.757298495385301,0.0012461170884115575,0.007470068484256611,Compara
GO:0015820,L-leucine transport,8,85271,10,293897,2.757298495385301,0.0012461170884115575,0.007470068484256611,Compara
GO:0021612,facial nerve structural organization,8,85271,10,293897,2.757298495385301,0.0012461170884115575,0.007470068484256611,Compara
GO:0001952,regulation of cell-matrix adhesion,8,85271,10,293897,2.757298495385301,0.0012461170884115575,0.007470068484256611,Compara
GO:0043083,synaptic cleft,19,85271,24,293897,2.7285766360583708,5.234518170279565e-07,7.2336968490430875e-06,Compara
GO:0042391,regulation of membrane potential,38,85271,48,293897,2.7285766360583708,8.948366096060866e-13,3.0105394347694466e-11,Compara
GO:0098586,cellular response to virus,19,85271,24,293897,2.7285766360583708,5.234518170279565e-07,7.2336968490430875e-06,Compara
GO:0030674,protein-macromolecule adaptor activity,38,85271,48,293897,2.7285766360583708,8.948366096060866e-13,3.0105394347694466e-11,Compara
GO:0050772,positive regulation of axonogenesis,15,85271,19,293897,2.721018252024968,9.487443899750317e-06,0.00010445701679232847,Compara
GO:0045765,regulation of angiogenesis,15,85271,19,293897,2.721018252024968,9.487443899750317e-06,0.00010445701679232847,Compara
GO:0009898,cytoplasmic side of plasma membrane,30,85271,38,293897,2.721018252024968,2.649662667510167e-10,6.465176908724808e-09,Compara
GO:0001786,phosphatidylserine binding,15,85271,19,293897,2.721018252024968,9.487443899750317e-06,0.00010445701679232847,Compara
GO:0017053,transcription repressor complex,15,85271,19,293897,2.721018252024968,9.487443899750317e-06,0.00010445701679232847,Compara
GO:0045778,positive regulation of ossification,15,85271,19,293897,2.721018252024968,9.487443899750317e-06,0.00010445701679232847,Compara
GO:0000785,chromatin,107,85271,136,293897,2.711681424689588,5.5592589788805635e-33,1.0657893642368165e-30,Compara
GO:0030199,collagen fibril organization,44,85271,56,293897,2.7080610222534207,2.303826933997636e-14,9.153165035797188e-13,Compara
GO:0030111,regulation of Wnt signaling pathway,11,85271,14,293897,2.7080610222534207,0.00017700403682984283,0.0012894178267978539,Compara
GO:0060074,synapse maturation,11,85271,14,293897,2.7080610222534207,0.00017700403682984283,0.0012894178267978539,Compara
GO:2000036,regulation of stem cell population maintenance,11,85271,14,293897,2.7080610222534207,0.00017700403682984283,0.0012894178267978539,Compara
GO:0070507,regulation of microtubule cytoskeleton organization,11,85271,14,293897,2.7080610222534207,0.00017700403682984283,0.0012894178267978539,Compara
GO:0005154,epidermal growth factor receptor binding,11,85271,14,293897,2.7080610222534207,0.00017700403682984283,0.0012894178267978539,Compara
GO:0071773,cellular response to BMP stimulus,11,85271,14,293897,2.7080610222534207,0.00017700403682984283,0.0012894178267978539,Compara
GO:0071385,cellular response to glucocorticoid stimulus,11,85271,14,293897,2.7080610222534207,0.00017700403682984283,0.0012894178267978539,Compara
GO:0030534,adult behavior,25,85271,32,293897,2.692674311899708,1.2564427588560565e-08,2.397364240357575e-07,Compara
GO:0005667,transcription regulator complex,135,85271,173,293897,2.689561393620055,1.7466648737524736e-40,4.906097289577297e-38,Compara
GO:0000795,synaptonemal complex,21,85271,27,293897,2.6807068705134873,2.200432712267377e-07,3.3985711379495372e-06,Compara
GO:0050868,negative regulation of T cell activation,14,85271,18,293897,2.6807068705134873,2.6001092620257957e-05,0.00025103213162867757,Compara
GO:2001238,positive regulation of extrinsic apoptotic signaling pathway,14,85271,18,293897,2.6807068705134873,2.6001092620257957e-05,0.00025103213162867757,Compara
GO:0009411,response to UV,21,85271,27,293897,2.6807068705134873,2.200432712267377e-07,3.3985711379495372e-06,Compara
GO:0099560,synaptic membrane adhesion,21,85271,27,293897,2.6807068705134873,2.200432712267377e-07,3.3985711379495372e-06,Compara
GO:0097110,scaffold protein binding,21,85271,27,293897,2.6807068705134873,2.200432712267377e-07,3.3985711379495372e-06,Compara
GO:0042246,tissue regeneration,14,85271,18,293897,2.6807068705134873,2.6001092620257957e-05,0.00025103213162867757,Compara
GO:0051017,actin filament bundle assembly,14,85271,18,293897,2.6807068705134873,2.6001092620257957e-05,0.00025103213162867757,Compara
GO:0007179,transforming growth factor beta receptor signaling pathway,38,85271,49,293897,2.6728913985877916,2.8627246504068893e-12,9.051305844925238e-11,Compara
GO:0045732,positive regulation of protein catabolic process,24,85271,31,293897,2.6683533826309365,3.3997751155542964e-08,5.882877341785787e-07,Compara
GO:0019915,lipid storage,24,85271,31,293897,2.6683533826309365,3.3997751155542964e-08,5.882877341785787e-07,Compara
GO:0042826,histone deacetylase binding,34,85271,44,293897,2.6632996830426205,4.858066215885365e-11,1.3396283962434576e-09,Compara
GO:0022627,cytosolic small ribosomal subunit,27,85271,35,293897,2.65882354912154,5.288258721318266e-09,1.0955675615108408e-07,Compara
GO:0042127,regulation of cell population proliferation,104,85271,135,293897,2.655176328889549,1.0964533557295533e-30,1.8649908149647602e-28,Compara
GO:0043065,positive regulation of apoptotic process,114,85271,148,293897,2.654831321570307,1.7646364737402454e-33,3.4939802180056854e-31,Compara
GO:0140042,lipid droplet formation,10,85271,13,293897,2.651248553255097,0.0004839161033156276,0.0033706682213645624,Compara
GO:0035925,mRNA 3'-UTR AU-rich region binding,10,85271,13,293897,2.651248553255097,0.0004839161033156276,0.0033706682213645624,Compara
GO:0044027,negative regulation of gene expression via chromosomal CpG island methylation,10,85271,13,293897,2.651248553255097,0.0004839161033156276,0.0033706682213645624,Compara
GO:0031201,SNARE complex,10,85271,13,293897,2.651248553255097,0.0004839161033156276,0.0033706682213645624,Compara
GO:0017046,peptide hormone binding,10,85271,13,293897,2.651248553255097,0.0004839161033156276,0.0033706682213645624,Compara
GO:0021680,cerebellar Purkinje cell layer development,10,85271,13,293897,2.651248553255097,0.0004839161033156276,0.0033706682213645624,Compara
GO:0030336,negative regulation of cell migration,33,85271,43,293897,2.6450828589452016,1.2990166060505838e-10,3.3668503364547106e-09,Compara
GO:0016477,cell migration,69,85271,90,293897,2.64241105807758,1.1872564059885791e-20,8.743709068006133e-19,Compara
GO:0032436,positive regulation of proteasomal ubiquitin-dependent protein catabolic process,23,85271,30,293897,2.64241105807758,9.119882881401034e-08,1.5256225130410206e-06,Compara
GO:0061629,RNA polymerase II-specific DNA-binding transcription factor binding,62,85271,81,293897,2.6381559678069237,1.2173830074591332e-18,7.315199982135031e-17,Compara
GO:0002281,macrophage activation involved in immune response,13,85271,17,293897,2.635652973530067,7.02733824875554e-05,0.0005886004949269723,Compara
GO:0097730,non-motile cilium,13,85271,17,293897,2.635652973530067,7.02733824875554e-05,0.0005886004949269723,Compara
GO:0022904,respiratory electron transport chain,13,85271,17,293897,2.635652973530067,7.02733824875554e-05,0.0005886004949269723,Compara
GO:0016327,apicolateral plasma membrane,13,85271,17,293897,2.635652973530067,7.02733824875554e-05,0.0005886004949269723,Compara
GO:0042789,mRNA transcription by RNA polymerase II,13,85271,17,293897,2.635652973530067,7.02733824875554e-05,0.0005886004949269723,Compara
GO:0043021,ribonucleoprotein complex binding,13,85271,17,293897,2.635652973530067,7.02733824875554e-05,0.0005886004949269723,Compara
GO:0000086,G2/M transition of mitotic cell cycle,16,85271,21,293897,2.6259985670336197,1.0460990670883965e-05,0.00011451579776083287,Compara
GO:0001678,intracellular glucose homeostasis,16,85271,21,293897,2.6259985670336197,1.0460990670883965e-05,0.00011451579776083287,Compara
GO:0015813,L-glutamate transmembrane transport,16,85271,21,293897,2.6259985670336197,1.0460990670883965e-05,0.00011451579776083287,Compara
GO:0030501,positive regulation of bone mineralization,19,85271,25,293897,2.6194335706160357,1.5830246117893982e-06,1.9937196309898176e-05,Compara
GO:0007631,feeding behavior,19,85271,25,293897,2.6194335706160357,1.5830246117893982e-06,1.9937196309898176e-05,Compara
GO:0050796,regulation of insulin secretion,19,85271,25,293897,2.6194335706160357,1.5830246117893982e-06,1.9937196309898176e-05,Compara
GO:0002027,regulation of heart rate,19,85271,25,293897,2.6194335706160357,1.5830246117893982e-06,1.9937196309898176e-05,Compara
GO:0031397,negative regulation of protein ubiquitination,19,85271,25,293897,2.6194335706160357,1.5830246117893982e-06,1.9937196309898176e-05,Compara
GO:0071364,cellular response to epidermal growth factor stimulus,22,85271,29,293897,2.614679607692958,2.4237116280492535e-07,3.7291196233858453e-06,Compara
GO:0000792,heterochromatin,28,85271,37,293897,2.608255333472582,5.821276573069369e-09,1.199818744872557e-07,Compara
GO:0030141,secretory granule,49,85271,65,293897,2.5982235821899953,1.4288625033861766e-14,5.77183990498269e-13,Compara
GO:0030198,extracellular matrix organization,82,85271,109,293897,2.5928724383210398,2.5904285678451134e-23,2.388335591025441e-21,Compara
GO:0030968,endoplasmic reticulum unfolded protein response,21,85271,28,293897,2.58496733942372,6.376967374297561e-07,8.742453115410437e-06,Compara
GO:0097708,intracellular vesicle,9,85271,12,293897,2.5849673394237196,0.0012976661709726293,0.007713194888291051,Compara
GO:0045739,positive regulation of DNA repair,12,85271,16,293897,2.5849673394237196,0.00018696944777052814,0.0013562864805840476,Compara
GO:0000132,establishment of mitotic spindle orientation,9,85271,12,293897,2.5849673394237196,0.0012976661709726293,0.007713194888291051,Compara
GO:0030330,"DNA damage response, signal transduction by p53 class mediator",12,85271,16,293897,2.5849673394237196,0.00018696944777052814,0.0013562864805840476,Compara
GO:0016485,protein processing,39,85271,52,293897,2.5849673394237196,9.302513252635979e-12,2.7949192802322724e-10,Compara
GO:0005884,actin filament,15,85271,20,293897,2.5849673394237196,2.769239890162923e-05,0.0002665089991505003,Compara
GO:0003094,glomerular filtration,9,85271,12,293897,2.5849673394237196,0.0012976661709726293,0.007713194888291051,Compara
GO:0061512,protein localization to cilium,18,85271,24,293897,2.5849673394237196,4.175872681130466e-06,4.7301281987054014e-05,Compara
GO:0048771,tissue remodeling,12,85271,16,293897,2.5849673394237196,0.00018696944777052814,0.0013562864805840476,Compara
GO:0010804,negative regulation of tumor necrosis factor-mediated signaling pathway,9,85271,12,293897,2.5849673394237196,0.0012976661709726293,0.007713194888291051,Compara
GO:0051879,Hsp90 protein binding,12,85271,16,293897,2.5849673394237196,0.00018696944777052814,0.0013562864805840476,Compara
GO:0070160,tight junction,15,85271,20,293897,2.5849673394237196,2.769239890162923e-05,0.0002665089991505003,Compara
GO:0042149,cellular response to glucose starvation,15,85271,20,293897,2.5849673394237196,2.769239890162923e-05,0.0002665089991505003,Compara
GO:0050665,hydrogen peroxide biosynthetic process,9,85271,12,293897,2.5849673394237196,0.0012976661709726293,0.007713194888291051,Compara
GO:0006784,heme A biosynthetic process,9,85271,12,293897,2.5849673394237196,0.0012976661709726293,0.007713194888291051,Compara
GO:0034389,lipid droplet organization,9,85271,12,293897,2.5849673394237196,0.0012976661709726293,0.007713194888291051,Compara
GO:0010508,positive regulation of autophagy,30,85271,40,293897,2.5849673394237196,2.383136034173087e-09,5.310611996446964e-08,Compara
GO:1902895,positive regulation of miRNA transcription,15,85271,20,293897,2.5849673394237196,2.769239890162923e-05,0.0002665089991505003,Compara
GO:0010803,regulation of tumor necrosis factor-mediated signaling pathway,9,85271,12,293897,2.5849673394237196,0.0012976661709726293,0.007713194888291051,Compara
GO:0010613,positive regulation of cardiac muscle hypertrophy,9,85271,12,293897,2.5849673394237196,0.0012976661709726293,0.007713194888291051,Compara
GO:1900227,positive regulation of NLRP3 inflammasome complex assembly,18,85271,24,293897,2.5849673394237196,4.175872681130466e-06,4.7301281987054014e-05,Compara
GO:0031398,positive regulation of protein ubiquitination,24,85271,32,293897,2.5849673394237196,9.829772185452855e-08,1.6333118367713421e-06,Compara
GO:0008021,synaptic vesicle,83,85271,111,293897,2.577204674740766,2.812632144535531e-23,2.5163682253111218e-21,Compara
GO:0036064,ciliary basal body,74,85271,99,293897,2.576263745688286,6.726424227984809e-21,5.077609489100033e-19,Compara
GO:0042802,identical protein binding,380,85271,510,293897,2.5680721280549372,4.4956694507269163e-100,7.756956517982814e-97,Compara
GO:0071277,cellular response to calcium ion,29,85271,39,293897,2.5628736014799274,6.191507615531843e-09,1.2631930571012434e-07,Compara
GO:0097546,ciliary base,23,85271,31,293897,2.557171991687981,2.55651927087937e-07,3.92845289487036e-06,Compara
GO:0031663,lipopolysaccharide-mediated signaling pathway,20,85271,27,293897,2.5530541623937975,1.6597427950973945e-06,2.0881639040819094e-05,Compara
GO:0001227,"DNA-binding transcription repressor activity, RNA polymerase II-specific",108,85271,146,293897,2.5495568279247647,3.8590634936276925e-29,5.9756113943634964e-27,Compara
GO:0006282,regulation of DNA repair,17,85271,23,293897,2.547504044649463,1.0879089310136306e-05,0.00011607565431786777,Compara
GO:0007130,synaptonemal complex assembly,17,85271,23,293897,2.547504044649463,1.0879089310136306e-05,0.00011607565431786777,Compara
GO:0009408,response to heat,17,85271,23,293897,2.547504044649463,1.0879089310136306e-05,0.00011607565431786777,Compara
GO:0007585,respiratory gaseous exchange by respiratory system,17,85271,23,293897,2.547504044649463,1.0879089310136306e-05,0.00011607565431786777,Compara
GO:0001508,action potential,17,85271,23,293897,2.547504044649463,1.0879089310136306e-05,0.00011607565431786777,Compara
GO:0061024,membrane organization,17,85271,23,293897,2.547504044649463,1.0879089310136306e-05,0.00011607565431786777,Compara
GO:0045785,positive regulation of cell adhesion,17,85271,23,293897,2.547504044649463,1.0879089310136306e-05,0.00011607565431786777,Compara
GO:0000122,negative regulation of transcription by RNA polymerase II,419,85271,568,293897,2.54249135027826,1.0724609463313146e-107,2.1588638849649364e-104,Compara
GO:0030301,cholesterol transport,14,85271,19,293897,2.5396170352233036,7.223930903751336e-05,0.0006038106398305096,Compara
GO:0090090,negative regulation of canonical Wnt signaling pathway,61,85271,83,293897,2.5330603647364964,7.032656854476573e-17,3.4811651429659034e-15,Compara
GO:0031012,extracellular matrix,116,85271,158,293897,2.5304321634865103,1.1277972329609375e-30,1.8659636958496167e-28,Compara
GO:0032691,negative regulation of interleukin-1 beta production,11,85271,15,293897,2.5275236207698595,0.0004886474593732201,0.003391887364545834,Compara
GO:0015909,long-chain fatty acid transport,11,85271,15,293897,2.5275236207698595,0.0004886474593732201,0.003391887364545834,Compara
GO:0140900,chloride:bicarbonate antiporter activity,11,85271,15,293897,2.5275236207698595,0.0004886474593732201,0.003391887364545834,Compara
GO:0033993,response to lipid,11,85271,15,293897,2.5275236207698595,0.0004886474593732201,0.003391887364545834,Compara
GO:0008016,regulation of heart contraction,11,85271,15,293897,2.5275236207698595,0.0004886474593732201,0.003391887364545834,Compara
GO:0048487,beta-tubulin binding,11,85271,15,293897,2.5275236207698595,0.0004886474593732201,0.003391887364545834,Compara
GO:0030335,positive regulation of cell migration,52,85271,71,293897,2.5242873549302054,1.699022449256301e-14,6.840264380705867e-13,Compara
GO:0046627,negative regulation of insulin receptor signaling pathway,19,85271,26,293897,2.5186861255923425,4.269423506331325e-06,4.770221749257145e-05,Compara
GO:0043491,phosphatidylinositol 3-kinase/protein kinase B signal transduction,27,85271,37,293897,2.5151033572771326,4.075090537065938e-08,6.980476115186468e-07,Compara
GO:0090575,RNA polymerase II transcription regulator complex,27,85271,37,293897,2.5151033572771326,4.075090537065938e-08,6.980476115186468e-07,Compara
GO:0032481,positive regulation of type I interferon production,16,85271,22,293897,2.506634995804819,2.795742893109506e-05,0.0002686315247651282,Compara
GO:0002020,protease binding,24,85271,33,293897,2.506634995804819,2.6059908139302444e-07,3.994309270386991e-06,Compara
GO:0010608,post-transcriptional regulation of gene expression,16,85271,22,293897,2.506634995804819,2.795742893109506e-05,0.0002686315247651282,Compara
GO:0098839,postsynaptic density membrane,84,85271,116,293897,2.4958305346160055,5.616621650616394e-22,4.433827208898353e-20,Compara
GO:0050821,protein stabilization,55,85271,76,293897,2.4942667310228877,7.061856603987687e-15,2.9513184796873106e-13,Compara
GO:0045216,cell-cell junction organization,13,85271,18,293897,2.4892278083339523,0.0001853813361446359,0.0013496297636859025,Compara
GO:0045184,establishment of protein localization,23,85271,32,293897,2.477260366947731,6.577793404374571e-07,9.007549743541505e-06,Compara
GO:0071526,semaphorin-plexin signaling pathway,28,85271,39,293897,2.474498649704757,4.080324670741552e-08,6.980476115186468e-07,Compara
GO:0008284,positive regulation of cell population proliferation,206,85271,287,293897,2.4738827963822825,1.411919972383036e-50,8.120556869734433e-48,Compara
GO:0071363,cellular response to growth factor stimulus,33,85271,46,293897,2.472577455100949,2.569530169006805e-09,5.454268081065763e-08,Compara
GO:0016525,negative regulation of angiogenesis,33,85271,46,293897,2.472577455100949,2.569530169006805e-09,5.454268081065763e-08,Compara
GO:0007005,mitochondrion organization,71,85271,99,293897,2.4718206208630855,2.005378297063662e-18,1.1757747122298498e-16,Compara
GO:0051018,protein kinase A binding,10,85271,14,293897,2.461873656594019,0.0012511962695521712,0.007470068484256611,Compara
GO:0007162,negative regulation of cell adhesion,10,85271,14,293897,2.461873656594019,0.0012511962695521712,0.007470068484256611,Compara
GO:0043531,ADP binding,10,85271,14,293897,2.461873656594019,0.0012511962695521712,0.007470068484256611,Compara
GO:0008625,extrinsic apoptotic signaling pathway via death domain receptors,10,85271,14,293897,2.461873656594019,0.0012511962695521712,0.007470068484256611,Compara
GO:0001968,fibronectin binding,10,85271,14,293897,2.461873656594019,0.0012511962695521712,0.007470068484256611,Compara
GO:0048025,"negative regulation of mRNA splicing, via spliceosome",10,85271,14,293897,2.461873656594019,0.0012511962695521712,0.007470068484256611,Compara
GO:0008361,regulation of cell size,10,85271,14,293897,2.461873656594019,0.0012511962695521712,0.007470068484256611,Compara
GO:0140374,antiviral innate immune response,10,85271,14,293897,2.461873656594019,0.0012511962695521712,0.007470068484256611,Compara
GO:0005875,microtubule associated complex,10,85271,14,293897,2.461873656594019,0.0012511962695521712,0.007470068484256611,Compara
GO:0007173,epidermal growth factor receptor signaling pathway,25,85271,35,293897,2.4618736565940185,2.584301047270147e-07,3.966097591985875e-06,Compara
GO:0031674,I band,15,85271,21,293897,2.4618736565940185,7.077091947793149e-05,0.0005919467904809255,Compara
GO:0007346,regulation of mitotic cell cycle,15,85271,21,293897,2.4618736565940185,7.077091947793149e-05,0.0005919467904809255,Compara
GO:0000977,RNA polymerase II transcription regulatory region sequence-specific DNA binding,95,85271,133,293897,2.4618736565940185,6.261767314931021e-24,6.142216065750344e-22,Compara
GO:0007267,cell-cell signaling,27,85271,38,293897,2.4489164268224712,1.0161654482880949e-07,1.6333118367713421e-06,Compara
GO:0046330,positive regulation of JNK cascade,34,85271,48,293897,2.4413580427890684,2.5290938827304052e-09,5.387371413689212e-08,Compara
GO:0032731,positive regulation of interleukin-1 beta production,29,85271,41,293897,2.4378553770174918,3.9991017518676614e-08,6.870718486352435e-07,Compara
GO:0034599,cellular response to oxidative stress,41,85271,58,293897,2.4364059980775292,6.42166924692722e-11,1.7008973939558543e-09,Compara
GO:0030332,cyclin binding,12,85271,17,293897,2.432910437104677,0.0004670400044216784,0.0032700922744376996,Compara
GO:0006979,response to oxidative stress,72,85271,102,293897,2.432910437104677,4.873050424641072e-18,2.7248473624451325e-16,Compara
GO:0120020,cholesterol transfer activity,12,85271,17,293897,2.432910437104677,0.0004670400044216784,0.0032700922744376996,Compara
GO:0003727,single-stranded RNA binding,12,85271,17,293897,2.432910437104677,0.0004670400044216784,0.0032700922744376996,Compara
GO:0001938,positive regulation of endothelial cell proliferation,19,85271,27,293897,2.4254014542741076,1.0467415195227645e-05,0.00011451579776083287,Compara
GO:0035082,axoneme assembly,19,85271,27,293897,2.4254014542741076,1.0467415195227645e-05,0.00011451579776083287,Compara
GO:0042803,protein homodimerization activity,122,85271,174,293897,2.41659781923137,4.6701546059659956e-29,7.140016117830036e-27,Compara
GO:0032870,cellular response to hormone stimulus,14,85271,20,293897,2.4126361834621384,0.00017618209935679622,0.0012888718328475982,Compara
GO:0043488,regulation of mRNA stability,14,85271,20,293897,2.4126361834621384,0.00017618209935679622,0.0012888718328475982,Compara
GO:0051216,cartilage development,56,85271,80,293897,2.4126361834621384,4.182416751978947e-14,1.629523533238765e-12,Compara
GO:0007265,Ras protein signal transduction,16,85271,23,293897,2.3976508655524356,6.699363378353793e-05,0.0005634743097754673,Compara
GO:0030177,positive regulation of Wnt signaling pathway,16,85271,23,293897,2.3976508655524356,6.699363378353793e-05,0.0005634743097754673,Compara
GO:0042110,T cell activation,16,85271,23,293897,2.3976508655524356,6.699363378353793e-05,0.0005634743097754673,Compara
GO:0007200,phospholipase C-activating G protein-coupled receptor signaling pathway,41,85271,59,293897,2.3951109811609608,1.5115113051957314e-10,3.900861868408984e-09,Compara
GO:0019901,protein kinase binding,133,85271,192,293897,2.3875045565510744,1.1117679969983668e-30,1.8649908149647602e-28,Compara
GO:0050890,cognition,18,85271,26,293897,2.3861236979295875,2.563418504681819e-05,0.00024828363030911796,Compara
GO:0007189,adenylate cyclase-activating G protein-coupled receptor signaling pathway,63,85271,91,293897,2.3861236979295875,2.5494966507107967e-15,1.1279421445891943e-13,Compara
GO:0097190,apoptotic signaling pathway,18,85271,26,293897,2.3861236979295875,2.563418504681819e-05,0.00024828363030911796,Compara
GO:0000976,transcription cis-regulatory region binding,99,85271,143,293897,2.3861236979295875,3.2708321401161295e-23,2.890304864077712e-21,Compara
GO:0001818,negative regulation of cytokine production,20,85271,29,293897,2.3769814615390525,9.858039202350412e-06,0.00010833976113374729,Compara
GO:0045271,respiratory chain complex I,42,85271,61,293897,2.373084770618497,1.4368851384476168e-10,3.716209572199211e-09,Compara
GO:0034394,protein localization to cell surface,11,85271,16,293897,2.369553394471743,0.0011523390849335938,0.006976416775853608,Compara
GO:0009615,response to virus,33,85271,48,293897,2.369553394471743,1.4307492044461726e-08,2.725644935536415e-07,Compara
GO:0051480,regulation of cytosolic calcium ion concentration,11,85271,16,293897,2.369553394471743,0.0011523390849335938,0.006976416775853608,Compara
GO:0031647,regulation of protein stability,22,85271,32,293897,2.369553394471743,3.8067894953632126e-06,4.5978403524996884e-05,Compara
GO:0030334,regulation of cell migration,35,85271,51,293897,2.365329591629547,5.61878080396779e-09,1.1620485368205987e-07,Compara
GO:0019903,protein phosphatase binding,26,85271,38,293897,2.358215818421639,5.733005578260979e-07,7.904479608931062e-06,Compara
GO:0019900,kinase binding,23,85271,34,293897,2.3315391688919824,3.5168241228131033e-06,4.256132440414495e-05,Compara
GO:0007369,gastrulation,25,85271,37,293897,2.328799404886234,1.3630882267365718e-06,1.7293465969038144e-05,Compara
GO:0048468,cell development,27,85271,40,293897,2.3264706054813478,5.298590229285671e-07,7.313871175921409e-06,Compara
GO:0001819,positive regulation of cytokine production,29,85271,43,293897,2.3244667548306315,2.064826938463985e-07,3.209649905118148e-06,Compara
GO:0060271,cilium assembly,93,85271,138,293897,2.322724276003922,1.2818960339420243e-20,9.237773754903964e-19,Compara
GO:0032991,protein-containing complex,186,85271,277,293897,2.3143389898089617,2.6893007425024098e-39,7.218083192876468e-37,Compara
GO:0043066,negative regulation of apoptotic process,222,85271,332,293897,2.304669676112714,4.074128239175426e-46,1.500627941735461e-43,Compara
GO:0030512,negative regulation of transforming growth factor beta receptor signaling pathway,26,85271,39,293897,2.2977487461544177,1.243008742267665e-06,1.5786603143121826e-05,Compara
GO:0001965,G-protein alpha-subunit binding,12,85271,18,293897,2.2977487461544177,0.0010303573410305003,0.006259899279507501,Compara
GO:0019899,enzyme binding,78,85271,117,293897,2.2977487461544177,4.019710118953338e-17,2.0313832140886366e-15,Compara
GO:0005178,integrin binding,44,85271,66,293897,2.2977487461544173,2.7159867602418873e-10,6.587085961887855e-09,Compara
GO:0000045,autophagosome assembly,22,85271,33,293897,2.2977487461544173,8.277780613904284e-06,9.155589217466661e-05,Compara
GO:0045727,positive regulation of translation,22,85271,33,293897,2.2977487461544173,8.277780613904284e-06,9.155589217466661e-05,Compara
GO:0019432,triglyceride biosynthetic process,14,85271,21,293897,2.2977487461544173,0.000387004459116945,0.0027463218902552653,Compara
GO:0008543,fibroblast growth factor receptor signaling pathway,28,85271,42,293897,2.2977487461544173,4.837459742706316e-07,6.700325547294368e-06,Compara
GO:0060070,canonical Wnt signaling pathway,45,85271,68,293897,2.280853534785635,2.4757848465478177e-10,6.053143598502944e-09,Compara
GO:0048306,calcium-dependent protein binding,21,85271,32,293897,2.2618464219957546,1.9218728556724124e-05,0.00018810680997416042,Compara
GO:0071230,cellular response to amino acid stimulus,38,85271,58,293897,2.2581323884621,9.278703667859573e-09,1.795964469557819e-07,Compara
GO:0000082,G1/S transition of mitotic cell cycle,17,85271,26,293897,2.253561270266833,0.00013019406078411841,0.0010660907567122593,Compara
GO:0060071,"Wnt signaling pathway, planar cell polarity pathway",13,85271,20,293897,2.240305027500557,0.00090286865801974,0.005592229564903804,Compara
GO:0045814,"negative regulation of gene expression, epigenetic",13,85271,20,293897,2.240305027500557,0.00090286865801974,0.005592229564903804,Compara
GO:0007276,gamete generation,13,85271,20,293897,2.240305027500557,0.00090286865801974,0.005592229564903804,Compara
GO:0035861,site of double-strand break,13,85271,20,293897,2.240305027500557,0.00090286865801974,0.005592229564903804,Compara
GO:0003690,double-stranded DNA binding,42,85271,65,293897,2.2270487847342815,2.9225556264921967e-09,6.117612973444151e-08,Compara
GO:0031982,vesicle,51,85271,79,293897,2.2250351782381386,6.39750419043039e-11,1.6982210024619396e-09,Compara
GO:0009986,cell surface,254,85271,395,293897,2.216309550088185,9.305144742779677e-48,4.4955015281317173e-45,Compara
GO:0008544,epidermis development,36,85271,56,293897,2.215686290934617,4.7544665411311704e-08,8.122269714820689e-07,Compara
GO:0097729,9+2 motile cilium,18,85271,28,293897,2.215686290934617,0.00011410856437603285,0.0009350089827230154,Compara
GO:0060090,molecular adaptor activity,25,85271,39,293897,2.2093737943792475,5.808521247098671e-06,6.465928075802557e-05,Compara
GO:0005518,collagen binding,16,85271,25,293897,2.2058387963082406,0.00029748424865510073,0.002146364847823361,Compara
GO:0042734,presynaptic membrane,90,85271,141,293897,2.1999722037648675,1.1572437448788325e-17,6.130346469581815e-16,Compara
GO:0072359,circulatory system development,14,85271,22,293897,2.193305621329217,0.0007798625638851234,0.004842766090799239,Compara
GO:0006606,protein import into nucleus,42,85271,66,293897,2.1933056213292166,5.773733752653846e-09,1.1920539532402248e-07,Compara
GO:0097060,synaptic membrane,38,85271,60,293897,2.1828613088466966,3.677401775168165e-08,6.336042602065777e-07,Compara
GO:0030036,actin cytoskeleton organization,69,85271,109,293897,2.1818072956603873,1.2313826562097434e-13,4.610180599971851e-12,Compara
GO:0015629,actin cytoskeleton,53,85271,84,293897,2.1746550633247166,9.77772308558127e-11,2.5451581773200553e-09,Compara
GO:0051117,ATPase binding,17,85271,27,293897,2.170096038034728,0.0002563788320445672,0.0018519997209535182,Compara
GO:0016328,lateral plasma membrane,34,85271,54,293897,2.170096038034728,2.3473820800681087e-07,3.616285811615129e-06,Compara
GO:0046875,ephrin receptor binding,17,85271,27,293897,2.170096038034728,0.0002563788320445672,0.0018519997209535182,Compara
GO:0005385,zinc ion transmembrane transporter activity,17,85271,27,293897,2.170096038034728,0.0002563788320445672,0.0018519997209535182,Compara
GO:0043124,negative regulation of canonical NF-kappaB signal transduction,22,85271,35,293897,2.166448817802736,3.3211973968216995e-05,0.0003188666308331676,Compara
GO:0090398,cellular senescence,20,85271,32,293897,2.1541394495197665,8.521834049783218e-05,0.0007118029851540921,Compara
GO:0048786,presynaptic active zone,25,85271,40,293897,2.1541394495197665,1.1210340576259128e-05,0.00011950440730808274,Compara
GO:0007417,central nervous system development,40,85271,64,293897,2.1541394495197665,2.792682259245181e-08,5.213294640983508e-07,Compara
GO:0007131,reciprocal meiotic recombination,15,85271,24,293897,2.1541394495197665,0.0006665329647334657,0.00414327593826598,Compara
GO:0004175,endopeptidase activity,35,85271,56,293897,2.1541394495197665,2.0384358435066008e-07,3.1727098090042174e-06,Compara
GO:0030178,negative regulation of Wnt signaling pathway,29,85271,47,293897,2.1266397969727056,3.2676623504554637e-06,4.0313407424720214e-05,Compara
GO:0003714,transcription corepressor activity,61,85271,99,293897,2.1236768714457495,1.694916955004716e-11,5.017452691800725e-10,Compara
GO:0014069,postsynaptic density,152,85271,247,293897,2.120998842604078,2.95134861600586e-26,3.494743978835174e-24,Compara
GO:0006898,receptor-mediated endocytosis,24,85271,39,293897,2.120998842604078,2.4429326958148967e-05,0.00023699390441809091,Compara
GO:0071345,cellular response to cytokine stimulus,19,85271,31,293897,2.112446427916158,0.00018615763697815544,0.0013536495721987727,Compara
GO:0003341,cilium movement,19,85271,31,293897,2.112446427916158,0.00018615763697815544,0.0013536495721987727,Compara
GO:0005802,trans-Golgi network,42,85271,69,293897,2.097944507358381,3.837350453734324e-08,6.602210652450594e-07,Compara
GO:0010212,response to ionizing radiation,14,85271,23,293897,2.097944507358381,0.0014615809764751575,0.008683214478045723,Compara
GO:0040029,epigenetic regulation of gene expression,17,85271,28,293897,2.092592608104916,0.00047625106389425796,0.003328796498677574,Compara
GO:0017147,Wnt-protein binding,17,85271,28,293897,2.092592608104916,0.00047625106389425796,0.003328796498677574,Compara
GO:0000151,ubiquitin ligase complex,17,85271,28,293897,2.092592608104916,0.00047625106389425796,0.003328796498677574,Compara
GO:0071333,cellular response to glucose stimulus,46,85271,76,293897,2.086113993219142,1.1293468516016595e-08,2.1616879989928437e-07,Compara
GO:0048018,receptor ligand activity,44,85271,73,293897,2.077416674605364,2.792071963516406e-08,5.213294640983508e-07,Compara
GO:0098794,postsynapse,141,85271,234,293897,2.076811366716493,3.2784547638569843e-23,2.890304864077712e-21,Compara
GO:0006493,protein O-linked glycosylation,18,85271,30,293897,2.067973871538976,0.0003994090176679959,0.002832684741863802,Compara
GO:0007259,cell surface receptor signaling pathway via JAK-STAT,15,85271,25,293897,2.0679738715389755,0.0012201060388380121,0.0073792893024965,Compara
GO:0022625,cytosolic large ribosomal subunit,34,85271,57,293897,2.055880457085532,1.4510404234548217e-06,1.8389996048779995e-05,Compara
GO:0016529,sarcoplasmic reticulum,31,85271,52,293897,2.0547176287727003,4.259667039709127e-06,4.7637276394080405e-05,Compara
GO:0050829,defense response to Gram-negative bacterium,22,85271,37,293897,2.049343476299886,0.0001109754992331805,0.0009099538898427387,Compara
GO:0006006,glucose metabolic process,32,85271,54,293897,2.042443329915038,3.586897046844131e-06,4.336590844022364e-05,Compara
GO:0030971,receptor tyrosine kinase binding,16,85271,27,293897,2.042443329915038,0.0010142681379270084,0.006259899279507501,Compara
GO:0007268,chemical synaptic transmission,55,85271,94,293897,2.016641186784462,2.524616427261959e-09,5.387335195842746e-08,Compara
GO:0071944,cell periphery,42,85271,72,293897,2.0105301528851154,2.0940598840180286e-07,3.2509068482223325e-06,Compara
GO:0007030,Golgi organization,21,85271,36,293897,2.0105301528851154,0.00023088651869877122,0.0016708492347775666,Compara
GO:0045597,positive regulation of cell differentiation,29,85271,50,293897,1.9990414091543431,1.8159964593842497e-05,0.00017788812032800463,Compara
GO:0043123,positive regulation of canonical NF-kappaB signal transduction,52,85271,90,293897,1.9913822466671618,1.2359704508077182e-08,2.3620334026670283e-07,Compara
GO:0030315,T-tubule,26,85271,45,293897,1.9913822466671618,5.350474243205742e-05,0.00045254221225097304,Compara
GO:0007015,actin filament organization,28,85271,49,293897,1.9694989252752149,3.677268934871745e-05,0.000344829613318175,Compara
GO:0005902,microvillus,32,85271,57,293897,1.9349463125510886,1.7154301254698988e-05,0.0001696884934924278,Compara
GO:0000723,telomere maintenance,24,85271,43,293897,1.9236966246874192,0.00021497794066174095,0.0015566568149355557,Compara
GO:0051276,chromosome organization,20,85271,36,293897,1.914790621795348,0.000773387936540726,0.004805030605729881,Compara
GO:0000226,microtubule cytoskeleton organization,35,85271,63,293897,1.9147906217953479,9.612321173749966e-06,0.00010573553291124962,Compara
GO:0046513,ceramide biosynthetic process,21,85271,38,293897,1.9047127764174776,0.0006314374160425705,0.003927137544264761,Compara
GO:0005604,basement membrane,67,85271,122,293897,1.8928176146599915,2.021035086305744e-09,4.5541160023135774e-08,Compara
GO:0003713,transcription coactivator activity,58,85271,106,293897,1.88588812184372,2.8240724400852154e-08,5.247272564978867e-07,Compara
GO:0035591,signaling adaptor activity,19,85271,35,293897,1.871023979011454,0.0015108826631531974,0.008962888411377367,Compara
GO:0001750,photoreceptor outer segment,49,85271,91,293897,1.8558739872785681,6.199082004991486e-07,8.537344635836621e-06,Compara
GO:0043161,proteasome-mediated ubiquitin-dependent protein catabolic process,36,85271,67,293897,1.85191689988565,1.9569833233894637e-05,0.00019138821522184568,Compara
GO:0045892,negative regulation of DNA-templated transcription,196,85271,365,293897,1.8507894010120514,5.491507516125699e-23,4.737601984269013e-21,Compara
GO:0001503,ossification,52,85271,97,293897,1.8476742494849954,3.431825627937406e-07,4.9546357902805055e-06,Compara
GO:0048477,oogenesis,30,85271,56,293897,1.8464052424455142,0.00010134061597319156,0.0008452983147266628,Compara
GO:0030425,dendrite,252,85271,473,293897,1.8362558690198094,2.18974487670963e-28,3.075318444290571e-26,Compara
GO:0001917,photoreceptor inner segment,41,85271,77,293897,1.835214907642814,7.184025857083312e-06,7.989748094093208e-05,Compara
GO:0031625,ubiquitin protein ligase binding,43,85271,82,293897,1.8073755381336576,7.28100149544574e-06,8.090150511682948e-05,Compara
GO:0043197,dendritic spine,68,85271,130,293897,1.802849016213466,2.1861924534034434e-08,4.1065058246044773e-07,Compara
GO:0030424,axon,208,85271,398,293897,1.801250273367282,2.237873273727499e-22,1.851303657539776e-20,Compara
GO:0000209,protein polyubiquitination,35,85271,67,293897,1.8004747637777152,5.5504258329032295e-05,0.0004691255647991967,Compara
GO:0003697,single-stranded DNA binding,24,85271,46,293897,1.7982381491643267,0.0008110954810869649,0.0050341270403742875,Compara
GO:0007160,cell-matrix adhesion,27,85271,52,293897,1.7895927734471906,0.00043288612359341827,0.003068309038005461,Compara
GO:0008013,beta-catenin binding,24,85271,47,293897,1.7599777630118942,0.0012044463286421986,0.007288227834338915,Compara
GO:0007338,single fertilization,53,85271,104,293897,1.7564521665315018,2.10537220368158e-06,2.6134311897293038e-05,Compara
GO:0007605,sensory perception of sound,82,85271,161,293897,1.7554229551366047,4.300418330093512e-09,8.924476390183753e-08,Compara
GO:0030426,growth cone,70,85271,138,293897,1.7482870894653175,6.872085767735915e-08,1.1527923875376997e-06,Compara
GO:0042383,sarcolemma,66,85271,131,293897,1.7364666096892163,2.2151782608698127e-07,3.4169761219394122e-06,Compara
GO:0005615,extracellular space,389,85271,776,293897,1.727753084253998,3.4770094560595754e-35,7.499164323265634e-33,Compara
GO:0030018,Z disc,62,85271,124,293897,1.723311559615813,7.108485099811075e-07,9.723248361893336e-06,Compara
GO:0030672,synaptic vesicle membrane,72,85271,145,293897,1.7114266523081179,1.3535905561555129e-07,2.1287326480789434e-06,Compara
GO:0098793,presynapse,123,85271,249,293897,1.7025487697409238,1.0494965609241077e-11,3.1298319661336724e-10,Compara
GO:0001669,acrosomal vesicle,76,85271,154,293897,1.700930890010413,8.581778975736752e-08,1.437596761011768e-06,Compara
GO:0005901,caveola,33,85271,67,293897,1.6975904915618456,0.0003770204315031969,0.0026770445453824883,Compara
GO:0043005,neuron projection,109,85271,223,293897,1.6846722869786874,3.302862628407211e-10,7.99438373264575e-09,Compara
GO:0045335,phagocytic vesicle,41,85271,84,293897,1.6822803320059128,0.00010174040501200935,0.0008480473510938916,Compara
GO:0015630,microtubule cytoskeleton,43,85271,89,293897,1.6652224059208982,9.415159032933407e-05,0.0007858762322029695,Compara
GO:0008360,regulation of cell shape,38,85271,79,293897,1.657869348491162,0.00026213702016086957,0.0018924631975510953,Compara
GO:0007219,Notch signaling pathway,74,85271,154,293897,1.6561695507996126,4.807514122309248e-07,6.666493176722286e-06,Compara
GO:0045893,positive regulation of DNA-templated transcription,253,85271,535,293897,1.6298984096553297,3.499718770825958e-19,2.2725593179589202e-17,Compara
GO:0010629,negative regulation of gene expression,119,85271,255,293897,1.6084241223080922,1.9207648277182257e-09,4.336261231622566e-08,Compara
GO:0003729,mRNA binding,47,85271,102,293897,1.588149868665553,0.0001930801412203638,0.0013997730766263827,Compara
GO:0007283,spermatogenesis,272,85271,593,293897,1.5809131339477274,2.8110977652810642e-18,1.6122452970911199e-16,Compara
GO:0051015,actin filament binding,48,85271,105,293897,1.5755991402201721,0.00020987981486616394,0.0015206529117897589,Compara
GO:0005102,signaling receptor binding,86,85271,190,293897,1.560050464494315,1.4970081688652755e-06,1.8952688326577357e-05,Compara
GO:0045211,postsynaptic membrane,120,85271,270,293897,1.5318324974362783,5.301392795786432e-08,8.993008734200634e-07,Compara
GO:0045202,synapse,318,85271,727,293897,1.5076013093750442,2.29181554108235e-17,1.172904580728501e-15,Compara
GO:0043565,sequence-specific DNA binding,216,85271,494,293897,1.507025493429213,2.6360878088004564e-12,8.356605919866644e-11,Compara
GO:0006511,ubiquitin-dependent protein catabolic process,54,85271,125,293897,1.4889411875080625,0.0005080292506614573,0.0035243982133768416,Compara
GO:0016323,basolateral plasma membrane,120,85271,282,293897,1.466648135843245,8.744355566528835e-07,1.1947322005942904e-05,Compara
GO:0031267,small GTPase binding,62,85271,146,293897,1.4636344752901427,0.00036138266747633857,0.0025675175633995398,Compara
GO:0030900,forebrain development,61,85271,150,293897,1.4016267351541947,0.0014804786733129374,0.0087911609716193,Compara
GO:0016324,apical plasma membrane,189,85271,469,293897,1.3889376749142375,1.1022800212997238e-07,1.7357676789123943e-06,Compara
GO:0001525,angiogenesis,93,85271,245,293897,1.3083100003613928,0.0015927518702441167,0.009443916096616808,Compara
GO:0005783,endoplasmic reticulum,252,85271,739,293897,1.1753031475593638,0.001494575143519804,0.008870505446404026,Compara
