evidence_type,supporting_references,go_term,go_term_label,association_count,method_name
IEA,GO_REF:0000002,GO:0005509,calcium ion binding,299,InterPro2GO
IEA,GO_REF:0000002,GO:0016503,pheromone receptor activity,130,InterPro2GO
IEA,GO_REF:0000002,GO:0008270,zinc ion binding,123,InterPro2GO
IEA,GO_REF:0000002,GO:0005506,iron ion binding,120,InterPro2GO
IEA,GO_REF:0000002,GO:0007165,signal transduction,115,InterPro2GO
IEA,GO_REF:0000002,GO:0016887,ATP hydrolysis activity,108,InterPro2GO
IEA,GO_REF:0000002,GO:0003676,nucleic acid binding,108,InterPro2GO
IEA,GO_REF:0000002,GO:0046983,protein dimerization activity,103,InterPro2GO
IEA,GO_REF:0000002,GO:0035556,intracellular signal transduction,92,InterPro2GO
IEA,GO_REF:0000002,GO:0046982,protein heterodimerization activity,84,InterPro2GO
IEA,GO_REF:0000002,GO:0007156,homophilic cell adhesion via plasma membrane adhesion molecules,83,InterPro2GO
IEA,GO_REF:0000002,GO:0003677,DNA binding,70,InterPro2GO
IEA,GO_REF:0000002,GO:0005198,structural molecule activity,68,InterPro2GO
IEA,GO_REF:0000002,GO:0005975,carbohydrate metabolic process,64,InterPro2GO
IEA,GO_REF:0000002,GO:0006355,regulation of DNA-templated transcription,64,InterPro2GO
IEA,GO_REF:0000002,GO:0006886,intracellular protein transport,63,InterPro2GO
IEA,GO_REF:0000002,GO:0045095,keratin filament,59,InterPro2GO
IEA,GO_REF:0000002,GO:0043066,negative regulation of apoptotic process,58,InterPro2GO
IEA,GO_REF:0000002,GO:0020037,heme binding,56,InterPro2GO
IEA,GO_REF:0000002,GO:0045892,negative regulation of DNA-templated transcription,55,InterPro2GO
IEA,GO_REF:0000002,GO:0005524,ATP binding,55,InterPro2GO
IEA,GO_REF:0000002,GO:0000287,magnesium ion binding,54,InterPro2GO
IEA,GO_REF:0000002,GO:0045596,negative regulation of cell differentiation,53,InterPro2GO
IEA,GO_REF:0000002,GO:0008284,positive regulation of cell population proliferation,53,InterPro2GO
IEA,GO_REF:0000002,GO:0051260,protein homooligomerization,52,InterPro2GO
IEA,GO_REF:0000002,GO:0007276,gamete generation,47,InterPro2GO
IEA,GO_REF:0000002,GO:0007166,cell surface receptor signaling pathway,43,InterPro2GO
IEA,GO_REF:0000002,GO:0031267,small GTPase binding,42,InterPro2GO
IEA,GO_REF:0000002,GO:0003723,RNA binding,42,InterPro2GO
IEA,GO_REF:0000002,GO:0003924,GTPase activity,38,InterPro2GO
IEA,GO_REF:0000002,GO:0016020,membrane,37,InterPro2GO
IEA,GO_REF:0000002,GO:0036094,small molecule binding,36,InterPro2GO
IEA,GO_REF:0000002,GO:0006955,immune response,33,InterPro2GO
IEA,GO_REF:0000002,GO:0007264,small GTPase-mediated signal transduction,31,InterPro2GO
IEA,GO_REF:0000002,GO:0035091,phosphatidylinositol binding,30,InterPro2GO
IEA,GO_REF:0000002,GO:0005615,extracellular space,30,InterPro2GO
IEA,GO_REF:0000002,GO:0140662,ATP-dependent protein folding chaperone,28,InterPro2GO
IEA,GO_REF:0000002,GO:0004252,serine-type endopeptidase activity,28,InterPro2GO
IEA,GO_REF:0000002,GO:0050660,flavin adenine dinucleotide binding,26,InterPro2GO
IEA,GO_REF:0000002,GO:0007281,germ cell development,26,InterPro2GO
IEA,GO_REF:0000002,GO:0030170,pyridoxal phosphate binding,26,InterPro2GO
IEA,GO_REF:0000002,GO:0051287,NAD binding,24,InterPro2GO
IEA,GO_REF:0000002,GO:0006334,nucleosome assembly,23,InterPro2GO
IEA,GO_REF:0000002,GO:0006351,DNA-templated transcription,22,InterPro2GO
IEA,GO_REF:0000002,GO:0031012,extracellular matrix,21,InterPro2GO
IEA,GO_REF:0000002,GO:0140359,ABC-type transporter activity,20,InterPro2GO
IEA,GO_REF:0000002,GO:0006508,proteolysis,20,InterPro2GO
IEA,GO_REF:0000002,GO:0008289,lipid binding,20,InterPro2GO
IEA,GO_REF:0000002,GO:0016192,vesicle-mediated transport,19,InterPro2GO
IEA,GO_REF:0000002,GO:0042981,regulation of apoptotic process,18,InterPro2GO
IEA,GO_REF:0000002,GO:0004672,protein kinase activity,18,InterPro2GO
IEA,GO_REF:0000002,GO:0055085,transmembrane transport,18,InterPro2GO
IEA,GO_REF:0000002,GO:0042157,lipoprotein metabolic process,17,InterPro2GO
IEA,GO_REF:0000002,GO:0022857,transmembrane transporter activity,16,InterPro2GO
IEA,GO_REF:0000002,GO:0005164,tumor necrosis factor receptor binding,16,InterPro2GO
IEA,GO_REF:0000002,GO:0050661,NADP binding,16,InterPro2GO
IEA,GO_REF:0000002,GO:0030246,carbohydrate binding,15,InterPro2GO
IEA,GO_REF:0000002,GO:0007155,cell adhesion,15,InterPro2GO
IEA,GO_REF:0000002,GO:0140664,ATP-dependent DNA damage sensor activity,15,InterPro2GO
IEA,GO_REF:0000002,GO:0071949,FAD binding,15,InterPro2GO
IEA,GO_REF:0000002,GO:0005576,extracellular region,15,InterPro2GO
IEA,GO_REF:0000002,GO:0003735,structural constituent of ribosome,14,InterPro2GO
IEA,GO_REF:0000002,GO:0043130,ubiquitin binding,14,InterPro2GO
IEA,GO_REF:0000002,GO:0032012,regulation of ARF protein signal transduction,14,InterPro2GO
IEA,GO_REF:0000002,GO:0000786,nucleosome,14,InterPro2GO
IEA,GO_REF:0000002,GO:0000166,nucleotide binding,14,InterPro2GO
IEA,GO_REF:0000002,GO:0005249,voltage-gated potassium channel activity,14,InterPro2GO
IEA,GO_REF:0000002,GO:0008017,microtubule binding,14,InterPro2GO
IEA,GO_REF:0000002,GO:0006869,lipid transport,14,InterPro2GO
IEA,GO_REF:0000002,GO:0046914,transition metal ion binding,13,InterPro2GO
IEA,GO_REF:0000002,GO:0045087,innate immune response,13,InterPro2GO
IEA,GO_REF:0000002,GO:0016579,protein deubiquitination,13,InterPro2GO
IEA,GO_REF:0000002,GO:0003779,actin binding,13,InterPro2GO
IEA,GO_REF:0000002,GO:0050482,arachidonate secretion,12,InterPro2GO
IEA,GO_REF:0000002,GO:0051056,regulation of small GTPase mediated signal transduction,12,InterPro2GO
IEA,GO_REF:0000002,GO:0038023,signaling receptor activity,12,InterPro2GO
IEA,GO_REF:0000002,GO:0032482,Rab protein signal transduction,12,InterPro2GO
IEA,GO_REF:0000002,GO:0006457,protein folding,12,InterPro2GO
IEA,GO_REF:0000002,GO:0046872,metal ion binding,12,InterPro2GO
IEA,GO_REF:0000002,GO:0006979,response to oxidative stress,11,InterPro2GO
IEA,GO_REF:0000002,GO:0030145,manganese ion binding,11,InterPro2GO
IEA,GO_REF:0000002,GO:0016705,"oxidoreductase activity, acting on paired donors, with incorporation or reduction of molecular oxygen",11,InterPro2GO
IEA,GO_REF:0000002,GO:0007596,blood coagulation,11,InterPro2GO
IEA,GO_REF:0000002,GO:0005737,cytoplasm,11,InterPro2GO
IEA,GO_REF:0000002,GO:0051082,unfolded protein binding,11,InterPro2GO
IEA,GO_REF:0000002,GO:0003684,damaged DNA binding,11,InterPro2GO
IEA,GO_REF:0000002,GO:0005543,phospholipid binding,11,InterPro2GO
IEA,GO_REF:0000002,GO:0000981,"DNA-binding transcription factor activity, RNA polymerase II-specific",10,InterPro2GO
IEA,GO_REF:0000002,GO:0008092,cytoskeletal protein binding,10,InterPro2GO
IEA,GO_REF:0000002,GO:0006826,iron ion transport,10,InterPro2GO
IEA,GO_REF:0000002,GO:0006364,rRNA processing,10,InterPro2GO
IEA,GO_REF:0000002,GO:0005507,copper ion binding,10,InterPro2GO
IEA,GO_REF:0000002,GO:0007200,phospholipase C-activating G protein-coupled receptor signaling pathway,10,InterPro2GO
IEA,GO_REF:0000002,GO:0004888,transmembrane signaling receptor activity,10,InterPro2GO
IEA,GO_REF:0000002,GO:0005096,GTPase activator activity,9,InterPro2GO
IEA,GO_REF:0000002,GO:0019825,oxygen binding,9,InterPro2GO
IEA,GO_REF:0000002,GO:0005886,plasma membrane,9,InterPro2GO
IEA,GO_REF:0000002,GO:0003682,chromatin binding,9,InterPro2GO
IEA,GO_REF:0000002,GO:0003712,transcription coregulator activity,9,InterPro2GO
IEA,GO_REF:0000002,GO:0030527,structural constituent of chromatin,8,InterPro2GO
IEA,GO_REF:0000002,GO:0006123,"mitochondrial electron transport, cytochrome c to oxygen",8,InterPro2GO
IEA,GO_REF:0000002,GO:0016051,carbohydrate biosynthetic process,8,InterPro2GO
IEA,GO_REF:0000002,GO:0006397,mRNA processing,8,InterPro2GO
IEA,GO_REF:0000002,GO:0006228,UTP biosynthetic process,8,InterPro2GO
IEA,GO_REF:0000002,GO:0043565,sequence-specific DNA binding,8,InterPro2GO
IEA,GO_REF:0000002,GO:0006241,CTP biosynthetic process,8,InterPro2GO
IEA,GO_REF:0000002,GO:0036297,interstrand cross-link repair,8,InterPro2GO
IEA,GO_REF:0000002,GO:0048038,quinone binding,7,InterPro2GO
IEA,GO_REF:0000002,GO:0006357,regulation of transcription by RNA polymerase II,7,InterPro2GO
IEA,GO_REF:0000002,GO:0052689,carboxylic ester hydrolase activity,7,InterPro2GO
IEA,GO_REF:0000002,GO:0004222,metalloendopeptidase activity,7,InterPro2GO
IEA,GO_REF:0000002,GO:0005102,signaling receptor binding,7,InterPro2GO
IEA,GO_REF:0000002,GO:0009966,regulation of signal transduction,7,InterPro2GO
IEA,GO_REF:0000002,GO:0008277,regulation of G protein-coupled receptor signaling pathway,7,InterPro2GO
IEA,GO_REF:0000002,GO:0006511,ubiquitin-dependent protein catabolic process,7,InterPro2GO
IEA,GO_REF:0000002,GO:0005044,scavenger receptor activity,7,InterPro2GO
IEA,GO_REF:0000002,GO:0045893,positive regulation of DNA-templated transcription,7,InterPro2GO
IEA,GO_REF:0000002,GO:0051262,protein tetramerization,7,InterPro2GO
IEA,GO_REF:0000002,GO:0006396,RNA processing,7,InterPro2GO
IEA,GO_REF:0000002,GO:0030544,Hsp70 protein binding,7,InterPro2GO
IEA,GO_REF:0000002,GO:0046961,"proton-transporting ATPase activity, rotational mechanism",6,InterPro2GO
IEA,GO_REF:0000002,GO:0007015,actin filament organization,6,InterPro2GO
IEA,GO_REF:0000002,GO:0030833,regulation of actin filament polymerization,6,InterPro2GO
IEA,GO_REF:0000002,GO:0004866,endopeptidase inhibitor activity,6,InterPro2GO
IEA,GO_REF:0000002,GO:0007154,cell communication,6,InterPro2GO
IEA,GO_REF:0000002,GO:0000049,tRNA binding,6,InterPro2GO
IEA,GO_REF:0000002,GO:0051087,protein-folding chaperone binding,6,InterPro2GO
IEA,GO_REF:0000002,GO:0003755,peptidyl-prolyl cis-trans isomerase activity,6,InterPro2GO
IEA,GO_REF:0000002,GO:0008061,chitin binding,6,InterPro2GO
IEA,GO_REF:0000002,GO:0051694,pointed-end actin filament capping,6,InterPro2GO
IEA,GO_REF:0000002,GO:0004983,neuropeptide Y receptor activity,6,InterPro2GO
IEA,GO_REF:0000002,GO:0043022,ribosome binding,6,InterPro2GO
IEA,GO_REF:0000002,GO:0005634,nucleus,6,InterPro2GO
IEA,GO_REF:0000002,GO:0016042,lipid catabolic process,6,InterPro2GO
IEA,GO_REF:0000002,GO:0005085,guanyl-nucleotide exchange factor activity,6,InterPro2GO
IEA,GO_REF:0000002,GO:0008047,enzyme activator activity,6,InterPro2GO
IEA,GO_REF:0000002,GO:0002161,aminoacyl-tRNA deacylase activity,6,InterPro2GO
IEA,GO_REF:0000002,GO:0051015,actin filament binding,6,InterPro2GO
IEA,GO_REF:0000002,GO:0019904,protein domain specific binding,6,InterPro2GO
IEA,GO_REF:0000002,GO:0019229,regulation of vasoconstriction,6,InterPro2GO
IEA,GO_REF:0000002,GO:0006183,GTP biosynthetic process,6,InterPro2GO
IEA,GO_REF:0000002,GO:0006366,transcription by RNA polymerase II,6,InterPro2GO
IEA,GO_REF:0000002,GO:0016491,oxidoreductase activity,6,InterPro2GO
IEA,GO_REF:0000002,GO:0007018,microtubule-based movement,6,InterPro2GO
IEA,GO_REF:0000002,GO:0006120,"mitochondrial electron transport, NADH to ubiquinone",6,InterPro2GO
IEA,GO_REF:0000002,GO:0005525,GTP binding,6,InterPro2GO
IEA,GO_REF:0000002,GO:0015095,magnesium ion transmembrane transporter activity,6,InterPro2GO
IEA,GO_REF:0000002,GO:0007601,visual perception,6,InterPro2GO
IEA,GO_REF:0000002,GO:0009253,peptidoglycan catabolic process,6,InterPro2GO
IEA,GO_REF:0000002,GO:0003707,nuclear steroid receptor activity,6,InterPro2GO
IEA,GO_REF:0000002,GO:0006629,lipid metabolic process,5,InterPro2GO
IEA,GO_REF:0000002,GO:0042803,protein homodimerization activity,5,InterPro2GO
IEA,GO_REF:0000002,GO:0030334,regulation of cell migration,5,InterPro2GO
IEA,GO_REF:0000002,GO:0005126,cytokine receptor binding,5,InterPro2GO
IEA,GO_REF:0000002,GO:0031492,nucleosomal DNA binding,5,InterPro2GO
IEA,GO_REF:0000002,GO:0031625,ubiquitin protein ligase binding,5,InterPro2GO
IEA,GO_REF:0000002,GO:0030247,polysaccharide binding,5,InterPro2GO
IEA,GO_REF:0000002,GO:0007009,plasma membrane organization,5,InterPro2GO
IEA,GO_REF:0000002,GO:0043027,cysteine-type endopeptidase inhibitor activity involved in apoptotic process,5,InterPro2GO
IEA,GO_REF:0000002,GO:0046854,phosphatidylinositol phosphate biosynthetic process,5,InterPro2GO
IEA,GO_REF:0000002,GO:0035023,regulation of Rho protein signal transduction,5,InterPro2GO
IEA,GO_REF:0000002,GO:0006412,translation,5,InterPro2GO
IEA,GO_REF:0000002,GO:0008271,secondary active sulfate transmembrane transporter activity,5,InterPro2GO
IEA,GO_REF:0000002,GO:0008236,serine-type peptidase activity,5,InterPro2GO
IEA,GO_REF:0000002,GO:0000785,chromatin,5,InterPro2GO
IEA,GO_REF:0000002,GO:1990904,ribonucleoprotein complex,5,InterPro2GO
IEA,GO_REF:0000002,GO:0030234,enzyme regulator activity,5,InterPro2GO
IEA,GO_REF:0000002,GO:0070006,metalloaminopeptidase activity,5,InterPro2GO
IEA,GO_REF:0000002,GO:0050776,regulation of immune response,5,InterPro2GO
IEA,GO_REF:0000002,GO:0015031,protein transport,5,InterPro2GO
IEA,GO_REF:0000002,GO:0016788,"hydrolase activity, acting on ester bonds",5,InterPro2GO
IEA,GO_REF:0000002,GO:0051289,protein homotetramerization,5,InterPro2GO
IEA,GO_REF:0000002,GO:0006281,DNA repair,5,InterPro2GO
IEA,GO_REF:0000002,GO:0019901,protein kinase binding,5,InterPro2GO
IEA,GO_REF:0000002,GO:0015075,monoatomic ion transmembrane transporter activity,5,InterPro2GO
IEA,GO_REF:0000002,GO:0005200,structural constituent of cytoskeleton,5,InterPro2GO
IEA,GO_REF:0000002,GO:0045995,regulation of embryonic development,5,InterPro2GO
IEA,GO_REF:0000002,GO:0003700,DNA-binding transcription factor activity,5,InterPro2GO
IEA,GO_REF:0000002,GO:0019843,rRNA binding,5,InterPro2GO
IEA,GO_REF:0000002,GO:0030036,actin cytoskeleton organization,5,InterPro2GO
IEA,GO_REF:0000002,GO:0045292,"mRNA cis splicing, via spliceosome",5,InterPro2GO
IEA,GO_REF:0000002,GO:0019905,syntaxin binding,5,InterPro2GO
IEA,GO_REF:0000002,GO:0070403,NAD+ binding,5,InterPro2GO
IEA,GO_REF:0000002,GO:0030212,hyaluronan metabolic process,5,InterPro2GO
IEA,GO_REF:0000002,GO:0000139,Golgi membrane,5,InterPro2GO
IEA,GO_REF:0000002,GO:0017017,MAP kinase tyrosine/serine/threonine phosphatase activity,4,InterPro2GO
IEA,GO_REF:0000002,GO:0007160,cell-matrix adhesion,4,InterPro2GO
IEA,GO_REF:0000002,GO:0033209,tumor necrosis factor-mediated signaling pathway,4,InterPro2GO
IEA,GO_REF:0000002,GO:0030500,regulation of bone mineralization,4,InterPro2GO
IEA,GO_REF:0000002,GO:0000209,protein polyubiquitination,4,InterPro2GO
IEA,GO_REF:0000002,GO:0031032,actomyosin structure organization,4,InterPro2GO
IEA,GO_REF:0000002,GO:0001733,galactosylceramide sulfotransferase activity,4,InterPro2GO
IEA,GO_REF:0000002,GO:0004553,"hydrolase activity, hydrolyzing O-glycosyl compounds",4,InterPro2GO
IEA,GO_REF:0000002,GO:0030866,cortical actin cytoskeleton organization,4,InterPro2GO
IEA,GO_REF:0000002,GO:0045010,actin nucleation,4,InterPro2GO
IEA,GO_REF:0000002,GO:0030155,regulation of cell adhesion,4,InterPro2GO
IEA,GO_REF:0000002,GO:0046856,phosphatidylinositol dephosphorylation,4,InterPro2GO
IEA,GO_REF:0000002,GO:0005452,solute:inorganic anion antiporter activity,4,InterPro2GO
IEA,GO_REF:0000002,GO:0006414,translational elongation,4,InterPro2GO
IEA,GO_REF:0000002,GO:0007586,digestion,4,InterPro2GO
IEA,GO_REF:0000002,GO:0035615,clathrin adaptor activity,4,InterPro2GO
IEA,GO_REF:0000002,GO:0051726,regulation of cell cycle,4,InterPro2GO
IEA,GO_REF:0000002,GO:0015026,coreceptor activity,4,InterPro2GO
IEA,GO_REF:0000002,GO:0042393,histone binding,4,InterPro2GO
IEA,GO_REF:0000002,GO:0043248,proteasome assembly,4,InterPro2GO
IEA,GO_REF:0000002,GO:0009247,glycolipid biosynthetic process,4,InterPro2GO
IEA,GO_REF:0000002,GO:0006013,mannose metabolic process,4,InterPro2GO
IEA,GO_REF:0000002,GO:0007010,cytoskeleton organization,4,InterPro2GO
IEA,GO_REF:0000002,GO:0150077,regulation of neuroinflammatory response,4,InterPro2GO
IEA,GO_REF:0000002,GO:0034453,microtubule anchoring,4,InterPro2GO
IEA,GO_REF:0000002,GO:0006623,protein targeting to vacuole,4,InterPro2GO
IEA,GO_REF:0000002,GO:0046580,negative regulation of Ras protein signal transduction,4,InterPro2GO
IEA,GO_REF:0000002,GO:0004984,olfactory receptor activity,4,InterPro2GO
IEA,GO_REF:0000002,GO:0000922,spindle pole,4,InterPro2GO
IEA,GO_REF:0000002,GO:0042310,vasoconstriction,4,InterPro2GO
IEA,GO_REF:0000002,GO:0023052,signaling,4,InterPro2GO
IEA,GO_REF:0000002,GO:0008083,growth factor activity,4,InterPro2GO
IEA,GO_REF:0000002,GO:0003714,transcription corepressor activity,4,InterPro2GO
IEA,GO_REF:0000002,GO:0005149,interleukin-1 receptor binding,4,InterPro2GO
IEA,GO_REF:0000002,GO:0006000,fructose metabolic process,4,InterPro2GO
IEA,GO_REF:0000002,GO:0030168,platelet activation,4,InterPro2GO
IEA,GO_REF:0000002,GO:0030198,extracellular matrix organization,4,InterPro2GO
IEA,GO_REF:0000002,GO:0030983,mismatched DNA binding,4,InterPro2GO
IEA,GO_REF:0000002,GO:0019752,carboxylic acid metabolic process,4,InterPro2GO
IEA,GO_REF:0000002,GO:0070974,POU domain binding,4,InterPro2GO
IEA,GO_REF:0000002,GO:0004197,cysteine-type endopeptidase activity,4,InterPro2GO
IEA,GO_REF:0000002,GO:0006954,inflammatory response,4,InterPro2GO
IEA,GO_REF:0000002,GO:0140663,ATP-dependent FeS chaperone activity,3,InterPro2GO
IEA,GO_REF:0000002,GO:0140911,pore-forming activity,3,InterPro2GO
IEA,GO_REF:0000002,GO:0006207,'de novo' pyrimidine nucleobase biosynthetic process,3,InterPro2GO
IEA,GO_REF:0000002,GO:0030674,protein-macromolecule adaptor activity,3,InterPro2GO
IEA,GO_REF:0000002,GO:0061817,endoplasmic reticulum-plasma membrane tethering,3,InterPro2GO
IEA,GO_REF:0000002,GO:0016540,protein autoprocessing,3,InterPro2GO
IEA,GO_REF:0000002,GO:0030688,"preribosome, small subunit precursor",3,InterPro2GO
IEA,GO_REF:0000002,GO:1901031,regulation of response to reactive oxygen species,3,InterPro2GO
IEA,GO_REF:0000002,GO:0070008,serine-type exopeptidase activity,3,InterPro2GO
IEA,GO_REF:0000002,GO:0070493,thrombin-activated receptor signaling pathway,3,InterPro2GO
IEA,GO_REF:0000002,GO:0031072,heat shock protein binding,3,InterPro2GO
IEA,GO_REF:0000002,GO:0030971,receptor tyrosine kinase binding,3,InterPro2GO
IEA,GO_REF:0000002,GO:0031424,keratinization,3,InterPro2GO
IEA,GO_REF:0000002,GO:0006644,phospholipid metabolic process,3,InterPro2GO
IEA,GO_REF:0000002,GO:0008237,metallopeptidase activity,3,InterPro2GO
IEA,GO_REF:0000002,GO:0010387,COP9 signalosome assembly,3,InterPro2GO
IEA,GO_REF:0000002,GO:0005520,insulin-like growth factor binding,3,InterPro2GO
IEA,GO_REF:0000002,GO:0005125,cytokine activity,3,InterPro2GO
IEA,GO_REF:0000002,GO:0006888,endoplasmic reticulum to Golgi vesicle-mediated transport,3,InterPro2GO
IEA,GO_REF:0000002,GO:0008360,regulation of cell shape,3,InterPro2GO
IEA,GO_REF:0000002,GO:0007186,G protein-coupled receptor signaling pathway,3,InterPro2GO
IEA,GO_REF:0000002,GO:0038036,sphingosine-1-phosphate receptor activity,3,InterPro2GO
IEA,GO_REF:0000002,GO:0000062,fatty-acyl-CoA binding,3,InterPro2GO
IEA,GO_REF:0000002,GO:0008537,proteasome activator complex,3,InterPro2GO
IEA,GO_REF:0000002,GO:0004908,interleukin-1 receptor activity,3,InterPro2GO
IEA,GO_REF:0000002,GO:0003697,single-stranded DNA binding,3,InterPro2GO
IEA,GO_REF:0000002,GO:0006616,"SRP-dependent cotranslational protein targeting to membrane, translocation",3,InterPro2GO
IEA,GO_REF:0000002,GO:0005540,hyaluronic acid binding,3,InterPro2GO
IEA,GO_REF:0000002,GO:0097367,carbohydrate derivative binding,3,InterPro2GO
IEA,GO_REF:0000002,GO:0016787,hydrolase activity,3,InterPro2GO
IEA,GO_REF:0000002,GO:0042176,regulation of protein catabolic process,3,InterPro2GO
IEA,GO_REF:0000002,GO:0070573,metallodipeptidase activity,3,InterPro2GO
IEA,GO_REF:0000002,GO:0032549,ribonucleoside binding,3,InterPro2GO
IEA,GO_REF:0000002,GO:0034080,CENP-A containing chromatin assembly,3,InterPro2GO
IEA,GO_REF:0000002,GO:0031179,peptide modification,3,InterPro2GO
IEA,GO_REF:0000002,GO:0016805,dipeptidase activity,3,InterPro2GO
IEA,GO_REF:0000002,GO:0016500,protein-hormone receptor activity,3,InterPro2GO
IEA,GO_REF:0000002,GO:1901981,phosphatidylinositol phosphate binding,3,InterPro2GO
IEA,GO_REF:0000002,GO:0043015,gamma-tubulin binding,3,InterPro2GO
IEA,GO_REF:0000002,GO:0004726,non-membrane spanning protein tyrosine phosphatase activity,3,InterPro2GO
IEA,GO_REF:0000002,GO:0008013,beta-catenin binding,3,InterPro2GO
IEA,GO_REF:0000002,GO:0005891,voltage-gated calcium channel complex,3,InterPro2GO
IEA,GO_REF:0000002,GO:0008509,monoatomic anion transmembrane transporter activity,3,InterPro2GO
IEA,GO_REF:0000002,GO:0043031,negative regulation of macrophage activation,3,InterPro2GO
IEA,GO_REF:0000002,GO:0009755,hormone-mediated signaling pathway,3,InterPro2GO
IEA,GO_REF:0000002,GO:0033177,"proton-transporting two-sector ATPase complex, proton-transporting domain",3,InterPro2GO
IEA,GO_REF:0000002,GO:0016567,protein ubiquitination,3,InterPro2GO
IEA,GO_REF:0000002,GO:0007052,mitotic spindle organization,3,InterPro2GO
IEA,GO_REF:0000002,GO:0001558,regulation of cell growth,3,InterPro2GO
IEA,GO_REF:0000002,GO:0019900,kinase binding,3,InterPro2GO
IEA,GO_REF:0000002,GO:0000220,"vacuolar proton-transporting V-type ATPase, V0 domain",3,InterPro2GO
IEA,GO_REF:0000002,GO:0001784,phosphotyrosine residue binding,3,InterPro2GO
IEA,GO_REF:0000002,GO:0045211,postsynaptic membrane,3,InterPro2GO
IEA,GO_REF:0000002,GO:0002682,regulation of immune system process,3,InterPro2GO
IEA,GO_REF:0000002,GO:0004176,ATP-dependent peptidase activity,3,InterPro2GO
IEA,GO_REF:0000002,GO:0016459,myosin complex,3,InterPro2GO
IEA,GO_REF:0000002,GO:0004843,cysteine-type deubiquitinase activity,3,InterPro2GO
IEA,GO_REF:0000002,GO:0099122,RNA polymerase II C-terminal domain binding,3,InterPro2GO
IEA,GO_REF:0000002,GO:0004842,ubiquitin-protein transferase activity,3,InterPro2GO
IEA,GO_REF:0000002,GO:0010506,regulation of autophagy,3,InterPro2GO
IEA,GO_REF:0000002,GO:0015057,thrombin-activated receptor activity,3,InterPro2GO
IEA,GO_REF:0000002,GO:0002098,tRNA wobble uridine modification,3,InterPro2GO
IEA,GO_REF:0000002,GO:0019902,phosphatase binding,3,InterPro2GO
IEA,GO_REF:0000002,GO:0030132,clathrin coat of coated pit,3,InterPro2GO
IEA,GO_REF:0000002,GO:0051382,kinetochore assembly,3,InterPro2GO
IEA,GO_REF:0000002,GO:0007267,cell-cell signaling,3,InterPro2GO
IEA,GO_REF:0000002,GO:0005856,cytoskeleton,3,InterPro2GO
IEA,GO_REF:0000002,GO:0032571,response to vitamin K,3,InterPro2GO
IEA,GO_REF:0000002,GO:0033179,"proton-transporting V-type ATPase, V0 domain",3,InterPro2GO
IEA,GO_REF:0000002,GO:0030976,thiamine pyrophosphate binding,3,InterPro2GO
IEA,GO_REF:0000002,GO:0030955,potassium ion binding,3,InterPro2GO
IEA,GO_REF:0000002,GO:0071108,protein K48-linked deubiquitination,3,InterPro2GO
IEA,GO_REF:0000002,GO:0016539,intein-mediated protein splicing,3,InterPro2GO
IEA,GO_REF:0000002,GO:0006352,DNA-templated transcription initiation,3,InterPro2GO
IEA,GO_REF:0000002,GO:0033038,bitter taste receptor activity,3,InterPro2GO
IEA,GO_REF:0000002,GO:0007517,muscle organ development,3,InterPro2GO
IEA,GO_REF:0000002,GO:0003824,catalytic activity,3,InterPro2GO
IEA,GO_REF:0000002,GO:0005227,calcium-activated cation channel activity,3,InterPro2GO
IEA,GO_REF:0000002,GO:0005516,calmodulin binding,3,InterPro2GO
IEA,GO_REF:0000002,GO:0006368,transcription elongation by RNA polymerase II,3,InterPro2GO
IEA,GO_REF:0000002,GO:0006915,apoptotic process,3,InterPro2GO
IEA,GO_REF:0000002,GO:0008643,carbohydrate transport,3,InterPro2GO
IEA,GO_REF:0000002,GO:1900076,regulation of cellular response to insulin stimulus,3,InterPro2GO
IEA,GO_REF:0000002,GO:0008380,RNA splicing,3,InterPro2GO
IEA,GO_REF:0000002,GO:0045666,positive regulation of neuron differentiation,3,InterPro2GO
IEA,GO_REF:0000002,GO:0071897,DNA biosynthetic process,3,InterPro2GO
IEA,GO_REF:0000002,GO:0008757,S-adenosylmethionine-dependent methyltransferase activity,3,InterPro2GO
IEA,GO_REF:0000002,GO:0070004,cysteine-type exopeptidase activity,3,InterPro2GO
IEA,GO_REF:0000002,GO:0004869,cysteine-type endopeptidase inhibitor activity,3,InterPro2GO
IEA,GO_REF:0000002,GO:0030130,clathrin coat of trans-Golgi network vesicle,3,InterPro2GO
IEA,GO_REF:0000002,GO:0005496,steroid binding,3,InterPro2GO
IEA,GO_REF:0000002,GO:0009156,ribonucleoside monophosphate biosynthetic process,3,InterPro2GO
IEA,GO_REF:0000002,GO:0046034,ATP metabolic process,3,InterPro2GO
IEA,GO_REF:0000002,GO:0003713,transcription coactivator activity,3,InterPro2GO
IEA,GO_REF:0000002,GO:0008233,peptidase activity,3,InterPro2GO
IEA,GO_REF:0000002,GO:0015662,P-type ion transporter activity,3,InterPro2GO
IEA,GO_REF:0000002,GO:0001614,purinergic nucleotide receptor activity,3,InterPro2GO
IEA,GO_REF:0000002,GO:0005884,actin filament,2,InterPro2GO
IEA,GO_REF:0000002,GO:0006896,Golgi to vacuole transport,2,InterPro2GO
IEA,GO_REF:0000002,GO:0046952,ketone body catabolic process,2,InterPro2GO
IEA,GO_REF:0000002,GO:0007608,sensory perception of smell,2,InterPro2GO
IEA,GO_REF:0000002,GO:0001671,ATPase activator activity,2,InterPro2GO
IEA,GO_REF:0000002,GO:0140647,P450-containing electron transport chain,2,InterPro2GO
IEA,GO_REF:0000002,GO:0032783,super elongation complex,2,InterPro2GO
IEA,GO_REF:0000002,GO:0061608,nuclear import signal receptor activity,2,InterPro2GO
IEA,GO_REF:0000002,GO:0008234,cysteine-type peptidase activity,2,InterPro2GO
IEA,GO_REF:0000002,GO:0006614,SRP-dependent cotranslational protein targeting to membrane,2,InterPro2GO
IEA,GO_REF:0000002,GO:1902560,GMP reductase complex,2,InterPro2GO
IEA,GO_REF:0000002,GO:0000027,ribosomal large subunit assembly,2,InterPro2GO
IEA,GO_REF:0000002,GO:0000245,spliceosomal complex assembly,2,InterPro2GO
IEA,GO_REF:0000002,GO:0004181,metallocarboxypeptidase activity,2,InterPro2GO
IEA,GO_REF:0000002,GO:0045028,G protein-coupled purinergic nucleotide receptor activity,2,InterPro2GO
IEA,GO_REF:0000002,GO:2001070,starch binding,2,InterPro2GO
IEA,GO_REF:0000002,GO:0004867,serine-type endopeptidase inhibitor activity,2,InterPro2GO
IEA,GO_REF:0000002,GO:0030276,clathrin binding,2,InterPro2GO
IEA,GO_REF:0000002,GO:0070072,vacuolar proton-transporting V-type ATPase complex assembly,2,InterPro2GO
IEA,GO_REF:0000002,GO:0019236,response to pheromone,2,InterPro2GO
IEA,GO_REF:0000002,GO:0008285,negative regulation of cell population proliferation,2,InterPro2GO
IEA,GO_REF:0000002,GO:0048188,Set1C/COMPASS complex,2,InterPro2GO
IEA,GO_REF:0000002,GO:0030942,endoplasmic reticulum signal peptide binding,2,InterPro2GO
IEA,GO_REF:0000002,GO:0046718,symbiont entry into host cell,2,InterPro2GO
IEA,GO_REF:0000002,GO:1990542,mitochondrial transmembrane transport,2,InterPro2GO
IEA,GO_REF:0000002,GO:0031124,mRNA 3'-end processing,2,InterPro2GO
IEA,GO_REF:0000002,GO:0015293,symporter activity,2,InterPro2GO
IEA,GO_REF:0000002,GO:0022008,neurogenesis,2,InterPro2GO
IEA,GO_REF:0000002,GO:0016758,hexosyltransferase activity,2,InterPro2GO
IEA,GO_REF:0000002,GO:0032732,positive regulation of interleukin-1 production,2,InterPro2GO
IEA,GO_REF:0000002,GO:0006367,transcription initiation at RNA polymerase II promoter,2,InterPro2GO
IEA,GO_REF:0000002,GO:0017025,TBP-class protein binding,2,InterPro2GO
IEA,GO_REF:0000002,GO:0046695,SLIK (SAGA-like) complex,2,InterPro2GO
IEA,GO_REF:0000002,GO:0015078,proton transmembrane transporter activity,2,InterPro2GO
IEA,GO_REF:0000002,GO:0004909,"interleukin-1, type I, activating receptor activity",2,InterPro2GO
IEA,GO_REF:0000002,GO:0005871,kinesin complex,2,InterPro2GO
IEA,GO_REF:0000002,GO:0106005,RNA 5'-cap (guanine-N7)-methylation,2,InterPro2GO
IEA,GO_REF:0000002,GO:0007172,signal complex assembly,2,InterPro2GO
IEA,GO_REF:0000002,GO:0140492,metal-dependent deubiquitinase activity,2,InterPro2GO
IEA,GO_REF:0000002,GO:0043124,negative regulation of canonical NF-kappaB signal transduction,2,InterPro2GO
IEA,GO_REF:0000002,GO:0005212,structural constituent of eye lens,2,InterPro2GO
IEA,GO_REF:0000002,GO:0003796,lysozyme activity,2,InterPro2GO
IEA,GO_REF:0000002,GO:0050778,positive regulation of immune response,2,InterPro2GO
IEA,GO_REF:0000002,GO:0004879,nuclear receptor activity,2,InterPro2GO
IEA,GO_REF:0000002,GO:0004089,carbonate dehydratase activity,2,InterPro2GO
IEA,GO_REF:0000002,GO:0006631,fatty acid metabolic process,2,InterPro2GO
IEA,GO_REF:0000002,GO:0007259,cell surface receptor signaling pathway via JAK-STAT,2,InterPro2GO
IEA,GO_REF:0000002,GO:0000077,DNA damage checkpoint signaling,2,InterPro2GO
IEA,GO_REF:0000002,GO:0006694,steroid biosynthetic process,2,InterPro2GO
IEA,GO_REF:0000002,GO:0042254,ribosome biogenesis,2,InterPro2GO
IEA,GO_REF:0000002,GO:0000398,"mRNA splicing, via spliceosome",2,InterPro2GO
IEA,GO_REF:0000002,GO:0051920,peroxiredoxin activity,2,InterPro2GO
IEA,GO_REF:0000002,GO:0007389,pattern specification process,2,InterPro2GO
IEA,GO_REF:0000002,GO:0004620,phospholipase activity,2,InterPro2GO
IEA,GO_REF:0000002,GO:0015631,tubulin binding,2,InterPro2GO
IEA,GO_REF:0000002,GO:0046168,glycerol-3-phosphate catabolic process,2,InterPro2GO
IEA,GO_REF:0000002,GO:0016616,"oxidoreductase activity, acting on the CH-OH group of donors, NAD or NADP as acceptor",2,InterPro2GO
IEA,GO_REF:0000002,GO:0040012,regulation of locomotion,2,InterPro2GO
IEA,GO_REF:0000002,GO:0030968,endoplasmic reticulum unfolded protein response,2,InterPro2GO
IEA,GO_REF:0000002,GO:0048039,ubiquinone binding,2,InterPro2GO
IEA,GO_REF:0000002,GO:0030001,metal ion transport,2,InterPro2GO
IEA,GO_REF:0000002,GO:0030041,actin filament polymerization,2,InterPro2GO
IEA,GO_REF:0000002,GO:0004497,monooxygenase activity,2,InterPro2GO
IEA,GO_REF:0000002,GO:0030507,spectrin binding,2,InterPro2GO
IEA,GO_REF:0000002,GO:0031491,nucleosome binding,2,InterPro2GO
IEA,GO_REF:0000002,GO:0035435,phosphate ion transmembrane transport,2,InterPro2GO
IEA,GO_REF:0000002,GO:0030686,90S preribosome,2,InterPro2GO
IEA,GO_REF:0000002,GO:0045901,positive regulation of translational elongation,2,InterPro2GO
IEA,GO_REF:0000002,GO:0005730,nucleolus,2,InterPro2GO
IEA,GO_REF:0000002,GO:0061630,ubiquitin protein ligase activity,2,InterPro2GO
IEA,GO_REF:0000002,GO:0007268,chemical synaptic transmission,2,InterPro2GO
IEA,GO_REF:0000002,GO:0042908,xenobiotic transport,2,InterPro2GO
IEA,GO_REF:0000002,GO:0045277,respiratory chain complex IV,2,InterPro2GO
IEA,GO_REF:0000002,GO:0004812,aminoacyl-tRNA ligase activity,2,InterPro2GO
IEA,GO_REF:0000002,GO:0045296,cadherin binding,2,InterPro2GO
IEA,GO_REF:0000002,GO:0008016,regulation of heart contraction,2,InterPro2GO
IEA,GO_REF:0000002,GO:1905515,non-motile cilium assembly,2,InterPro2GO
IEA,GO_REF:0000002,GO:0046373,L-arabinose metabolic process,2,InterPro2GO
IEA,GO_REF:0000002,GO:0010181,FMN binding,2,InterPro2GO
IEA,GO_REF:0000002,GO:0006939,smooth muscle contraction,2,InterPro2GO
IEA,GO_REF:0000002,GO:0005858,axonemal dynein complex,2,InterPro2GO
IEA,GO_REF:0000002,GO:0007023,post-chaperonin tubulin folding pathway,2,InterPro2GO
IEA,GO_REF:0000002,GO:0007034,vacuolar transport,2,InterPro2GO
IEA,GO_REF:0000002,GO:0042910,xenobiotic transmembrane transporter activity,2,InterPro2GO
IEA,GO_REF:0000002,GO:0140358,P-type transmembrane transporter activity,2,InterPro2GO
IEA,GO_REF:0000002,GO:0007420,brain development,2,InterPro2GO
IEA,GO_REF:0000002,GO:0017053,transcription repressor complex,2,InterPro2GO
IEA,GO_REF:0000002,GO:0034632,retinol transmembrane transporter activity,2,InterPro2GO
IEA,GO_REF:0000002,GO:0060090,molecular adaptor activity,2,InterPro2GO
IEA,GO_REF:0000002,GO:0035591,signaling adaptor activity,2,InterPro2GO
IEA,GO_REF:0000002,GO:0006895,Golgi to endosome transport,2,InterPro2GO
IEA,GO_REF:0000002,GO:0006450,regulation of translational fidelity,2,InterPro2GO
IEA,GO_REF:0000002,GO:0045730,respiratory burst,2,InterPro2GO
IEA,GO_REF:0000002,GO:0045333,cellular respiration,2,InterPro2GO
IEA,GO_REF:0000002,GO:0009055,electron transfer activity,2,InterPro2GO
IEA,GO_REF:0000002,GO:0000281,mitotic cytokinesis,2,InterPro2GO
IEA,GO_REF:0000002,GO:0003725,double-stranded RNA binding,2,InterPro2GO
IEA,GO_REF:0000002,GO:0005186,pheromone activity,2,InterPro2GO
IEA,GO_REF:0000002,GO:0070897,transcription preinitiation complex assembly,2,InterPro2GO
IEA,GO_REF:0000002,GO:0004910,"interleukin-1, type II, blocking receptor activity",2,InterPro2GO
IEA,GO_REF:0000002,GO:0015074,DNA integration,2,InterPro2GO
IEA,GO_REF:0000002,GO:0005031,tumor necrosis factor receptor activity,2,InterPro2GO
IEA,GO_REF:0000002,GO:0007283,spermatogenesis,2,InterPro2GO
IEA,GO_REF:0000002,GO:0005216,monoatomic ion channel activity,2,InterPro2GO
IEA,GO_REF:0000002,GO:0005092,GDP-dissociation inhibitor activity,2,InterPro2GO
IEA,GO_REF:0000002,GO:0007204,positive regulation of cytosolic calcium ion concentration,2,InterPro2GO
IEA,GO_REF:0000002,GO:0004946,bombesin receptor activity,2,InterPro2GO
IEA,GO_REF:0000002,GO:0022900,electron transport chain,2,InterPro2GO
IEA,GO_REF:0000002,GO:0004190,aspartic-type endopeptidase activity,2,InterPro2GO
IEA,GO_REF:0000002,GO:0016594,glycine binding,2,InterPro2GO
IEA,GO_REF:0000002,GO:0019243,methylglyoxal catabolic process to D-lactate via S-lactoyl-glutathione,2,InterPro2GO
IEA,GO_REF:0000002,GO:0015629,actin cytoskeleton,2,InterPro2GO
IEA,GO_REF:0000002,GO:0000956,nuclear-transcribed mRNA catabolic process,2,InterPro2GO
IEA,GO_REF:0000002,GO:0071277,cellular response to calcium ion,2,InterPro2GO
IEA,GO_REF:0000002,GO:0042147,"retrograde transport, endosome to Golgi",2,InterPro2GO
IEA,GO_REF:0000002,GO:0006465,signal peptide processing,2,InterPro2GO
IEA,GO_REF:0000002,GO:0006298,mismatch repair,2,InterPro2GO
IEA,GO_REF:0000002,GO:0030553,cGMP binding,2,InterPro2GO
IEA,GO_REF:0000002,GO:0001533,cornified envelope,2,InterPro2GO
IEA,GO_REF:0000002,GO:0000226,microtubule cytoskeleton organization,2,InterPro2GO
IEA,GO_REF:0000002,GO:0004550,nucleoside diphosphate kinase activity,2,InterPro2GO
IEA,GO_REF:0000002,GO:0003689,DNA clamp loader activity,2,InterPro2GO
IEA,GO_REF:0000002,GO:0008142,oxysterol binding,2,InterPro2GO
IEA,GO_REF:0000002,GO:0060294,cilium movement involved in cell motility,2,InterPro2GO
IEA,GO_REF:0000002,GO:0008235,metalloexopeptidase activity,2,InterPro2GO
IEA,GO_REF:0000002,GO:0004623,phospholipase A2 activity,2,InterPro2GO
IEA,GO_REF:0000002,GO:0010038,response to metal ion,2,InterPro2GO
IEA,GO_REF:0000002,GO:0005536,D-glucose binding,2,InterPro2GO
IEA,GO_REF:0000002,GO:0043161,proteasome-mediated ubiquitin-dependent protein catabolic process,2,InterPro2GO
IEA,GO_REF:0000002,GO:0044183,protein folding chaperone,2,InterPro2GO
IEA,GO_REF:0000002,GO:0043123,positive regulation of canonical NF-kappaB signal transduction,2,InterPro2GO
IEA,GO_REF:0000002,GO:0008483,transaminase activity,2,InterPro2GO
IEA,GO_REF:0000002,GO:0006606,protein import into nucleus,2,InterPro2GO
IEA,GO_REF:0000002,GO:0098609,cell-cell adhesion,2,InterPro2GO
IEA,GO_REF:0000002,GO:0140625,opioid growth factor receptor activity,2,InterPro2GO
IEA,GO_REF:0000002,GO:0046556,alpha-L-arabinofuranosidase activity,2,InterPro2GO
IEA,GO_REF:0000002,GO:0016251,RNA polymerase II general transcription initiation factor activity,2,InterPro2GO
IEA,GO_REF:0000002,GO:0016651,"oxidoreductase activity, acting on NAD(P)H",2,InterPro2GO
IEA,GO_REF:0000002,GO:0008312,7S RNA binding,2,InterPro2GO
IEA,GO_REF:0000002,GO:0006289,nucleotide-excision repair,2,InterPro2GO
IEA,GO_REF:0000002,GO:0070915,lysophosphatidic acid receptor activity,2,InterPro2GO
IEA,GO_REF:0000002,GO:0045905,positive regulation of translational termination,2,InterPro2GO
IEA,GO_REF:0000002,GO:0043014,alpha-tubulin binding,2,InterPro2GO
IEA,GO_REF:0000002,GO:0030131,clathrin adaptor complex,2,InterPro2GO
IEA,GO_REF:0000002,GO:0042134,rRNA primary transcript binding,2,InterPro2GO
IEA,GO_REF:0000002,GO:0032968,positive regulation of transcription elongation by RNA polymerase II,2,InterPro2GO
IEA,GO_REF:0000002,GO:1902600,proton transmembrane transport,2,InterPro2GO
IEA,GO_REF:0000002,GO:0031989,bombesin receptor signaling pathway,2,InterPro2GO
IEA,GO_REF:0000002,GO:0042246,tissue regeneration,2,InterPro2GO
IEA,GO_REF:0000002,GO:0043408,regulation of MAPK cascade,2,InterPro2GO
IEA,GO_REF:0000002,GO:0030151,molybdenum ion binding,2,InterPro2GO
IEA,GO_REF:0000002,GO:0003678,DNA helicase activity,2,InterPro2GO
IEA,GO_REF:0000002,GO:0001525,angiogenesis,2,InterPro2GO
IEA,GO_REF:0000002,GO:0140673,transcription elongation-coupled chromatin remodeling,2,InterPro2GO
IEA,GO_REF:0000002,GO:0019992,diacylglycerol binding,2,InterPro2GO
IEA,GO_REF:0000002,GO:0045182,translation regulator activity,2,InterPro2GO
IEA,GO_REF:0000002,GO:0016525,negative regulation of angiogenesis,2,InterPro2GO
IEA,GO_REF:0000002,GO:0031123,RNA 3'-end processing,2,InterPro2GO
IEA,GO_REF:0000002,GO:0031122,cytoplasmic microtubule organization,2,InterPro2GO
IEA,GO_REF:0000002,GO:0005801,cis-Golgi network,2,InterPro2GO
IEA,GO_REF:0000002,GO:0030116,glial cell-derived neurotrophic factor receptor binding,2,InterPro2GO
IEA,GO_REF:0000002,GO:0005160,transforming growth factor beta receptor binding,2,InterPro2GO
IEA,GO_REF:0000002,GO:0008091,spectrin,2,InterPro2GO
IEA,GO_REF:0000002,GO:0008093,cytoskeletal anchor activity,2,InterPro2GO
IEA,GO_REF:0000002,GO:0070536,protein K63-linked deubiquitination,2,InterPro2GO
IEA,GO_REF:0000002,GO:0009408,response to heat,2,InterPro2GO
IEA,GO_REF:0000002,GO:0005853,eukaryotic translation elongation factor 1 complex,2,InterPro2GO
IEA,GO_REF:0000002,GO:0004198,calcium-dependent cysteine-type endopeptidase activity,2,InterPro2GO
IEA,GO_REF:0000002,GO:0050906,detection of stimulus involved in sensory perception,2,InterPro2GO
IEA,GO_REF:0000002,GO:0050795,regulation of behavior,2,InterPro2GO
IEA,GO_REF:0000002,GO:0002182,cytoplasmic translational elongation,2,InterPro2GO
IEA,GO_REF:0000002,GO:0006909,phagocytosis,2,InterPro2GO
IEA,GO_REF:0000002,GO:0034121,regulation of toll-like receptor signaling pathway,2,InterPro2GO
IEA,GO_REF:0000002,GO:0035082,axoneme assembly,2,InterPro2GO
IEA,GO_REF:0000002,GO:0005764,lysosome,2,InterPro2GO
IEA,GO_REF:0000002,GO:0006520,amino acid metabolic process,2,InterPro2GO
IEA,GO_REF:0000002,GO:0008592,regulation of Toll signaling pathway,2,InterPro2GO
IEA,GO_REF:0000002,GO:0005185,neurohypophyseal hormone activity,2,InterPro2GO
IEA,GO_REF:0000002,GO:0007342,fusion of sperm to egg plasma membrane involved in single fertilization,2,InterPro2GO
IEA,GO_REF:0000002,GO:0009142,nucleoside triphosphate biosynthetic process,1,InterPro2GO
IEA,GO_REF:0000002,GO:0005118,sevenless binding,1,InterPro2GO
IEA,GO_REF:0000002,GO:0051259,protein complex oligomerization,1,InterPro2GO
IEA,GO_REF:0000002,GO:0004540,RNA nuclease activity,1,InterPro2GO
IEA,GO_REF:0000002,GO:0046470,phosphatidylcholine metabolic process,1,InterPro2GO
IEA,GO_REF:0000002,GO:0006968,cellular defense response,1,InterPro2GO
IEA,GO_REF:0000002,GO:0006936,muscle contraction,1,InterPro2GO
IEA,GO_REF:0000002,GO:1901642,nucleoside transmembrane transport,1,InterPro2GO
IEA,GO_REF:0000002,GO:0050337,thiosulfate-thiol sulfurtransferase activity,1,InterPro2GO
IEA,GO_REF:0000002,GO:0047750,cholestenol delta-isomerase activity,1,InterPro2GO
IEA,GO_REF:0000002,GO:0006665,sphingolipid metabolic process,1,InterPro2GO
IEA,GO_REF:0000002,GO:0008356,asymmetric cell division,1,InterPro2GO
IEA,GO_REF:0000002,GO:0008283,cell population proliferation,1,InterPro2GO
IEA,GO_REF:0000002,GO:0001669,acrosomal vesicle,1,InterPro2GO
IEA,GO_REF:0000002,GO:1990504,dense core granule exocytosis,1,InterPro2GO
IEA,GO_REF:0000002,GO:0006937,regulation of muscle contraction,1,InterPro2GO
IEA,GO_REF:0000002,GO:0007098,centrosome cycle,1,InterPro2GO
IEA,GO_REF:0000002,GO:0007217,tachykinin receptor signaling pathway,1,InterPro2GO
IEA,GO_REF:0000002,GO:0005759,mitochondrial matrix,1,InterPro2GO
IEA,GO_REF:0000002,GO:0048193,Golgi vesicle transport,1,InterPro2GO
IEA,GO_REF:0000002,GO:0048011,neurotrophin TRK receptor signaling pathway,1,InterPro2GO
IEA,GO_REF:0000002,GO:2000403,positive regulation of lymphocyte migration,1,InterPro2GO
IEA,GO_REF:0000002,GO:0140588,chromatin looping,1,InterPro2GO
IEA,GO_REF:0000002,GO:0051725,protein de-ADP-ribosylation,1,InterPro2GO
IEA,GO_REF:0000002,GO:0061575,cyclin-dependent protein serine/threonine kinase activator activity,1,InterPro2GO
IEA,GO_REF:0000002,GO:0060041,retina development in camera-type eye,1,InterPro2GO
IEA,GO_REF:0000002,GO:0019674,NAD+ metabolic process,1,InterPro2GO
IEA,GO_REF:0000002,GO:0006914,autophagy,1,InterPro2GO
IEA,GO_REF:0000002,GO:0030492,hemoglobin binding,1,InterPro2GO
IEA,GO_REF:0000002,GO:0048280,vesicle fusion with Golgi apparatus,1,InterPro2GO
IEA,GO_REF:0000002,GO:0038084,vascular endothelial growth factor signaling pathway,1,InterPro2GO
IEA,GO_REF:0000002,GO:0000070,mitotic sister chromatid segregation,1,InterPro2GO
IEA,GO_REF:0000002,GO:0006402,mRNA catabolic process,1,InterPro2GO
IEA,GO_REF:0000002,GO:0006270,DNA replication initiation,1,InterPro2GO
IEA,GO_REF:0000002,GO:0002138,retinoic acid biosynthetic process,1,InterPro2GO
IEA,GO_REF:0000002,GO:0006269,"DNA replication, synthesis of primer",1,InterPro2GO
IEA,GO_REF:0000002,GO:2000431,"regulation of cytokinesis, actomyosin contractile ring assembly",1,InterPro2GO
IEA,GO_REF:0000002,GO:1990547,mitochondrial phosphate ion transmembrane transport,1,InterPro2GO
IEA,GO_REF:0000002,GO:1904294,positive regulation of ERAD pathway,1,InterPro2GO
IEA,GO_REF:0000002,GO:0030695,GTPase regulator activity,1,InterPro2GO
IEA,GO_REF:0000002,GO:0004675,transmembrane receptor protein serine/threonine kinase activity,1,InterPro2GO
IEA,GO_REF:0000002,GO:0030282,bone mineralization,1,InterPro2GO
IEA,GO_REF:0000002,GO:0045786,negative regulation of cell cycle,1,InterPro2GO
IEA,GO_REF:0000002,GO:0060261,positive regulation of transcription initiation by RNA polymerase II,1,InterPro2GO
IEA,GO_REF:0000002,GO:0042773,ATP synthesis coupled electron transport,1,InterPro2GO
IEA,GO_REF:0000002,GO:1902975,mitotic DNA replication initiation,1,InterPro2GO
IEA,GO_REF:0000002,GO:0045579,positive regulation of B cell differentiation,1,InterPro2GO
IEA,GO_REF:0000002,GO:0004066,asparagine synthase (glutamine-hydrolyzing) activity,1,InterPro2GO
IEA,GO_REF:0000002,GO:0004488,methylenetetrahydrofolate dehydrogenase (NADP+) activity,1,InterPro2GO
IEA,GO_REF:0000002,GO:0005042,netrin receptor activity,1,InterPro2GO
IEA,GO_REF:0000002,GO:0090149,mitochondrial membrane fission,1,InterPro2GO
IEA,GO_REF:0000002,GO:0004725,protein tyrosine phosphatase activity,1,InterPro2GO
IEA,GO_REF:0000002,GO:0005133,type II interferon receptor binding,1,InterPro2GO
IEA,GO_REF:0000002,GO:0043029,T cell homeostasis,1,InterPro2GO
IEA,GO_REF:0000002,GO:0006935,chemotaxis,1,InterPro2GO
IEA,GO_REF:0000002,GO:0005337,nucleoside transmembrane transporter activity,1,InterPro2GO
IEA,GO_REF:0000002,GO:0005548,phospholipid transporter activity,1,InterPro2GO
IEA,GO_REF:0000002,GO:0005742,mitochondrial outer membrane translocase complex,1,InterPro2GO
IEA,GO_REF:0000002,GO:0032957,inositol trisphosphate metabolic process,1,InterPro2GO
IEA,GO_REF:0000002,GO:0030328,prenylcysteine catabolic process,1,InterPro2GO
IEA,GO_REF:0000002,GO:0070176,DRM complex,1,InterPro2GO
IEA,GO_REF:0000002,GO:1901135,carbohydrate derivative metabolic process,1,InterPro2GO
IEA,GO_REF:0000002,GO:0016531,copper chaperone activity,1,InterPro2GO
IEA,GO_REF:0000002,GO:1902936,phosphatidylinositol bisphosphate binding,1,InterPro2GO
IEA,GO_REF:0000002,GO:0015671,oxygen transport,1,InterPro2GO
IEA,GO_REF:0000002,GO:0019343,cysteine biosynthetic process via cystathionine,1,InterPro2GO
IEA,GO_REF:0000002,GO:0009062,fatty acid catabolic process,1,InterPro2GO
IEA,GO_REF:0000002,GO:0000165,MAPK cascade,1,InterPro2GO
IEA,GO_REF:0000002,GO:1902017,regulation of cilium assembly,1,InterPro2GO
IEA,GO_REF:0000002,GO:0001503,ossification,1,InterPro2GO
IEA,GO_REF:0000002,GO:0043495,protein-membrane adaptor activity,1,InterPro2GO
IEA,GO_REF:0000002,GO:0003729,mRNA binding,1,InterPro2GO
IEA,GO_REF:0000002,GO:0070221,"sulfide oxidation, using sulfide:quinone oxidoreductase",1,InterPro2GO
IEA,GO_REF:0000002,GO:0030975,thiamine binding,1,InterPro2GO
IEA,GO_REF:0000002,GO:0044548,S100 protein binding,1,InterPro2GO
IEA,GO_REF:0000002,GO:0016208,AMP binding,1,InterPro2GO
IEA,GO_REF:0000002,GO:1901222,regulation of non-canonical NF-kappaB signal transduction,1,InterPro2GO
IEA,GO_REF:0000002,GO:0048208,COPII vesicle coating,1,InterPro2GO
IEA,GO_REF:0000002,GO:0046849,bone remodeling,1,InterPro2GO
IEA,GO_REF:0000002,GO:0031369,translation initiation factor binding,1,InterPro2GO
IEA,GO_REF:0000002,GO:0031175,neuron projection development,1,InterPro2GO
IEA,GO_REF:0000002,GO:0097746,blood vessel diameter maintenance,1,InterPro2GO
IEA,GO_REF:0000002,GO:0032027,myosin light chain binding,1,InterPro2GO
IEA,GO_REF:0000002,GO:0030203,glycosaminoglycan metabolic process,1,InterPro2GO
IEA,GO_REF:0000002,GO:0030336,negative regulation of cell migration,1,InterPro2GO
IEA,GO_REF:0000002,GO:0090075,relaxation of muscle,1,InterPro2GO
IEA,GO_REF:0000002,GO:0090036,regulation of protein kinase C signaling,1,InterPro2GO
IEA,GO_REF:0000002,GO:0070628,proteasome binding,1,InterPro2GO
IEA,GO_REF:0000002,GO:0010945,coenzyme A diphosphatase activity,1,InterPro2GO
IEA,GO_REF:0000002,GO:0031332,RNAi effector complex,1,InterPro2GO
IEA,GO_REF:0000002,GO:0070005,cysteine-type aminopeptidase activity,1,InterPro2GO
IEA,GO_REF:0000002,GO:0006820,monoatomic anion transport,1,InterPro2GO
IEA,GO_REF:0000002,GO:0016829,lyase activity,1,InterPro2GO
IEA,GO_REF:0000002,GO:0008146,sulfotransferase activity,1,InterPro2GO
IEA,GO_REF:0000002,GO:0008188,neuropeptide receptor activity,1,InterPro2GO
IEA,GO_REF:0000002,GO:0008324,monoatomic cation transmembrane transporter activity,1,InterPro2GO
IEA,GO_REF:0000002,GO:0042127,regulation of cell population proliferation,1,InterPro2GO
IEA,GO_REF:0000002,GO:0097524,sperm plasma membrane,1,InterPro2GO
IEA,GO_REF:0000002,GO:0045907,positive regulation of vasoconstriction,1,InterPro2GO
IEA,GO_REF:0000002,GO:0006139,nucleobase-containing compound metabolic process,1,InterPro2GO
IEA,GO_REF:0000002,GO:0006309,apoptotic DNA fragmentation,1,InterPro2GO
IEA,GO_REF:0000002,GO:0003868,4-hydroxyphenylpyruvate dioxygenase activity,1,InterPro2GO
IEA,GO_REF:0000002,GO:0008299,isoprenoid biosynthetic process,1,InterPro2GO
IEA,GO_REF:0000002,GO:0009435,NAD+ biosynthetic process,1,InterPro2GO
IEA,GO_REF:0000002,GO:0070530,K63-linked polyubiquitin modification-dependent protein binding,1,InterPro2GO
IEA,GO_REF:0000002,GO:0007021,tubulin complex assembly,1,InterPro2GO
IEA,GO_REF:0000002,GO:0007346,regulation of mitotic cell cycle,1,InterPro2GO
IEA,GO_REF:0000002,GO:0009231,riboflavin biosynthetic process,1,InterPro2GO
IEA,GO_REF:0000002,GO:0016846,carbon-sulfur lyase activity,1,InterPro2GO
IEA,GO_REF:0000002,GO:0016798,"hydrolase activity, acting on glycosyl bonds",1,InterPro2GO
IEA,GO_REF:0000002,GO:0016747,"acyltransferase activity, transferring groups other than amino-acyl groups",1,InterPro2GO
IEA,GO_REF:0000002,GO:0006836,neurotransmitter transport,1,InterPro2GO
IEA,GO_REF:0000002,GO:0006898,receptor-mediated endocytosis,1,InterPro2GO
IEA,GO_REF:0000002,GO:0002685,regulation of leukocyte migration,1,InterPro2GO
IEA,GO_REF:0000002,GO:0007399,nervous system development,1,InterPro2GO
IEA,GO_REF:0000002,GO:0007507,heart development,1,InterPro2GO
IEA,GO_REF:0000002,GO:0004601,peroxidase activity,1,InterPro2GO
IEA,GO_REF:0000002,GO:0001518,voltage-gated sodium channel complex,1,InterPro2GO
IEA,GO_REF:0000002,GO:0005813,centrosome,1,InterPro2GO
IEA,GO_REF:0000002,GO:0005829,cytosol,1,InterPro2GO
IEA,GO_REF:0000002,GO:0035473,lipase binding,1,InterPro2GO
IEA,GO_REF:0000002,GO:0035662,Toll-like receptor 4 binding,1,InterPro2GO
IEA,GO_REF:0000002,GO:0000012,single strand break repair,1,InterPro2GO
IEA,GO_REF:0000002,GO:0009395,phospholipid catabolic process,1,InterPro2GO
IEA,GO_REF:0000002,GO:0000175,3'-5'-RNA exonuclease activity,1,InterPro2GO
IEA,GO_REF:0000002,GO:0001819,positive regulation of cytokine production,1,InterPro2GO
IEA,GO_REF:0000002,GO:0000725,recombinational repair,1,InterPro2GO
IEA,GO_REF:0000002,GO:0034440,lipid oxidation,1,InterPro2GO
IEA,GO_REF:0000002,GO:0005655,nucleolar ribonuclease P complex,1,InterPro2GO
IEA,GO_REF:0000002,GO:0035092,sperm DNA condensation,1,InterPro2GO
IEA,GO_REF:0000002,GO:0034765,regulation of monoatomic ion transmembrane transport,1,InterPro2GO
IEA,GO_REF:0000002,GO:0003774,cytoskeletal motor activity,1,InterPro2GO
IEA,GO_REF:0000002,GO:0000256,allantoin catabolic process,1,InterPro2GO
IEA,GO_REF:0000002,GO:0000151,ubiquitin ligase complex,1,InterPro2GO
IEA,GO_REF:0000002,GO:0003726,double-stranded RNA adenosine deaminase activity,1,InterPro2GO
IEA,GO_REF:0000002,GO:0005669,transcription factor TFIID complex,1,InterPro2GO
IEA,GO_REF:0000002,GO:0005412,D-glucose:sodium symporter activity,1,InterPro2GO
IEA,GO_REF:0000002,GO:0004416,hydroxyacylglutathione hydrolase activity,1,InterPro2GO
IEA,GO_REF:0000002,GO:0006890,"retrograde vesicle-mediated transport, Golgi to endoplasmic reticulum",1,InterPro2GO
IEA,GO_REF:0000002,GO:0015386,potassium:proton antiporter activity,1,InterPro2GO
IEA,GO_REF:0000002,GO:0003743,translation initiation factor activity,1,InterPro2GO
IEA,GO_REF:0000002,GO:0016477,cell migration,1,InterPro2GO
IEA,GO_REF:0000002,GO:0016706,2-oxoglutarate-dependent dioxygenase activity,1,InterPro2GO
IEA,GO_REF:0000002,GO:0005668,RNA polymerase transcription factor SL1 complex,1,InterPro2GO
IEA,GO_REF:0000002,GO:0005802,trans-Golgi network,1,InterPro2GO
IEA,GO_REF:0000002,GO:0004857,enzyme inhibitor activity,1,InterPro2GO
IEA,GO_REF:0000002,GO:0004865,protein serine/threonine phosphatase inhibitor activity,1,InterPro2GO
IEA,GO_REF:0000002,GO:0042475,odontogenesis of dentin-containing tooth,1,InterPro2GO
IEA,GO_REF:0000002,GO:0015165,pyrimidine nucleotide-sugar transmembrane transporter activity,1,InterPro2GO
IEA,GO_REF:0000002,GO:0042304,regulation of fatty acid biosynthetic process,1,InterPro2GO
IEA,GO_REF:0000002,GO:0017022,myosin binding,1,InterPro2GO
IEA,GO_REF:0000002,GO:0071226,cellular response to molecule of fungal origin,1,InterPro2GO
IEA,GO_REF:0000002,GO:0070988,demethylation,1,InterPro2GO
IEA,GO_REF:0000002,GO:0048598,embryonic morphogenesis,1,InterPro2GO
IEA,GO_REF:0000002,GO:0001649,osteoblast differentiation,1,InterPro2GO
IEA,GO_REF:0000002,GO:0051276,chromosome organization,1,InterPro2GO
IEA,GO_REF:0000002,GO:0000462,"maturation of SSU-rRNA from tricistronic rRNA transcript (SSU-rRNA, 5.8S rRNA, LSU-rRNA)",1,InterPro2GO
IEA,GO_REF:0000002,GO:0030150,protein import into mitochondrial matrix,1,InterPro2GO
IEA,GO_REF:0000002,GO:0000255,allantoin metabolic process,1,InterPro2GO
IEA,GO_REF:0000002,GO:0070507,regulation of microtubule cytoskeleton organization,1,InterPro2GO
IEA,GO_REF:0000002,GO:0022410,circadian sleep/wake cycle process,1,InterPro2GO
IEA,GO_REF:0000002,GO:0042974,nuclear retinoic acid receptor binding,1,InterPro2GO
IEA,GO_REF:0000002,GO:0022832,voltage-gated channel activity,1,InterPro2GO
IEA,GO_REF:0000002,GO:0022824,transmitter-gated monoatomic ion channel activity,1,InterPro2GO
IEA,GO_REF:0000002,GO:0070098,chemokine-mediated signaling pathway,1,InterPro2GO
IEA,GO_REF:0000002,GO:0031177,phosphopantetheine binding,1,InterPro2GO
IEA,GO_REF:0000002,GO:0033178,"proton-transporting two-sector ATPase complex, catalytic domain",1,InterPro2GO
IEA,GO_REF:0000002,GO:0043560,insulin receptor substrate binding,1,InterPro2GO
IEA,GO_REF:0000002,GO:0016462,pyrophosphatase activity,1,InterPro2GO
IEA,GO_REF:0000002,GO:0046294,formaldehyde catabolic process,1,InterPro2GO
IEA,GO_REF:0000002,GO:0009890,negative regulation of biosynthetic process,1,InterPro2GO
IEA,GO_REF:0000002,GO:0046883,regulation of hormone secretion,1,InterPro2GO
IEA,GO_REF:0000002,GO:0006307,DNA alkylation repair,1,InterPro2GO
IEA,GO_REF:0000002,GO:0009166,nucleotide catabolic process,1,InterPro2GO
IEA,GO_REF:0000002,GO:0004519,endonuclease activity,1,InterPro2GO
IEA,GO_REF:0000002,GO:0009113,purine nucleobase biosynthetic process,1,InterPro2GO
IEA,GO_REF:0000002,GO:0006488,dolichol-linked oligosaccharide biosynthetic process,1,InterPro2GO
IEA,GO_REF:0000002,GO:0140021,mitochondrial ADP transmembrane transport,1,InterPro2GO
IEA,GO_REF:0000002,GO:0008541,"proteasome regulatory particle, lid subcomplex",1,InterPro2GO
IEA,GO_REF:0000002,GO:0031016,pancreas development,1,InterPro2GO
IEA,GO_REF:0000002,GO:0006590,thyroid hormone generation,1,InterPro2GO
IEA,GO_REF:0000002,GO:0006812,monoatomic cation transport,1,InterPro2GO
IEA,GO_REF:0000002,GO:0007624,ultradian rhythm,1,InterPro2GO
IEA,GO_REF:0000002,GO:0005021,vascular endothelial growth factor receptor activity,1,InterPro2GO
IEA,GO_REF:0000002,GO:0043114,regulation of vascular permeability,1,InterPro2GO
IEA,GO_REF:0000002,GO:0004896,cytokine receptor activity,1,InterPro2GO
IEA,GO_REF:0000002,GO:0008063,Toll signaling pathway,1,InterPro2GO
IEA,GO_REF:0000002,GO:0003688,DNA replication origin binding,1,InterPro2GO
IEA,GO_REF:0000002,GO:0051604,protein maturation,1,InterPro2GO
IEA,GO_REF:0000002,GO:0006284,base-excision repair,1,InterPro2GO
IEA,GO_REF:0000002,GO:0006388,"tRNA splicing, via endonucleolytic cleavage and ligation",1,InterPro2GO
IEA,GO_REF:0000002,GO:0006420,arginyl-tRNA aminoacylation,1,InterPro2GO
IEA,GO_REF:0000002,GO:0016233,telomere capping,1,InterPro2GO
IEA,GO_REF:0000002,GO:0031628,opioid receptor binding,1,InterPro2GO
IEA,GO_REF:0000002,GO:0031509,subtelomeric heterochromatin formation,1,InterPro2GO
IEA,GO_REF:0000002,GO:0000902,cell morphogenesis,1,InterPro2GO
IEA,GO_REF:0000002,GO:0051896,regulation of phosphatidylinositol 3-kinase/protein kinase B signal transduction,1,InterPro2GO
IEA,GO_REF:0000002,GO:0045504,dynein heavy chain binding,1,InterPro2GO
IEA,GO_REF:0000002,GO:0006072,glycerol-3-phosphate metabolic process,1,InterPro2GO
IEA,GO_REF:0000002,GO:0008201,heparin binding,1,InterPro2GO
IEA,GO_REF:0000002,GO:0043548,phosphatidylinositol 3-kinase binding,1,InterPro2GO
IEA,GO_REF:0000002,GO:0008281,sulfonylurea receptor activity,1,InterPro2GO
IEA,GO_REF:0000002,GO:0005890,sodium:potassium-exchanging ATPase complex,1,InterPro2GO
IEA,GO_REF:0000002,GO:0038007,netrin-activated signaling pathway,1,InterPro2GO
IEA,GO_REF:0000002,GO:0035988,chondrocyte proliferation,1,InterPro2GO
IEA,GO_REF:0000002,GO:0042255,ribosome assembly,1,InterPro2GO
IEA,GO_REF:0000002,GO:0007229,integrin-mediated signaling pathway,1,InterPro2GO
IEA,GO_REF:0000002,GO:0007224,smoothened signaling pathway,1,InterPro2GO
IEA,GO_REF:0000002,GO:0042742,defense response to bacterium,1,InterPro2GO
IEA,GO_REF:0000002,GO:0009301,snRNA transcription,1,InterPro2GO
IEA,GO_REF:0000002,GO:0009312,oligosaccharide biosynthetic process,1,InterPro2GO
IEA,GO_REF:0000002,GO:0032981,mitochondrial respiratory chain complex I assembly,1,InterPro2GO
IEA,GO_REF:0000002,GO:0009214,cyclic nucleotide catabolic process,1,InterPro2GO
IEA,GO_REF:0000002,GO:0035303,regulation of dephosphorylation,1,InterPro2GO
IEA,GO_REF:0000002,GO:0035542,regulation of SNARE complex assembly,1,InterPro2GO
IEA,GO_REF:0000002,GO:0036157,outer dynein arm,1,InterPro2GO
IEA,GO_REF:0000002,GO:0006811,monoatomic ion transport,1,InterPro2GO
IEA,GO_REF:0000002,GO:0030071,regulation of mitotic metaphase/anaphase transition,1,InterPro2GO
IEA,GO_REF:0000002,GO:0006260,DNA replication,1,InterPro2GO
IEA,GO_REF:0000002,GO:0006384,transcription initiation at RNA polymerase III promoter,1,InterPro2GO
IEA,GO_REF:0000002,GO:0006814,sodium ion transport,1,InterPro2GO
IEA,GO_REF:0000002,GO:0001530,lipopolysaccharide binding,1,InterPro2GO
IEA,GO_REF:0000002,GO:0045271,respiratory chain complex I,1,InterPro2GO
IEA,GO_REF:0000002,GO:0050861,positive regulation of B cell receptor signaling pathway,1,InterPro2GO
IEA,GO_REF:0000002,GO:0061138,morphogenesis of a branching epithelium,1,InterPro2GO
IEA,GO_REF:0000002,GO:0043065,positive regulation of apoptotic process,1,InterPro2GO
IEA,GO_REF:0000002,GO:0017154,semaphorin receptor activity,1,InterPro2GO
IEA,GO_REF:0000002,GO:0017148,negative regulation of translation,1,InterPro2GO
IEA,GO_REF:0000002,GO:0097228,sperm principal piece,1,InterPro2GO
IEA,GO_REF:0000002,GO:0005129,granulocyte macrophage colony-stimulating factor receptor binding,1,InterPro2GO
IEA,GO_REF:0000002,GO:0005136,interleukin-4 receptor binding,1,InterPro2GO
IEA,GO_REF:0000002,GO:0005248,voltage-gated sodium channel activity,1,InterPro2GO
IEA,GO_REF:0000002,GO:0005315,phosphate transmembrane transporter activity,1,InterPro2GO
IEA,GO_REF:0000002,GO:0005697,telomerase holoenzyme complex,1,InterPro2GO
IEA,GO_REF:0000002,GO:0090730,Las1 complex,1,InterPro2GO
IEA,GO_REF:0000002,GO:0019789,SUMO transferase activity,1,InterPro2GO
IEA,GO_REF:0000002,GO:0070679,"inositol 1,4,5 trisphosphate binding",1,InterPro2GO
IEA,GO_REF:0000002,GO:0090482,vitamin transmembrane transporter activity,1,InterPro2GO
IEA,GO_REF:0000002,GO:0004859,phospholipase inhibitor activity,1,InterPro2GO
IEA,GO_REF:0000002,GO:0004814,arginine-tRNA ligase activity,1,InterPro2GO
IEA,GO_REF:0000002,GO:0005546,"phosphatidylinositol-4,5-bisphosphate binding",1,InterPro2GO
IEA,GO_REF:0000002,GO:0106050,tRNA 2'-O-methyltransferase activity,1,InterPro2GO
IEA,GO_REF:0000002,GO:0016533,protein kinase 5 complex,1,InterPro2GO
IEA,GO_REF:0000002,GO:0120212,sperm head-tail coupling apparatus,1,InterPro2GO
IEA,GO_REF:0000002,GO:0120020,cholesterol transfer activity,1,InterPro2GO
IEA,GO_REF:0000002,GO:0003950,NAD+ poly-ADP-ribosyltransferase activity,1,InterPro2GO
IEA,GO_REF:0000002,GO:0015144,carbohydrate transmembrane transporter activity,1,InterPro2GO
IEA,GO_REF:0000002,GO:0005732,sno(s)RNA-containing ribonucleoprotein complex,1,InterPro2GO
IEA,GO_REF:0000002,GO:0010972,negative regulation of G2/M transition of mitotic cell cycle,1,InterPro2GO
IEA,GO_REF:0000002,GO:0016125,sterol metabolic process,1,InterPro2GO
IEA,GO_REF:0000002,GO:0004518,nuclease activity,1,InterPro2GO
IEA,GO_REF:0000002,GO:0070193,synaptonemal complex organization,1,InterPro2GO
IEA,GO_REF:0000002,GO:0005139,interleukin-7 receptor binding,1,InterPro2GO
IEA,GO_REF:0000002,GO:0004994,somatostatin receptor activity,1,InterPro2GO
IEA,GO_REF:0000002,GO:0004948,calcitonin receptor activity,1,InterPro2GO
IEA,GO_REF:0000002,GO:0008168,methyltransferase activity,1,InterPro2GO
IEA,GO_REF:0000002,GO:0023051,regulation of signaling,1,InterPro2GO
IEA,GO_REF:0000002,GO:0004520,DNA endonuclease activity,1,InterPro2GO
IEA,GO_REF:0000002,GO:0030488,tRNA methylation,1,InterPro2GO
IEA,GO_REF:0000002,GO:0015886,heme transport,1,InterPro2GO
IEA,GO_REF:0000002,GO:0032098,regulation of appetite,1,InterPro2GO
IEA,GO_REF:0000002,GO:0004525,ribonuclease III activity,1,InterPro2GO
IEA,GO_REF:0000002,GO:0019104,DNA N-glycosylase activity,1,InterPro2GO
IEA,GO_REF:0000002,GO:0030345,structural constituent of tooth enamel,1,InterPro2GO
IEA,GO_REF:0000002,GO:0003711,transcription elongation factor activity,1,InterPro2GO
IEA,GO_REF:0000002,GO:0060147,regulation of post-transcriptional gene silencing,1,InterPro2GO
IEA,GO_REF:0000002,GO:0051537,"2 iron, 2 sulfur cluster binding",1,InterPro2GO
IEA,GO_REF:0000002,GO:0019427,acetyl-CoA biosynthetic process from acetate,1,InterPro2GO
IEA,GO_REF:0000002,GO:0004930,G protein-coupled receptor activity,1,InterPro2GO
IEA,GO_REF:0000002,GO:0005694,chromosome,1,InterPro2GO
IEA,GO_REF:0000002,GO:0070481,"nuclear-transcribed mRNA catabolic process, non-stop decay",1,InterPro2GO
IEA,GO_REF:0000002,GO:0000278,mitotic cell cycle,1,InterPro2GO
IEA,GO_REF:0000002,GO:0000723,telomere maintenance,1,InterPro2GO
IEA,GO_REF:0000002,GO:0043175,RNA polymerase core enzyme binding,1,InterPro2GO
IEA,GO_REF:0000002,GO:0140658,ATP-dependent chromatin remodeler activity,1,InterPro2GO
IEA,GO_REF:0000002,GO:0007099,centriole replication,1,InterPro2GO
IEA,GO_REF:0000002,GO:0007094,mitotic spindle assembly checkpoint signaling,1,InterPro2GO
IEA,GO_REF:0000002,GO:0051018,protein kinase A binding,1,InterPro2GO
IEA,GO_REF:0000002,GO:0030193,regulation of blood coagulation,1,InterPro2GO
IEA,GO_REF:0000002,GO:0030414,peptidase inhibitor activity,1,InterPro2GO
IEA,GO_REF:0000002,GO:0009612,response to mechanical stimulus,1,InterPro2GO
IEA,GO_REF:0000002,GO:0006446,regulation of translational initiation,1,InterPro2GO
IEA,GO_REF:0000002,GO:0006879,intracellular iron ion homeostasis,1,InterPro2GO
IEA,GO_REF:0000002,GO:0042802,identical protein binding,1,InterPro2GO
IEA,GO_REF:0000002,GO:0019915,lipid storage,1,InterPro2GO
IEA,GO_REF:0000002,GO:0008138,protein tyrosine/serine/threonine phosphatase activity,1,InterPro2GO
IEA,GO_REF:0000002,GO:0008171,O-methyltransferase activity,1,InterPro2GO
IEA,GO_REF:0000002,GO:0006878,intracellular copper ion homeostasis,1,InterPro2GO
IEA,GO_REF:0000002,GO:0006432,phenylalanyl-tRNA aminoacylation,1,InterPro2GO
IEA,GO_REF:0000002,GO:0007417,central nervous system development,1,InterPro2GO
IEA,GO_REF:0000002,GO:0006772,thiamine metabolic process,1,InterPro2GO
IEA,GO_REF:0000002,GO:0045900,negative regulation of translational elongation,1,InterPro2GO
IEA,GO_REF:0000002,GO:0042311,vasodilation,1,InterPro2GO
IEA,GO_REF:0000002,GO:0005789,endoplasmic reticulum membrane,1,InterPro2GO
IEA,GO_REF:0000002,GO:0009749,response to glucose,1,InterPro2GO
IEA,GO_REF:0000002,GO:0030545,signaling receptor regulator activity,1,InterPro2GO
IEA,GO_REF:0000002,GO:0042732,D-xylose metabolic process,1,InterPro2GO
IEA,GO_REF:0000002,GO:0031047,regulatory ncRNA-mediated gene silencing,1,InterPro2GO
IEA,GO_REF:0000002,GO:0062158,chloride:proton antiporter activity,1,InterPro2GO
IEA,GO_REF:0000002,GO:0032266,phosphatidylinositol-3-phosphate binding,1,InterPro2GO
IEA,GO_REF:0000002,GO:0042632,cholesterol homeostasis,1,InterPro2GO
IEA,GO_REF:0000002,GO:0000124,SAGA complex,1,InterPro2GO
IEA,GO_REF:0000002,GO:0017064,fatty acid amide hydrolase activity,1,InterPro2GO
IEA,GO_REF:0000002,GO:0016597,amino acid binding,1,InterPro2GO
IEA,GO_REF:0000002,GO:0045104,intermediate filament cytoskeleton organization,1,InterPro2GO
IEA,GO_REF:0000002,GO:0034219,carbohydrate transmembrane transport,1,InterPro2GO
IEA,GO_REF:0000002,GO:0006605,protein targeting,1,InterPro2GO
IEA,GO_REF:0000002,GO:0004109,coproporphyrinogen oxidase activity,1,InterPro2GO
IEA,GO_REF:0000002,GO:0006685,sphingomyelin catabolic process,1,InterPro2GO
IEA,GO_REF:0000002,GO:0003885,"D-arabinono-1,4-lactone oxidase activity",1,InterPro2GO
IEA,GO_REF:0000002,GO:0003690,double-stranded DNA binding,1,InterPro2GO
IEA,GO_REF:0000002,GO:0002532,production of molecular mediator involved in inflammatory response,1,InterPro2GO
IEA,GO_REF:0000002,GO:0005244,voltage-gated monoatomic ion channel activity,1,InterPro2GO
IEA,GO_REF:0000002,GO:0005518,collagen binding,1,InterPro2GO
IEA,GO_REF:0000002,GO:0008418,protein-N-terminal asparagine amidohydrolase activity,1,InterPro2GO
IEA,GO_REF:0000002,GO:0005960,glycine cleavage complex,1,InterPro2GO
IEA,GO_REF:0000002,GO:0006741,NADP+ biosynthetic process,1,InterPro2GO
IEA,GO_REF:0000002,GO:0006813,potassium ion transport,1,InterPro2GO
IEA,GO_REF:0000002,GO:0006206,pyrimidine nucleobase metabolic process,1,InterPro2GO
IEA,GO_REF:0000002,GO:0006413,translational initiation,1,InterPro2GO
IEA,GO_REF:0000002,GO:0005758,mitochondrial intermembrane space,1,InterPro2GO
IEA,GO_REF:0000002,GO:0005874,microtubule,1,InterPro2GO
IEA,GO_REF:0000002,GO:0006047,UDP-N-acetylglucosamine metabolic process,1,InterPro2GO
IEA,GO_REF:0000002,GO:0000228,nuclear chromosome,1,InterPro2GO
IEA,GO_REF:0000002,GO:0009968,negative regulation of signal transduction,1,InterPro2GO
IEA,GO_REF:0000002,GO:0050890,cognition,1,InterPro2GO
IEA,GO_REF:0000002,GO:0008199,ferric iron binding,1,InterPro2GO
IEA,GO_REF:0000002,GO:0055117,regulation of cardiac muscle contraction,1,InterPro2GO
IEA,GO_REF:0000002,GO:0006418,tRNA aminoacylation for protein translation,1,InterPro2GO
IEA,GO_REF:0000002,GO:0006392,transcription elongation by mitochondrial RNA polymerase,1,InterPro2GO
IEA,GO_REF:0000002,GO:0006986,response to unfolded protein,1,InterPro2GO
IEA,GO_REF:0000002,GO:0007130,synaptonemal complex assembly,1,InterPro2GO
IEA,GO_REF:0000002,GO:0034128,negative regulation of MyD88-independent toll-like receptor signaling pathway,1,InterPro2GO
IEA,GO_REF:0000002,GO:0033735,aspartate dehydrogenase [NAD(P)+] activity,1,InterPro2GO
IEA,GO_REF:0000002,GO:0033198,response to ATP,1,InterPro2GO
IEA,GO_REF:0000002,GO:0004767,sphingomyelin phosphodiesterase activity,1,InterPro2GO
IEA,GO_REF:0000002,GO:0009072,aromatic amino acid metabolic process,1,InterPro2GO
IEA,GO_REF:0000002,GO:0009311,oligosaccharide metabolic process,1,InterPro2GO
IEA,GO_REF:0000002,GO:0009132,nucleoside diphosphate metabolic process,1,InterPro2GO
IEA,GO_REF:0000002,GO:0015914,phospholipid transport,1,InterPro2GO
IEA,GO_REF:0000002,GO:0007064,mitotic sister chromatid cohesion,1,InterPro2GO
IEA,GO_REF:0000002,GO:0035060,brahma complex,1,InterPro2GO
IEA,GO_REF:0000002,GO:0008009,chemokine activity,1,InterPro2GO
IEA,GO_REF:0000002,GO:0007626,locomotory behavior,1,InterPro2GO
IEA,GO_REF:0000002,GO:0000730,DNA recombinase assembly,1,InterPro2GO
IEA,GO_REF:0000002,GO:0006654,phosphatidic acid biosynthetic process,1,InterPro2GO
IEA,GO_REF:0000002,GO:0006419,alanyl-tRNA aminoacylation,1,InterPro2GO
IEA,GO_REF:0000002,GO:0006406,mRNA export from nucleus,1,InterPro2GO
IEA,GO_REF:0000002,GO:0016104,triterpenoid biosynthetic process,1,InterPro2GO
IEA,GO_REF:0000002,GO:0006261,DNA-templated DNA replication,1,InterPro2GO
IEA,GO_REF:0000002,GO:0001696,gastric acid secretion,1,InterPro2GO
IEA,GO_REF:0000002,GO:0050852,T cell receptor signaling pathway,1,InterPro2GO
IEA,GO_REF:0000002,GO:0005795,Golgi stack,1,InterPro2GO
IEA,GO_REF:0000002,GO:0043531,ADP binding,1,InterPro2GO
IEA,GO_REF:0000002,GO:0061015,snRNA import into nucleus,1,InterPro2GO
IEA,GO_REF:0000002,GO:0043209,myelin sheath,1,InterPro2GO
IEA,GO_REF:0000002,GO:0043039,tRNA aminoacylation,1,InterPro2GO
IEA,GO_REF:0000002,GO:0072583,clathrin-dependent endocytosis,1,InterPro2GO
IEA,GO_REF:0000002,GO:0071805,potassium ion transmembrane transport,1,InterPro2GO
IEA,GO_REF:0000002,GO:0042288,MHC class I protein binding,1,InterPro2GO
IEA,GO_REF:0000002,GO:0003785,actin monomer binding,1,InterPro2GO
IEA,GO_REF:0000002,GO:0005328,neurotransmitter:sodium symporter activity,1,InterPro2GO
IEA,GO_REF:0000002,GO:0048384,retinoic acid receptor signaling pathway,1,InterPro2GO
IEA,GO_REF:0000002,GO:0019955,cytokine binding,1,InterPro2GO
IEA,GO_REF:0000002,GO:1990961,xenobiotic detoxification by transmembrane export across the plasma membrane,1,InterPro2GO
IEA,GO_REF:0000002,GO:0005681,spliceosomal complex,1,InterPro2GO
IEA,GO_REF:0000002,GO:1990426,mitotic recombination-dependent replication fork processing,1,InterPro2GO
IEA,GO_REF:0000002,GO:0030837,negative regulation of actin filament polymerization,1,InterPro2GO
IEA,GO_REF:0000002,GO:0048484,enteric nervous system development,1,InterPro2GO
IEA,GO_REF:0000002,GO:0033617,mitochondrial cytochrome c oxidase assembly,1,InterPro2GO
IEA,GO_REF:0000002,GO:0005739,mitochondrion,1,InterPro2GO
IEA,GO_REF:0000002,GO:0071025,RNA surveillance,1,InterPro2GO
IEA,GO_REF:0000002,GO:0009306,protein secretion,1,InterPro2GO
IEA,GO_REF:0000002,GO:0004386,helicase activity,1,InterPro2GO
IEA,GO_REF:0000002,GO:0016740,transferase activity,1,InterPro2GO
IEA,GO_REF:0000002,GO:0090161,Golgi ribbon formation,1,InterPro2GO
IEA,GO_REF:0000002,GO:0090481,pyrimidine nucleotide-sugar transmembrane transport,1,InterPro2GO
IEA,GO_REF:0000002,GO:0001570,vasculogenesis,1,InterPro2GO
IEA,GO_REF:0000002,GO:0015232,heme transmembrane transporter activity,1,InterPro2GO
IEA,GO_REF:0000002,GO:0016494,C-X-C chemokine receptor activity,1,InterPro2GO
IEA,GO_REF:0000002,GO:0045494,photoreceptor cell maintenance,1,InterPro2GO
IEA,GO_REF:0000002,GO:0016272,prefoldin complex,1,InterPro2GO
IEA,GO_REF:0000002,GO:0015936,coenzyme A metabolic process,1,InterPro2GO
IEA,GO_REF:0000002,GO:0004813,alanine-tRNA ligase activity,1,InterPro2GO
IEA,GO_REF:0000002,GO:0004792,thiosulfate-cyanide sulfurtransferase activity,1,InterPro2GO
IEA,GO_REF:0000002,GO:0016556,mRNA modification,1,InterPro2GO
IEA,GO_REF:0000002,GO:0017056,structural constituent of nuclear pore,1,InterPro2GO
IEA,GO_REF:0000002,GO:0016010,dystrophin-associated glycoprotein complex,1,InterPro2GO
IEA,GO_REF:0000002,GO:0070206,protein trimerization,1,InterPro2GO
IEA,GO_REF:0000002,GO:0008430,selenium binding,1,InterPro2GO
IEA,GO_REF:0000002,GO:0008502,melatonin receptor activity,1,InterPro2GO
IEA,GO_REF:0000002,GO:0070921,regulation of siRNA processing,1,InterPro2GO
IEA,GO_REF:0000002,GO:0004523,RNA-DNA hybrid ribonuclease activity,1,InterPro2GO
IEA,GO_REF:0000002,GO:0005854,nascent polypeptide-associated complex,1,InterPro2GO
IEA,GO_REF:0000002,GO:0031297,replication fork processing,1,InterPro2GO
IEA,GO_REF:0000002,GO:0003777,microtubule motor activity,1,InterPro2GO
IEA,GO_REF:0000002,GO:0030371,translation repressor activity,1,InterPro2GO
IEA,GO_REF:0000002,GO:0000172,ribonuclease MRP complex,1,InterPro2GO
IEA,GO_REF:0000002,GO:0007017,microtubule-based process,1,InterPro2GO
IEA,GO_REF:0000002,GO:0060964,regulation of miRNA-mediated gene silencing,1,InterPro2GO
IEA,GO_REF:0000002,GO:0051431,corticotropin-releasing hormone receptor 2 binding,1,InterPro2GO
IEA,GO_REF:0000002,GO:0001726,ruffle,1,InterPro2GO
IEA,GO_REF:0000002,GO:0031396,regulation of protein ubiquitination,1,InterPro2GO
IEA,GO_REF:0000002,GO:0006006,glucose metabolic process,1,InterPro2GO
IEA,GO_REF:0000002,GO:0006952,defense response,1,InterPro2GO
IEA,GO_REF:0000002,GO:0051898,negative regulation of phosphatidylinositol 3-kinase/protein kinase B signal transduction,1,InterPro2GO
IEA,GO_REF:0000002,GO:0046654,tetrahydrofolate biosynthetic process,1,InterPro2GO
IEA,GO_REF:0000002,GO:0002062,chondrocyte differentiation,1,InterPro2GO
IEA,GO_REF:0000002,GO:0048487,beta-tubulin binding,1,InterPro2GO
IEA,GO_REF:0000002,GO:0040008,regulation of growth,1,InterPro2GO
IEA,GO_REF:0000002,GO:0043169,cation binding,1,InterPro2GO
IEA,GO_REF:0000002,GO:0034237,protein kinase A regulatory subunit binding,1,InterPro2GO
IEA,GO_REF:0000002,GO:0045046,protein import into peroxisome membrane,1,InterPro2GO
IEA,GO_REF:0000002,GO:0140575,transmembrane monodehydroascorbate reductase activity,1,InterPro2GO
IEA,GO_REF:0000002,GO:0016818,"hydrolase activity, acting on acid anhydrides, in phosphorus-containing anhydrides",1,InterPro2GO
IEA,GO_REF:0000002,GO:0009897,external side of plasma membrane,1,InterPro2GO
IEA,GO_REF:0000002,GO:0016799,"hydrolase activity, hydrolyzing N-glycosyl compounds",1,InterPro2GO
IEA,GO_REF:0000002,GO:0001228,"DNA-binding transcription activator activity, RNA polymerase II-specific",1,InterPro2GO
IEA,GO_REF:0000002,GO:0007623,circadian rhythm,1,InterPro2GO
IEA,GO_REF:0000002,GO:0016286,small conductance calcium-activated potassium channel activity,1,InterPro2GO
IEA,GO_REF:0000002,GO:0061617,MICOS complex,1,InterPro2GO
IEA,GO_REF:0000002,GO:0046541,saliva secretion,1,InterPro2GO
IEA,GO_REF:0000002,GO:0006302,double-strand break repair,1,InterPro2GO
IEA,GO_REF:0000002,GO:0006338,chromatin remodeling,1,InterPro2GO
IEA,GO_REF:0000002,GO:0005000,vasopressin receptor activity,1,InterPro2GO
IEA,GO_REF:0000002,GO:0051010,microtubule plus-end binding,1,InterPro2GO
IEA,GO_REF:0000002,GO:0005484,SNAP receptor activity,1,InterPro2GO
IEA,GO_REF:0000002,GO:0005319,lipid transporter activity,1,InterPro2GO
IEA,GO_REF:0000002,GO:0007269,neurotransmitter secretion,1,InterPro2GO
IEA,GO_REF:0000002,GO:0003887,DNA-directed DNA polymerase activity,1,InterPro2GO
IEA,GO_REF:0000002,GO:0007127,meiosis I,1,InterPro2GO
IEA,GO_REF:0000003,GO:0003925,G protein activity,32,EC2GO
IEA,GO_REF:0000003,GO:0061630,ubiquitin protein ligase activity,27,EC2GO
IEA,GO_REF:0000003,GO:0003724,RNA helicase activity,11,EC2GO
IEA,GO_REF:0000003,GO:0004693,cyclin-dependent protein serine/threonine kinase activity,10,EC2GO
IEA,GO_REF:0000003,GO:0004715,non-membrane spanning protein tyrosine kinase activity,9,EC2GO
IEA,GO_REF:0000003,GO:0061809,"NAD+ nucleosidase activity, cyclic ADP-ribose generating",8,EC2GO
IEA,GO_REF:0000003,GO:0004712,protein serine/threonine/tyrosine kinase activity,7,EC2GO
IEA,GO_REF:0000003,GO:0003678,DNA helicase activity,5,EC2GO
IEA,GO_REF:0000003,GO:0120518,protein N-terminal-methionine acetyltransferase activity,4,EC2GO
IEA,GO_REF:0000003,GO:0103068,leukotriene C4 gamma-glutamyl transferase activity,4,EC2GO
IEA,GO_REF:0000003,GO:0106256,hydroperoxy icosatetraenoate dehydratase activity,4,EC2GO
IEA,GO_REF:0000003,GO:0008559,ABC-type xenobiotic transporter activity,4,EC2GO
IEA,GO_REF:0000003,GO:0004697,diacylglycerol-dependent serine/threonine kinase activity,4,EC2GO
IEA,GO_REF:0000003,GO:0004575,sucrose alpha-glucosidase activity,3,EC2GO
IEA,GO_REF:0000003,GO:0004522,ribonuclease A activity,3,EC2GO
IEA,GO_REF:0000003,GO:0003756,protein disulfide isomerase activity,3,EC2GO
IEA,GO_REF:0000003,GO:0009003,signal peptidase activity,2,EC2GO
IEA,GO_REF:0000003,GO:0004709,MAP kinase kinase kinase activity,2,EC2GO
IEA,GO_REF:0000003,GO:0003953,NAD+ nucleosidase activity,2,EC2GO
IEA,GO_REF:0000003,GO:0008311,double-stranded DNA 3'-5' DNA exonuclease activity,2,EC2GO
IEA,GO_REF:0000003,GO:0106429,11-cis-retinol dehydrogenase (NAD+) activity,2,EC2GO
IEA,GO_REF:0000003,GO:0008859,exoribonuclease II activity,2,EC2GO
IEA,GO_REF:0000003,GO:0004722,protein serine/threonine phosphatase activity,2,EC2GO
IEA,GO_REF:0000003,GO:0003829,"beta-1,3-galactosyl-O-glycosyl-glycoprotein beta-1,6-N-acetylglucosaminyltransferase activity",2,EC2GO
IEA,GO_REF:0000003,GO:0004574,"oligo-1,6-glucosidase activity",2,EC2GO
IEA,GO_REF:0000003,GO:0004674,protein serine/threonine kinase activity,2,EC2GO
IEA,GO_REF:0000003,GO:0016285,alanyl aminopeptidase activity,2,EC2GO
IEA,GO_REF:0000003,GO:0140825,lactoperoxidase activity,1,EC2GO
IEA,GO_REF:0000003,GO:0004773,steryl-sulfatase activity,1,EC2GO
IEA,GO_REF:0000003,GO:1990599,3' overhang single-stranded DNA endodeoxyribonuclease activity,1,EC2GO
IEA,GO_REF:0000003,GO:0004239,initiator methionyl aminopeptidase activity,1,EC2GO
IEA,GO_REF:0000003,GO:0004181,metallocarboxypeptidase activity,1,EC2GO
IEA,GO_REF:0000003,GO:0016297,fatty acyl-[ACP] hydrolase activity,1,EC2GO
IEA,GO_REF:0000003,GO:0004725,protein tyrosine phosphatase activity,1,EC2GO
IEA,GO_REF:0000003,GO:0043138,3'-5' DNA helicase activity,1,EC2GO
IEA,GO_REF:0000003,GO:0045174,glutathione dehydrogenase (ascorbate) activity,1,EC2GO
IEA,GO_REF:0000003,GO:0047223,"beta-1,3-galactosyl-O-glycosyl-glycoprotein beta-1,3-N-acetylglucosaminyltransferase activity",1,EC2GO
IEA,GO_REF:0000003,GO:0008843,endochitinase activity,1,EC2GO
IEA,GO_REF:0000003,GO:0008474,palmitoyl-(protein) hydrolase activity,1,EC2GO
IEA,GO_REF:0000003,GO:0008239,dipeptidyl-peptidase activity,1,EC2GO
IEA,GO_REF:0000003,GO:0004528,phosphodiesterase I activity,1,EC2GO
IEA,GO_REF:0000003,GO:0004708,MAP kinase kinase activity,1,EC2GO
IEA,GO_REF:0000003,GO:0004185,serine-type carboxypeptidase activity,1,EC2GO
IEA,GO_REF:0000003,GO:0003964,RNA-directed DNA polymerase activity,1,EC2GO
IEA,GO_REF:0000003,GO:0015431,ABC-type glutathione S-conjugate transporter activity,1,EC2GO
IEA,GO_REF:0000003,GO:0033876,glycochenodeoxycholate sulfotransferase activity,1,EC2GO
IEA,GO_REF:0000003,GO:0102033,long-chain fatty acid omega-hydroxylase activity,1,EC2GO
IEA,GO_REF:0000003,GO:0016712,"oxidoreductase activity, acting on paired donors, with incorporation or reduction of molecular oxygen, reduced flavin or flavoprotein as one donor, and incorporation of one atom of oxygen",1,EC2GO
IEA,GO_REF:0000003,GO:0003846,2-acylglycerol O-acyltransferase activity,1,EC2GO
IEA,GO_REF:0000003,GO:0016807,cysteine-type carboxypeptidase activity,1,EC2GO
IEA,GO_REF:0000003,GO:0061654,NEDD8 conjugating enzyme activity,1,EC2GO
IEA,GO_REF:0000003,GO:0004322,ferroxidase activity,1,EC2GO
IEA,GO_REF:0000003,GO:0004145,diamine N-acetyltransferase activity,1,EC2GO
IEA,GO_REF:0000003,GO:0008568,microtubule severing ATPase activity,1,EC2GO
IEA,GO_REF:0000003,GO:0045148,tripeptide aminopeptidase activity,1,EC2GO
IEA,GO_REF:0000003,GO:0008412,4-hydroxybenzoate polyprenyltransferase activity,1,EC2GO
IEA,GO_REF:0000003,GO:0140571,transmembrane ascorbate ferrireductase activity,1,EC2GO
IEA,GO_REF:0000003,GO:0033867,Fas-activated serine/threonine kinase activity,1,EC2GO
IEA,GO_REF:0000003,GO:0141016,G/T mismatch-specific thymine-DNA glycosylase activity,1,EC2GO
IEA,GO_REF:0000003,GO:0047860,diiodophenylpyruvate reductase (NAD+) activity,1,EC2GO
IEA,GO_REF:0000003,GO:0047044,"androstan-3-alpha,17-beta-diol dehydrogenase (NAD+) activity",1,EC2GO
IEA,GO_REF:0000003,GO:0003993,acid phosphatase activity,1,EC2GO
IEA,GO_REF:0000003,GO:0016174,NAD(P)H oxidase H2O2-forming activity,1,EC2GO
IEA,GO_REF:0000003,GO:0140933,5'-(N(7)-methylguanosine 5'-triphospho)-[mRNA] hydrolase activity,1,EC2GO
IEA,GO_REF:0000003,GO:1990003,IDP phosphatase activity,1,EC2GO
IEA,GO_REF:0000003,GO:0004577,N-acetylglucosaminyldiphosphodolichol N-acetylglucosaminyltransferase activity,1,EC2GO
IEA,GO_REF:0000003,GO:0004714,transmembrane receptor protein tyrosine kinase activity,1,EC2GO
IEA,GO_REF:0000003,GO:0050241,pyrroline-2-carboxylate reductase activity,1,EC2GO
IEA,GO_REF:0000003,GO:0003986,acetyl-CoA hydrolase activity,1,EC2GO
IEA,GO_REF:0000003,GO:0004144,diacylglycerol O-acyltransferase activity,1,EC2GO
IEA,GO_REF:0000003,GO:0004063,aryldialkylphosphatase activity,1,EC2GO
IEA,GO_REF:0000003,GO:0052650,all-trans-retinol dehydrogenase (NADP+) activity,1,EC2GO
IEA,GO_REF:0000003,GO:0016920,pyroglutamyl-peptidase activity,1,EC2GO
IEA,GO_REF:0000003,GO:0004843,cysteine-type deubiquitinase activity,1,EC2GO
IEA,GO_REF:0000003,GO:0140949,histone H3K9 trimethyltransferase activity,1,EC2GO
IEA,GO_REF:0000003,GO:0004230,glutamyl aminopeptidase activity,1,EC2GO
IEA,GO_REF:0000003,GO:0140326,ATPase-coupled intramembrane lipid transporter activity,1,EC2GO
IEA,GO_REF:0000003,GO:0047034,15-hydroxyicosatetraenoate dehydrogenase activity,1,EC2GO
IEA,GO_REF:0000003,GO:0004197,cysteine-type endopeptidase activity,1,EC2GO
IEA,GO_REF:0000003,GO:0045130,keratan sulfotransferase activity,1,EC2GO
IEA,GO_REF:0000041,GO:0016567,protein ubiquitination,107,UniProt UniPathway
IEA,GO_REF:0000041,GO:0016024,CDP-diacylglycerol biosynthetic process,10,UniProt UniPathway
IEA,GO_REF:0000041,GO:0006198,cAMP catabolic process,7,UniProt UniPathway
IEA,GO_REF:0000041,GO:0019563,glycerol catabolic process,5,UniProt UniPathway
IEA,GO_REF:0000041,GO:0006068,ethanol catabolic process,5,UniProt UniPathway
IEA,GO_REF:0000041,GO:0042572,retinol metabolic process,4,UniProt UniPathway
IEA,GO_REF:0000041,GO:0006631,fatty acid metabolic process,4,UniProt UniPathway
IEA,GO_REF:0000041,GO:0006119,oxidative phosphorylation,4,UniProt UniPathway
IEA,GO_REF:0000041,GO:0019557,L-histidine catabolic process to glutamate and formate,4,UniProt UniPathway
IEA,GO_REF:0000041,GO:0030210,heparin proteoglycan biosynthetic process,4,UniProt UniPathway
IEA,GO_REF:0000041,GO:0033512,L-lysine catabolic process to acetyl-CoA via saccharopine,3,UniProt UniPathway
IEA,GO_REF:0000041,GO:0006635,fatty acid beta-oxidation,3,UniProt UniPathway
IEA,GO_REF:0000041,GO:0019556,L-histidine catabolic process to glutamate and formamide,3,UniProt UniPathway
IEA,GO_REF:0000041,GO:0043161,proteasome-mediated ubiquitin-dependent protein catabolic process,3,UniProt UniPathway
IEA,GO_REF:0000041,GO:0016925,protein sumoylation,3,UniProt UniPathway
IEA,GO_REF:0000041,GO:0044210,'de novo' CTP biosynthetic process,2,UniProt UniPathway
IEA,GO_REF:0000041,GO:0033384,geranyl diphosphate biosynthetic process,2,UniProt UniPathway
IEA,GO_REF:0000041,GO:0019518,L-threonine catabolic process to glycine,2,UniProt UniPathway
IEA,GO_REF:0000041,GO:0046488,phosphatidylinositol metabolic process,2,UniProt UniPathway
IEA,GO_REF:0000041,GO:0097053,L-kynurenine catabolic process,2,UniProt UniPathway
IEA,GO_REF:0000041,GO:0044206,UMP salvage,2,UniProt UniPathway
IEA,GO_REF:0000041,GO:0019369,arachidonate metabolic process,2,UniProt UniPathway
IEA,GO_REF:0000041,GO:0006552,L-leucine catabolic process,2,UniProt UniPathway
IEA,GO_REF:0000041,GO:0006045,N-acetylglucosamine biosynthetic process,2,UniProt UniPathway
IEA,GO_REF:0000041,GO:0006703,estrogen biosynthetic process,2,UniProt UniPathway
IEA,GO_REF:0000041,GO:0006579,amino-acid betaine catabolic process,2,UniProt UniPathway
IEA,GO_REF:0000041,GO:0006636,unsaturated fatty acid biosynthetic process,2,UniProt UniPathway
IEA,GO_REF:0000041,GO:0008203,cholesterol metabolic process,2,UniProt UniPathway
IEA,GO_REF:0000041,GO:0042853,L-alanine catabolic process,2,UniProt UniPathway
IEA,GO_REF:0000041,GO:0050992,dimethylallyl diphosphate biosynthetic process,2,UniProt UniPathway
IEA,GO_REF:0000041,GO:0006021,inositol biosynthetic process,2,UniProt UniPathway
IEA,GO_REF:0000041,GO:0006782,protoporphyrinogen IX biosynthetic process,2,UniProt UniPathway
IEA,GO_REF:0000041,GO:0006650,glycerophospholipid metabolic process,1,UniProt UniPathway
IEA,GO_REF:0000041,GO:0061370,testosterone biosynthetic process,1,UniProt UniPathway
IEA,GO_REF:0000041,GO:0019483,beta-alanine biosynthetic process,1,UniProt UniPathway
IEA,GO_REF:0000041,GO:0046386,deoxyribose phosphate catabolic process,1,UniProt UniPathway
IEA,GO_REF:0000041,GO:0006568,L-tryptophan metabolic process,1,UniProt UniPathway
IEA,GO_REF:0000041,GO:0006749,glutathione metabolic process,1,UniProt UniPathway
IEA,GO_REF:0000041,GO:0009447,putrescine catabolic process,1,UniProt UniPathway
IEA,GO_REF:0000041,GO:0006235,dTTP biosynthetic process,1,UniProt UniPathway
IEA,GO_REF:0000041,GO:0055129,L-proline biosynthetic process,1,UniProt UniPathway
IEA,GO_REF:0000041,GO:0035999,tetrahydrofolate interconversion,1,UniProt UniPathway
IEA,GO_REF:0000041,GO:0006545,glycine biosynthetic process,1,UniProt UniPathway
IEA,GO_REF:0000041,GO:2001295,malonyl-CoA biosynthetic process,1,UniProt UniPathway
IEA,GO_REF:0000041,GO:0000050,urea cycle,1,UniProt UniPathway
IEA,GO_REF:0000041,GO:0006054,N-acetylneuraminate metabolic process,1,UniProt UniPathway
IEA,GO_REF:0000041,GO:0006574,L-valine catabolic process,1,UniProt UniPathway
IEA,GO_REF:0000041,GO:0046486,glycerolipid metabolic process,1,UniProt UniPathway
IEA,GO_REF:0000041,GO:0042412,taurine biosynthetic process,1,UniProt UniPathway
IEA,GO_REF:0000041,GO:0019285,glycine betaine biosynthetic process from choline,1,UniProt UniPathway
IEA,GO_REF:0000041,GO:0006094,gluconeogenesis,1,UniProt UniPathway
IEA,GO_REF:0000041,GO:0015012,heparan sulfate proteoglycan biosynthetic process,1,UniProt UniPathway
IEA,GO_REF:0000041,GO:0019628,urate catabolic process,1,UniProt UniPathway
IEA,GO_REF:0000041,GO:0006665,sphingolipid metabolic process,1,UniProt UniPathway
IEA,GO_REF:0000041,GO:0022904,respiratory electron transport chain,1,UniProt UniPathway
IEA,GO_REF:0000041,GO:0045337,farnesyl diphosphate biosynthetic process,1,UniProt UniPathway
IEA,GO_REF:0000043,GO:0046872,metal ion binding,2299,UniProt Keywords
IEA,GO_REF:0000043,GO:0008270,zinc ion binding,1239,UniProt Keywords
IEA,GO_REF:0000043,GO:0000166,nucleotide binding,362,UniProt Keywords
IEA,GO_REF:0000043,GO:0005524,ATP binding,326,UniProt Keywords
IEA,GO_REF:0000043,GO:0030154,cell differentiation,319,UniProt Keywords
IEA,GO_REF:0000043,GO:0051301,cell division,317,UniProt Keywords
IEA,GO_REF:0000043,GO:0002250,adaptive immune response,309,UniProt Keywords
IEA,GO_REF:0000043,GO:0006915,apoptotic process,291,UniProt Keywords
IEA,GO_REF:0000043,GO:0015031,protein transport,290,UniProt Keywords
IEA,GO_REF:0000043,GO:0002376,immune system process,228,UniProt Keywords
IEA,GO_REF:0000043,GO:0045087,innate immune response,223,UniProt Keywords
IEA,GO_REF:0000043,GO:0003677,DNA binding,221,UniProt Keywords
IEA,GO_REF:0000043,GO:0006397,mRNA processing,145,UniProt Keywords
IEA,GO_REF:0000043,GO:0019236,response to pheromone,132,UniProt Keywords
IEA,GO_REF:0000043,GO:0007155,cell adhesion,130,UniProt Keywords
IEA,GO_REF:0000043,GO:0005874,microtubule,127,UniProt Keywords
IEA,GO_REF:0000043,GO:0019814,immunoglobulin complex,115,UniProt Keywords
IEA,GO_REF:0000043,GO:0016787,hydrolase activity,114,UniProt Keywords
IEA,GO_REF:0000043,GO:0006954,inflammatory response,112,UniProt Keywords
IEA,GO_REF:0000043,GO:0016055,Wnt signaling pathway,109,UniProt Keywords
IEA,GO_REF:0000043,GO:0030246,carbohydrate binding,108,UniProt Keywords
IEA,GO_REF:0000043,GO:0008380,RNA splicing,105,UniProt Keywords
IEA,GO_REF:0000043,GO:0006508,proteolysis,100,UniProt Keywords
IEA,GO_REF:0000043,GO:0098552,side of membrane,99,UniProt Keywords
IEA,GO_REF:0000043,GO:0006629,lipid metabolic process,98,UniProt Keywords
IEA,GO_REF:0000043,GO:0042101,T cell receptor complex,97,UniProt Keywords
IEA,GO_REF:0000043,GO:0006281,DNA repair,95,UniProt Keywords
IEA,GO_REF:0000043,GO:0007283,spermatogenesis,92,UniProt Keywords
IEA,GO_REF:0000043,GO:0003723,RNA binding,84,UniProt Keywords
IEA,GO_REF:0000043,GO:0001525,angiogenesis,84,UniProt Keywords
IEA,GO_REF:0000043,GO:0005516,calmodulin binding,77,UniProt Keywords
IEA,GO_REF:0000043,GO:0032259,methylation,73,UniProt Keywords
IEA,GO_REF:0000043,GO:0007399,nervous system development,66,UniProt Keywords
IEA,GO_REF:0000043,GO:0048511,rhythmic process,62,UniProt Keywords
IEA,GO_REF:0000043,GO:0006974,DNA damage response,62,UniProt Keywords
IEA,GO_REF:0000043,GO:0006914,autophagy,60,UniProt Keywords
IEA,GO_REF:0000043,GO:0008289,lipid binding,57,UniProt Keywords
IEA,GO_REF:0000043,GO:0006325,chromatin organization,52,UniProt Keywords
IEA,GO_REF:0000043,GO:0006811,monoatomic ion transport,51,UniProt Keywords
IEA,GO_REF:0000043,GO:0005581,collagen trimer,49,UniProt Keywords
IEA,GO_REF:0000043,GO:0003779,actin binding,48,UniProt Keywords
IEA,GO_REF:0000043,GO:0006897,endocytosis,47,UniProt Keywords
IEA,GO_REF:0000043,GO:0051028,mRNA transport,46,UniProt Keywords
IEA,GO_REF:0000043,GO:0034707,chloride channel complex,43,UniProt Keywords
IEA,GO_REF:0000043,GO:0005525,GTP binding,43,UniProt Keywords
IEA,GO_REF:0000043,GO:0017124,SH3 domain binding,42,UniProt Keywords
IEA,GO_REF:0000043,GO:0016042,lipid catabolic process,41,UniProt Keywords
IEA,GO_REF:0000043,GO:0051321,meiotic cell cycle,39,UniProt Keywords
IEA,GO_REF:0000043,GO:0031424,keratinization,37,UniProt Keywords
IEA,GO_REF:0000043,GO:0051781,positive regulation of cell division,35,UniProt Keywords
IEA,GO_REF:0000043,GO:0007601,visual perception,34,UniProt Keywords
IEA,GO_REF:0000043,GO:0034702,monoatomic ion channel complex,34,UniProt Keywords
IEA,GO_REF:0000043,GO:0006260,DNA replication,33,UniProt Keywords
IEA,GO_REF:0000043,GO:0051607,defense response to virus,33,UniProt Keywords
IEA,GO_REF:0000043,GO:0007517,muscle organ development,32,UniProt Keywords
IEA,GO_REF:0000043,GO:0005882,intermediate filament,32,UniProt Keywords
IEA,GO_REF:0000043,GO:0030030,cell projection organization,30,UniProt Keywords
IEA,GO_REF:0000043,GO:0015293,symporter activity,30,UniProt Keywords
IEA,GO_REF:0000043,GO:0016779,nucleotidyltransferase activity,30,UniProt Keywords
IEA,GO_REF:0000043,GO:0005125,cytokine activity,29,UniProt Keywords
IEA,GO_REF:0000043,GO:0016740,transferase activity,29,UniProt Keywords
IEA,GO_REF:0000043,GO:0008083,growth factor activity,28,UniProt Keywords
IEA,GO_REF:0000043,GO:0006417,regulation of translation,28,UniProt Keywords
IEA,GO_REF:0000043,GO:0000049,tRNA binding,28,UniProt Keywords
IEA,GO_REF:0000043,GO:0005096,GTPase activator activity,27,UniProt Keywords
IEA,GO_REF:0000043,GO:0031410,cytoplasmic vesicle,26,UniProt Keywords
IEA,GO_REF:0000043,GO:0006869,lipid transport,25,UniProt Keywords
IEA,GO_REF:0000043,GO:0008201,heparin binding,25,UniProt Keywords
IEA,GO_REF:0000043,GO:0006310,DNA recombination,25,UniProt Keywords
IEA,GO_REF:0000043,GO:0008202,steroid metabolic process,24,UniProt Keywords
IEA,GO_REF:0000043,GO:0006364,rRNA processing,24,UniProt Keywords
IEA,GO_REF:0000043,GO:0006935,chemotaxis,24,UniProt Keywords
IEA,GO_REF:0000043,GO:0015297,antiporter activity,23,UniProt Keywords
IEA,GO_REF:0000043,GO:0006887,exocytosis,23,UniProt Keywords
IEA,GO_REF:0000043,GO:0005615,extracellular space,22,UniProt Keywords
IEA,GO_REF:0000043,GO:0005085,guanyl-nucleotide exchange factor activity,22,UniProt Keywords
IEA,GO_REF:0000043,GO:0004519,endonuclease activity,22,UniProt Keywords
IEA,GO_REF:0000043,GO:0008203,cholesterol metabolic process,21,UniProt Keywords
IEA,GO_REF:0000043,GO:0006953,acute-phase response,21,UniProt Keywords
IEA,GO_REF:0000043,GO:0016491,oxidoreductase activity,20,UniProt Keywords
IEA,GO_REF:0000043,GO:0051536,iron-sulfur cluster binding,20,UniProt Keywords
IEA,GO_REF:0000043,GO:0031640,killing of cells of another organism,20,UniProt Keywords
IEA,GO_REF:0000043,GO:0001503,ossification,19,UniProt Keywords
IEA,GO_REF:0000043,GO:1990904,ribonucleoprotein complex,19,UniProt Keywords
IEA,GO_REF:0000043,GO:0006631,fatty acid metabolic process,18,UniProt Keywords
IEA,GO_REF:0000043,GO:0006814,sodium ion transport,18,UniProt Keywords
IEA,GO_REF:0000043,GO:0042612,MHC class I protein complex,17,UniProt Keywords
IEA,GO_REF:0000043,GO:0008233,peptidase activity,17,UniProt Keywords
IEA,GO_REF:0000043,GO:0006958,"complement activation, classical pathway",17,UniProt Keywords
IEA,GO_REF:0000043,GO:0043005,neuron projection,17,UniProt Keywords
IEA,GO_REF:0000043,GO:0006986,response to unfolded protein,17,UniProt Keywords
IEA,GO_REF:0000043,GO:0006694,steroid biosynthetic process,17,UniProt Keywords
IEA,GO_REF:0000043,GO:0007219,Notch signaling pathway,16,UniProt Keywords
IEA,GO_REF:0000043,GO:0004930,G protein-coupled receptor activity,16,UniProt Keywords
IEA,GO_REF:0000043,GO:0000776,kinetochore,16,UniProt Keywords
IEA,GO_REF:0000043,GO:0005681,spliceosomal complex,16,UniProt Keywords
IEA,GO_REF:0000043,GO:0051539,"4 iron, 4 sulfur cluster binding",15,UniProt Keywords
IEA,GO_REF:0000043,GO:0031214,biomineral tissue development,15,UniProt Keywords
IEA,GO_REF:0000043,GO:0007059,chromosome segregation,15,UniProt Keywords
IEA,GO_REF:0000043,GO:0042742,defense response to bacterium,15,UniProt Keywords
IEA,GO_REF:0000043,GO:0007599,hemostasis,14,UniProt Keywords
IEA,GO_REF:0000043,GO:0000184,"nuclear-transcribed mRNA catabolic process, nonsense-mediated decay",14,UniProt Keywords
IEA,GO_REF:0000043,GO:0007338,single fertilization,14,UniProt Keywords
IEA,GO_REF:0000043,GO:0052689,carboxylic ester hydrolase activity,14,UniProt Keywords
IEA,GO_REF:0000043,GO:0007596,blood coagulation,14,UniProt Keywords
IEA,GO_REF:0000043,GO:0005550,pheromone binding,14,UniProt Keywords
IEA,GO_REF:0000043,GO:0006909,phagocytosis,14,UniProt Keywords
IEA,GO_REF:0000043,GO:0051216,cartilage development,13,UniProt Keywords
IEA,GO_REF:0000043,GO:0009968,negative regulation of signal transduction,13,UniProt Keywords
IEA,GO_REF:0000043,GO:0006633,fatty acid biosynthetic process,13,UniProt Keywords
IEA,GO_REF:0000043,GO:0004867,serine-type endopeptidase inhibitor activity,13,UniProt Keywords
IEA,GO_REF:0000043,GO:0016301,kinase activity,13,UniProt Keywords
IEA,GO_REF:0000043,GO:0007186,G protein-coupled receptor signaling pathway,13,UniProt Keywords
IEA,GO_REF:0000043,GO:0008033,tRNA processing,12,UniProt Keywords
IEA,GO_REF:0000043,GO:0004386,helicase activity,12,UniProt Keywords
IEA,GO_REF:0000043,GO:0004864,protein phosphatase inhibitor activity,12,UniProt Keywords
IEA,GO_REF:0000043,GO:0006412,translation,11,UniProt Keywords
IEA,GO_REF:0000043,GO:0008360,regulation of cell shape,11,UniProt Keywords
IEA,GO_REF:0000043,GO:0005977,glycogen metabolic process,10,UniProt Keywords
IEA,GO_REF:0000043,GO:0030414,peptidase inhibitor activity,10,UniProt Keywords
IEA,GO_REF:0000043,GO:0031047,regulatory ncRNA-mediated gene silencing,10,UniProt Keywords
IEA,GO_REF:0000043,GO:0007565,female pregnancy,10,UniProt Keywords
IEA,GO_REF:0000043,GO:0008237,metallopeptidase activity,10,UniProt Keywords
IEA,GO_REF:0000043,GO:0007218,neuropeptide signaling pathway,10,UniProt Keywords
IEA,GO_REF:0000043,GO:0008168,methyltransferase activity,9,UniProt Keywords
IEA,GO_REF:0000043,GO:0004518,nuclease activity,9,UniProt Keywords
IEA,GO_REF:0000043,GO:0006836,neurotransmitter transport,9,UniProt Keywords
IEA,GO_REF:0000043,GO:0048477,oogenesis,9,UniProt Keywords
IEA,GO_REF:0000043,GO:0042254,ribosome biogenesis,9,UniProt Keywords
IEA,GO_REF:0000043,GO:0008654,phospholipid biosynthetic process,8,UniProt Keywords
IEA,GO_REF:0000043,GO:0005496,steroid binding,8,UniProt Keywords
IEA,GO_REF:0000043,GO:0005179,hormone activity,8,UniProt Keywords
IEA,GO_REF:0000043,GO:0005262,calcium channel activity,8,UniProt Keywords
IEA,GO_REF:0000043,GO:0012501,programmed cell death,8,UniProt Keywords
IEA,GO_REF:0000043,GO:0004674,protein serine/threonine kinase activity,8,UniProt Keywords
IEA,GO_REF:0000043,GO:0070588,calcium ion transmembrane transport,8,UniProt Keywords
IEA,GO_REF:0000043,GO:0016126,sterol biosynthetic process,8,UniProt Keywords
IEA,GO_REF:0000043,GO:0016918,retinal binding,8,UniProt Keywords
IEA,GO_REF:0000043,GO:0034364,high-density lipoprotein particle,8,UniProt Keywords
IEA,GO_REF:0000043,GO:0000502,proteasome complex,8,UniProt Keywords
IEA,GO_REF:0000043,GO:0051726,regulation of cell cycle,8,UniProt Keywords
IEA,GO_REF:0000043,GO:0042446,hormone biosynthetic process,7,UniProt Keywords
IEA,GO_REF:0000043,GO:0006816,calcium ion transport,7,UniProt Keywords
IEA,GO_REF:0000043,GO:0016829,lyase activity,7,UniProt Keywords
IEA,GO_REF:0000043,GO:0006006,glucose metabolic process,7,UniProt Keywords
IEA,GO_REF:0000043,GO:0016853,isomerase activity,7,UniProt Keywords
IEA,GO_REF:0000043,GO:0019843,rRNA binding,7,UniProt Keywords
IEA,GO_REF:0000043,GO:0006730,one-carbon metabolic process,7,UniProt Keywords
IEA,GO_REF:0000043,GO:0007605,sensory perception of sound,7,UniProt Keywords
IEA,GO_REF:0000043,GO:0043249,erythrocyte maturation,7,UniProt Keywords
IEA,GO_REF:0000043,GO:0006813,potassium ion transport,6,UniProt Keywords
IEA,GO_REF:0000043,GO:0043303,mast cell degranulation,6,UniProt Keywords
IEA,GO_REF:0000043,GO:0009636,response to toxic substance,6,UniProt Keywords
IEA,GO_REF:0000043,GO:0016192,vesicle-mediated transport,6,UniProt Keywords
IEA,GO_REF:0000043,GO:0007369,gastrulation,6,UniProt Keywords
IEA,GO_REF:0000043,GO:0006865,amino acid transport,6,UniProt Keywords
IEA,GO_REF:0000043,GO:0019841,retinol binding,6,UniProt Keywords
IEA,GO_REF:0000043,GO:0004177,aminopeptidase activity,5,UniProt Keywords
IEA,GO_REF:0000043,GO:0007165,signal transduction,5,UniProt Keywords
IEA,GO_REF:0000043,GO:0005272,sodium channel activity,5,UniProt Keywords
IEA,GO_REF:0000043,GO:0030552,cAMP binding,5,UniProt Keywords
IEA,GO_REF:0000043,GO:0042113,B cell activation,5,UniProt Keywords
IEA,GO_REF:0000043,GO:0051537,"2 iron, 2 sulfur cluster binding",5,UniProt Keywords
IEA,GO_REF:0000043,GO:0006695,cholesterol biosynthetic process,5,UniProt Keywords
IEA,GO_REF:0000043,GO:0015288,porin activity,5,UniProt Keywords
IEA,GO_REF:0000043,GO:0051213,dioxygenase activity,5,UniProt Keywords
IEA,GO_REF:0000043,GO:0005905,clathrin-coated pit,5,UniProt Keywords
IEA,GO_REF:0000043,GO:0032982,myosin filament,5,UniProt Keywords
IEA,GO_REF:0000043,GO:0034220,monoatomic ion transmembrane transport,5,UniProt Keywords
IEA,GO_REF:0000043,GO:0034362,low-density lipoprotein particle,5,UniProt Keywords
IEA,GO_REF:0000043,GO:0002474,antigen processing and presentation of peptide antigen via MHC class I,5,UniProt Keywords
IEA,GO_REF:0000043,GO:0051693,actin filament capping,5,UniProt Keywords
IEA,GO_REF:0000043,GO:0009117,nucleotide metabolic process,5,UniProt Keywords
IEA,GO_REF:0000043,GO:0042730,fibrinolysis,5,UniProt Keywords
IEA,GO_REF:0000043,GO:0097746,blood vessel diameter maintenance,5,UniProt Keywords
IEA,GO_REF:0000043,GO:0034361,very-low-density lipoprotein particle,4,UniProt Keywords
IEA,GO_REF:0000043,GO:0006071,glycerol metabolic process,4,UniProt Keywords
IEA,GO_REF:0000043,GO:0042744,hydrogen peroxide catabolic process,4,UniProt Keywords
IEA,GO_REF:0000043,GO:0007608,sensory perception of smell,4,UniProt Keywords
IEA,GO_REF:0000043,GO:0004180,carboxypeptidase activity,4,UniProt Keywords
IEA,GO_REF:0000043,GO:0048771,tissue remodeling,4,UniProt Keywords
IEA,GO_REF:0000043,GO:0004721,phosphoprotein phosphatase activity,4,UniProt Keywords
IEA,GO_REF:0000043,GO:0030574,collagen catabolic process,4,UniProt Keywords
IEA,GO_REF:0000043,GO:0007229,integrin-mediated signaling pathway,4,UniProt Keywords
IEA,GO_REF:0000043,GO:0046930,pore complex,4,UniProt Keywords
IEA,GO_REF:0000043,GO:0003746,translation elongation factor activity,4,UniProt Keywords
IEA,GO_REF:0000043,GO:0006957,"complement activation, alternative pathway",4,UniProt Keywords
IEA,GO_REF:0000043,GO:0007586,digestion,4,UniProt Keywords
IEA,GO_REF:0000043,GO:0006099,tricarboxylic acid cycle,4,UniProt Keywords
IEA,GO_REF:0000043,GO:0004869,cysteine-type endopeptidase inhibitor activity,4,UniProt Keywords
IEA,GO_REF:0000043,GO:0075523,viral translational frameshifting,4,UniProt Keywords
IEA,GO_REF:0000043,GO:0016209,antioxidant activity,4,UniProt Keywords
IEA,GO_REF:0000043,GO:0004860,protein kinase inhibitor activity,4,UniProt Keywords
IEA,GO_REF:0000043,GO:0000272,polysaccharide catabolic process,3,UniProt Keywords
IEA,GO_REF:0000043,GO:0006096,glycolytic process,3,UniProt Keywords
IEA,GO_REF:0000043,GO:0005499,vitamin D binding,3,UniProt Keywords
IEA,GO_REF:0000043,GO:0006144,purine nucleobase metabolic process,3,UniProt Keywords
IEA,GO_REF:0000043,GO:0004527,exonuclease activity,3,UniProt Keywords
IEA,GO_REF:0000043,GO:0030553,cGMP binding,3,UniProt Keywords
IEA,GO_REF:0000043,GO:0006754,ATP biosynthetic process,3,UniProt Keywords
IEA,GO_REF:0000043,GO:0030261,chromosome condensation,3,UniProt Keywords
IEA,GO_REF:0000043,GO:0006783,heme biosynthetic process,3,UniProt Keywords
IEA,GO_REF:0000043,GO:0006414,translational elongation,3,UniProt Keywords
IEA,GO_REF:0000043,GO:0019838,growth factor binding,3,UniProt Keywords
IEA,GO_REF:0000043,GO:0048038,quinone binding,3,UniProt Keywords
IEA,GO_REF:0000043,GO:0016874,ligase activity,3,UniProt Keywords
IEA,GO_REF:0000043,GO:0006750,glutathione biosynthetic process,3,UniProt Keywords
IEA,GO_REF:0000043,GO:0031419,cobalamin binding,3,UniProt Keywords
IEA,GO_REF:0000043,GO:0016459,myosin complex,3,UniProt Keywords
IEA,GO_REF:0000043,GO:0071897,DNA biosynthetic process,3,UniProt Keywords
IEA,GO_REF:0000043,GO:0006353,DNA-templated transcription termination,3,UniProt Keywords
IEA,GO_REF:0000043,GO:0006166,purine ribonucleoside salvage,3,UniProt Keywords
IEA,GO_REF:0000043,GO:0003743,translation initiation factor activity,3,UniProt Keywords
IEA,GO_REF:0000043,GO:0005267,potassium channel activity,3,UniProt Keywords
IEA,GO_REF:0000043,GO:0042627,chylomicron,3,UniProt Keywords
IEA,GO_REF:0000043,GO:0006596,polyamine biosynthetic process,3,UniProt Keywords
IEA,GO_REF:0000043,GO:0007585,respiratory gaseous exchange by respiratory system,3,UniProt Keywords
IEA,GO_REF:0000043,GO:0005254,chloride channel activity,3,UniProt Keywords
IEA,GO_REF:0000043,GO:0042438,melanin biosynthetic process,3,UniProt Keywords
IEA,GO_REF:0000043,GO:0001618,virus receptor activity,2,UniProt Keywords
IEA,GO_REF:0000043,GO:0042245,RNA repair,2,UniProt Keywords
IEA,GO_REF:0000043,GO:0006824,cobalt ion transport,2,UniProt Keywords
IEA,GO_REF:0000043,GO:0007595,lactation,2,UniProt Keywords
IEA,GO_REF:0000043,GO:0001660,fever generation,2,UniProt Keywords
IEA,GO_REF:0000043,GO:0009881,photoreceptor activity,2,UniProt Keywords
IEA,GO_REF:0000043,GO:0030573,bile acid catabolic process,2,UniProt Keywords
IEA,GO_REF:0000043,GO:0006584,catecholamine metabolic process,2,UniProt Keywords
IEA,GO_REF:0000043,GO:0006413,translational initiation,2,UniProt Keywords
IEA,GO_REF:0000043,GO:0016798,"hydrolase activity, acting on glycosyl bonds",2,UniProt Keywords
IEA,GO_REF:0000043,GO:0008234,cysteine-type peptidase activity,2,UniProt Keywords
IEA,GO_REF:0000043,GO:0030286,dynein complex,2,UniProt Keywords
IEA,GO_REF:0000043,GO:0016746,acyltransferase activity,2,UniProt Keywords
IEA,GO_REF:0000043,GO:0004713,protein tyrosine kinase activity,2,UniProt Keywords
IEA,GO_REF:0000043,GO:0008652,amino acid biosynthetic process,2,UniProt Keywords
IEA,GO_REF:0000043,GO:0005344,oxygen carrier activity,2,UniProt Keywords
IEA,GO_REF:0000043,GO:0017148,negative regulation of translation,2,UniProt Keywords
IEA,GO_REF:0000043,GO:0071805,potassium ion transmembrane transport,2,UniProt Keywords
IEA,GO_REF:0000043,GO:0031418,L-ascorbic acid binding,2,UniProt Keywords
IEA,GO_REF:0000043,GO:0030500,regulation of bone mineralization,2,UniProt Keywords
IEA,GO_REF:0000043,GO:1902600,proton transmembrane transport,2,UniProt Keywords
IEA,GO_REF:0000043,GO:0000786,nucleosome,2,UniProt Keywords
IEA,GO_REF:0000043,GO:0001515,opioid peptide activity,2,UniProt Keywords
IEA,GO_REF:0000043,GO:0006004,fucose metabolic process,2,UniProt Keywords
IEA,GO_REF:0000043,GO:0007268,chemical synaptic transmission,2,UniProt Keywords
IEA,GO_REF:0000043,GO:0003887,DNA-directed DNA polymerase activity,2,UniProt Keywords
IEA,GO_REF:0000043,GO:0006097,glyoxylate cycle,2,UniProt Keywords
IEA,GO_REF:0000043,GO:0007548,sex differentiation,2,UniProt Keywords
IEA,GO_REF:0000043,GO:0000428,DNA-directed RNA polymerase complex,2,UniProt Keywords
IEA,GO_REF:0000043,GO:0016805,dipeptidase activity,1,UniProt Keywords
IEA,GO_REF:0000043,GO:0016831,carboxy-lyase activity,1,UniProt Keywords
IEA,GO_REF:0000043,GO:0009086,methionine biosynthetic process,1,UniProt Keywords
IEA,GO_REF:0000043,GO:0005840,ribosome,1,UniProt Keywords
IEA,GO_REF:0000043,GO:0006825,copper ion transport,1,UniProt Keywords
IEA,GO_REF:0000043,GO:0005544,calcium-dependent phospholipid binding,1,UniProt Keywords
IEA,GO_REF:0000043,GO:0042423,catecholamine biosynthetic process,1,UniProt Keywords
IEA,GO_REF:0000043,GO:0019863,IgE binding,1,UniProt Keywords
IEA,GO_REF:0000043,GO:0006370,7-methylguanosine mRNA capping,1,UniProt Keywords
IEA,GO_REF:0000043,GO:0016757,glycosyltransferase activity,1,UniProt Keywords
IEA,GO_REF:0000043,GO:0042310,vasoconstriction,1,UniProt Keywords
IEA,GO_REF:0000043,GO:0008483,transaminase activity,1,UniProt Keywords
IEA,GO_REF:0000043,GO:0019834,phospholipase A2 inhibitor activity,1,UniProt Keywords
IEA,GO_REF:0000043,GO:0042732,D-xylose metabolic process,1,UniProt Keywords
IEA,GO_REF:0000043,GO:0045259,proton-transporting ATP synthase complex,1,UniProt Keywords
IEA,GO_REF:0000043,GO:0042311,vasodilation,1,UniProt Keywords
IEA,GO_REF:0000043,GO:0019864,IgG binding,1,UniProt Keywords
IEA,GO_REF:0000043,GO:0005542,folic acid binding,1,UniProt Keywords
IEA,GO_REF:0000043,GO:0015833,peptide transport,1,UniProt Keywords
IEA,GO_REF:0000043,GO:0031427,response to methotrexate,1,UniProt Keywords
IEA,GO_REF:0000043,GO:0050688,regulation of defense response to virus,1,UniProt Keywords
IEA,GO_REF:0000043,GO:0006952,defense response,1,UniProt Keywords
IEA,GO_REF:0000043,GO:0005537,D-mannose binding,1,UniProt Keywords
IEA,GO_REF:0000043,GO:0008299,isoprenoid biosynthetic process,1,UniProt Keywords
IEA,GO_REF:0000043,GO:0005978,glycogen biosynthetic process,1,UniProt Keywords
IEA,GO_REF:0000043,GO:0008236,serine-type peptidase activity,1,UniProt Keywords
IEA,GO_REF:0000043,GO:0006304,DNA modification,1,UniProt Keywords
IEA,GO_REF:0000043,GO:0090729,toxin activity,1,UniProt Keywords
IEA,GO_REF:0000043,GO:0007506,gonadal mesoderm development,1,UniProt Keywords
IEA,GO_REF:0000043,GO:0006164,purine nucleotide biosynthetic process,1,UniProt Keywords
IEA,GO_REF:0000043,GO:0006572,L-tyrosine catabolic process,1,UniProt Keywords
IEA,GO_REF:0000043,GO:0009395,phospholipid catabolic process,1,UniProt Keywords
IEA,GO_REF:0000043,GO:0004497,monooxygenase activity,1,UniProt Keywords
IEA,GO_REF:0000043,GO:0008156,negative regulation of DNA replication,1,UniProt Keywords
IEA,GO_REF:0000043,GO:0000050,urea cycle,1,UniProt Keywords
IEA,GO_REF:0000044,GO:0005886,plasma membrane,609,UniProt Subcellular
IEA,GO_REF:0000044,GO:0016020,membrane,482,UniProt Subcellular
IEA,GO_REF:0000044,GO:0005634,nucleus,414,UniProt Subcellular
IEA,GO_REF:0000044,GO:0005789,endoplasmic reticulum membrane,410,UniProt Subcellular
IEA,GO_REF:0000044,GO:0005737,cytoplasm,403,UniProt Subcellular
IEA,GO_REF:0000044,GO:0005576,extracellular region,347,UniProt Subcellular
IEA,GO_REF:0000044,GO:0000139,Golgi membrane,266,UniProt Subcellular
IEA,GO_REF:0000044,GO:0005856,cytoskeleton,154,UniProt Subcellular
IEA,GO_REF:0000044,GO:0005829,cytosol,142,UniProt Subcellular
IEA,GO_REF:0000044,GO:0048471,perinuclear region of cytoplasm,136,UniProt Subcellular
IEA,GO_REF:0000044,GO:0005730,nucleolus,100,UniProt Subcellular
IEA,GO_REF:0000044,GO:0005783,endoplasmic reticulum,96,UniProt Subcellular
IEA,GO_REF:0000044,GO:0005794,Golgi apparatus,88,UniProt Subcellular
IEA,GO_REF:0000044,GO:0005765,lysosomal membrane,82,UniProt Subcellular
IEA,GO_REF:0000044,GO:0005694,chromosome,77,UniProt Subcellular
IEA,GO_REF:0000044,GO:0031901,early endosome membrane,75,UniProt Subcellular
IEA,GO_REF:0000044,GO:0010008,endosome membrane,73,UniProt Subcellular
IEA,GO_REF:0000044,GO:0043204,perikaryon,73,UniProt Subcellular
IEA,GO_REF:0000044,GO:0005813,centrosome,71,UniProt Subcellular
IEA,GO_REF:0000044,GO:0030659,cytoplasmic vesicle membrane,70,UniProt Subcellular
IEA,GO_REF:0000044,GO:0016607,nuclear speck,68,UniProt Subcellular
IEA,GO_REF:0000044,GO:0031902,late endosome membrane,64,UniProt Subcellular
IEA,GO_REF:0000044,GO:0042470,melanosome,64,UniProt Subcellular
IEA,GO_REF:0000044,GO:0030425,dendrite,59,UniProt Subcellular
IEA,GO_REF:0000044,GO:0031966,mitochondrial membrane,56,UniProt Subcellular
IEA,GO_REF:0000044,GO:0005743,mitochondrial inner membrane,51,UniProt Subcellular
IEA,GO_REF:0000044,GO:0030424,axon,51,UniProt Subcellular
IEA,GO_REF:0000044,GO:0032580,Golgi cisterna membrane,51,UniProt Subcellular
IEA,GO_REF:0000044,GO:0016324,apical plasma membrane,50,UniProt Subcellular
IEA,GO_REF:0000044,GO:0005739,mitochondrion,50,UniProt Subcellular
IEA,GO_REF:0000044,GO:0005759,mitochondrial matrix,50,UniProt Subcellular
IEA,GO_REF:0000044,GO:0005938,cell cortex,50,UniProt Subcellular
IEA,GO_REF:0000044,GO:0005769,early endosome,49,UniProt Subcellular
IEA,GO_REF:0000044,GO:0031965,nuclear membrane,48,UniProt Subcellular
IEA,GO_REF:0000044,GO:0005764,lysosome,47,UniProt Subcellular
IEA,GO_REF:0000044,GO:0005819,spindle,43,UniProt Subcellular
IEA,GO_REF:0000044,GO:0012505,endomembrane system,42,UniProt Subcellular
IEA,GO_REF:0000044,GO:0005923,bicellular tight junction,37,UniProt Subcellular
IEA,GO_REF:0000044,GO:0005741,mitochondrial outer membrane,36,UniProt Subcellular
IEA,GO_REF:0000044,GO:0033116,endoplasmic reticulum-Golgi intermediate compartment membrane,35,UniProt Subcellular
IEA,GO_REF:0000044,GO:0055038,recycling endosome membrane,34,UniProt Subcellular
IEA,GO_REF:0000044,GO:0070161,anchoring junction,34,UniProt Subcellular
IEA,GO_REF:0000044,GO:0000922,spindle pole,32,UniProt Subcellular
IEA,GO_REF:0000044,GO:0005788,endoplasmic reticulum lumen,31,UniProt Subcellular
IEA,GO_REF:0000044,GO:0045121,membrane raft,30,UniProt Subcellular
IEA,GO_REF:0000044,GO:0009986,cell surface,29,UniProt Subcellular
IEA,GO_REF:0000044,GO:0030658,transport vesicle membrane,28,UniProt Subcellular
IEA,GO_REF:0000044,GO:0030670,phagocytic vesicle membrane,28,UniProt Subcellular
IEA,GO_REF:0000044,GO:0030027,lamellipodium,28,UniProt Subcellular
IEA,GO_REF:0000044,GO:0030426,growth cone,28,UniProt Subcellular
IEA,GO_REF:0000044,GO:0032587,ruffle membrane,27,UniProt Subcellular
IEA,GO_REF:0000044,GO:0030665,clathrin-coated vesicle membrane,26,UniProt Subcellular
IEA,GO_REF:0000044,GO:0045211,postsynaptic membrane,26,UniProt Subcellular
IEA,GO_REF:0000044,GO:0016605,PML body,25,UniProt Subcellular
IEA,GO_REF:0000044,GO:0005912,adherens junction,25,UniProt Subcellular
IEA,GO_REF:0000044,GO:0030496,midbody,25,UniProt Subcellular
IEA,GO_REF:0000044,GO:0005768,endosome,25,UniProt Subcellular
IEA,GO_REF:0000044,GO:0005925,focal adhesion,24,UniProt Subcellular
IEA,GO_REF:0000044,GO:0055037,recycling endosome,24,UniProt Subcellular
IEA,GO_REF:0000044,GO:0005930,axoneme,23,UniProt Subcellular
IEA,GO_REF:0000044,GO:0016363,nuclear matrix,23,UniProt Subcellular
IEA,GO_REF:0000044,GO:0030133,transport vesicle,23,UniProt Subcellular
IEA,GO_REF:0000044,GO:0043197,dendritic spine,22,UniProt Subcellular
IEA,GO_REF:0000044,GO:0016323,basolateral plasma membrane,22,UniProt Subcellular
IEA,GO_REF:0000044,GO:0005654,nucleoplasm,22,UniProt Subcellular
IEA,GO_REF:0000044,GO:0042995,cell projection,21,UniProt Subcellular
IEA,GO_REF:0000044,GO:0014069,postsynaptic density,20,UniProt Subcellular
IEA,GO_REF:0000044,GO:0005814,centriole,19,UniProt Subcellular
IEA,GO_REF:0000044,GO:0005776,autophagosome,19,UniProt Subcellular
IEA,GO_REF:0000044,GO:0045202,synapse,18,UniProt Subcellular
IEA,GO_REF:0000044,GO:0005929,cilium,18,UniProt Subcellular
IEA,GO_REF:0000044,GO:0001669,acrosomal vesicle,18,UniProt Subcellular
IEA,GO_REF:0000044,GO:0005635,nuclear envelope,17,UniProt Subcellular
IEA,GO_REF:0000044,GO:0000781,"chromosome, telomeric region",17,UniProt Subcellular
IEA,GO_REF:0000044,GO:0015030,Cajal body,16,UniProt Subcellular
IEA,GO_REF:0000044,GO:0030018,Z disc,16,UniProt Subcellular
IEA,GO_REF:0000044,GO:0030136,clathrin-coated vesicle,16,UniProt Subcellular
IEA,GO_REF:0000044,GO:0032154,cleavage furrow,15,UniProt Subcellular
IEA,GO_REF:0000044,GO:0031258,lamellipodium membrane,15,UniProt Subcellular
IEA,GO_REF:0000044,GO:0005793,endoplasmic reticulum-Golgi intermediate compartment,15,UniProt Subcellular
IEA,GO_REF:0000044,GO:0030175,filopodium,15,UniProt Subcellular
IEA,GO_REF:0000044,GO:0001726,ruffle,15,UniProt Subcellular
IEA,GO_REF:0000044,GO:0005637,nuclear inner membrane,15,UniProt Subcellular
IEA,GO_REF:0000044,GO:0002080,acrosomal membrane,14,UniProt Subcellular
IEA,GO_REF:0000044,GO:0042734,presynaptic membrane,14,UniProt Subcellular
IEA,GO_REF:0000044,GO:0030672,synaptic vesicle membrane,14,UniProt Subcellular
IEA,GO_REF:0000044,GO:0042383,sarcolemma,14,UniProt Subcellular
IEA,GO_REF:0000044,GO:0005811,lipid droplet,14,UniProt Subcellular
IEA,GO_REF:0000044,GO:0031514,motile cilium,14,UniProt Subcellular
IEA,GO_REF:0000044,GO:0033017,sarcoplasmic reticulum membrane,13,UniProt Subcellular
IEA,GO_REF:0000044,GO:0000421,autophagosome membrane,13,UniProt Subcellular
IEA,GO_REF:0000044,GO:0060170,ciliary membrane,13,UniProt Subcellular
IEA,GO_REF:0000044,GO:0010494,cytoplasmic stress granule,13,UniProt Subcellular
IEA,GO_REF:0000044,GO:0000775,"chromosome, centromeric region",13,UniProt Subcellular
IEA,GO_REF:0000044,GO:0098839,postsynaptic density membrane,12,UniProt Subcellular
IEA,GO_REF:0000044,GO:0001725,stress fiber,12,UniProt Subcellular
IEA,GO_REF:0000044,GO:0090543,Flemming body,12,UniProt Subcellular
IEA,GO_REF:0000044,GO:0005770,late endosome,12,UniProt Subcellular
IEA,GO_REF:0000044,GO:0002102,podosome,11,UniProt Subcellular
IEA,GO_REF:0000044,GO:0000932,P-body,11,UniProt Subcellular
IEA,GO_REF:0000044,GO:0001917,photoreceptor inner segment,11,UniProt Subcellular
IEA,GO_REF:0000044,GO:0005640,nuclear outer membrane,10,UniProt Subcellular
IEA,GO_REF:0000044,GO:0005778,peroxisomal membrane,10,UniProt Subcellular
IEA,GO_REF:0000044,GO:0005758,mitochondrial intermembrane space,10,UniProt Subcellular
IEA,GO_REF:0000044,GO:0031528,microvillus membrane,9,UniProt Subcellular
IEA,GO_REF:0000044,GO:0033162,melanosome membrane,9,UniProt Subcellular
IEA,GO_REF:0000044,GO:0005795,Golgi stack,9,UniProt Subcellular
IEA,GO_REF:0000044,GO:0005791,rough endoplasmic reticulum,9,UniProt Subcellular
IEA,GO_REF:0000044,GO:0043202,lysosomal lumen,9,UniProt Subcellular
IEA,GO_REF:0000044,GO:0001750,photoreceptor outer segment,8,UniProt Subcellular
IEA,GO_REF:0000044,GO:0034451,centriolar satellite,8,UniProt Subcellular
IEA,GO_REF:0000044,GO:0043005,neuron projection,8,UniProt Subcellular
IEA,GO_REF:0000044,GO:0005815,microtubule organizing center,8,UniProt Subcellular
IEA,GO_REF:0000044,GO:0001891,phagocytic cup,8,UniProt Subcellular
IEA,GO_REF:0000044,GO:0032585,multivesicular body membrane,8,UniProt Subcellular
IEA,GO_REF:0000044,GO:0030017,sarcomere,8,UniProt Subcellular
IEA,GO_REF:0000044,GO:0005901,caveola,7,UniProt Subcellular
IEA,GO_REF:0000044,GO:0030867,rough endoplasmic reticulum membrane,6,UniProt Subcellular
IEA,GO_REF:0000044,GO:0060171,stereocilium membrane,6,UniProt Subcellular
IEA,GO_REF:0000044,GO:0005902,microvillus,6,UniProt Subcellular
IEA,GO_REF:0000044,GO:0009925,basal plasma membrane,6,UniProt Subcellular
IEA,GO_REF:0000044,GO:0033018,sarcoplasmic reticulum lumen,6,UniProt Subcellular
IEA,GO_REF:0000044,GO:0012507,ER to Golgi transport vesicle membrane,6,UniProt Subcellular
IEA,GO_REF:0000044,GO:0031430,M band,6,UniProt Subcellular
IEA,GO_REF:0000044,GO:0016328,lateral plasma membrane,5,UniProt Subcellular
IEA,GO_REF:0000044,GO:0044194,cytolytic granule,5,UniProt Subcellular
IEA,GO_REF:0000044,GO:0034045,phagophore assembly site membrane,5,UniProt Subcellular
IEA,GO_REF:0000044,GO:0042584,chromaffin granule membrane,5,UniProt Subcellular
IEA,GO_REF:0000044,GO:0032591,dendritic spine membrane,5,UniProt Subcellular
IEA,GO_REF:0000044,GO:0005777,peroxisome,5,UniProt Subcellular
IEA,GO_REF:0000044,GO:0005604,basement membrane,5,UniProt Subcellular
IEA,GO_REF:0000044,GO:0008021,synaptic vesicle,4,UniProt Subcellular
IEA,GO_REF:0000044,GO:0045335,phagocytic vesicle,4,UniProt Subcellular
IEA,GO_REF:0000044,GO:0031904,endosome lumen,4,UniProt Subcellular
IEA,GO_REF:0000044,GO:0042589,zymogen granule membrane,4,UniProt Subcellular
IEA,GO_REF:0000044,GO:0030057,desmosome,4,UniProt Subcellular
IEA,GO_REF:0000044,GO:0030016,myofibril,3,UniProt Subcellular
IEA,GO_REF:0000044,GO:0005796,Golgi lumen,3,UniProt Subcellular
IEA,GO_REF:0000044,GO:0098793,presynapse,3,UniProt Subcellular
IEA,GO_REF:0000044,GO:0005643,nuclear pore,3,UniProt Subcellular
IEA,GO_REF:0000044,GO:0036464,cytoplasmic ribonucleoprotein granule,3,UniProt Subcellular
IEA,GO_REF:0000044,GO:0033010,paranodal junction,3,UniProt Subcellular
IEA,GO_REF:0000044,GO:0031143,pseudopodium,3,UniProt Subcellular
IEA,GO_REF:0000044,GO:0032420,stereocilium,3,UniProt Subcellular
IEA,GO_REF:0000044,GO:0060205,cytoplasmic vesicle lumen,3,UniProt Subcellular
IEA,GO_REF:0000044,GO:0016528,sarcoplasm,3,UniProt Subcellular
IEA,GO_REF:0000044,GO:0016529,sarcoplasmic reticulum,3,UniProt Subcellular
IEA,GO_REF:0000044,GO:0048786,presynaptic active zone,3,UniProt Subcellular
IEA,GO_REF:0000044,GO:0043160,acrosomal lumen,3,UniProt Subcellular
IEA,GO_REF:0000044,GO:0120281,autolysosome membrane,2,UniProt Subcellular
IEA,GO_REF:0000044,GO:0032584,growth cone membrane,2,UniProt Subcellular
IEA,GO_REF:0000044,GO:0098944,postsynaptic recycling endosome membrane,2,UniProt Subcellular
IEA,GO_REF:0000044,GO:0030315,T-tubule,2,UniProt Subcellular
IEA,GO_REF:0000044,GO:0030868,smooth endoplasmic reticulum membrane,2,UniProt Subcellular
IEA,GO_REF:0000044,GO:0020005,symbiont-containing vacuole membrane,2,UniProt Subcellular
IEA,GO_REF:0000044,GO:0031674,I band,2,UniProt Subcellular
IEA,GO_REF:0000044,GO:0060091,kinocilium,2,UniProt Subcellular
IEA,GO_REF:0000044,GO:0005774,vacuolar membrane,2,UniProt Subcellular
IEA,GO_REF:0000044,GO:0002079,inner acrosomal membrane,2,UniProt Subcellular
IEA,GO_REF:0000044,GO:0034466,chromaffin granule lumen,2,UniProt Subcellular
IEA,GO_REF:0000044,GO:0002081,outer acrosomal membrane,2,UniProt Subcellular
IEA,GO_REF:0000044,GO:0098794,postsynapse,2,UniProt Subcellular
IEA,GO_REF:0000044,GO:0031672,A band,2,UniProt Subcellular
IEA,GO_REF:0000044,GO:0031527,filopodium membrane,2,UniProt Subcellular
IEA,GO_REF:0000044,GO:0030663,COPI-coated vesicle membrane,2,UniProt Subcellular
IEA,GO_REF:0000044,GO:0005652,nuclear lamina,2,UniProt Subcellular
IEA,GO_REF:0000044,GO:0097504,Gemini of Cajal bodies,2,UniProt Subcellular
IEA,GO_REF:0000044,GO:0005771,multivesicular body,2,UniProt Subcellular
IEA,GO_REF:0000044,GO:0001931,uropod,2,UniProt Subcellular
IEA,GO_REF:0000044,GO:0097060,synaptic membrane,2,UniProt Subcellular
IEA,GO_REF:0000044,GO:0032059,bleb,2,UniProt Subcellular
IEA,GO_REF:0000044,GO:0120293,dynein axonemal particle,2,UniProt Subcellular
IEA,GO_REF:0000044,GO:0042645,mitochondrial nucleoid,2,UniProt Subcellular
IEA,GO_REF:0000044,GO:0042583,chromaffin granule,2,UniProt Subcellular
IEA,GO_REF:0000044,GO:0099012,neuronal dense core vesicle membrane,1,UniProt Subcellular
IEA,GO_REF:0000044,GO:0060473,cortical granule,1,UniProt Subcellular
IEA,GO_REF:0000044,GO:0048237,rough endoplasmic reticulum lumen,1,UniProt Subcellular
IEA,GO_REF:0000044,GO:0005921,gap junction,1,UniProt Subcellular
IEA,GO_REF:0000044,GO:0030137,COPI-coated vesicle,1,UniProt Subcellular
IEA,GO_REF:0000044,GO:0044754,autolysosome,1,UniProt Subcellular
IEA,GO_REF:0000044,GO:0042588,zymogen granule,1,UniProt Subcellular
IEA,GO_REF:0000044,GO:0000407,phagophore assembly site,1,UniProt Subcellular
IEA,GO_REF:0000044,GO:0034423,autophagosome lumen,1,UniProt Subcellular
IEA,GO_REF:0000044,GO:0031982,vesicle,1,UniProt Subcellular
IEA,GO_REF:0000044,GO:0033165,interphotoreceptor matrix,1,UniProt Subcellular
IEA,GO_REF:0000044,GO:1903561,extracellular vesicle,1,UniProt Subcellular
IEA,GO_REF:0000044,GO:0033150,cytoskeletal calyx,1,UniProt Subcellular
IEA,GO_REF:0000044,GO:0033011,perinuclear theca,1,UniProt Subcellular
IEA,GO_REF:0000044,GO:0101004,cytolytic granule membrane,1,UniProt Subcellular
IEA,GO_REF:0000044,GO:0032433,filopodium tip,1,UniProt Subcellular
IEA,GO_REF:0000044,GO:0031260,pseudopodium membrane,1,UniProt Subcellular
IEA,GO_REF:0000044,GO:0016604,nuclear body,1,UniProt Subcellular
IEA,GO_REF:0000044,GO:0043083,synaptic cleft,1,UniProt Subcellular
IEA,GO_REF:0000104,GO:0033290,eukaryotic 48S preinitiation complex,14,Manual Transfer
IEA,GO_REF:0000104,GO:0016282,eukaryotic 43S preinitiation complex,13,Manual Transfer
IEA,GO_REF:0000104,GO:0001732,formation of cytoplasmic translation initiation complex,12,Manual Transfer
IEA,GO_REF:0000104,GO:0002183,cytoplasmic translational initiation,10,Manual Transfer
IEA,GO_REF:0000104,GO:0045095,keratin filament,7,Manual Transfer
IEA,GO_REF:0000104,GO:0035338,long-chain fatty-acyl-CoA biosynthetic process,6,Manual Transfer
IEA,GO_REF:0000104,GO:0006636,unsaturated fatty acid biosynthetic process,4,Manual Transfer
IEA,GO_REF:0000104,GO:0008270,zinc ion binding,4,Manual Transfer
IEA,GO_REF:0000104,GO:0000287,magnesium ion binding,4,Manual Transfer
IEA,GO_REF:0000104,GO:0034354,'de novo' NAD+ biosynthetic process from L-tryptophan,3,Manual Transfer
IEA,GO_REF:0000104,GO:0031314,extrinsic component of mitochondrial inner membrane,3,Manual Transfer
IEA,GO_REF:0000104,GO:0043021,ribonucleoprotein complex binding,2,Manual Transfer
IEA,GO_REF:0000104,GO:0046034,ATP metabolic process,2,Manual Transfer
IEA,GO_REF:0000104,GO:0043420,anthranilate metabolic process,2,Manual Transfer
IEA,GO_REF:0000104,GO:0032447,protein urmylation,2,Manual Transfer
IEA,GO_REF:0000104,GO:0016779,nucleotidyltransferase activity,2,Manual Transfer
IEA,GO_REF:0000104,GO:0016558,protein import into peroxisome matrix,1,Manual Transfer
IEA,GO_REF:0000104,GO:0048666,neuron development,1,Manual Transfer
IEA,GO_REF:0000104,GO:0051131,chaperone-mediated protein complex assembly,1,Manual Transfer
IEA,GO_REF:0000104,GO:0042274,ribosomal small subunit biogenesis,1,Manual Transfer
IEA,GO_REF:0000104,GO:0010606,positive regulation of cytoplasmic mRNA processing body assembly,1,Manual Transfer
IEA,GO_REF:0000104,GO:0016540,protein autoprocessing,1,Manual Transfer
IEA,GO_REF:0000104,GO:0016829,lyase activity,1,Manual Transfer
IEA,GO_REF:0000104,GO:0006368,transcription elongation by RNA polymerase II,1,Manual Transfer
IEA,GO_REF:0000104,GO:0046496,nicotinamide nucleotide metabolic process,1,Manual Transfer
IEA,GO_REF:0000104,GO:0030619,U1 snRNA binding,1,Manual Transfer
IEA,GO_REF:0000104,GO:0003729,mRNA binding,1,Manual Transfer
IEA,GO_REF:0000104,GO:0043130,ubiquitin binding,1,Manual Transfer
IEA,GO_REF:0000104,GO:1904047,S-adenosyl-L-methionine binding,1,Manual Transfer
IEA,GO_REF:0000104,GO:0030688,"preribosome, small subunit precursor",1,Manual Transfer
IEA,GO_REF:0000104,GO:0031124,mRNA 3'-end processing,1,Manual Transfer
IEA,GO_REF:0000104,GO:0008017,microtubule binding,1,Manual Transfer
IEA,GO_REF:0000104,GO:0051880,G-quadruplex DNA binding,1,Manual Transfer
IEA,GO_REF:0000104,GO:0000349,generation of catalytic spliceosome for first transesterification step,1,Manual Transfer
IEA,GO_REF:0000104,GO:0000243,commitment complex,1,Manual Transfer
IEA,GO_REF:0000104,GO:0005506,iron ion binding,1,Manual Transfer
IEA,GO_REF:0000104,GO:0005829,cytosol,1,Manual Transfer
IEA,GO_REF:0000104,GO:0016151,nickel cation binding,1,Manual Transfer
IEA,GO_REF:0000104,GO:0010521,telomerase inhibitor activity,1,Manual Transfer
IEA,GO_REF:0000104,GO:0009204,deoxyribonucleoside triphosphate catabolic process,1,Manual Transfer
IEA,GO_REF:0000104,GO:0051168,nuclear export,1,Manual Transfer
IEA,GO_REF:0000104,GO:0071004,U2-type prespliceosome,1,Manual Transfer
IEA,GO_REF:0000104,GO:0006284,base-excision repair,1,Manual Transfer
IEA,GO_REF:0000104,GO:0000281,mitotic cytokinesis,1,Manual Transfer
IEA,GO_REF:0000104,GO:0046033,AMP metabolic process,1,Manual Transfer
IEA,GO_REF:0000104,GO:0051255,spindle midzone assembly,1,Manual Transfer
IEA,GO_REF:0000104,GO:0000166,nucleotide binding,1,Manual Transfer
IEA,GO_REF:0000104,GO:0051013,microtubule severing,1,Manual Transfer
IEA,GO_REF:0000104,GO:0007079,mitotic chromosome movement towards spindle pole,1,Manual Transfer
IEA,GO_REF:0000104,GO:0160225,G-quadruplex unwinding activity,1,Manual Transfer
IEA,GO_REF:0000104,GO:0009055,electron transfer activity,1,Manual Transfer
IEA,GO_REF:0000104,GO:0035198,miRNA binding,1,Manual Transfer
IEA,GO_REF:0000104,GO:0005759,mitochondrial matrix,1,Manual Transfer
IEA,GO_REF:0000104,GO:0043022,ribosome binding,1,Manual Transfer
IEA,GO_REF:0000104,GO:0003678,DNA helicase activity,1,Manual Transfer
IEA,GO_REF:0000104,GO:0006172,ADP biosynthetic process,1,Manual Transfer
IEA,GO_REF:0000104,GO:0043023,ribosomal large subunit binding,1,Manual Transfer
IEA,GO_REF:0000104,GO:0016712,"oxidoreductase activity, acting on paired donors, with incorporation or reduction of molecular oxygen, reduced flavin or flavoprotein as one donor, and incorporation of one atom of oxygen",1,Manual Transfer
IEA,GO_REF:0000104,GO:0031117,positive regulation of microtubule depolymerization,1,Manual Transfer
IEA,GO_REF:0000104,GO:0051012,microtubule sliding,1,Manual Transfer
IEA,GO_REF:0000104,GO:0070507,regulation of microtubule cytoskeleton organization,1,Manual Transfer
IEA,GO_REF:0000104,GO:0071540,"eukaryotic translation initiation factor 3 complex, eIF3e",1,Manual Transfer
IEA,GO_REF:0000104,GO:0046039,GTP metabolic process,1,Manual Transfer
IEA,GO_REF:0000104,GO:0045948,positive regulation of translational initiation,1,Manual Transfer
IEA,GO_REF:0000104,GO:0140014,mitotic nuclear division,1,Manual Transfer
IEA,GO_REF:0000104,GO:0005634,nucleus,1,Manual Transfer
IEA,GO_REF:0000104,GO:0000278,mitotic cell cycle,1,Manual Transfer
IEA,GO_REF:0000107,GO:0009410,response to xenobiotic stimulus,107,Compara
IEA,GO_REF:0000107,GO:0045471,response to ethanol,76,Compara
IEA,GO_REF:0000107,GO:0005654,nucleoplasm,59,Compara
IEA,GO_REF:0000107,GO:0032355,response to estradiol,58,Compara
IEA,GO_REF:0000107,GO:0001666,response to hypoxia,55,Compara
IEA,GO_REF:0000107,GO:0071006,U2-type catalytic step 1 spliceosome,46,Compara
IEA,GO_REF:0000107,GO:0071456,cellular response to hypoxia,43,Compara
IEA,GO_REF:0000107,GO:0032496,response to lipopolysaccharide,40,Compara
IEA,GO_REF:0000107,GO:0007584,response to nutrient,39,Compara
IEA,GO_REF:0000107,GO:0071260,cellular response to mechanical stimulus,37,Compara
IEA,GO_REF:0000107,GO:0005829,cytosol,35,Compara
IEA,GO_REF:0000107,GO:0031667,response to nutrient levels,35,Compara
IEA,GO_REF:0000107,GO:0014823,response to activity,34,Compara
IEA,GO_REF:0000107,GO:0071018,U12-type catalytic step 2 spliceosome,30,Compara
IEA,GO_REF:0000107,GO:0071020,post-spliceosomal complex,30,Compara
IEA,GO_REF:0000107,GO:0071016,U12-type precatalytic spliceosome,30,Compara
IEA,GO_REF:0000107,GO:0033574,response to testosterone,27,Compara
IEA,GO_REF:0000107,GO:0007565,female pregnancy,27,Compara
IEA,GO_REF:0000107,GO:0007283,spermatogenesis,27,Compara
IEA,GO_REF:0000107,GO:0043627,response to estrogen,26,Compara
IEA,GO_REF:0000107,GO:0051384,response to glucocorticoid,26,Compara
IEA,GO_REF:0000107,GO:0071356,cellular response to tumor necrosis factor,26,Compara
IEA,GO_REF:0000107,GO:0042802,identical protein binding,26,Compara
IEA,GO_REF:0000107,GO:0043434,response to peptide hormone,25,Compara
IEA,GO_REF:0000107,GO:0071222,cellular response to lipopolysaccharide,24,Compara
IEA,GO_REF:0000107,GO:0051412,response to corticosterone,24,Compara
IEA,GO_REF:0000107,GO:0032868,response to insulin,24,Compara
IEA,GO_REF:0000107,GO:0009612,response to mechanical stimulus,24,Compara
IEA,GO_REF:0000107,GO:0097421,liver regeneration,23,Compara
IEA,GO_REF:0000107,GO:0006979,response to oxidative stress,22,Compara
IEA,GO_REF:0000107,GO:0030855,epithelial cell differentiation,22,Compara
IEA,GO_REF:0000107,GO:0009615,response to virus,22,Compara
IEA,GO_REF:0000107,GO:0009636,response to toxic substance,22,Compara
IEA,GO_REF:0000107,GO:0051591,response to cAMP,22,Compara
IEA,GO_REF:0000107,GO:0071560,cellular response to transforming growth factor beta stimulus,21,Compara
IEA,GO_REF:0000107,GO:0071333,cellular response to glucose stimulus,21,Compara
IEA,GO_REF:0000107,GO:0035094,response to nicotine,21,Compara
IEA,GO_REF:0000107,GO:0001975,response to amphetamine,20,Compara
IEA,GO_REF:0000107,GO:0008584,male gonad development,20,Compara
IEA,GO_REF:0000107,GO:0071014,post-mRNA release spliceosomal complex,20,Compara
IEA,GO_REF:0000107,GO:1902495,transmembrane transporter complex,19,Compara
IEA,GO_REF:0000107,GO:0071347,cellular response to interleukin-1,19,Compara
IEA,GO_REF:0000107,GO:0035902,response to immobilization stress,18,Compara
IEA,GO_REF:0000107,GO:0051602,response to electrical stimulus,18,Compara
IEA,GO_REF:0000107,GO:0021549,cerebellum development,17,Compara
IEA,GO_REF:0000107,GO:0021987,cerebral cortex development,16,Compara
IEA,GO_REF:0000107,GO:0031100,animal organ regeneration,16,Compara
IEA,GO_REF:0000107,GO:0034693,U11/U12 snRNP,16,Compara
IEA,GO_REF:0000107,GO:0001889,liver development,16,Compara
IEA,GO_REF:0000107,GO:0042220,response to cocaine,16,Compara
IEA,GO_REF:0000107,GO:0009725,response to hormone,16,Compara
IEA,GO_REF:0000107,GO:0001822,kidney development,16,Compara
IEA,GO_REF:0000107,GO:0000122,negative regulation of transcription by RNA polymerase II,16,Compara
IEA,GO_REF:0000107,GO:0070301,cellular response to hydrogen peroxide,16,Compara
IEA,GO_REF:0000107,GO:0071466,cellular response to xenobiotic stimulus,15,Compara
IEA,GO_REF:0000107,GO:0034243,regulation of transcription elongation by RNA polymerase II,15,Compara
IEA,GO_REF:0000107,GO:1904949,ATPase complex,15,Compara
IEA,GO_REF:0000107,GO:0021766,hippocampus development,15,Compara
IEA,GO_REF:0000107,GO:0071300,cellular response to retinoic acid,15,Compara
IEA,GO_REF:0000107,GO:0071320,cellular response to cAMP,15,Compara
IEA,GO_REF:0000107,GO:0032869,cellular response to insulin stimulus,14,Compara
IEA,GO_REF:0000107,GO:0048545,response to steroid hormone,14,Compara
IEA,GO_REF:0000107,GO:0032526,response to retinoic acid,14,Compara
IEA,GO_REF:0000107,GO:0021510,spinal cord development,14,Compara
IEA,GO_REF:0000107,GO:0043235,receptor complex,14,Compara
IEA,GO_REF:0000107,GO:0061136,regulation of proteasomal protein catabolic process,14,Compara
IEA,GO_REF:0000107,GO:0006386,termination of RNA polymerase III transcription,14,Compara
IEA,GO_REF:0000107,GO:0006384,transcription initiation at RNA polymerase III promoter,14,Compara
IEA,GO_REF:0000107,GO:0048678,response to axon injury,13,Compara
IEA,GO_REF:0000107,GO:0007507,heart development,13,Compara
IEA,GO_REF:0000107,GO:0030991,intraciliary transport particle A,13,Compara
IEA,GO_REF:0000107,GO:0045944,positive regulation of transcription by RNA polymerase II,13,Compara
IEA,GO_REF:0000107,GO:0032570,response to progesterone,13,Compara
IEA,GO_REF:0000107,GO:0055093,response to hyperoxia,12,Compara
IEA,GO_REF:0000107,GO:0014075,response to amine,12,Compara
IEA,GO_REF:0000107,GO:0071398,cellular response to fatty acid,12,Compara
IEA,GO_REF:0000107,GO:0071549,cellular response to dexamethasone stimulus,12,Compara
IEA,GO_REF:0000107,GO:0007623,circadian rhythm,12,Compara
IEA,GO_REF:0000107,GO:0035987,endodermal cell differentiation,12,Compara
IEA,GO_REF:0000107,GO:0034097,response to cytokine,12,Compara
IEA,GO_REF:0000107,GO:0009749,response to glucose,12,Compara
IEA,GO_REF:0000107,GO:0042542,response to hydrogen peroxide,12,Compara
IEA,GO_REF:0000107,GO:0005730,nucleolus,12,Compara
IEA,GO_REF:0000107,GO:0036064,ciliary basal body,11,Compara
IEA,GO_REF:0000107,GO:0071548,response to dexamethasone,11,Compara
IEA,GO_REF:0000107,GO:0046686,response to cadmium ion,11,Compara
IEA,GO_REF:0000107,GO:0070542,response to fatty acid,11,Compara
IEA,GO_REF:0000107,GO:0033280,response to vitamin D,11,Compara
IEA,GO_REF:0000107,GO:0044849,estrous cycle,10,Compara
IEA,GO_REF:0000107,GO:0071392,cellular response to estradiol stimulus,10,Compara
IEA,GO_REF:0000107,GO:0002931,response to ischemia,10,Compara
IEA,GO_REF:0000107,GO:0042594,response to starvation,10,Compara
IEA,GO_REF:0000107,GO:0033189,response to vitamin A,10,Compara
IEA,GO_REF:0000107,GO:0036120,cellular response to platelet-derived growth factor stimulus,10,Compara
IEA,GO_REF:0000107,GO:0044344,cellular response to fibroblast growth factor stimulus,10,Compara
IEA,GO_REF:0000107,GO:0001525,angiogenesis,10,Compara
IEA,GO_REF:0000107,GO:0010332,response to gamma radiation,10,Compara
IEA,GO_REF:0000107,GO:0010288,response to lead ion,10,Compara
IEA,GO_REF:0000107,GO:0071346,cellular response to type II interferon,10,Compara
IEA,GO_REF:0000107,GO:0071364,cellular response to epidermal growth factor stimulus,10,Compara
IEA,GO_REF:0000107,GO:0014850,response to muscle activity,10,Compara
IEA,GO_REF:0000107,GO:0051592,response to calcium ion,10,Compara
IEA,GO_REF:0000107,GO:0043200,response to amino acid,10,Compara
IEA,GO_REF:0000107,GO:2000300,regulation of synaptic vesicle exocytosis,9,Compara
IEA,GO_REF:0000107,GO:0071011,precatalytic spliceosome,9,Compara
IEA,GO_REF:0000107,GO:1900242,regulation of synaptic vesicle endocytosis,9,Compara
IEA,GO_REF:0000107,GO:0032870,cellular response to hormone stimulus,9,Compara
IEA,GO_REF:0000107,GO:0001228,"DNA-binding transcription activator activity, RNA polymerase II-specific",9,Compara
IEA,GO_REF:0000107,GO:0090151,establishment of protein localization to mitochondrial membrane,9,Compara
IEA,GO_REF:0000107,GO:0001227,"DNA-binding transcription repressor activity, RNA polymerase II-specific",9,Compara
IEA,GO_REF:0000107,GO:0090102,cochlea development,9,Compara
IEA,GO_REF:0000107,GO:0090150,establishment of protein localization to membrane,9,Compara
IEA,GO_REF:0000107,GO:0008021,synaptic vesicle,9,Compara
IEA,GO_REF:0000107,GO:0060135,maternal process involved in female pregnancy,8,Compara
IEA,GO_REF:0000107,GO:0033197,response to vitamin E,8,Compara
IEA,GO_REF:0000107,GO:0005737,cytoplasm,8,Compara
IEA,GO_REF:0000107,GO:0001649,osteoblast differentiation,8,Compara
IEA,GO_REF:0000107,GO:0043066,negative regulation of apoptotic process,8,Compara
IEA,GO_REF:0000107,GO:1902494,catalytic complex,8,Compara
IEA,GO_REF:0000107,GO:0032094,response to food,8,Compara
IEA,GO_REF:0000107,GO:0071007,U2-type catalytic step 2 spliceosome,8,Compara
IEA,GO_REF:0000107,GO:0005886,plasma membrane,8,Compara
IEA,GO_REF:0000107,GO:0032991,protein-containing complex,8,Compara
IEA,GO_REF:0000107,GO:1990859,cellular response to endothelin,8,Compara
IEA,GO_REF:0000107,GO:0007595,lactation,8,Compara
IEA,GO_REF:0000107,GO:0097305,response to alcohol,8,Compara
IEA,GO_REF:0000107,GO:0043279,response to alkaloid,7,Compara
IEA,GO_REF:0000107,GO:0005813,centrosome,7,Compara
IEA,GO_REF:0000107,GO:0060416,response to growth hormone,7,Compara
IEA,GO_REF:0000107,GO:1990090,cellular response to nerve growth factor stimulus,7,Compara
IEA,GO_REF:0000107,GO:0009743,response to carbohydrate,7,Compara
IEA,GO_REF:0000107,GO:0042246,tissue regeneration,7,Compara
IEA,GO_REF:0000107,GO:1904385,cellular response to angiotensin,7,Compara
IEA,GO_REF:0000107,GO:0005681,spliceosomal complex,7,Compara
IEA,GO_REF:0000107,GO:0030850,prostate gland development,7,Compara
IEA,GO_REF:0000107,GO:0010629,negative regulation of gene expression,7,Compara
IEA,GO_REF:0000107,GO:1990314,cellular response to insulin-like growth factor stimulus,7,Compara
IEA,GO_REF:0000107,GO:0046697,decidualization,7,Compara
IEA,GO_REF:0000107,GO:0120103,centriolar subdistal appendage,7,Compara
IEA,GO_REF:0000107,GO:1904044,response to aldosterone,7,Compara
IEA,GO_REF:0000107,GO:0071361,cellular response to ethanol,7,Compara
IEA,GO_REF:0000107,GO:0006368,transcription elongation by RNA polymerase II,7,Compara
IEA,GO_REF:0000107,GO:0005794,Golgi apparatus,7,Compara
IEA,GO_REF:0000107,GO:0071372,cellular response to follicle-stimulating hormone stimulus,7,Compara
IEA,GO_REF:0000107,GO:0034599,cellular response to oxidative stress,7,Compara
IEA,GO_REF:0000107,GO:1905368,peptidase complex,7,Compara
IEA,GO_REF:0000107,GO:0010039,response to iron ion,7,Compara
IEA,GO_REF:0000107,GO:0043025,neuronal cell body,6,Compara
IEA,GO_REF:0000107,GO:0048333,mesodermal cell differentiation,6,Compara
IEA,GO_REF:0000107,GO:0000151,ubiquitin ligase complex,6,Compara
IEA,GO_REF:0000107,GO:0071305,cellular response to vitamin D,6,Compara
IEA,GO_REF:0000107,GO:0071385,cellular response to glucocorticoid stimulus,6,Compara
IEA,GO_REF:0000107,GO:0016604,nuclear body,6,Compara
IEA,GO_REF:0000107,GO:0089718,amino acid import across plasma membrane,6,Compara
IEA,GO_REF:0000107,GO:0098586,cellular response to virus,6,Compara
IEA,GO_REF:0000107,GO:0030325,adrenal gland development,6,Compara
IEA,GO_REF:0000107,GO:1902554,serine/threonine protein kinase complex,6,Compara
IEA,GO_REF:0000107,GO:0007259,cell surface receptor signaling pathway via JAK-STAT,6,Compara
IEA,GO_REF:0000107,GO:0005615,extracellular space,6,Compara
IEA,GO_REF:0000107,GO:0071375,cellular response to peptide hormone stimulus,6,Compara
IEA,GO_REF:0000107,GO:0008104,intracellular protein localization,6,Compara
IEA,GO_REF:0000107,GO:0008284,positive regulation of cell population proliferation,6,Compara
IEA,GO_REF:0000107,GO:0071276,cellular response to cadmium ion,6,Compara
IEA,GO_REF:0000107,GO:0006362,transcription elongation by RNA polymerase I,6,Compara
IEA,GO_REF:0000107,GO:1904628,cellular response to phorbol 13-acetate 12-myristate,6,Compara
IEA,GO_REF:0000107,GO:0007265,Ras protein signal transduction,6,Compara
IEA,GO_REF:0000107,GO:0003407,neural retina development,6,Compara
IEA,GO_REF:0000107,GO:0097067,cellular response to thyroid hormone stimulus,6,Compara
IEA,GO_REF:0000107,GO:0007494,midgut development,6,Compara
IEA,GO_REF:0000107,GO:0002947,tumor necrosis factor receptor superfamily complex,5,Compara
IEA,GO_REF:0000107,GO:0030182,neuron differentiation,5,Compara
IEA,GO_REF:0000107,GO:0030324,lung development,5,Compara
IEA,GO_REF:0000107,GO:0046677,response to antibiotic,5,Compara
IEA,GO_REF:0000107,GO:0030674,protein-macromolecule adaptor activity,5,Compara
IEA,GO_REF:0000107,GO:0010043,response to zinc ion,5,Compara
IEA,GO_REF:0000107,GO:0033993,response to lipid,5,Compara
IEA,GO_REF:0000107,GO:0002039,p53 binding,5,Compara
IEA,GO_REF:0000107,GO:0031464,Cul4A-RING E3 ubiquitin ligase complex,5,Compara
IEA,GO_REF:0000107,GO:0035864,response to potassium ion,5,Compara
IEA,GO_REF:0000107,GO:0009416,response to light stimulus,5,Compara
IEA,GO_REF:0000107,GO:0005634,nucleus,5,Compara
IEA,GO_REF:0000107,GO:0043278,response to morphine,5,Compara
IEA,GO_REF:0000107,GO:0071277,cellular response to calcium ion,5,Compara
IEA,GO_REF:0000107,GO:0034198,cellular response to amino acid starvation,5,Compara
IEA,GO_REF:0000107,GO:0009651,response to salt stress,5,Compara
IEA,GO_REF:0000107,GO:0097435,supramolecular fiber organization,5,Compara
IEA,GO_REF:0000107,GO:0006367,transcription initiation at RNA polymerase II promoter,5,Compara
IEA,GO_REF:0000107,GO:0042476,odontogenesis,5,Compara
IEA,GO_REF:0000107,GO:0007399,nervous system development,5,Compara
IEA,GO_REF:0000107,GO:1904373,response to kainic acid,5,Compara
IEA,GO_REF:0000107,GO:0042475,odontogenesis of dentin-containing tooth,5,Compara
IEA,GO_REF:0000107,GO:0033762,response to glucagon,5,Compara
IEA,GO_REF:0000107,GO:1902065,response to L-glutamate,5,Compara
IEA,GO_REF:0000107,GO:0070555,response to interleukin-1,5,Compara
IEA,GO_REF:0000107,GO:0071363,cellular response to growth factor stimulus,5,Compara
IEA,GO_REF:0000107,GO:0070365,hepatocyte differentiation,5,Compara
IEA,GO_REF:0000107,GO:0010996,response to auditory stimulus,5,Compara
IEA,GO_REF:0000107,GO:0010212,response to ionizing radiation,5,Compara
IEA,GO_REF:0000107,GO:0070848,response to growth factor,5,Compara
IEA,GO_REF:0000107,GO:0000995,RNA polymerase III general transcription initiation factor activity,5,Compara
IEA,GO_REF:0000107,GO:0032025,response to cobalt ion,5,Compara
IEA,GO_REF:0000107,GO:0043123,positive regulation of canonical NF-kappaB signal transduction,5,Compara
IEA,GO_REF:0000107,GO:0006334,nucleosome assembly,5,Compara
IEA,GO_REF:0000107,GO:0007566,embryo implantation,5,Compara
IEA,GO_REF:0000107,GO:0007286,spermatid development,5,Compara
IEA,GO_REF:0000107,GO:0120330,rixosome complex,5,Compara
IEA,GO_REF:0000107,GO:0071230,cellular response to amino acid stimulus,5,Compara
IEA,GO_REF:0000107,GO:0001541,ovarian follicle development,5,Compara
IEA,GO_REF:0000107,GO:0048709,oligodendrocyte differentiation,5,Compara
IEA,GO_REF:0000107,GO:0009635,response to herbicide,5,Compara
IEA,GO_REF:0000107,GO:0010040,response to iron(II) ion,5,Compara
IEA,GO_REF:0000107,GO:0051216,cartilage development,4,Compara
IEA,GO_REF:0000107,GO:0009750,response to fructose,4,Compara
IEA,GO_REF:0000107,GO:0034341,response to type II interferon,4,Compara
IEA,GO_REF:0000107,GO:0007613,memory,4,Compara
IEA,GO_REF:0000107,GO:0045732,positive regulation of protein catabolic process,4,Compara
IEA,GO_REF:0000107,GO:0071774,response to fibroblast growth factor,4,Compara
IEA,GO_REF:0000107,GO:1990234,transferase complex,4,Compara
IEA,GO_REF:0000107,GO:0030876,interleukin-20 receptor complex,4,Compara
IEA,GO_REF:0000107,GO:0031103,axon regeneration,4,Compara
IEA,GO_REF:0000107,GO:0009267,cellular response to starvation,4,Compara
IEA,GO_REF:0000107,GO:0042149,cellular response to glucose starvation,4,Compara
IEA,GO_REF:0000107,GO:0071374,cellular response to parathyroid hormone stimulus,4,Compara
IEA,GO_REF:0000107,GO:0071257,cellular response to electrical stimulus,4,Compara
IEA,GO_REF:0000107,GO:0101031,protein folding chaperone complex,4,Compara
IEA,GO_REF:0000107,GO:0060992,response to fungicide,4,Compara
IEA,GO_REF:0000107,GO:0090650,cellular response to oxygen-glucose deprivation,4,Compara
IEA,GO_REF:0000107,GO:0017085,response to insecticide,4,Compara
IEA,GO_REF:0000107,GO:0043010,camera-type eye development,4,Compara
IEA,GO_REF:0000107,GO:1905543,interleukin-15 receptor complex,4,Compara
IEA,GO_REF:0000107,GO:0097731,9+0 non-motile cilium,4,Compara
IEA,GO_REF:0000107,GO:0005893,interleukin-2 receptor complex,4,Compara
IEA,GO_REF:0000107,GO:0010269,response to selenium ion,4,Compara
IEA,GO_REF:0000107,GO:0140374,antiviral innate immune response,4,Compara
IEA,GO_REF:0000107,GO:0031440,regulation of mRNA 3'-end processing,4,Compara
IEA,GO_REF:0000107,GO:0046689,response to mercury ion,4,Compara
IEA,GO_REF:0000107,GO:0098794,postsynapse,4,Compara
IEA,GO_REF:0000107,GO:0010628,positive regulation of gene expression,4,Compara
IEA,GO_REF:0000107,GO:0001554,luteolysis,4,Compara
IEA,GO_REF:0000107,GO:0044877,protein-containing complex binding,4,Compara
IEA,GO_REF:0000107,GO:0009617,response to bacterium,4,Compara
IEA,GO_REF:0000107,GO:1990834,response to odorant,4,Compara
IEA,GO_REF:0000107,GO:0014003,oligodendrocyte development,4,Compara
IEA,GO_REF:0000107,GO:0048565,digestive tract development,4,Compara
IEA,GO_REF:0000107,GO:0005802,trans-Golgi network,4,Compara
IEA,GO_REF:0000107,GO:0035869,ciliary transition zone,4,Compara
IEA,GO_REF:0000107,GO:0002062,chondrocyte differentiation,4,Compara
IEA,GO_REF:0000107,GO:0034612,response to tumor necrosis factor,4,Compara
IEA,GO_REF:0000107,GO:0035458,cellular response to interferon-beta,4,Compara
IEA,GO_REF:0000107,GO:0006953,acute-phase response,4,Compara
IEA,GO_REF:0000107,GO:0006383,transcription by RNA polymerase III,4,Compara
IEA,GO_REF:0000107,GO:0046688,response to copper ion,4,Compara
IEA,GO_REF:0000107,GO:0071345,cellular response to cytokine stimulus,4,Compara
IEA,GO_REF:0000107,GO:0043335,protein unfolding,4,Compara
IEA,GO_REF:0000107,GO:0032026,response to magnesium ion,4,Compara
IEA,GO_REF:0000107,GO:0044183,protein folding chaperone,4,Compara
IEA,GO_REF:0000107,GO:0016240,autophagosome membrane docking,4,Compara
IEA,GO_REF:0000107,GO:0006355,regulation of DNA-templated transcription,4,Compara
IEA,GO_REF:0000107,GO:0097066,response to thyroid hormone,4,Compara
IEA,GO_REF:0000107,GO:0048306,calcium-dependent protein binding,4,Compara
IEA,GO_REF:0000107,GO:0021537,telencephalon development,4,Compara
IEA,GO_REF:0000107,GO:0021554,optic nerve development,4,Compara
IEA,GO_REF:0000107,GO:0051450,myoblast proliferation,4,Compara
IEA,GO_REF:0000107,GO:0072177,mesonephric duct development,4,Compara
IEA,GO_REF:0000107,GO:0071377,cellular response to glucagon stimulus,4,Compara
IEA,GO_REF:0000107,GO:0071354,cellular response to interleukin-6,4,Compara
IEA,GO_REF:0000107,GO:0071280,cellular response to copper ion,4,Compara
IEA,GO_REF:0000107,GO:0090069,regulation of ribosome biogenesis,4,Compara
IEA,GO_REF:0000107,GO:0140368,decoy receptor complex,4,Compara
IEA,GO_REF:0000107,GO:0043527,tRNA methyltransferase complex,4,Compara
IEA,GO_REF:0000107,GO:1904612,"response to 2,3,7,8-tetrachlorodibenzodioxine",4,Compara
IEA,GO_REF:0000107,GO:1904646,cellular response to amyloid-beta,4,Compara
IEA,GO_REF:0000107,GO:1905641,cellular response to acetaldehyde,4,Compara
IEA,GO_REF:0000107,GO:0071732,cellular response to nitric oxide,4,Compara
IEA,GO_REF:0000107,GO:0051414,response to cortisol,4,Compara
IEA,GO_REF:0000107,GO:0031389,Rad17 RFC-like complex,4,Compara
IEA,GO_REF:0000107,GO:0009642,response to light intensity,4,Compara
IEA,GO_REF:0000107,GO:0060009,Sertoli cell development,4,Compara
IEA,GO_REF:0000107,GO:0019904,protein domain specific binding,4,Compara
IEA,GO_REF:0000107,GO:0048568,embryonic organ development,4,Compara
IEA,GO_REF:0000107,GO:0007010,cytoskeleton organization,4,Compara
IEA,GO_REF:0000107,GO:0000785,chromatin,4,Compara
IEA,GO_REF:0000107,GO:1990229,iron-sulfur cluster assembly complex,3,Compara
IEA,GO_REF:0000107,GO:0033591,response to L-ascorbic acid,3,Compara
IEA,GO_REF:0000107,GO:0005770,late endosome,3,Compara
IEA,GO_REF:0000107,GO:0051123,RNA polymerase II preinitiation complex assembly,3,Compara
IEA,GO_REF:0000107,GO:0005759,mitochondrial matrix,3,Compara
IEA,GO_REF:0000107,GO:1990776,response to angiotensin,3,Compara
IEA,GO_REF:0000107,GO:0043541,UDP-N-acetylglucosamine transferase complex,3,Compara
IEA,GO_REF:0000107,GO:0031625,ubiquitin protein ligase binding,3,Compara
IEA,GO_REF:0000107,GO:0060041,retina development in camera-type eye,3,Compara
IEA,GO_REF:0000107,GO:0042803,protein homodimerization activity,3,Compara
IEA,GO_REF:0000107,GO:1901652,response to peptide,3,Compara
IEA,GO_REF:0000107,GO:0043190,ATP-binding cassette (ABC) transporter complex,3,Compara
IEA,GO_REF:0000107,GO:1990089,response to nerve growth factor,3,Compara
IEA,GO_REF:0000107,GO:0071474,cellular hyperosmotic response,3,Compara
IEA,GO_REF:0000107,GO:0033595,response to genistein,3,Compara
IEA,GO_REF:0000107,GO:0071248,cellular response to metal ion,3,Compara
IEA,GO_REF:0000107,GO:0010193,response to ozone,3,Compara
IEA,GO_REF:0000107,GO:0016208,AMP binding,3,Compara
IEA,GO_REF:0000107,GO:0010042,response to manganese ion,3,Compara
IEA,GO_REF:0000107,GO:0140117,histone H4K20me1 reader activity,3,Compara
IEA,GO_REF:0000107,GO:0140677,molecular function activator activity,3,Compara
IEA,GO_REF:0000107,GO:0033552,response to vitamin B3,3,Compara
IEA,GO_REF:0000107,GO:0030282,bone mineralization,3,Compara
IEA,GO_REF:0000107,GO:0006357,regulation of transcription by RNA polymerase II,3,Compara
IEA,GO_REF:0000107,GO:0016516,interleukin-4 receptor complex,3,Compara
IEA,GO_REF:0000107,GO:0048048,embryonic eye morphogenesis,3,Compara
IEA,GO_REF:0000107,GO:0042742,defense response to bacterium,3,Compara
IEA,GO_REF:0000107,GO:0000255,allantoin metabolic process,3,Compara
IEA,GO_REF:0000107,GO:0005930,axoneme,3,Compara
IEA,GO_REF:0000107,GO:0061709,reticulophagy,3,Compara
IEA,GO_REF:0000107,GO:0005655,nucleolar ribonuclease P complex,3,Compara
IEA,GO_REF:0000107,GO:0090398,cellular senescence,3,Compara
IEA,GO_REF:0000107,GO:0071373,cellular response to luteinizing hormone stimulus,3,Compara
IEA,GO_REF:0000107,GO:0072205,metanephric collecting duct development,3,Compara
IEA,GO_REF:0000107,GO:0022614,membrane to membrane docking,3,Compara
IEA,GO_REF:0000107,GO:0071559,response to transforming growth factor beta,3,Compara
IEA,GO_REF:0000107,GO:0140297,DNA-binding transcription factor binding,3,Compara
IEA,GO_REF:0000107,GO:1904321,response to forskolin,3,Compara
IEA,GO_REF:0000107,GO:0042826,histone deacetylase binding,3,Compara
IEA,GO_REF:0000107,GO:0045948,positive regulation of translational initiation,3,Compara
IEA,GO_REF:0000107,GO:0034698,response to gonadotropin,3,Compara
IEA,GO_REF:0000107,GO:0060291,long-term synaptic potentiation,3,Compara
IEA,GO_REF:0000107,GO:0071498,cellular response to fluid shear stress,3,Compara
IEA,GO_REF:0000107,GO:0071480,cellular response to gamma radiation,3,Compara
IEA,GO_REF:0000107,GO:0060612,adipose tissue development,3,Compara
IEA,GO_REF:0000107,GO:0044320,cellular response to leptin stimulus,3,Compara
IEA,GO_REF:0000107,GO:0005783,endoplasmic reticulum,3,Compara
IEA,GO_REF:0000107,GO:1902074,response to salt,3,Compara
IEA,GO_REF:0000107,GO:0017053,transcription repressor complex,3,Compara
IEA,GO_REF:0000107,GO:0003360,brainstem development,3,Compara
IEA,GO_REF:0000107,GO:0043197,dendritic spine,3,Compara
IEA,GO_REF:0000107,GO:0021854,hypothalamus development,3,Compara
IEA,GO_REF:0000107,GO:0021915,neural tube development,3,Compara
IEA,GO_REF:0000107,GO:0030905,"retromer, tubulation complex",3,Compara
IEA,GO_REF:0000107,GO:0045892,negative regulation of DNA-templated transcription,3,Compara
IEA,GO_REF:0000107,GO:0000109,nucleotide-excision repair complex,3,Compara
IEA,GO_REF:0000107,GO:0006366,transcription by RNA polymerase II,3,Compara
IEA,GO_REF:0000107,GO:0033617,mitochondrial cytochrome c oxidase assembly,3,Compara
IEA,GO_REF:0000107,GO:0034616,response to laminar fluid shear stress,3,Compara
IEA,GO_REF:0000107,GO:0034695,response to prostaglandin E,3,Compara
IEA,GO_REF:0000107,GO:0045945,positive regulation of transcription by RNA polymerase III,3,Compara
IEA,GO_REF:0000107,GO:1901653,cellular response to peptide,3,Compara
IEA,GO_REF:0000107,GO:1990646,cellular response to prolactin,3,Compara
IEA,GO_REF:0000107,GO:1990418,response to insulin-like growth factor stimulus,3,Compara
IEA,GO_REF:0000107,GO:0005739,mitochondrion,3,Compara
IEA,GO_REF:0000107,GO:0030900,forebrain development,3,Compara
IEA,GO_REF:0000107,GO:0003677,DNA binding,3,Compara
IEA,GO_REF:0000107,GO:0014894,response to denervation involved in regulation of muscle adaptation,3,Compara
IEA,GO_REF:0000107,GO:0071404,cellular response to low-density lipoprotein particle stimulus,3,Compara
IEA,GO_REF:0000107,GO:0072347,response to anesthetic,3,Compara
IEA,GO_REF:0000107,GO:0071284,cellular response to lead ion,3,Compara
IEA,GO_REF:0000107,GO:1904010,response to Aroclor 1254,3,Compara
IEA,GO_REF:0000107,GO:0042110,T cell activation,3,Compara
IEA,GO_REF:0000107,GO:0061629,RNA polymerase II-specific DNA-binding transcription factor binding,3,Compara
IEA,GO_REF:0000107,GO:0005898,interleukin-13 receptor complex,3,Compara
IEA,GO_REF:0000107,GO:0034976,response to endoplasmic reticulum stress,3,Compara
IEA,GO_REF:0000107,GO:0060348,bone development,3,Compara
IEA,GO_REF:0000107,GO:0009897,external side of plasma membrane,3,Compara
IEA,GO_REF:0000107,GO:0046982,protein heterodimerization activity,3,Compara
IEA,GO_REF:0000107,GO:0000417,HIR complex,3,Compara
IEA,GO_REF:0000107,GO:0140416,transcription regulator inhibitor activity,3,Compara
IEA,GO_REF:0000107,GO:0034696,response to prostaglandin F,3,Compara
IEA,GO_REF:0000107,GO:0035502,metanephric part of ureteric bud development,3,Compara
IEA,GO_REF:0000107,GO:0060137,maternal process involved in parturition,3,Compara
IEA,GO_REF:0000107,GO:0097413,Lewy body,3,Compara
IEA,GO_REF:0000107,GO:0010165,response to X-ray,3,Compara
IEA,GO_REF:0000107,GO:0007611,learning or memory,3,Compara
IEA,GO_REF:0000107,GO:1904845,cellular response to L-glutamine,3,Compara
IEA,GO_REF:0000107,GO:1903925,response to bisphenol A,3,Compara
IEA,GO_REF:0000107,GO:1990910,response to hypobaric hypoxia,3,Compara
IEA,GO_REF:0000107,GO:1990785,response to water-immersion restraint stress,3,Compara
IEA,GO_REF:0000107,GO:0048148,behavioral response to cocaine,3,Compara
IEA,GO_REF:0000107,GO:0042698,ovulation cycle,3,Compara
IEA,GO_REF:0000107,GO:0043161,proteasome-mediated ubiquitin-dependent protein catabolic process,3,Compara
IEA,GO_REF:0000107,GO:0008585,female gonad development,3,Compara
IEA,GO_REF:0000107,GO:0071287,cellular response to manganese ion,3,Compara
IEA,GO_REF:0000107,GO:0014012,peripheral nervous system axon regeneration,3,Compara
IEA,GO_REF:0000107,GO:0009629,response to gravity,3,Compara
IEA,GO_REF:0000107,GO:0097730,non-motile cilium,3,Compara
IEA,GO_REF:0000107,GO:1990433,CSL-Notch-Mastermind transcription factor complex,3,Compara
IEA,GO_REF:0000107,GO:0022038,corpus callosum development,3,Compara
IEA,GO_REF:0000107,GO:0098609,cell-cell adhesion,3,Compara
IEA,GO_REF:0000107,GO:0060038,cardiac muscle cell proliferation,3,Compara
IEA,GO_REF:0000107,GO:0019855,calcium channel inhibitor activity,3,Compara
IEA,GO_REF:0000107,GO:0071418,cellular response to amine stimulus,3,Compara
IEA,GO_REF:0000107,GO:0090533,cation-transporting ATPase complex,3,Compara
IEA,GO_REF:0000107,GO:0071394,cellular response to testosterone stimulus,3,Compara
IEA,GO_REF:0000107,GO:0036126,sperm flagellum,3,Compara
IEA,GO_REF:0000107,GO:0070541,response to platinum ion,3,Compara
IEA,GO_REF:0000107,GO:0072237,metanephric proximal tubule development,3,Compara
IEA,GO_REF:0000107,GO:1990391,DNA repair complex,3,Compara
IEA,GO_REF:0000107,GO:0046330,positive regulation of JNK cascade,3,Compara
IEA,GO_REF:0000107,GO:2000352,negative regulation of endothelial cell apoptotic process,3,Compara
IEA,GO_REF:0000107,GO:0046685,response to arsenic-containing substance,3,Compara
IEA,GO_REF:0000107,GO:0007519,skeletal muscle tissue development,3,Compara
IEA,GO_REF:0000107,GO:0048745,smooth muscle tissue development,3,Compara
IEA,GO_REF:0000107,GO:0048839,inner ear development,3,Compara
IEA,GO_REF:0000107,GO:0009986,cell surface,3,Compara
IEA,GO_REF:0000107,GO:0048471,perinuclear region of cytoplasm,3,Compara
IEA,GO_REF:0000107,GO:0043201,response to L-leucine,3,Compara
IEA,GO_REF:0000107,GO:0044752,response to human chorionic gonadotropin,3,Compara
IEA,GO_REF:0000107,GO:0014854,response to inactivity,3,Compara
IEA,GO_REF:0000107,GO:0090649,response to oxygen-glucose deprivation,3,Compara
IEA,GO_REF:0000107,GO:0120229,protein localization to motile cilium,3,Compara
IEA,GO_REF:0000107,GO:0051597,response to methylmercury,3,Compara
IEA,GO_REF:0000107,GO:0003009,skeletal muscle contraction,3,Compara
IEA,GO_REF:0000107,GO:0071475,cellular hyperosmotic salinity response,3,Compara
IEA,GO_REF:0000107,GO:0006260,DNA replication,3,Compara
IEA,GO_REF:0000107,GO:0021983,pituitary gland development,3,Compara
IEA,GO_REF:0000107,GO:0005667,transcription regulator complex,3,Compara
IEA,GO_REF:0000107,GO:0030425,dendrite,3,Compara
IEA,GO_REF:0000107,GO:0051593,response to folic acid,3,Compara
IEA,GO_REF:0000107,GO:0048050,post-embryonic eye morphogenesis,3,Compara
IEA,GO_REF:0000107,GO:0035994,response to muscle stretch,3,Compara
IEA,GO_REF:0000107,GO:1902617,response to fluoride,3,Compara
IEA,GO_REF:0000107,GO:0035729,cellular response to hepatocyte growth factor stimulus,3,Compara
IEA,GO_REF:0000107,GO:0043410,positive regulation of MAPK cascade,3,Compara
IEA,GO_REF:0000107,GO:0034224,cellular response to zinc ion starvation,3,Compara
IEA,GO_REF:0000107,GO:0000792,heterochromatin,3,Compara
IEA,GO_REF:0000107,GO:0140444,cytoskeleton-nuclear membrane anchor activity,3,Compara
IEA,GO_REF:0000107,GO:0035900,response to isolation stress,3,Compara
IEA,GO_REF:0000107,GO:0032211,negative regulation of telomere maintenance via telomerase,2,Compara
IEA,GO_REF:0000107,GO:0035032,"phosphatidylinositol 3-kinase complex, class III",2,Compara
IEA,GO_REF:0000107,GO:0006914,autophagy,2,Compara
IEA,GO_REF:0000107,GO:0021954,central nervous system neuron development,2,Compara
IEA,GO_REF:0000107,GO:1905323,telomerase holoenzyme complex assembly,2,Compara
IEA,GO_REF:0000107,GO:0031012,extracellular matrix,2,Compara
IEA,GO_REF:0000107,GO:0045454,cell redox homeostasis,2,Compara
IEA,GO_REF:0000107,GO:0090575,RNA polymerase II transcription regulator complex,2,Compara
IEA,GO_REF:0000107,GO:2000781,positive regulation of double-strand break repair,2,Compara
IEA,GO_REF:0000107,GO:0045453,bone resorption,2,Compara
IEA,GO_REF:0000107,GO:1990637,response to prolactin,2,Compara
IEA,GO_REF:0000107,GO:0006974,DNA damage response,2,Compara
IEA,GO_REF:0000107,GO:0033209,tumor necrosis factor-mediated signaling pathway,2,Compara
IEA,GO_REF:0000107,GO:0001669,acrosomal vesicle,2,Compara
IEA,GO_REF:0000107,GO:1903078,positive regulation of protein localization to plasma membrane,2,Compara
IEA,GO_REF:0000107,GO:0030141,secretory granule,2,Compara
IEA,GO_REF:0000107,GO:0030621,U4 snRNA binding,2,Compara
IEA,GO_REF:0000107,GO:0032936,SREBP-SCAP complex,2,Compara
IEA,GO_REF:0000107,GO:0032039,integrator complex,2,Compara
IEA,GO_REF:0000107,GO:0030512,negative regulation of transforming growth factor beta receptor signaling pathway,2,Compara
IEA,GO_REF:0000107,GO:1904016,response to Thyroglobulin triiodothyronine,2,Compara
IEA,GO_REF:0000107,GO:0009266,response to temperature stimulus,2,Compara
IEA,GO_REF:0000107,GO:0019899,enzyme binding,2,Compara
IEA,GO_REF:0000107,GO:0031124,mRNA 3'-end processing,2,Compara
IEA,GO_REF:0000107,GO:0031267,small GTPase binding,2,Compara
IEA,GO_REF:0000107,GO:0072051,juxtaglomerular apparatus development,2,Compara
IEA,GO_REF:0000107,GO:1903100,"1-phosphatidyl-1D-myo-inositol 3,5-bisphosphate metabolic process",2,Compara
IEA,GO_REF:0000107,GO:0072011,glomerular endothelium development,2,Compara
IEA,GO_REF:0000107,GO:0071400,cellular response to oleic acid,2,Compara
IEA,GO_REF:0000107,GO:0032786,"positive regulation of DNA-templated transcription, elongation",2,Compara
IEA,GO_REF:0000107,GO:0005793,endoplasmic reticulum-Golgi intermediate compartment,2,Compara
IEA,GO_REF:0000107,GO:0071332,cellular response to fructose stimulus,2,Compara
IEA,GO_REF:0000107,GO:0071318,cellular response to ATP,2,Compara
IEA,GO_REF:0000107,GO:0071236,cellular response to antibiotic,2,Compara
IEA,GO_REF:0000107,GO:0070443,Mad-Max complex,2,Compara
IEA,GO_REF:0000107,GO:0070062,extracellular exosome,2,Compara
IEA,GO_REF:0000107,GO:1901290,succinyl-CoA biosynthetic process,2,Compara
IEA,GO_REF:0000107,GO:0003158,endothelium development,2,Compara
IEA,GO_REF:0000107,GO:0090571,RNA polymerase II transcription repressor complex,2,Compara
IEA,GO_REF:0000107,GO:0002020,protease binding,2,Compara
IEA,GO_REF:0000107,GO:0002074,extraocular skeletal muscle development,2,Compara
IEA,GO_REF:0000107,GO:0055015,ventricular cardiac muscle cell development,2,Compara
IEA,GO_REF:0000107,GO:0061042,vascular wound healing,2,Compara
IEA,GO_REF:0000107,GO:0061180,mammary gland epithelium development,2,Compara
IEA,GO_REF:0000107,GO:1902255,positive regulation of intrinsic apoptotic signaling pathway by p53 class mediator,2,Compara
IEA,GO_REF:0000107,GO:0060428,lung epithelium development,2,Compara
IEA,GO_REF:0000107,GO:1990737,response to manganese-induced endoplasmic reticulum stress,2,Compara
IEA,GO_REF:0000107,GO:0005049,nuclear export signal receptor activity,2,Compara
IEA,GO_REF:0000107,GO:0032354,response to follicle-stimulating hormone,2,Compara
IEA,GO_REF:0000107,GO:0051020,GTPase binding,2,Compara
IEA,GO_REF:0000107,GO:0106217,tRNA C3-cytosine methylation,2,Compara
IEA,GO_REF:0000107,GO:0002639,positive regulation of immunoglobulin production,2,Compara
IEA,GO_REF:0000107,GO:0019003,GDP binding,2,Compara
IEA,GO_REF:0000107,GO:0062141,nuclear exosome targeting complex,2,Compara
IEA,GO_REF:0000107,GO:0070328,triglyceride homeostasis,2,Compara
IEA,GO_REF:0000107,GO:0000164,protein phosphatase type 1 complex,2,Compara
IEA,GO_REF:0000107,GO:0071895,odontoblast differentiation,2,Compara
IEA,GO_REF:0000107,GO:0090435,protein localization to nuclear envelope,2,Compara
IEA,GO_REF:0000107,GO:0072284,metanephric S-shaped body morphogenesis,2,Compara
IEA,GO_REF:0000107,GO:0051726,regulation of cell cycle,2,Compara
IEA,GO_REF:0000107,GO:0001658,branching involved in ureteric bud morphogenesis,2,Compara
IEA,GO_REF:0000107,GO:0016324,apical plasma membrane,2,Compara
IEA,GO_REF:0000107,GO:0038037,G protein-coupled receptor dimeric complex,2,Compara
IEA,GO_REF:0000107,GO:0030157,pancreatic juice secretion,2,Compara
IEA,GO_REF:0000107,GO:0043065,positive regulation of apoptotic process,2,Compara
IEA,GO_REF:0000107,GO:0072278,metanephric comma-shaped body morphogenesis,2,Compara
IEA,GO_REF:0000107,GO:0034498,early endosome to Golgi transport,2,Compara
IEA,GO_REF:0000107,GO:0071378,cellular response to growth hormone stimulus,2,Compara
IEA,GO_REF:0000107,GO:0140612,DNA damage sensor activity,2,Compara
IEA,GO_REF:0000107,GO:0008544,epidermis development,2,Compara
IEA,GO_REF:0000107,GO:0006882,intracellular zinc ion homeostasis,2,Compara
IEA,GO_REF:0000107,GO:0042581,specific granule,2,Compara
IEA,GO_REF:0000107,GO:0045742,positive regulation of epidermal growth factor receptor signaling pathway,2,Compara
IEA,GO_REF:0000107,GO:0014870,response to muscle inactivity,2,Compara
IEA,GO_REF:0000107,GO:0014009,glial cell proliferation,2,Compara
IEA,GO_REF:0000107,GO:0071389,cellular response to mineralocorticoid stimulus,2,Compara
IEA,GO_REF:0000107,GO:0019005,SCF ubiquitin ligase complex,2,Compara
IEA,GO_REF:0000107,GO:0140507,granzyme-mediated programmed cell death signaling pathway,2,Compara
IEA,GO_REF:0000107,GO:0097028,dendritic cell differentiation,2,Compara
IEA,GO_REF:0000107,GO:0034605,cellular response to heat,2,Compara
IEA,GO_REF:0000107,GO:0034014,response to triglyceride,2,Compara
IEA,GO_REF:0000107,GO:0001046,core promoter sequence-specific DNA binding,2,Compara
IEA,GO_REF:0000107,GO:0071887,leukocyte apoptotic process,2,Compara
IEA,GO_REF:0000107,GO:0043303,mast cell degranulation,2,Compara
IEA,GO_REF:0000107,GO:0071242,cellular response to ammonium ion,2,Compara
IEA,GO_REF:0000107,GO:0070131,positive regulation of mitochondrial translation,2,Compara
IEA,GO_REF:0000107,GO:0062137,cargo receptor complex,2,Compara
IEA,GO_REF:0000107,GO:0003229,ventricular cardiac muscle tissue development,2,Compara
IEA,GO_REF:0000107,GO:0004064,arylesterase activity,2,Compara
IEA,GO_REF:0000107,GO:0048265,response to pain,2,Compara
IEA,GO_REF:0000107,GO:0097150,neuronal stem cell population maintenance,2,Compara
IEA,GO_REF:0000107,GO:0097068,response to thyroxine,2,Compara
IEA,GO_REF:0000107,GO:1903545,cellular response to butyrate,2,Compara
IEA,GO_REF:0000107,GO:0071476,cellular hypotonic response,2,Compara
IEA,GO_REF:0000107,GO:0071396,cellular response to lipid,2,Compara
IEA,GO_REF:0000107,GO:0046209,nitric oxide metabolic process,2,Compara
IEA,GO_REF:0000107,GO:0043596,nuclear replication fork,2,Compara
IEA,GO_REF:0000107,GO:0010038,response to metal ion,2,Compara
IEA,GO_REF:0000107,GO:0043312,neutrophil degranulation,2,Compara
IEA,GO_REF:0000107,GO:0032571,response to vitamin K,2,Compara
IEA,GO_REF:0000107,GO:0000977,RNA polymerase II transcription regulatory region sequence-specific DNA binding,2,Compara
IEA,GO_REF:0000107,GO:0043198,dendritic shaft,2,Compara
IEA,GO_REF:0000107,GO:0043408,regulation of MAPK cascade,2,Compara
IEA,GO_REF:0000107,GO:0046427,positive regulation of receptor signaling pathway via JAK-STAT,2,Compara
IEA,GO_REF:0000107,GO:1904640,response to methionine,2,Compara
IEA,GO_REF:0000107,GO:0005765,lysosomal membrane,2,Compara
IEA,GO_REF:0000107,GO:0008306,associative learning,2,Compara
IEA,GO_REF:0000107,GO:0010044,response to aluminum ion,2,Compara
IEA,GO_REF:0000107,GO:0007281,germ cell development,2,Compara
IEA,GO_REF:0000107,GO:0045727,positive regulation of translation,2,Compara
IEA,GO_REF:0000107,GO:1904681,response to 3-methylcholanthrene,2,Compara
IEA,GO_REF:0000107,GO:0036396,RNA N6-methyladenosine methyltransferase complex,2,Compara
IEA,GO_REF:0000107,GO:0000423,mitophagy,2,Compara
IEA,GO_REF:0000107,GO:0045815,transcription initiation-coupled chromatin remodeling,2,Compara
IEA,GO_REF:0000107,GO:0002244,hematopoietic progenitor cell differentiation,2,Compara
IEA,GO_REF:0000107,GO:0002544,chronic inflammatory response,2,Compara
IEA,GO_REF:0000107,GO:0006898,receptor-mediated endocytosis,2,Compara
IEA,GO_REF:0000107,GO:0016323,basolateral plasma membrane,2,Compara
IEA,GO_REF:0000107,GO:0008179,adenylate cyclase binding,2,Compara
IEA,GO_REF:0000107,GO:0009611,response to wounding,2,Compara
IEA,GO_REF:0000107,GO:0048484,enteric nervous system development,2,Compara
IEA,GO_REF:0000107,GO:0097371,MDM2/MDM4 family protein binding,2,Compara
IEA,GO_REF:0000107,GO:0038023,signaling receptor activity,2,Compara
IEA,GO_REF:0000107,GO:0140056,organelle localization by membrane tethering,2,Compara
IEA,GO_REF:0000107,GO:0007416,synapse assembly,2,Compara
IEA,GO_REF:0000107,GO:2000010,positive regulation of protein localization to cell surface,2,Compara
IEA,GO_REF:0000107,GO:1990456,mitochondrion-endoplasmic reticulum membrane tethering,2,Compara
IEA,GO_REF:0000107,GO:0006986,response to unfolded protein,2,Compara
IEA,GO_REF:0000107,GO:1990416,cellular response to brain-derived neurotrophic factor stimulus,2,Compara
IEA,GO_REF:0000107,GO:0030307,positive regulation of cell growth,2,Compara
IEA,GO_REF:0000107,GO:0097069,cellular response to thyroxine stimulus,2,Compara
IEA,GO_REF:0000107,GO:0072520,seminiferous tubule development,2,Compara
IEA,GO_REF:0000107,GO:0019185,snRNA-activating protein complex,2,Compara
IEA,GO_REF:0000107,GO:0061966,establishment of left/right asymmetry,2,Compara
IEA,GO_REF:0000107,GO:0071107,response to parathyroid hormone,2,Compara
IEA,GO_REF:0000107,GO:0071397,cellular response to cholesterol,2,Compara
IEA,GO_REF:0000107,GO:0071453,cellular response to oxygen levels,2,Compara
IEA,GO_REF:0000107,GO:0071360,cellular response to exogenous dsRNA,2,Compara
IEA,GO_REF:0000107,GO:0070670,response to interleukin-4,2,Compara
IEA,GO_REF:0000107,GO:0031396,regulation of protein ubiquitination,2,Compara
IEA,GO_REF:0000107,GO:0180038,cyclin L-CDK11 complex,2,Compara
IEA,GO_REF:0000107,GO:0031507,heterochromatin formation,2,Compara
IEA,GO_REF:0000107,GO:0003713,transcription coactivator activity,2,Compara
IEA,GO_REF:0000107,GO:0031297,replication fork processing,2,Compara
IEA,GO_REF:0000107,GO:0051146,striated muscle cell differentiation,2,Compara
IEA,GO_REF:0000107,GO:0097546,ciliary base,2,Compara
IEA,GO_REF:0000107,GO:0090263,positive regulation of canonical Wnt signaling pathway,2,Compara
IEA,GO_REF:0000107,GO:0097403,cellular response to raffinose,2,Compara
IEA,GO_REF:0000107,GO:0007004,telomere maintenance via telomerase,2,Compara
IEA,GO_REF:0000107,GO:0060179,male mating behavior,2,Compara
IEA,GO_REF:0000107,GO:0005764,lysosome,2,Compara
IEA,GO_REF:0000107,GO:0001701,in utero embryonic development,2,Compara
IEA,GO_REF:0000107,GO:0140870,RNA polymerase inhibitor activity,2,Compara
IEA,GO_REF:0000107,GO:0034201,response to oleic acid,2,Compara
IEA,GO_REF:0000107,GO:0034021,response to silicon dioxide,2,Compara
IEA,GO_REF:0000107,GO:0036269,swimming behavior,2,Compara
IEA,GO_REF:0000107,GO:0036454,growth factor complex,2,Compara
IEA,GO_REF:0000107,GO:0034465,response to carbon monoxide,2,Compara
IEA,GO_REF:0000107,GO:0141039,phosphatidylinositol 3-kinase inhibitor activity,2,Compara
IEA,GO_REF:0000107,GO:0140459,response to Gram-positive bacterium,2,Compara
IEA,GO_REF:0000107,GO:0061512,protein localization to cilium,2,Compara
IEA,GO_REF:0000107,GO:0007179,transforming growth factor beta receptor signaling pathway,2,Compara
IEA,GO_REF:0000107,GO:0009411,response to UV,2,Compara
IEA,GO_REF:0000107,GO:0098793,presynapse,2,Compara
IEA,GO_REF:0000107,GO:0005576,extracellular region,2,Compara
IEA,GO_REF:0000107,GO:0097361,cytosolic [4Fe-4S] assembly targeting complex,2,Compara
IEA,GO_REF:0000107,GO:1904772,response to tetrachloromethane,2,Compara
IEA,GO_REF:0000107,GO:0045323,interleukin-1 receptor complex,2,Compara
IEA,GO_REF:0000107,GO:0044321,response to leptin,2,Compara
IEA,GO_REF:0000107,GO:0016525,negative regulation of angiogenesis,2,Compara
IEA,GO_REF:0000107,GO:1903502,translation repressor complex,2,Compara
IEA,GO_REF:0000107,GO:0010824,regulation of centrosome duplication,2,Compara
IEA,GO_REF:0000107,GO:0043587,tongue morphogenesis,2,Compara
IEA,GO_REF:0000107,GO:0048268,clathrin coat assembly,2,Compara
IEA,GO_REF:0000107,GO:0043484,regulation of RNA splicing,2,Compara
IEA,GO_REF:0000107,GO:0071477,cellular hypotonic salinity response,2,Compara
IEA,GO_REF:0000107,GO:0051087,protein-folding chaperone binding,2,Compara
IEA,GO_REF:0000107,GO:0021759,globus pallidus development,2,Compara
IEA,GO_REF:0000107,GO:1990000,amyloid fibril formation,2,Compara
IEA,GO_REF:0000107,GO:0032968,positive regulation of transcription elongation by RNA polymerase II,2,Compara
IEA,GO_REF:0000107,GO:0030424,axon,2,Compara
IEA,GO_REF:0000107,GO:0017046,peptide hormone binding,2,Compara
IEA,GO_REF:0000107,GO:0072218,metanephric ascending thin limb development,2,Compara
IEA,GO_REF:0000107,GO:0042552,myelination,2,Compara
IEA,GO_REF:0000107,GO:0010266,response to vitamin B1,2,Compara
IEA,GO_REF:0000107,GO:0007612,learning,2,Compara
IEA,GO_REF:0000107,GO:0080021,response to benzoic acid,2,Compara
IEA,GO_REF:0000107,GO:0010045,response to nickel cation,2,Compara
IEA,GO_REF:0000107,GO:0048024,"regulation of mRNA splicing, via spliceosome",2,Compara
IEA,GO_REF:0000107,GO:0032880,regulation of protein localization,2,Compara
IEA,GO_REF:0000107,GO:0000226,microtubule cytoskeleton organization,2,Compara
IEA,GO_REF:0000107,GO:0002437,inflammatory response to antigenic stimulus,2,Compara
IEA,GO_REF:0000107,GO:0001542,ovulation from ovarian follicle,2,Compara
IEA,GO_REF:0000107,GO:0030221,basophil differentiation,2,Compara
IEA,GO_REF:0000107,GO:0042147,"retrograde transport, endosome to Golgi",2,Compara
IEA,GO_REF:0000107,GO:0032390,MutLbeta complex,2,Compara
IEA,GO_REF:0000107,GO:0060290,transdifferentiation,2,Compara
IEA,GO_REF:0000107,GO:0030097,hemopoiesis,2,Compara
IEA,GO_REF:0000107,GO:0051131,chaperone-mediated protein complex assembly,2,Compara
IEA,GO_REF:0000107,GO:0050821,protein stabilization,2,Compara
IEA,GO_REF:0000107,GO:0050665,hydrogen peroxide biosynthetic process,2,Compara
IEA,GO_REF:0000107,GO:0072164,mesonephric tubule development,2,Compara
IEA,GO_REF:0000107,GO:0097718,disordered domain specific binding,2,Compara
IEA,GO_REF:0000107,GO:0098901,regulation of cardiac muscle cell action potential,2,Compara
IEA,GO_REF:0000107,GO:0001938,positive regulation of endothelial cell proliferation,2,Compara
IEA,GO_REF:0000107,GO:0033555,multicellular organismal response to stress,2,Compara
IEA,GO_REF:0000107,GO:0071773,cellular response to BMP stimulus,2,Compara
IEA,GO_REF:0000107,GO:0033273,response to vitamin,2,Compara
IEA,GO_REF:0000107,GO:0035097,histone methyltransferase complex,2,Compara
IEA,GO_REF:0000107,GO:0030154,cell differentiation,2,Compara
IEA,GO_REF:0000107,GO:0010467,gene expression,2,Compara
IEA,GO_REF:0000107,GO:1990352,BRE1 E3 ubiquitin ligase complex,2,Compara
IEA,GO_REF:0000107,GO:0021756,striatum development,2,Compara
IEA,GO_REF:0000107,GO:0030216,keratinocyte differentiation,2,Compara
IEA,GO_REF:0000107,GO:0030054,cell junction,2,Compara
IEA,GO_REF:0000107,GO:0043020,NADPH oxidase complex,2,Compara
IEA,GO_REF:0000107,GO:0048666,neuron development,2,Compara
IEA,GO_REF:0000107,GO:0006972,hyperosmotic response,2,Compara
IEA,GO_REF:0000107,GO:1905232,cellular response to L-glutamate,2,Compara
IEA,GO_REF:0000107,GO:0007268,chemical synaptic transmission,2,Compara
IEA,GO_REF:0000107,GO:0140767,enzyme-substrate adaptor activity,2,Compara
IEA,GO_REF:0000107,GO:1900087,positive regulation of G1/S transition of mitotic cell cycle,2,Compara
IEA,GO_REF:0000107,GO:0034644,cellular response to UV,2,Compara
IEA,GO_REF:0000107,GO:0035313,"wound healing, spreading of epidermal cells",2,Compara
IEA,GO_REF:0000107,GO:0000710,meiotic mismatch repair,2,Compara
IEA,GO_REF:0000107,GO:0031016,pancreas development,2,Compara
IEA,GO_REF:0000107,GO:0031410,cytoplasmic vesicle,2,Compara
IEA,GO_REF:0000107,GO:0042178,xenobiotic catabolic process,2,Compara
IEA,GO_REF:0000107,GO:0071871,response to epinephrine,2,Compara
IEA,GO_REF:0000107,GO:0071316,cellular response to nicotine,2,Compara
IEA,GO_REF:0000107,GO:0097587,MutLgamma complex,2,Compara
IEA,GO_REF:0000107,GO:1904313,response to methamphetamine hydrochloride,2,Compara
IEA,GO_REF:0000107,GO:0060271,cilium assembly,2,Compara
IEA,GO_REF:0000107,GO:0016180,snRNA processing,2,Compara
IEA,GO_REF:0000107,GO:0071371,cellular response to gonadotropin stimulus,2,Compara
IEA,GO_REF:0000107,GO:0097648,G protein-coupled receptor complex,2,Compara
IEA,GO_REF:0000107,GO:0097332,response to antipsychotic drug,2,Compara
IEA,GO_REF:0000107,GO:0032436,positive regulation of proteasomal ubiquitin-dependent protein catabolic process,2,Compara
IEA,GO_REF:0000107,GO:0061630,ubiquitin protein ligase activity,2,Compara
IEA,GO_REF:0000107,GO:0030330,"DNA damage response, signal transduction by p53 class mediator",2,Compara
IEA,GO_REF:0000107,GO:0001664,G protein-coupled receptor binding,2,Compara
IEA,GO_REF:0000107,GO:0060391,positive regulation of SMAD protein signal transduction,2,Compara
IEA,GO_REF:0000107,GO:0071383,cellular response to steroid hormone stimulus,2,Compara
IEA,GO_REF:0000107,GO:0000118,histone deacetylase complex,2,Compara
IEA,GO_REF:0000107,GO:0007187,"G protein-coupled receptor signaling pathway, coupled to cyclic nucleotide second messenger",2,Compara
IEA,GO_REF:0000107,GO:0005929,cilium,2,Compara
IEA,GO_REF:0000107,GO:1903937,response to acrylamide,2,Compara
IEA,GO_REF:0000107,GO:0045472,response to ether,2,Compara
IEA,GO_REF:0000107,GO:1904638,response to resveratrol,2,Compara
IEA,GO_REF:0000107,GO:1905571,interleukin-10 receptor complex,2,Compara
IEA,GO_REF:0000107,GO:1905515,non-motile cilium assembly,2,Compara
IEA,GO_REF:0000107,GO:0051897,positive regulation of phosphatidylinositol 3-kinase/protein kinase B signal transduction,2,Compara
IEA,GO_REF:0000107,GO:0009751,response to salicylic acid,2,Compara
IEA,GO_REF:0000107,GO:0035733,hepatic stellate cell activation,2,Compara
IEA,GO_REF:0000107,GO:0071294,cellular response to zinc ion,2,Compara
IEA,GO_REF:0000107,GO:0007052,mitotic spindle organization,1,Compara
IEA,GO_REF:0000107,GO:0005758,mitochondrial intermembrane space,1,Compara
IEA,GO_REF:0000107,GO:0007032,endosome organization,1,Compara
IEA,GO_REF:0000107,GO:0140311,protein sequestering activity,1,Compara
IEA,GO_REF:0000107,GO:0046042,ITP biosynthetic process,1,Compara
IEA,GO_REF:0000107,GO:0150012,positive regulation of neuron projection arborization,1,Compara
IEA,GO_REF:0000107,GO:0032564,dATP binding,1,Compara
IEA,GO_REF:0000107,GO:1900119,positive regulation of execution phase of apoptosis,1,Compara
IEA,GO_REF:0000107,GO:0005980,glycogen catabolic process,1,Compara
IEA,GO_REF:0000107,GO:0033603,positive regulation of dopamine secretion,1,Compara
IEA,GO_REF:0000107,GO:0034454,microtubule anchoring at centrosome,1,Compara
IEA,GO_REF:0000107,GO:0045595,regulation of cell differentiation,1,Compara
IEA,GO_REF:0000107,GO:0009437,carnitine metabolic process,1,Compara
IEA,GO_REF:0000107,GO:0045597,positive regulation of cell differentiation,1,Compara
IEA,GO_REF:0000107,GO:0046534,positive regulation of photoreceptor cell differentiation,1,Compara
IEA,GO_REF:0000107,GO:0030511,positive regulation of transforming growth factor beta receptor signaling pathway,1,Compara
IEA,GO_REF:0000107,GO:0002076,osteoblast development,1,Compara
IEA,GO_REF:0000107,GO:0002438,acute inflammatory response to antigenic stimulus,1,Compara
IEA,GO_REF:0000107,GO:0030297,transmembrane receptor protein tyrosine kinase activator activity,1,Compara
IEA,GO_REF:0000107,GO:1904842,response to nitroglycerin,1,Compara
IEA,GO_REF:0000107,GO:0045786,negative regulation of cell cycle,1,Compara
IEA,GO_REF:0000107,GO:0061628,histone H3K27me3 reader activity,1,Compara
IEA,GO_REF:0000107,GO:0001765,membrane raft assembly,1,Compara
IEA,GO_REF:0000107,GO:0001837,epithelial to mesenchymal transition,1,Compara
IEA,GO_REF:0000107,GO:0021772,olfactory bulb development,1,Compara
IEA,GO_REF:0000107,GO:0048821,erythrocyte development,1,Compara
IEA,GO_REF:0000107,GO:1902749,regulation of cell cycle G2/M phase transition,1,Compara
IEA,GO_REF:0000107,GO:0060364,frontal suture morphogenesis,1,Compara
IEA,GO_REF:0000107,GO:0061441,renal artery morphogenesis,1,Compara
IEA,GO_REF:0000107,GO:0061462,protein localization to lysosome,1,Compara
IEA,GO_REF:0000107,GO:1904117,cellular response to vasopressin,1,Compara
IEA,GO_REF:0000107,GO:0006303,double-strand break repair via nonhomologous end joining,1,Compara
IEA,GO_REF:0000107,GO:1905782,positive regulation of phosphatidylserine exposure on apoptotic cell surface,1,Compara
IEA,GO_REF:0000107,GO:1904975,response to bleomycin,1,Compara
IEA,GO_REF:0000107,GO:0046045,TMP catabolic process,1,Compara
IEA,GO_REF:0000107,GO:0005791,rough endoplasmic reticulum,1,Compara
IEA,GO_REF:0000107,GO:0048863,stem cell differentiation,1,Compara
IEA,GO_REF:0000107,GO:0048524,positive regulation of viral process,1,Compara
IEA,GO_REF:0000107,GO:0005686,U2 snRNP,1,Compara
IEA,GO_REF:0000107,GO:0047134,protein-disulfide reductase [NAD(P)H] activity,1,Compara
IEA,GO_REF:0000107,GO:0003094,glomerular filtration,1,Compara
IEA,GO_REF:0000107,GO:0045047,protein targeting to ER,1,Compara
IEA,GO_REF:0000107,GO:0097011,cellular response to granulocyte macrophage colony-stimulating factor stimulus,1,Compara
IEA,GO_REF:0000107,GO:0097187,dentinogenesis,1,Compara
IEA,GO_REF:0000107,GO:1990708,conditioned place preference,1,Compara
IEA,GO_REF:0000107,GO:0140015,histone H3K14ac reader activity,1,Compara
IEA,GO_REF:0000107,GO:0043534,blood vessel endothelial cell migration,1,Compara
IEA,GO_REF:0000107,GO:0006936,muscle contraction,1,Compara
IEA,GO_REF:0000107,GO:0032963,collagen metabolic process,1,Compara
IEA,GO_REF:0000107,GO:0042795,snRNA transcription by RNA polymerase II,1,Compara
IEA,GO_REF:0000107,GO:1903955,positive regulation of protein targeting to mitochondrion,1,Compara
IEA,GO_REF:0000107,GO:1903672,positive regulation of sprouting angiogenesis,1,Compara
IEA,GO_REF:0000107,GO:1903544,response to butyrate,1,Compara
IEA,GO_REF:0000107,GO:1903333,negative regulation of protein folding,1,Compara
IEA,GO_REF:0000107,GO:0017156,calcium-ion regulated exocytosis,1,Compara
IEA,GO_REF:0000107,GO:1902988,neurofibrillary tangle assembly,1,Compara
IEA,GO_REF:0000107,GO:0048704,embryonic skeletal system morphogenesis,1,Compara
IEA,GO_REF:0000107,GO:0006900,vesicle budding from membrane,1,Compara
IEA,GO_REF:0000107,GO:0008285,negative regulation of cell population proliferation,1,Compara
IEA,GO_REF:0000107,GO:0046600,negative regulation of centriole replication,1,Compara
IEA,GO_REF:0000107,GO:0048792,spontaneous exocytosis of neurotransmitter,1,Compara
IEA,GO_REF:0000107,GO:0062099,negative regulation of programmed necrotic cell death,1,Compara
IEA,GO_REF:0000107,GO:0046827,positive regulation of protein export from nucleus,1,Compara
IEA,GO_REF:0000107,GO:0005901,caveola,1,Compara
IEA,GO_REF:0000107,GO:2000118,regulation of sodium-dependent phosphate transport,1,Compara
IEA,GO_REF:0000107,GO:0072144,glomerular mesangial cell development,1,Compara
IEA,GO_REF:0000107,GO:0072320,volume-sensitive chloride channel activity,1,Compara
IEA,GO_REF:0000107,GO:0086069,bundle of His cell to Purkinje myocyte communication,1,Compara
IEA,GO_REF:0000107,GO:0019722,calcium-mediated signaling,1,Compara
IEA,GO_REF:0000107,GO:1990712,HFE-transferrin receptor complex,1,Compara
IEA,GO_REF:0000107,GO:0030426,growth cone,1,Compara
IEA,GO_REF:0000107,GO:0031175,neuron projection development,1,Compara
IEA,GO_REF:0000107,GO:0006537,glutamate biosynthetic process,1,Compara
IEA,GO_REF:0000107,GO:0032924,activin receptor signaling pathway,1,Compara
IEA,GO_REF:0000107,GO:0032206,positive regulation of telomere maintenance,1,Compara
IEA,GO_REF:0000107,GO:0031948,positive regulation of glucocorticoid biosynthetic process,1,Compara
IEA,GO_REF:0000107,GO:0032897,negative regulation of viral transcription,1,Compara
IEA,GO_REF:0000107,GO:0008532,"N-acetyllactosaminide beta-1,3-N-acetylglucosaminyltransferase activity",1,Compara
IEA,GO_REF:0000107,GO:0021700,developmental maturation,1,Compara
IEA,GO_REF:0000107,GO:0030326,embryonic limb morphogenesis,1,Compara
IEA,GO_REF:0000107,GO:0021515,cell differentiation in spinal cord,1,Compara
IEA,GO_REF:0000107,GO:0031643,positive regulation of myelination,1,Compara
IEA,GO_REF:0000107,GO:0031670,cellular response to nutrient,1,Compara
IEA,GO_REF:0000107,GO:1902524,positive regulation of protein K48-linked ubiquitination,1,Compara
IEA,GO_REF:0000107,GO:0032588,trans-Golgi network membrane,1,Compara
IEA,GO_REF:0000107,GO:0031727,CCR2 chemokine receptor binding,1,Compara
IEA,GO_REF:0000107,GO:1904028,positive regulation of collagen fibril organization,1,Compara
IEA,GO_REF:0000107,GO:1905837,cellular response to triterpenoid,1,Compara
IEA,GO_REF:0000107,GO:2000144,positive regulation of DNA-templated transcription initiation,1,Compara
IEA,GO_REF:0000107,GO:2000379,positive regulation of reactive oxygen species metabolic process,1,Compara
IEA,GO_REF:0000107,GO:2000502,negative regulation of natural killer cell chemotaxis,1,Compara
IEA,GO_REF:0000107,GO:0030904,retromer complex,1,Compara
IEA,GO_REF:0000107,GO:0030117,membrane coat,1,Compara
IEA,GO_REF:0000107,GO:0031072,heat shock protein binding,1,Compara
IEA,GO_REF:0000107,GO:0090031,positive regulation of steroid hormone biosynthetic process,1,Compara
IEA,GO_REF:0000107,GO:0048706,embryonic skeletal system development,1,Compara
IEA,GO_REF:0000107,GO:0016887,ATP hydrolysis activity,1,Compara
IEA,GO_REF:0000107,GO:0072577,endothelial cell apoptotic process,1,Compara
IEA,GO_REF:0000107,GO:0072254,metanephric glomerular mesangial cell differentiation,1,Compara
IEA,GO_REF:0000107,GO:0072224,metanephric glomerulus development,1,Compara
IEA,GO_REF:0000107,GO:0048566,embryonic digestive tract development,1,Compara
IEA,GO_REF:0000107,GO:0048572,short-day photoperiodism,1,Compara
IEA,GO_REF:0000107,GO:0048251,elastic fiber assembly,1,Compara
IEA,GO_REF:0000107,GO:0048708,astrocyte differentiation,1,Compara
IEA,GO_REF:0000107,GO:1903020,positive regulation of glycoprotein metabolic process,1,Compara
IEA,GO_REF:0000107,GO:0042631,cellular response to water deprivation,1,Compara
IEA,GO_REF:0000107,GO:0043124,negative regulation of canonical NF-kappaB signal transduction,1,Compara
IEA,GO_REF:0000107,GO:0043995,histone H4K5 acetyltransferase activity,1,Compara
IEA,GO_REF:0000107,GO:0043996,histone H4K8 acetyltransferase activity,1,Compara
IEA,GO_REF:0000107,GO:2000785,regulation of autophagosome assembly,1,Compara
IEA,GO_REF:0000107,GO:1990459,transferrin receptor binding,1,Compara
IEA,GO_REF:0000107,GO:0071731,response to nitric oxide,1,Compara
IEA,GO_REF:0000107,GO:0045682,regulation of epidermis development,1,Compara
IEA,GO_REF:0000107,GO:0045766,positive regulation of angiogenesis,1,Compara
IEA,GO_REF:0000107,GO:0045987,positive regulation of smooth muscle contraction,1,Compara
IEA,GO_REF:0000107,GO:1904307,response to desipramine,1,Compara
IEA,GO_REF:0000107,GO:1900451,positive regulation of glutamate receptor signaling pathway,1,Compara
IEA,GO_REF:0000107,GO:1905237,response to cyclosporin A,1,Compara
IEA,GO_REF:0000107,GO:1905477,positive regulation of protein localization to membrane,1,Compara
IEA,GO_REF:0000107,GO:0032273,positive regulation of protein polymerization,1,Compara
IEA,GO_REF:0000107,GO:0071275,cellular response to aluminum ion,1,Compara
IEA,GO_REF:0000107,GO:0006883,intracellular sodium ion homeostasis,1,Compara
IEA,GO_REF:0000107,GO:0006888,endoplasmic reticulum to Golgi vesicle-mediated transport,1,Compara
IEA,GO_REF:0000107,GO:0010226,response to lithium ion,1,Compara
IEA,GO_REF:0000107,GO:0070781,response to biotin,1,Compara
IEA,GO_REF:0000107,GO:0031982,vesicle,1,Compara
IEA,GO_REF:0000107,GO:0033631,cell-cell adhesion mediated by integrin,1,Compara
IEA,GO_REF:0000107,GO:0070745,interleukin-35 complex,1,Compara
IEA,GO_REF:0000107,GO:0030701,NAD+-dinitrogen-reductase ADP-D-ribosyltransferase activity,1,Compara
IEA,GO_REF:0000107,GO:0070342,brown fat cell proliferation,1,Compara
IEA,GO_REF:0000107,GO:0007174,epidermal growth factor catabolic process,1,Compara
IEA,GO_REF:0000107,GO:0007186,G protein-coupled receptor signaling pathway,1,Compara
IEA,GO_REF:0000107,GO:0007411,axon guidance,1,Compara
IEA,GO_REF:0000107,GO:0007413,axonal fasciculation,1,Compara
IEA,GO_REF:0000107,GO:1990832,slow axonal transport,1,Compara
IEA,GO_REF:0000107,GO:0035772,interleukin-13-mediated signaling pathway,1,Compara
IEA,GO_REF:0000107,GO:0009032,thymidine phosphorylase activity,1,Compara
IEA,GO_REF:0000107,GO:0009791,post-embryonic development,1,Compara
IEA,GO_REF:0000107,GO:0140296,general transcription initiation factor binding,1,Compara
IEA,GO_REF:0000107,GO:0035962,response to interleukin-13,1,Compara
IEA,GO_REF:0000107,GO:0033116,endoplasmic reticulum-Golgi intermediate compartment membrane,1,Compara
IEA,GO_REF:0000107,GO:0033326,cerebrospinal fluid secretion,1,Compara
IEA,GO_REF:0000107,GO:0036158,outer dynein arm assembly,1,Compara
IEA,GO_REF:0000107,GO:0010457,centriole-centriole cohesion,1,Compara
IEA,GO_REF:0000107,GO:0042127,regulation of cell population proliferation,1,Compara
IEA,GO_REF:0000107,GO:0072722,response to amitrole,1,Compara
IEA,GO_REF:0000107,GO:0030042,actin filament depolymerization,1,Compara
IEA,GO_REF:0000107,GO:0016615,malate dehydrogenase activity,1,Compara
IEA,GO_REF:0000107,GO:0080184,response to phenylpropanoid,1,Compara
IEA,GO_REF:0000107,GO:1901986,response to ketamine,1,Compara
IEA,GO_REF:0000107,GO:1904262,negative regulation of TORC1 signaling,1,Compara
IEA,GO_REF:0000107,GO:1903451,negative regulation of G1 to G0 transition,1,Compara
IEA,GO_REF:0000107,GO:0098829,intestinal folate absorption,1,Compara
IEA,GO_REF:0000107,GO:0000165,MAPK cascade,1,Compara
IEA,GO_REF:0000107,GO:0007346,regulation of mitotic cell cycle,1,Compara
IEA,GO_REF:0000107,GO:0048147,negative regulation of fibroblast proliferation,1,Compara
IEA,GO_REF:0000107,GO:0097680,double-strand break repair via classical nonhomologous end joining,1,Compara
IEA,GO_REF:0000107,GO:2000641,regulation of early endosome to late endosome transport,1,Compara
IEA,GO_REF:0000107,GO:0003006,developmental process involved in reproduction,1,Compara
IEA,GO_REF:0000107,GO:1990911,response to psychosocial stress,1,Compara
IEA,GO_REF:0000107,GO:0006631,fatty acid metabolic process,1,Compara
IEA,GO_REF:0000107,GO:0001553,luteinization,1,Compara
IEA,GO_REF:0000107,GO:0031669,cellular response to nutrient levels,1,Compara
IEA,GO_REF:0000107,GO:0003924,GTPase activity,1,Compara
IEA,GO_REF:0000107,GO:0005902,microvillus,1,Compara
IEA,GO_REF:0000107,GO:0002752,cell surface pattern recognition receptor signaling pathway,1,Compara
IEA,GO_REF:0000107,GO:0000454,snoRNA guided rRNA pseudouridine synthesis,1,Compara
IEA,GO_REF:0000107,GO:0000978,RNA polymerase II cis-regulatory region sequence-specific DNA binding,1,Compara
IEA,GO_REF:0000107,GO:0001650,fibrillar center,1,Compara
IEA,GO_REF:0000107,GO:0001656,metanephros development,1,Compara
IEA,GO_REF:0000107,GO:0060021,roof of mouth development,1,Compara
IEA,GO_REF:0000107,GO:0043932,ossification involved in bone remodeling,1,Compara
IEA,GO_REF:0000107,GO:0061431,cellular response to methionine,1,Compara
IEA,GO_REF:0000107,GO:0002224,toll-like receptor signaling pathway,1,Compara
IEA,GO_REF:0000107,GO:0002548,monocyte chemotaxis,1,Compara
IEA,GO_REF:0000107,GO:0050908,detection of light stimulus involved in visual perception,1,Compara
IEA,GO_REF:0000107,GO:0051385,response to mineralocorticoid,1,Compara
IEA,GO_REF:0000107,GO:1904211,"membrane protein proteolysis involved in retrograde protein transport, ER to cytosol",1,Compara
IEA,GO_REF:0000107,GO:1903543,positive regulation of exosomal secretion,1,Compara
IEA,GO_REF:0000107,GO:1903416,response to glycoside,1,Compara
IEA,GO_REF:0000107,GO:0045335,phagocytic vesicle,1,Compara
IEA,GO_REF:0000107,GO:0042255,ribosome assembly,1,Compara
IEA,GO_REF:0000107,GO:0060484,lung-associated mesenchyme development,1,Compara
IEA,GO_REF:0000107,GO:0060509,type I pneumocyte differentiation,1,Compara
IEA,GO_REF:0000107,GO:0060698,endoribonuclease inhibitor activity,1,Compara
IEA,GO_REF:0000107,GO:0048692,negative regulation of axon extension involved in regeneration,1,Compara
IEA,GO_REF:0000107,GO:0048496,maintenance of animal organ identity,1,Compara
IEA,GO_REF:0000107,GO:0004978,corticotropin receptor activity,1,Compara
IEA,GO_REF:0000107,GO:2000353,positive regulation of endothelial cell apoptotic process,1,Compara
IEA,GO_REF:0000107,GO:0005509,calcium ion binding,1,Compara
IEA,GO_REF:0000107,GO:0060629,regulation of homologous chromosome segregation,1,Compara
IEA,GO_REF:0000107,GO:0032785,"negative regulation of DNA-templated transcription, elongation",1,Compara
IEA,GO_REF:0000107,GO:0005547,"phosphatidylinositol-3,4,5-trisphosphate binding",1,Compara
IEA,GO_REF:0000107,GO:0060082,eye blink reflex,1,Compara
IEA,GO_REF:0000107,GO:0005721,pericentric heterochromatin,1,Compara
IEA,GO_REF:0000107,GO:0060054,positive regulation of epithelial cell proliferation involved in wound healing,1,Compara
IEA,GO_REF:0000107,GO:2001023,regulation of response to drug,1,Compara
IEA,GO_REF:0000107,GO:0003231,cardiac ventricle development,1,Compara
IEA,GO_REF:0000107,GO:2000252,negative regulation of feeding behavior,1,Compara
IEA,GO_REF:0000107,GO:0004860,protein kinase inhibitor activity,1,Compara
IEA,GO_REF:0000107,GO:0051967,"negative regulation of synaptic transmission, glutamatergic",1,Compara
IEA,GO_REF:0000107,GO:0090394,negative regulation of excitatory postsynaptic potential,1,Compara
IEA,GO_REF:0000107,GO:0051599,response to hydrostatic pressure,1,Compara
IEA,GO_REF:0000107,GO:0098856,intestinal lipid absorption,1,Compara
IEA,GO_REF:0000107,GO:0098908,regulation of neuronal action potential,1,Compara
IEA,GO_REF:0000107,GO:0098978,glutamatergic synapse,1,Compara
IEA,GO_REF:0000107,GO:0031960,response to corticosteroid,1,Compara
IEA,GO_REF:0000107,GO:0120197,mucociliary clearance,1,Compara
IEA,GO_REF:0000107,GO:0051258,protein polymerization,1,Compara
IEA,GO_REF:0000107,GO:0030879,mammary gland development,1,Compara
IEA,GO_REF:0000107,GO:0050805,negative regulation of synaptic transmission,1,Compara
IEA,GO_REF:0000107,GO:0030644,intracellular chloride ion homeostasis,1,Compara
IEA,GO_REF:0000107,GO:0030623,U5 snRNA binding,1,Compara
IEA,GO_REF:0000107,GO:0010975,regulation of neuron projection development,1,Compara
IEA,GO_REF:0000107,GO:0016081,synaptic vesicle docking,1,Compara
IEA,GO_REF:0000107,GO:0090281,negative regulation of calcium ion import,1,Compara
IEA,GO_REF:0000107,GO:0001890,placenta development,1,Compara
IEA,GO_REF:0000107,GO:0001824,blastocyst development,1,Compara
IEA,GO_REF:0000107,GO:0090403,oxidative stress-induced premature senescence,1,Compara
IEA,GO_REF:0000107,GO:0071454,cellular response to anoxia,1,Compara
IEA,GO_REF:0000107,GO:0071539,protein localization to centrosome,1,Compara
IEA,GO_REF:0000107,GO:0001580,detection of chemical stimulus involved in sensory perception of bitter taste,1,Compara
IEA,GO_REF:0000107,GO:0001552,ovarian follicle atresia,1,Compara
IEA,GO_REF:0000107,GO:0021591,ventricular system development,1,Compara
IEA,GO_REF:0000107,GO:0032107,regulation of response to nutrient levels,1,Compara
IEA,GO_REF:0000107,GO:0001221,transcription coregulator binding,1,Compara
IEA,GO_REF:0000107,GO:0000398,"mRNA splicing, via spliceosome",1,Compara
IEA,GO_REF:0000107,GO:0000379,tRNA-type intron splice site recognition and cleavage,1,Compara
IEA,GO_REF:0000107,GO:0005635,nuclear envelope,1,Compara
IEA,GO_REF:0000107,GO:0005848,mRNA cleavage stimulating factor complex,1,Compara
IEA,GO_REF:0000107,GO:0004857,enzyme inhibitor activity,1,Compara
IEA,GO_REF:0000107,GO:0035865,cellular response to potassium ion,1,Compara
IEA,GO_REF:0000107,GO:0035556,intracellular signal transduction,1,Compara
IEA,GO_REF:0000107,GO:0043122,regulation of canonical NF-kappaB signal transduction,1,Compara
IEA,GO_REF:0000107,GO:0042119,neutrophil activation,1,Compara
IEA,GO_REF:0000107,GO:0022625,cytosolic large ribosomal subunit,1,Compara
IEA,GO_REF:0000107,GO:0034123,positive regulation of toll-like receptor signaling pathway,1,Compara
IEA,GO_REF:0000107,GO:0033686,positive regulation of luteinizing hormone secretion,1,Compara
IEA,GO_REF:0000107,GO:0035162,embryonic hemopoiesis,1,Compara
IEA,GO_REF:0000107,GO:0043435,response to corticotropin-releasing hormone,1,Compara
IEA,GO_REF:0000107,GO:0045054,constitutive secretory pathway,1,Compara
IEA,GO_REF:0000107,GO:0045807,positive regulation of endocytosis,1,Compara
IEA,GO_REF:0000107,GO:0046010,"positive regulation of circadian sleep/wake cycle, non-REM sleep",1,Compara
IEA,GO_REF:0000107,GO:1905394,retromer complex binding,1,Compara
IEA,GO_REF:0000107,GO:0071283,cellular response to iron(III) ion,1,Compara
IEA,GO_REF:0000107,GO:1905640,response to acetaldehyde,1,Compara
IEA,GO_REF:0000107,GO:0070316,regulation of G0 to G1 transition,1,Compara
IEA,GO_REF:0000107,GO:0009299,mRNA transcription,1,Compara
IEA,GO_REF:0000107,GO:0050859,negative regulation of B cell receptor signaling pathway,1,Compara
IEA,GO_REF:0000107,GO:0006886,intracellular protein transport,1,Compara
IEA,GO_REF:0000107,GO:0009648,photoperiodism,1,Compara
IEA,GO_REF:0000107,GO:0061843,Sertoli cell barrier remodeling,1,Compara
IEA,GO_REF:0000107,GO:1905448,positive regulation of mitochondrial ATP synthesis coupled electron transport,1,Compara
IEA,GO_REF:0000107,GO:1904383,response to sodium phosphate,1,Compara
IEA,GO_REF:0000107,GO:0008489,"UDP-galactose:glucosylceramide beta-1,4-galactosyltransferase activity",1,Compara
IEA,GO_REF:0000107,GO:0046085,adenosine metabolic process,1,Compara
IEA,GO_REF:0000107,GO:0044016,histone H3K4 acetyltransferase activity,1,Compara
IEA,GO_REF:0000107,GO:0043491,phosphatidylinositol 3-kinase/protein kinase B signal transduction,1,Compara
IEA,GO_REF:0000107,GO:0007166,cell surface receptor signaling pathway,1,Compara
IEA,GO_REF:0000107,GO:0042756,drinking behavior,1,Compara
IEA,GO_REF:0000107,GO:0007368,determination of left/right symmetry,1,Compara
IEA,GO_REF:0000107,GO:0080129,proteasome core complex assembly,1,Compara
IEA,GO_REF:0000107,GO:0140861,DNA repair-dependent chromatin remodeling,1,Compara
IEA,GO_REF:0000107,GO:0019900,kinase binding,1,Compara
IEA,GO_REF:0000107,GO:0016266,protein O-linked glycosylation via N-acetyl-galactosamine,1,Compara
IEA,GO_REF:0000107,GO:0018894,dibenzo-p-dioxin metabolic process,1,Compara
IEA,GO_REF:0000107,GO:0017157,regulation of exocytosis,1,Compara
IEA,GO_REF:0000107,GO:0034511,U3 snoRNA binding,1,Compara
IEA,GO_REF:0000107,GO:0006805,xenobiotic metabolic process,1,Compara
IEA,GO_REF:0000107,GO:0034986,iron chaperone activity,1,Compara
IEA,GO_REF:0000107,GO:0034284,response to monosaccharide,1,Compara
IEA,GO_REF:0000107,GO:0032449,CBM complex,1,Compara
IEA,GO_REF:0000107,GO:0031442,positive regulation of mRNA 3'-end processing,1,Compara
IEA,GO_REF:0000107,GO:0035773,insulin secretion involved in cellular response to glucose stimulus,1,Compara
IEA,GO_REF:0000107,GO:0036005,response to macrophage colony-stimulating factor,1,Compara
IEA,GO_REF:0000107,GO:0140002,histone H3K4me3 reader activity,1,Compara
IEA,GO_REF:0000107,GO:0006207,'de novo' pyrimidine nucleobase biosynthetic process,1,Compara
IEA,GO_REF:0000107,GO:0086003,cardiac muscle cell contraction,1,Compara
IEA,GO_REF:0000107,GO:0072075,metanephric mesenchyme development,1,Compara
IEA,GO_REF:0000107,GO:0001657,ureteric bud development,1,Compara
IEA,GO_REF:0000107,GO:0051721,protein phosphatase 2A binding,1,Compara
IEA,GO_REF:0000107,GO:0099538,synaptic signaling via neuropeptide,1,Compara
IEA,GO_REF:0000107,GO:0071469,cellular response to alkaline pH,1,Compara
IEA,GO_REF:0000107,GO:0071403,cellular response to high density lipoprotein particle stimulus,1,Compara
IEA,GO_REF:0000107,GO:0071393,cellular response to progesterone stimulus,1,Compara
IEA,GO_REF:0000107,GO:0043021,ribonucleoprotein complex binding,1,Compara
IEA,GO_REF:0000107,GO:0097225,sperm midpiece,1,Compara
IEA,GO_REF:0000107,GO:0071281,cellular response to iron ion,1,Compara
IEA,GO_REF:0000107,GO:0071243,cellular response to arsenic-containing substance,1,Compara
IEA,GO_REF:0000107,GO:0071013,catalytic step 2 spliceosome,1,Compara
IEA,GO_REF:0000107,GO:0006939,smooth muscle contraction,1,Compara
IEA,GO_REF:0000107,GO:0070772,PAS complex,1,Compara
IEA,GO_REF:0000107,GO:0070427,nucleotide-binding oligomerization domain containing 1 signaling pathway,1,Compara
IEA,GO_REF:0000107,GO:0034451,centriolar satellite,1,Compara
IEA,GO_REF:0000107,GO:0034504,protein localization to nucleus,1,Compara
IEA,GO_REF:0000107,GO:0048388,endosomal lumen acidification,1,Compara
IEA,GO_REF:0000107,GO:0016922,nuclear receptor binding,1,Compara
IEA,GO_REF:0000107,GO:0016239,positive regulation of macroautophagy,1,Compara
IEA,GO_REF:0000107,GO:0000166,nucleotide binding,1,Compara
IEA,GO_REF:0000107,GO:0060090,molecular adaptor activity,1,Compara
IEA,GO_REF:0000107,GO:0043921,host-mediated perturbation of viral transcription,1,Compara
IEA,GO_REF:0000107,GO:0010804,negative regulation of tumor necrosis factor-mediated signaling pathway,1,Compara
IEA,GO_REF:0000107,GO:0010803,regulation of tumor necrosis factor-mediated signaling pathway,1,Compara
IEA,GO_REF:0000107,GO:1902017,regulation of cilium assembly,1,Compara
IEA,GO_REF:0000107,GO:0010659,cardiac muscle cell apoptotic process,1,Compara
IEA,GO_REF:0000107,GO:1901588,dendritic microtubule,1,Compara
IEA,GO_REF:0000107,GO:1902895,positive regulation of miRNA transcription,1,Compara
IEA,GO_REF:0000107,GO:0099524,postsynaptic cytosol,1,Compara
IEA,GO_REF:0000107,GO:1903427,negative regulation of reactive oxygen species biosynthetic process,1,Compara
IEA,GO_REF:0000107,GO:1903577,cellular response to L-arginine,1,Compara
IEA,GO_REF:0000107,GO:1903131,mononuclear cell differentiation,1,Compara
IEA,GO_REF:0000107,GO:0050427,3'-phosphoadenosine 5'-phosphosulfate metabolic process,1,Compara
IEA,GO_REF:0000107,GO:0002793,positive regulation of peptide secretion,1,Compara
IEA,GO_REF:0000107,GO:0097284,hepatocyte apoptotic process,1,Compara
IEA,GO_REF:0000107,GO:1903495,cellular response to dehydroepiandrosterone,1,Compara
IEA,GO_REF:0000107,GO:0097527,necroptotic signaling pathway,1,Compara
IEA,GO_REF:0000107,GO:0097550,transcription preinitiation complex,1,Compara
IEA,GO_REF:0000107,GO:0003730,mRNA 3'-UTR binding,1,Compara
IEA,GO_REF:0000107,GO:1903575,cornified envelope assembly,1,Compara
IEA,GO_REF:0000107,GO:1902555,endoribonuclease complex,1,Compara
IEA,GO_REF:0000107,GO:0019068,virion assembly,1,Compara
IEA,GO_REF:0000107,GO:0061458,reproductive system development,1,Compara
IEA,GO_REF:0000107,GO:0060613,fat pad development,1,Compara
IEA,GO_REF:0000107,GO:0010575,positive regulation of vascular endothelial growth factor production,1,Compara
IEA,GO_REF:0000107,GO:0014856,skeletal muscle cell proliferation,1,Compara
IEA,GO_REF:0000107,GO:0032391,photoreceptor connecting cilium,1,Compara
IEA,GO_REF:0000107,GO:0060359,response to ammonium ion,1,Compara
IEA,GO_REF:0000107,GO:0016032,viral process,1,Compara
IEA,GO_REF:0000107,GO:0016101,diterpenoid metabolic process,1,Compara
IEA,GO_REF:0000107,GO:0044325,transmembrane transporter binding,1,Compara
IEA,GO_REF:0000107,GO:0070231,T cell apoptotic process,1,Compara
IEA,GO_REF:0000107,GO:0060044,negative regulation of cardiac muscle cell proliferation,1,Compara
IEA,GO_REF:0000107,GO:0070849,response to epidermal growth factor,1,Compara
IEA,GO_REF:0000107,GO:0071872,cellular response to epinephrine stimulus,1,Compara
IEA,GO_REF:0000107,GO:0072717,cellular response to actinomycin D,1,Compara
IEA,GO_REF:0000107,GO:0019769,low-affinity IgE receptor activity,1,Compara
IEA,GO_REF:0000107,GO:0019901,protein kinase binding,1,Compara
IEA,GO_REF:0000107,GO:0050682,AF-2 domain binding,1,Compara
IEA,GO_REF:0000107,GO:0042267,natural killer cell mediated cytotoxicity,1,Compara
IEA,GO_REF:0000107,GO:0031431,Dbf4-dependent protein kinase complex,1,Compara
IEA,GO_REF:0000107,GO:0031462,Cul2-RING ubiquitin ligase complex,1,Compara
IEA,GO_REF:0000107,GO:0001533,cornified envelope,1,Compara
IEA,GO_REF:0000107,GO:1990864,response to growth hormone-releasing hormone,1,Compara
IEA,GO_REF:0000107,GO:1990867,response to gastrin,1,Compara
IEA,GO_REF:0000107,GO:1990869,cellular response to chemokine,1,Compara
IEA,GO_REF:0000107,GO:0000209,protein polyubiquitination,1,Compara
IEA,GO_REF:0000107,GO:0030296,protein tyrosine kinase activator activity,1,Compara
IEA,GO_REF:0000107,GO:0045740,positive regulation of DNA replication,1,Compara
IEA,GO_REF:0000107,GO:0030667,secretory granule membrane,1,Compara
IEA,GO_REF:0000107,GO:0031000,response to caffeine,1,Compara
IEA,GO_REF:0000107,GO:0032435,negative regulation of proteasomal ubiquitin-dependent protein catabolic process,1,Compara
IEA,GO_REF:0000107,GO:0032398,MHC class Ib protein complex,1,Compara
IEA,GO_REF:0000107,GO:0031648,protein destabilization,1,Compara
IEA,GO_REF:0000107,GO:0032212,positive regulation of telomere maintenance via telomerase,1,Compara
IEA,GO_REF:0000107,GO:0032266,phosphatidylinositol-3-phosphate binding,1,Compara
IEA,GO_REF:0000107,GO:0043531,ADP binding,1,Compara
IEA,GO_REF:0000107,GO:0030971,receptor tyrosine kinase binding,1,Compara
IEA,GO_REF:0000107,GO:0003950,NAD+ poly-ADP-ribosyltransferase activity,1,Compara
IEA,GO_REF:0000107,GO:0015629,actin cytoskeleton,1,Compara
IEA,GO_REF:0000107,GO:0030155,regulation of cell adhesion,1,Compara
IEA,GO_REF:0000107,GO:0030057,desmosome,1,Compara
IEA,GO_REF:0000107,GO:0045780,positive regulation of bone resorption,1,Compara
IEA,GO_REF:0000107,GO:0051915,induction of synaptic plasticity by chemical substance,1,Compara
IEA,GO_REF:0000107,GO:0001094,TFIID-class transcription factor complex binding,1,Compara
IEA,GO_REF:0000107,GO:0042796,snRNA transcription by RNA polymerase III,1,Compara
IEA,GO_REF:0000107,GO:0042116,macrophage activation,1,Compara
IEA,GO_REF:0000107,GO:0042129,regulation of T cell proliferation,1,Compara
IEA,GO_REF:0000107,GO:0072015,podocyte development,1,Compara
IEA,GO_REF:0000107,GO:0042308,negative regulation of protein import into nucleus,1,Compara
IEA,GO_REF:0000107,GO:0071692,protein localization to extracellular region,1,Compara
IEA,GO_REF:0000107,GO:0043467,regulation of generation of precursor metabolites and energy,1,Compara
IEA,GO_REF:0000107,GO:0044090,positive regulation of vacuole organization,1,Compara
IEA,GO_REF:0000107,GO:0009409,response to cold,1,Compara
IEA,GO_REF:0000107,GO:0045292,"mRNA cis splicing, via spliceosome",1,Compara
IEA,GO_REF:0000107,GO:0046079,dUMP catabolic process,1,Compara
IEA,GO_REF:0000107,GO:1905172,RISC complex binding,1,Compara
IEA,GO_REF:0000107,GO:1905225,response to thyrotropin-releasing hormone,1,Compara
IEA,GO_REF:0000107,GO:0035984,cellular response to trichostatin A,1,Compara
IEA,GO_REF:0000107,GO:0071481,cellular response to X-ray,1,Compara
IEA,GO_REF:0000107,GO:0033119,negative regulation of RNA splicing,1,Compara
IEA,GO_REF:0000107,GO:0033625,positive regulation of integrin activation,1,Compara
IEA,GO_REF:0000107,GO:0180026,mitochondrial small ribosomal subunit assembly,1,Compara
IEA,GO_REF:0000107,GO:0150105,protein localization to cell-cell junction,1,Compara
IEA,GO_REF:0000107,GO:0140978,mitochondrial large ribosomal subunit binding,1,Compara
IEA,GO_REF:0000107,GO:0008496,"mannan endo-1,6-alpha-mannosidase activity",1,Compara
IEA,GO_REF:0000107,GO:0005881,cytoplasmic microtubule,1,Compara
IEA,GO_REF:0000107,GO:0007417,central nervous system development,1,Compara
IEA,GO_REF:0000107,GO:0070723,response to cholesterol,1,Compara
IEA,GO_REF:0000107,GO:0006508,proteolysis,1,Compara
IEA,GO_REF:0000107,GO:1904386,response to L-phenylalanine derivative,1,Compara
IEA,GO_REF:0000107,GO:0006351,DNA-templated transcription,1,Compara
IEA,GO_REF:0000107,GO:0008631,intrinsic apoptotic signaling pathway in response to oxidative stress,1,Compara
IEA,GO_REF:0000107,GO:0070543,response to linoleic acid,1,Compara
IEA,GO_REF:0000107,GO:0070166,enamel mineralization,1,Compara
IEA,GO_REF:0000107,GO:1905564,positive regulation of vascular endothelial cell proliferation,1,Compara
IEA,GO_REF:0000107,GO:0009235,cobalamin metabolic process,1,Compara
IEA,GO_REF:0000107,GO:0016230,sphingomyelin phosphodiesterase activator activity,1,Compara
IEA,GO_REF:0000107,GO:1904631,response to glucoside,1,Compara
IEA,GO_REF:0000107,GO:1905504,negative regulation of motile cilium assembly,1,Compara
IEA,GO_REF:0000107,GO:0035641,locomotory exploration behavior,1,Compara
IEA,GO_REF:0000107,GO:0035925,mRNA 3'-UTR AU-rich region binding,1,Compara
IEA,GO_REF:0000107,GO:0010498,proteasomal protein catabolic process,1,Compara
IEA,GO_REF:0000107,GO:1904644,cellular response to curcumin,1,Compara
IEA,GO_REF:0000107,GO:0045747,positive regulation of Notch signaling pathway,1,Compara
IEA,GO_REF:0000107,GO:0051867,"general adaptation syndrome, behavioral process",1,Compara
IEA,GO_REF:0000107,GO:1904669,ATP export,1,Compara
IEA,GO_REF:0000107,GO:0055007,cardiac muscle cell differentiation,1,Compara
IEA,GO_REF:0000107,GO:0019226,transmission of nerve impulse,1,Compara
IEA,GO_REF:0000107,GO:0001829,trophectodermal cell differentiation,1,Compara
IEA,GO_REF:0000107,GO:1905856,negative regulation of pentose-phosphate shunt,1,Compara
IEA,GO_REF:0000107,GO:0005834,heterotrimeric G-protein complex,1,Compara
IEA,GO_REF:0000107,GO:0050699,WW domain binding,1,Compara
IEA,GO_REF:0000107,GO:0045669,positive regulation of osteoblast differentiation,1,Compara
IEA,GO_REF:0000107,GO:0051028,mRNA transport,1,Compara
IEA,GO_REF:0000107,GO:0044743,protein transmembrane import into intracellular organelle,1,Compara
IEA,GO_REF:0000107,GO:0016363,nuclear matrix,1,Compara
IEA,GO_REF:0000107,GO:0055078,sodium ion homeostasis,1,Compara
IEA,GO_REF:0000107,GO:0060441,epithelial tube branching involved in lung morphogenesis,1,Compara
IEA,GO_REF:0000107,GO:0003678,DNA helicase activity,1,Compara
IEA,GO_REF:0000107,GO:0043403,skeletal muscle tissue regeneration,1,Compara
IEA,GO_REF:0000107,GO:0009414,response to water deprivation,1,Compara
IEA,GO_REF:0000107,GO:0044857,plasma membrane raft organization,1,Compara
IEA,GO_REF:0000107,GO:1902792,pyrroline-5-carboxylate reductase complex,1,Compara
IEA,GO_REF:0000107,GO:0031528,microvillus membrane,1,Compara
IEA,GO_REF:0000107,GO:0090399,replicative senescence,1,Compara
IEA,GO_REF:0000107,GO:0045092,interleukin-18 receptor complex,1,Compara
IEA,GO_REF:0000107,GO:1903751,negative regulation of intrinsic apoptotic signaling pathway in response to hydrogen peroxide,1,Compara
IEA,GO_REF:0000107,GO:1903589,positive regulation of blood vessel endothelial cell proliferation involved in sprouting angiogenesis,1,Compara
IEA,GO_REF:0000107,GO:1903514,release of sequestered calcium ion into cytosol by endoplasmic reticulum,1,Compara
IEA,GO_REF:0000107,GO:1903028,positive regulation of opsonization,1,Compara
IEA,GO_REF:0000107,GO:1902952,positive regulation of dendritic spine maintenance,1,Compara
IEA,GO_REF:0000107,GO:0004742,dihydrolipoyllysine-residue acetyltransferase activity,1,Compara
IEA,GO_REF:0000107,GO:0048286,lung alveolus development,1,Compara
IEA,GO_REF:0000107,GO:0005525,GTP binding,1,Compara
IEA,GO_REF:0000107,GO:0030224,monocyte differentiation,1,Compara
IEA,GO_REF:0000107,GO:0031645,negative regulation of nervous system process,1,Compara
IEA,GO_REF:0000107,GO:0007431,salivary gland development,1,Compara
IEA,GO_REF:0000107,GO:0030335,positive regulation of cell migration,1,Compara
IEA,GO_REF:0000107,GO:0099149,regulation of postsynaptic neurotransmitter receptor internalization,1,Compara
IEA,GO_REF:0000107,GO:0120228,outer dynein arm docking complex,1,Compara
IEA,GO_REF:0000107,GO:0010447,response to acidic pH,1,Compara
IEA,GO_REF:0000107,GO:0005585,collagen type II trimer,1,Compara
IEA,GO_REF:0000107,GO:0009744,response to sucrose,1,Compara
IEA,GO_REF:0000107,GO:0021769,orbitofrontal cortex development,1,Compara
IEA,GO_REF:0000107,GO:0015939,pantothenate metabolic process,1,Compara
IEA,GO_REF:0000107,GO:1990381,ubiquitin-specific protease binding,1,Compara
IEA,GO_REF:0000107,GO:0022615,protein to membrane docking,1,Compara
IEA,GO_REF:0000107,GO:0010041,response to iron(III) ion,1,Compara
IEA,GO_REF:0000107,GO:0071907,determination of digestive tract left/right asymmetry,1,Compara
IEA,GO_REF:0000107,GO:0071412,cellular response to genistein,1,Compara
IEA,GO_REF:0000107,GO:0070390,transcription export complex 2,1,Compara
IEA,GO_REF:0000107,GO:0071380,cellular response to prostaglandin E stimulus,1,Compara
IEA,GO_REF:0000107,GO:0034394,protein localization to cell surface,1,Compara
IEA,GO_REF:0000107,GO:0071314,cellular response to cocaine,1,Compara
IEA,GO_REF:0000107,GO:0071402,cellular response to lipoprotein particle stimulus,1,Compara
IEA,GO_REF:0000107,GO:0071460,cellular response to cell-matrix adhesion,1,Compara
IEA,GO_REF:0000107,GO:0072016,glomerular parietal epithelial cell development,1,Compara
IEA,GO_REF:0000107,GO:0072287,metanephric distal tubule morphogenesis,1,Compara
IEA,GO_REF:0000107,GO:0071362,cellular response to ether,1,Compara
IEA,GO_REF:0000107,GO:0019882,antigen processing and presentation,1,Compara
IEA,GO_REF:0000107,GO:0030139,endocytic vesicle,1,Compara
IEA,GO_REF:0000107,GO:0070741,response to interleukin-6,1,Compara
IEA,GO_REF:0000107,GO:0030316,osteoclast differentiation,1,Compara
IEA,GO_REF:0000107,GO:0070534,protein K63-linked ubiquitination,1,Compara
IEA,GO_REF:0000107,GO:0140777,protein-containing complex stabilizing activity,1,Compara
IEA,GO_REF:0000107,GO:0005123,death receptor binding,1,Compara
IEA,GO_REF:0000107,GO:0060675,ureteric bud morphogenesis,1,Compara
IEA,GO_REF:0000107,GO:0060586,multicellular organismal-level iron ion homeostasis,1,Compara
IEA,GO_REF:0000107,GO:0051409,response to nitrosative stress,1,Compara
IEA,GO_REF:0000107,GO:0051281,positive regulation of release of sequestered calcium ion into cytosol,1,Compara
IEA,GO_REF:0000107,GO:0005768,endosome,1,Compara
IEA,GO_REF:0000107,GO:0030544,Hsp70 protein binding,1,Compara
IEA,GO_REF:0000107,GO:0036297,interstrand cross-link repair,1,Compara
IEA,GO_REF:0000107,GO:0000172,ribonuclease MRP complex,1,Compara
IEA,GO_REF:0000107,GO:0048660,regulation of smooth muscle cell proliferation,1,Compara
IEA,GO_REF:0000107,GO:1904015,cellular response to serotonin,1,Compara
IEA,GO_REF:0000107,GO:1902618,cellular response to fluoride,1,Compara
IEA,GO_REF:0000107,GO:0006119,oxidative phosphorylation,1,Compara
IEA,GO_REF:0000107,GO:0050729,positive regulation of inflammatory response,1,Compara
IEA,GO_REF:0000107,GO:0016226,iron-sulfur cluster assembly,1,Compara
IEA,GO_REF:0000107,GO:0014732,skeletal muscle atrophy,1,Compara
IEA,GO_REF:0000107,GO:0043202,lysosomal lumen,1,Compara
IEA,GO_REF:0000107,GO:0043330,response to exogenous dsRNA,1,Compara
IEA,GO_REF:0000107,GO:0043536,positive regulation of blood vessel endothelial cell migration,1,Compara
IEA,GO_REF:0000107,GO:0044790,suppression of viral release by host,1,Compara
IEA,GO_REF:0000107,GO:0014074,response to purine-containing compound,1,Compara
IEA,GO_REF:0000107,GO:0045063,T-helper 1 cell differentiation,1,Compara
IEA,GO_REF:0000107,GO:0019062,virion attachment to host cell,1,Compara
IEA,GO_REF:0000107,GO:0017015,regulation of transforming growth factor beta receptor signaling pathway,1,Compara
IEA,GO_REF:0000107,GO:1904400,response to Thyroid stimulating hormone,1,Compara
IEA,GO_REF:0000107,GO:1905395,response to flavonoid,1,Compara
IEA,GO_REF:0000107,GO:1905430,cellular response to glycine,1,Compara
IEA,GO_REF:0000107,GO:0001974,blood vessel remodeling,1,Compara
IEA,GO_REF:0000107,GO:0120170,intraciliary transport particle B binding,1,Compara
IEA,GO_REF:0000107,GO:0001823,mesonephros development,1,Compara
IEA,GO_REF:0000107,GO:0006338,chromatin remodeling,1,Compara
IEA,GO_REF:0000107,GO:0001806,type IV hypersensitivity,1,Compara
IEA,GO_REF:0000107,GO:0090166,Golgi disassembly,1,Compara
IEA,GO_REF:0000107,GO:0034709,methylosome,1,Compara
IEA,GO_REF:0000107,GO:0009624,response to nematode,1,Compara
IEA,GO_REF:0000107,GO:0003300,cardiac muscle hypertrophy,1,Compara
IEA,GO_REF:0000107,GO:0035092,sperm DNA condensation,1,Compara
IEA,GO_REF:0000107,GO:0005347,ATP transmembrane transporter activity,1,Compara
IEA,GO_REF:0000107,GO:0036006,cellular response to macrophage colony-stimulating factor stimulus,1,Compara
IEA,GO_REF:0000107,GO:0004614,phosphoglucomutase activity,1,Compara
IEA,GO_REF:0000107,GO:0000082,G1/S transition of mitotic cell cycle,1,Compara
IEA,GO_REF:0000107,GO:0004198,calcium-dependent cysteine-type endopeptidase activity,1,Compara
IEA,GO_REF:0000107,GO:0008360,regulation of cell shape,1,Compara
IEA,GO_REF:0000107,GO:0003712,transcription coregulator activity,1,Compara
IEA,GO_REF:0000107,GO:0001680,tRNA 3'-terminal CCA addition,1,Compara
IEA,GO_REF:0000107,GO:0043931,ossification involved in bone maturation,1,Compara
IEA,GO_REF:0000107,GO:0042393,histone binding,1,Compara
IEA,GO_REF:0000107,GO:0050680,negative regulation of epithelial cell proliferation,1,Compara
IEA,GO_REF:0000107,GO:0001935,endothelial cell proliferation,1,Compara
IEA,GO_REF:0000107,GO:0051899,membrane depolarization,1,Compara
IEA,GO_REF:0000107,GO:0002450,B cell antigen processing and presentation,1,Compara
IEA,GO_REF:0000107,GO:0007269,neurotransmitter secretion,1,Compara
IEA,GO_REF:0000107,GO:0001662,behavioral fear response,1,Compara
IEA,GO_REF:0000107,GO:0001518,voltage-gated sodium channel complex,1,Compara
IEA,GO_REF:0000107,GO:0000266,mitochondrial fission,1,Compara
IEA,GO_REF:0000107,GO:0001947,heart looping,1,Compara
IEA,GO_REF:0000107,GO:0010037,response to carbon dioxide,1,Compara
IEA,GO_REF:0000107,GO:0140656,endodeoxyribonuclease activator activity,1,Compara
IEA,GO_REF:0000107,GO:0140673,transcription elongation-coupled chromatin remodeling,1,Compara
IEA,GO_REF:0000107,GO:0140751,histone octamer slider activity,1,Compara
IEA,GO_REF:0000107,GO:0141124,intracellular signaling cassette,1,Compara
IEA,GO_REF:0000107,GO:0160006,Fc receptor-mediated immune complex endocytosis,1,Compara
IEA,GO_REF:0000107,GO:0036466,synaptic vesicle recycling via endosome,1,Compara
IEA,GO_REF:0000107,GO:0000028,ribosomal small subunit assembly,1,Compara
IEA,GO_REF:0000107,GO:0035493,SNARE complex assembly,1,Compara
IEA,GO_REF:0000107,GO:0033691,sialic acid binding,1,Compara
IEA,GO_REF:0000107,GO:0035914,skeletal muscle cell differentiation,1,Compara
IEA,GO_REF:0000107,GO:0034333,adherens junction assembly,1,Compara
IEA,GO_REF:0000107,GO:0034405,response to fluid shear stress,1,Compara
IEA,GO_REF:0000107,GO:0035774,positive regulation of insulin secretion involved in cellular response to glucose stimulus,1,Compara
IEA,GO_REF:0000107,GO:0035725,sodium ion transmembrane transport,1,Compara
IEA,GO_REF:0000107,GO:0036035,osteoclast development,1,Compara
IEA,GO_REF:0000107,GO:0050769,positive regulation of neurogenesis,1,Compara
IEA,GO_REF:0000107,GO:0060076,excitatory synapse,1,Compara
IEA,GO_REF:0000107,GO:0036398,TCR signalosome,1,Compara
IEA,GO_REF:0000107,GO:0036446,myofibroblast differentiation,1,Compara
IEA,GO_REF:0000107,GO:0036513,Derlin-1 retrotranslocation complex,1,Compara
IEA,GO_REF:0000107,GO:0000045,autophagosome assembly,1,Compara
IEA,GO_REF:0000107,GO:0060218,hematopoietic stem cell differentiation,1,Compara
IEA,GO_REF:0000107,GO:0006954,inflammatory response,1,Compara
IEA,GO_REF:0000107,GO:0160093,chordate pharynx development,1,Compara
IEA,GO_REF:0000107,GO:0140585,promoter-enhancer loop anchoring activity,1,Compara
IEA,GO_REF:0000107,GO:0061364,apoptotic process involved in luteolysis,1,Compara
IEA,GO_REF:0000107,GO:0009925,basal plasma membrane,1,Compara
IEA,GO_REF:0000107,GO:0007405,neuroblast proliferation,1,Compara
IEA,GO_REF:0000107,GO:0001570,vasculogenesis,1,Compara
IEA,GO_REF:0000107,GO:0001576,globoside biosynthetic process,1,Compara
IEA,GO_REF:0000107,GO:1904584,cellular response to polyamine macromolecule,1,Compara
IEA,GO_REF:0000107,GO:0009825,multidimensional cell growth,1,Compara
IEA,GO_REF:0000107,GO:0008093,cytoskeletal anchor activity,1,Compara
IEA,GO_REF:0000107,GO:0009268,response to pH,1,Compara
IEA,GO_REF:0000107,GO:0005689,U12-type spliceosomal complex,1,Compara
IEA,GO_REF:0000107,GO:0050679,positive regulation of epithelial cell proliferation,1,Compara
IEA,GO_REF:0000107,GO:0140857,histone H3T45 kinase activity,1,Compara
IEA,GO_REF:0000107,GO:0097750,endosome membrane tubulation,1,Compara
IEA,GO_REF:0000107,GO:0009313,oligosaccharide catabolic process,1,Compara
IEA,GO_REF:0000107,GO:0060590,ATPase regulator activity,1,Compara
IEA,GO_REF:0000107,GO:0007173,epidermal growth factor receptor signaling pathway,1,Compara
IEA,GO_REF:0000107,GO:0007062,sister chromatid cohesion,1,Compara
IEA,GO_REF:0000107,GO:0140912,membrane destabilizing activity,1,Compara
IEA,GO_REF:0000107,GO:0010157,response to chlorate,1,Compara
IEA,GO_REF:0000107,GO:0009631,cold acclimation,1,Compara
IEA,GO_REF:0000107,GO:0097168,mesenchymal stem cell proliferation,1,Compara
IEA,GO_REF:0000107,GO:0097186,amelogenesis,1,Compara
IEA,GO_REF:0000107,GO:0008298,intracellular mRNA localization,1,Compara
IEA,GO_REF:0000107,GO:0008286,insulin receptor signaling pathway,1,Compara
IEA,GO_REF:0000107,GO:0008238,exopeptidase activity,1,Compara
IEA,GO_REF:0000107,GO:0120179,adherens junction disassembly,1,Compara
IEA,GO_REF:0000107,GO:0042776,proton motive force-driven mitochondrial ATP synthesis,1,Compara
IEA,GO_REF:0000107,GO:0120317,sperm mitochondrial sheath assembly,1,Compara
IEA,GO_REF:0000107,GO:0046074,dTMP catabolic process,1,Compara
IEA,GO_REF:0000107,GO:0090200,positive regulation of release of cytochrome c from mitochondria,1,Compara
IEA,GO_REF:0000107,GO:0097191,extrinsic apoptotic signaling pathway,1,Compara
IEA,GO_REF:0000107,GO:0097210,response to gonadotropin-releasing hormone,1,Compara
IEA,GO_REF:0000107,GO:0006925,inflammatory cell apoptotic process,1,Compara
IEA,GO_REF:0000107,GO:0016264,gap junction assembly,1,Compara
IEA,GO_REF:0000107,GO:0016935,glycine-gated chloride channel complex,1,Compara
IEA,GO_REF:0000107,GO:0035457,cellular response to interferon-alpha,1,Compara
IEA,GO_REF:0000107,GO:0045921,positive regulation of exocytosis,1,Compara
IEA,GO_REF:0000107,GO:0045618,positive regulation of keratinocyte differentiation,1,Compara
IEA,GO_REF:0000107,GO:1904643,response to curcumin,1,Compara
IEA,GO_REF:0000107,GO:0045178,basal part of cell,1,Compara
IEA,GO_REF:0000107,GO:0036477,somatodendritic compartment,1,Compara
IEA,GO_REF:0000107,GO:1904322,cellular response to forskolin,1,Compara
IEA,GO_REF:0000107,GO:0043615,astrocyte cell migration,1,Compara
IEA,GO_REF:0000107,GO:0043586,tongue development,1,Compara
IEA,GO_REF:0000107,GO:0043525,positive regulation of neuron apoptotic process,1,Compara
IEA,GO_REF:0000107,GO:0051321,meiotic cell cycle,1,Compara
IEA,GO_REF:0000107,GO:0042048,olfactory behavior,1,Compara
IEA,GO_REF:0000107,GO:1990878,cellular response to gastrin,1,Compara
IEA,GO_REF:0000107,GO:1904102,cellular response to acadesine,1,Compara
IEA,GO_REF:0000107,GO:0000381,"regulation of alternative mRNA splicing, via spliceosome",1,Compara
IEA,GO_REF:0000107,GO:1903358,regulation of Golgi organization,1,Compara
IEA,GO_REF:0000107,GO:0010842,retina layer formation,1,Compara
IEA,GO_REF:0000107,GO:0044013,histone H2B acetyltransferase activity,1,Compara
IEA,GO_REF:0000107,GO:1903351,cellular response to dopamine,1,Compara
IEA,GO_REF:0000107,GO:1902857,positive regulation of non-motile cilium assembly,1,Compara
IEA,GO_REF:0000107,GO:0071224,cellular response to peptidoglycan,1,Compara
IEA,GO_REF:0000107,GO:0071228,cellular response to tumor cell,1,Compara
IEA,GO_REF:0000107,GO:0071805,potassium ion transmembrane transport,1,Compara
IEA,GO_REF:0000107,GO:0046680,response to DDT,1,Compara
IEA,GO_REF:0000107,GO:0072219,metanephric cortical collecting duct development,1,Compara
IEA,GO_REF:0000107,GO:0015631,tubulin binding,1,Compara
IEA,GO_REF:0000107,GO:0016477,cell migration,1,Compara
IEA,GO_REF:0000107,GO:0070306,lens fiber cell differentiation,1,Compara
IEA,GO_REF:0000107,GO:0051639,actin filament network formation,1,Compara
IEA,GO_REF:0000107,GO:0016251,RNA polymerase II general transcription initiation factor activity,1,Compara
IEA,GO_REF:0000107,GO:2001238,positive regulation of extrinsic apoptotic signaling pathway,1,Compara
IEA,GO_REF:0000107,GO:1990877,FNIP-folliculin RagC/D GAP,1,Compara
IEA,GO_REF:0000107,GO:2000271,positive regulation of fibroblast apoptotic process,1,Compara
IEA,GO_REF:0000107,GO:0044306,neuron projection terminus,1,Compara
IEA,GO_REF:0000107,GO:0030219,megakaryocyte differentiation,1,Compara
IEA,GO_REF:0000107,GO:0071285,cellular response to lithium ion,1,Compara
IEA,GO_REF:0000107,GO:0030878,thyroid gland development,1,Compara
IEA,GO_REF:0000107,GO:0031526,brush border membrane,1,Compara
IEA,GO_REF:0000107,GO:1990748,cellular detoxification,1,Compara
IEA,GO_REF:0000107,GO:1990166,protein localization to site of double-strand break,1,Compara
IEA,GO_REF:0000107,GO:0043654,recognition of apoptotic cell,1,Compara
IEA,GO_REF:0000107,GO:1901497,response to diphenyl ether,1,Compara
IEA,GO_REF:0000107,GO:2000766,negative regulation of cytoplasmic translation,1,Compara
IEA,GO_REF:0000107,GO:0046881,positive regulation of follicle-stimulating hormone secretion,1,Compara
IEA,GO_REF:0000107,GO:0046972,histone H4K16 acetyltransferase activity,1,Compara
IEA,GO_REF:0000107,GO:0048146,positive regulation of fibroblast proliferation,1,Compara
IEA,GO_REF:0000107,GO:0048260,positive regulation of receptor-mediated endocytosis,1,Compara
IEA,GO_REF:0000107,GO:0030517,negative regulation of axon extension,1,Compara
IEA,GO_REF:0000107,GO:0072659,protein localization to plasma membrane,1,Compara
IEA,GO_REF:0000107,GO:0048561,establishment of animal organ orientation,1,Compara
IEA,GO_REF:0000107,GO:0048571,long-day photoperiodism,1,Compara
IEA,GO_REF:0000107,GO:0048771,tissue remodeling,1,Compara
IEA,GO_REF:0000107,GO:0050544,arachidonate binding,1,Compara
IEA,GO_REF:0000107,GO:1902915,negative regulation of protein polyubiquitination,1,Compara
IEA,GO_REF:0000107,GO:1903494,response to dehydroepiandrosterone,1,Compara
IEA,GO_REF:0000107,GO:1903568,negative regulation of protein localization to ciliary membrane,1,Compara
IEA,GO_REF:0000107,GO:1903841,cellular response to arsenite(3-),1,Compara
IEA,GO_REF:0000107,GO:1901557,response to fenofibrate,1,Compara
IEA,GO_REF:0000107,GO:1990837,sequence-specific double-stranded DNA binding,1,Compara
IEA,GO_REF:0000107,GO:0031463,Cul3-RING ubiquitin ligase complex,1,Compara
IEA,GO_REF:0000107,GO:0030122,AP-2 adaptor complex,1,Compara
IEA,GO_REF:0000107,GO:1902775,mitochondrial large ribosomal subunit assembly,1,Compara
IEA,GO_REF:0000107,GO:0072249,metanephric podocyte development,1,Compara
IEA,GO_REF:0000107,GO:0072235,metanephric distal tubule development,1,Compara
IEA,GO_REF:0000107,GO:1901355,response to rapamycin,1,Compara
IEA,GO_REF:0000107,GO:0043997,histone H4K12 acetyltransferase activity,1,Compara
IEA,GO_REF:0000107,GO:0072208,metanephric smooth muscle tissue development,1,Compara
IEA,GO_REF:0000107,GO:1904270,pyroptosome complex assembly,1,Compara
IEA,GO_REF:0000107,GO:0071987,WD40-repeat domain binding,1,Compara
IEA,GO_REF:0000107,GO:0030658,transport vesicle membrane,1,Compara
IEA,GO_REF:0000107,GO:1904637,cellular response to ionomycin,1,Compara
IEA,GO_REF:0000107,GO:0030672,synaptic vesicle membrane,1,Compara
IEA,GO_REF:0000107,GO:1905381,negative regulation of snRNA transcription by RNA polymerase II,1,Compara
IEA,GO_REF:0000107,GO:0071312,cellular response to alkaloid,1,Compara
IEA,GO_REF:0000107,GO:0014045,establishment of endothelial blood-brain barrier,1,Compara
IEA,GO_REF:0000107,GO:0006626,protein targeting to mitochondrion,1,Compara
IEA,GO_REF:0000107,GO:0010719,negative regulation of epithelial to mesenchymal transition,1,Compara
IEA,GO_REF:0000107,GO:0006824,cobalt ion transport,1,Compara
IEA,GO_REF:0000107,GO:0071168,protein localization to chromatin,1,Compara
IEA,GO_REF:0000107,GO:0071386,cellular response to corticosterone stimulus,1,Compara
IEA,GO_REF:0000107,GO:0018963,phthalate metabolic process,1,Compara
IEA,GO_REF:0000107,GO:0009645,response to low light intensity stimulus,1,Compara
IEA,GO_REF:0000107,GO:0048806,genitalia development,1,Compara
IEA,GO_REF:0000107,GO:0071599,otic vesicle development,1,Compara
IEA,GO_REF:0000107,GO:0007200,phospholipase C-activating G protein-coupled receptor signaling pathway,1,Compara
IEA,GO_REF:0000107,GO:0016513,core-binding factor complex,1,Compara
IEA,GO_REF:0000107,GO:0048538,thymus development,1,Compara
IEA,GO_REF:0000107,GO:0048515,spermatid differentiation,1,Compara
IEA,GO_REF:0000107,GO:0048469,cell maturation,1,Compara
IEA,GO_REF:0000107,GO:0106432,queuosine nucleosidase activity,1,Compara
IEA,GO_REF:0000107,GO:0090183,regulation of kidney development,1,Compara
IEA,GO_REF:0000107,GO:0046597,host-mediated suppression of symbiont invasion,1,Compara
IEA,GO_REF:0000107,GO:0038096,Fc-gamma receptor signaling pathway involved in phagocytosis,1,Compara
IEA,GO_REF:0000107,GO:0031573,mitotic intra-S DNA damage checkpoint signaling,1,Compara
IEA,GO_REF:0000107,GO:0000976,transcription cis-regulatory region binding,1,Compara
IEA,GO_REF:0000107,GO:0030970,"retrograde protein transport, ER to cytosol",1,Compara
IEA,GO_REF:0000107,GO:0031860,telomeric 3' overhang formation,1,Compara
IEA,GO_REF:0000107,GO:0032024,positive regulation of insulin secretion,1,Compara
IEA,GO_REF:0000107,GO:0002218,activation of innate immune response,1,Compara
IEA,GO_REF:0000107,GO:0060282,positive regulation of oocyte development,1,Compara
IEA,GO_REF:0000107,GO:0043565,sequence-specific DNA binding,1,Compara
IEA,GO_REF:0000107,GO:0006915,apoptotic process,1,Compara
IEA,GO_REF:0000107,GO:0021892,cerebral cortex GABAergic interneuron differentiation,1,Compara
IEA,GO_REF:0000107,GO:0045814,"negative regulation of gene expression, epigenetic",1,Compara
IEA,GO_REF:0000107,GO:1990379,lipid transport across blood-brain barrier,1,Compara
IEA,GO_REF:0000107,GO:0031444,slow-twitch skeletal muscle fiber contraction,1,Compara
IEA,GO_REF:0000107,GO:0140044,histone H3K18ac reader activity,1,Compara
IEA,GO_REF:0000107,GO:0097352,autophagosome maturation,1,Compara
IEA,GO_REF:0000107,GO:0000228,nuclear chromosome,1,Compara
IEA,GO_REF:0000107,GO:0031398,positive regulation of protein ubiquitination,1,Compara
IEA,GO_REF:0000107,GO:0030968,endoplasmic reticulum unfolded protein response,1,Compara
IEA,GO_REF:0000107,GO:0060539,diaphragm development,1,Compara
IEA,GO_REF:0000107,GO:0050921,positive regulation of chemotaxis,1,Compara
IEA,GO_REF:0000107,GO:0030902,hindbrain development,1,Compara
IEA,GO_REF:0000107,GO:0051428,peptide hormone receptor binding,1,Compara
IEA,GO_REF:0000107,GO:0060055,angiogenesis involved in wound healing,1,Compara
IEA,GO_REF:0000107,GO:0060070,canonical Wnt signaling pathway,1,Compara
IEA,GO_REF:0000107,GO:0061052,negative regulation of cell growth involved in cardiac muscle cell development,1,Compara
IEA,GO_REF:0000107,GO:0034202,glycolipid floppase activity,1,Compara
IEA,GO_REF:0000107,GO:0055117,regulation of cardiac muscle contraction,1,Compara
IEA,GO_REF:0000107,GO:0055091,phospholipid homeostasis,1,Compara
IEA,GO_REF:0000107,GO:0050890,cognition,1,Compara
IEA,GO_REF:0000107,GO:0050849,negative regulation of calcium-mediated signaling,1,Compara
IEA,GO_REF:0000107,GO:0050830,defense response to Gram-positive bacterium,1,Compara
IEA,GO_REF:0000107,GO:0072719,cellular response to cisplatin,1,Compara
IEA,GO_REF:0000107,GO:0072214,metanephric cortex development,1,Compara
IEA,GO_REF:0000107,GO:0003337,mesenchymal to epithelial transition involved in metanephros morphogenesis,1,Compara
IEA,GO_REF:0000107,GO:0097729,9+2 motile cilium,1,Compara
IEA,GO_REF:0000107,GO:0071401,cellular response to triglyceride,1,Compara
IEA,GO_REF:0000107,GO:0106383,dAMP salvage,1,Compara
IEA,GO_REF:0000107,GO:0071306,cellular response to vitamin E,1,Compara
IEA,GO_REF:0000107,GO:0055002,striated muscle cell development,1,Compara
IEA,GO_REF:0000107,GO:0000380,"alternative mRNA splicing, via spliceosome",1,Compara
IEA,GO_REF:0000107,GO:0016607,nuclear speck,1,Compara
IEA,GO_REF:0000107,GO:0016791,phosphatase activity,1,Compara
IEA,GO_REF:0000107,GO:0000126,transcription factor TFIIIB complex,1,Compara
IEA,GO_REF:0000107,GO:0071169,establishment of protein localization to chromatin,1,Compara
IEA,GO_REF:0000107,GO:0071217,cellular response to external biotic stimulus,1,Compara
IEA,GO_REF:0000107,GO:0010811,positive regulation of cell-substrate adhesion,1,Compara
IEA,GO_REF:0000107,GO:0010976,positive regulation of neuron projection development,1,Compara
IEA,GO_REF:0000107,GO:0035904,aorta development,1,Compara
IEA,GO_REF:0000107,GO:0070417,cellular response to cold,1,Compara
IEA,GO_REF:0000107,GO:0031571,mitotic G1 DNA damage checkpoint signaling,1,Compara
IEA,GO_REF:0000107,GO:0070266,necroptotic process,1,Compara
IEA,GO_REF:0000107,GO:0071000,response to magnetism,1,Compara
IEA,GO_REF:0000107,GO:0071298,cellular response to L-ascorbic acid,1,Compara
IEA,GO_REF:0000107,GO:0071313,cellular response to caffeine,1,Compara
IEA,GO_REF:0000107,GO:0071529,cementum mineralization,1,Compara
IEA,GO_REF:0000107,GO:0010898,positive regulation of triglyceride catabolic process,1,Compara
IEA,GO_REF:0000107,GO:0010595,positive regulation of endothelial cell migration,1,Compara
IEA,GO_REF:0000107,GO:0033194,response to hydroperoxide,1,Compara
IEA,GO_REF:0000107,GO:0033590,response to cobalamin,1,Compara
IEA,GO_REF:0000107,GO:0031340,positive regulation of vesicle fusion,1,Compara
IEA,GO_REF:0000107,GO:0072752,cellular response to rapamycin,1,Compara
IEA,GO_REF:0000107,GO:0021553,olfactory nerve development,1,Compara
IEA,GO_REF:0000107,GO:0022602,ovulation cycle process,1,Compara
IEA,GO_REF:0000107,GO:0030545,signaling receptor regulator activity,1,Compara
IEA,GO_REF:0000107,GO:0019076,viral release from host cell,1,Compara
IEA,GO_REF:0000107,GO:0032757,positive regulation of interleukin-8 production,1,Compara
IEA,GO_REF:0000107,GO:0140463,chromatin-protein adaptor activity,1,Compara
IEA,GO_REF:0000107,GO:0032849,positive regulation of cellular pH reduction,1,Compara
IEA,GO_REF:0000107,GO:0010046,response to mycotoxin,1,Compara
IEA,GO_REF:0000107,GO:1990756,ubiquitin-like ligase-substrate adaptor activity,1,Compara
IEA,GO_REF:0000107,GO:0016486,peptide hormone processing,1,Compara
IEA,GO_REF:0000107,GO:1990792,cellular response to glial cell derived neurotrophic factor,1,Compara
IEA,GO_REF:0000107,GO:0045446,endothelial cell differentiation,1,Compara
IEA,GO_REF:0000107,GO:0045794,negative regulation of cell volume,1,Compara
IEA,GO_REF:0000107,GO:1990928,response to amino acid starvation,1,Compara
IEA,GO_REF:0000107,GO:0007263,nitric oxide mediated signal transduction,1,Compara
IEA,GO_REF:0000107,GO:1904401,cellular response to Thyroid stimulating hormone,1,Compara
IEA,GO_REF:0000107,GO:0007165,signal transduction,1,Compara
IEA,GO_REF:0000107,GO:0007141,male meiosis I,1,Compara
IEA,GO_REF:0000107,GO:0006108,malate metabolic process,1,Compara
IEA,GO_REF:0000107,GO:0009637,response to blue light,1,Compara
IEA,GO_REF:0000107,GO:0008017,microtubule binding,1,Compara
IEA,GO_REF:0000107,GO:0006397,mRNA processing,1,Compara
IEA,GO_REF:0000107,GO:0005868,cytoplasmic dynein complex,1,Compara
IEA,GO_REF:0000107,GO:0006325,chromatin organization,1,Compara
IEA,GO_REF:0000107,GO:1905793,protein localization to pericentriolar material,1,Compara
IEA,GO_REF:0000107,GO:0006950,response to stress,1,Compara
IEA,GO_REF:0000107,GO:1904619,response to dimethyl sulfoxide,1,Compara
IEA,GO_REF:0000107,GO:0007204,positive regulation of cytosolic calcium ion concentration,1,Compara
IEA,GO_REF:0000107,GO:0045899,positive regulation of RNA polymerase II transcription preinitiation complex assembly,1,Compara
IEA,GO_REF:0000107,GO:0140119,histone H3K27ac reader activity,1,Compara
IEA,GO_REF:0000107,GO:0043588,skin development,1,Compara
IEA,GO_REF:0000107,GO:0140718,facultative heterochromatin formation,1,Compara
IEA,GO_REF:0000107,GO:0141162,negative regulation of cAMP/PKA signal transduction,1,Compara
IEA,GO_REF:0000107,GO:0141163,positive regulation of cAMP/PKA signal transduction,1,Compara
IEA,GO_REF:0000107,GO:0034190,apolipoprotein receptor binding,1,Compara
IEA,GO_REF:0000107,GO:0001651,dense fibrillar component,1,Compara
IEA,GO_REF:0000107,GO:0050673,epithelial cell proliferation,1,Compara
IEA,GO_REF:0000107,GO:0000781,"chromosome, telomeric region",1,Compara
IEA,GO_REF:0000107,GO:0002098,tRNA wobble uridine modification,1,Compara
IEA,GO_REF:0000107,GO:1901248,positive regulation of lung ciliated cell differentiation,1,Compara
IEA,GO_REF:0000107,GO:0042711,maternal behavior,1,Compara
IEA,GO_REF:0000107,GO:1901424,response to toluene,1,Compara
IEA,GO_REF:0000107,GO:0000791,euchromatin,1,Compara
IEA,GO_REF:0000107,GO:0000922,spindle pole,1,Compara
IEA,GO_REF:0000107,GO:1902041,regulation of extrinsic apoptotic signaling pathway via death domain receptors,1,Compara
IEA,GO_REF:0000107,GO:0002347,response to tumor cell,1,Compara
IEA,GO_REF:0000107,GO:0030150,protein import into mitochondrial matrix,1,Compara
IEA,GO_REF:0000107,GO:0050848,regulation of calcium-mediated signaling,1,Compara
IEA,GO_REF:0000107,GO:0015908,fatty acid transport,1,Compara
IEA,GO_REF:0000107,GO:0051048,negative regulation of secretion,1,Compara
IEA,GO_REF:0000107,GO:0003725,double-stranded RNA binding,1,Compara
IEA,GO_REF:0000107,GO:1990062,RPAP3/R2TP/prefoldin-like complex,1,Compara
IEA,GO_REF:0000107,GO:1905835,cellular response to pyrimidine ribonucleotide,1,Compara
IEA,GO_REF:0000107,GO:0071359,cellular response to dsRNA,1,Compara
IEA,GO_REF:0000107,GO:0032481,positive regulation of type I interferon production,1,Compara
IEA,GO_REF:0000107,GO:0061017,hepatoblast differentiation,1,Compara
IEA,GO_REF:0000107,GO:0098830,presynaptic endosome,1,Compara
IEA,GO_REF:0000107,GO:0097208,alveolar lamellar body,1,Compara
IEA,GO_REF:0000107,GO:0030838,positive regulation of actin filament polymerization,1,Compara
IEA,GO_REF:0000107,GO:0003831,"beta-N-acetylglucosaminylglycopeptide beta-1,4-galactosyltransferase activity",1,Compara
IEA,GO_REF:0000107,GO:0030540,female genitalia development,1,Compara
IEA,GO_REF:0000107,GO:0090541,MIT domain binding,1,Compara
IEA,GO_REF:0000107,GO:0097638,L-arginine import across plasma membrane,1,Compara
IEA,GO_REF:0000107,GO:0044297,cell body,1,Compara
IEA,GO_REF:0000107,GO:1990828,hepatocyte dedifferentiation,1,Compara
IEA,GO_REF:0000107,GO:0030177,positive regulation of Wnt signaling pathway,1,Compara
IEA,GO_REF:0000107,GO:0030017,sarcomere,1,Compara
IEA,GO_REF:0000107,GO:0031021,interphase microtubule organizing center,1,Compara
IEA,GO_REF:0000107,GO:0072718,response to cisplatin,1,Compara
IEA,GO_REF:0000107,GO:0071503,response to heparin,1,Compara
IEA,GO_REF:0000107,GO:0001654,eye development,1,Compara
IEA,GO_REF:0000107,GO:0042310,vasoconstriction,1,Compara
IEA,GO_REF:0000107,GO:0003323,type B pancreatic cell development,1,Compara
IEA,GO_REF:0000107,GO:0010614,negative regulation of cardiac muscle hypertrophy,1,Compara
IEA,GO_REF:0000107,GO:0097211,cellular response to gonadotropin-releasing hormone,1,Compara
IEA,GO_REF:0000107,GO:0097212,lysosomal membrane organization,1,Compara
IEA,GO_REF:0000107,GO:0097228,sperm principal piece,1,Compara
IEA,GO_REF:0000107,GO:0098982,GABA-ergic synapse,1,Compara
IEA,GO_REF:0000107,GO:0005524,ATP binding,1,Compara
IEA,GO_REF:0000107,GO:0045111,intermediate filament cytoskeleton,1,Compara
IEA,GO_REF:0000107,GO:1904421,response to D-galactosamine,1,Compara
IEA,GO_REF:0000107,GO:0120193,tight junction organization,1,Compara
IEA,GO_REF:0000107,GO:0140004,histone H3Q5ser reader activity,1,Compara
IEA,GO_REF:0000107,GO:0014902,myotube differentiation,1,Compara
IEA,GO_REF:0000107,GO:0004175,endopeptidase activity,1,Compara
IEA,GO_REF:0000107,GO:0019221,cytokine-mediated signaling pathway,1,Compara
IEA,GO_REF:0000107,GO:0017090,meprin A complex,1,Compara
IEA,GO_REF:0000107,GO:0060452,positive regulation of cardiac muscle contraction,1,Compara
IEA,GO_REF:0000107,GO:0060197,cloacal septation,1,Compara
IEA,GO_REF:0000107,GO:0080033,response to nitrite,1,Compara
IEA,GO_REF:0000107,GO:0060056,mammary gland involution,1,Compara
IEA,GO_REF:0000107,GO:0015701,bicarbonate transport,1,Compara
IEA,GO_REF:0000107,GO:0015990,electron transport coupled proton transport,1,Compara
IEA,GO_REF:0000107,GO:0098656,monoatomic anion transmembrane transport,1,Compara
IEA,GO_REF:0000107,GO:0071259,cellular response to magnetism,1,Compara
IEA,GO_REF:0000107,GO:0071353,cellular response to interleukin-4,1,Compara
IEA,GO_REF:0000107,GO:0071943,Myc-Max complex,1,Compara
IEA,GO_REF:0000107,GO:0072229,metanephric proximal convoluted tubule development,1,Compara
IEA,GO_REF:0000107,GO:0006574,L-valine catabolic process,1,Compara
IEA,GO_REF:0000107,GO:0006622,protein targeting to lysosome,1,Compara
IEA,GO_REF:0000107,GO:0051132,NK T cell activation,1,Compara
IEA,GO_REF:0000107,GO:0030496,midbody,1,Compara
IEA,GO_REF:0000107,GO:0001878,response to yeast,1,Compara
IEA,GO_REF:0000107,GO:0031452,negative regulation of heterochromatin formation,1,Compara
IEA,GO_REF:0000107,GO:0031465,Cul4B-RING E3 ubiquitin ligase complex,1,Compara
IEA,GO_REF:0000107,GO:0001755,neural crest cell migration,1,Compara
IEA,GO_REF:0000107,GO:1990814,DNA/DNA annealing activity,1,Compara
IEA,GO_REF:0000107,GO:1990876,cytoplasmic side of nuclear pore,1,Compara
IEA,GO_REF:0000107,GO:0008088,axo-dendritic transport,1,Compara
IEA,GO_REF:0000107,GO:0032836,glomerular basement membrane development,1,Compara
IEA,GO_REF:0000107,GO:0061049,cell growth involved in cardiac muscle cell development,1,Compara
IEA,GO_REF:0000107,GO:1990268,response to gold nanoparticle,1,Compara
IEA,GO_REF:0000107,GO:2001040,positive regulation of cellular response to drug,1,Compara
IEA,GO_REF:0000107,GO:0001661,conditioned taste aversion,1,Compara
IEA,GO_REF:0000107,GO:0051978,lysophospholipid:sodium symporter activity,1,Compara
IEA,GO_REF:0000107,GO:0001223,transcription coactivator binding,1,Compara
IEA,GO_REF:0000107,GO:0000981,"DNA-binding transcription factor activity, RNA polymerase II-specific",1,Compara
IEA,GO_REF:0000107,GO:0051560,mitochondrial calcium ion homeostasis,1,Compara
IEA,GO_REF:0000107,GO:0051413,response to cortisone,1,Compara
IEA,GO_REF:0000107,GO:0030027,lamellipodium,1,Compara
IEA,GO_REF:0000107,GO:0051117,ATPase binding,1,Compara
IEA,GO_REF:0000107,GO:0051017,actin filament bundle assembly,1,Compara
IEA,GO_REF:0000107,GO:0016020,membrane,1,Compara
IEA,GO_REF:0000107,GO:0006991,response to sterol depletion,1,Compara
IEA,GO_REF:0000107,GO:0048018,receptor ligand activity,1,Compara
IEA,GO_REF:0000107,GO:0048022,negative regulation of melanin biosynthetic process,1,Compara
IEA,GO_REF:0000107,GO:0048027,mRNA 5'-UTR binding,1,Compara
IEA,GO_REF:0000107,GO:0050801,monoatomic ion homeostasis,1,Compara
IEA,GO_REF:0000107,GO:0036018,cellular response to erythropoietin,1,Compara
IEA,GO_REF:0000107,GO:0048266,behavioral response to pain,1,Compara
IEA,GO_REF:0000107,GO:0048539,bone marrow development,1,Compara
IEA,GO_REF:0000107,GO:1903542,negative regulation of exosomal secretion,1,Compara
IEA,GO_REF:0000107,GO:1904017,cellular response to Thyroglobulin triiodothyronine,1,Compara
IEA,GO_REF:0000107,GO:1904045,cellular response to aldosterone,1,Compara
IEA,GO_REF:0000107,GO:1902075,cellular response to salt,1,Compara
IEA,GO_REF:0000107,GO:1902570,protein localization to nucleolus,1,Compara
IEA,GO_REF:0000107,GO:0007224,smoothened signaling pathway,1,Compara
IEA,GO_REF:0000107,GO:0001558,regulation of cell growth,1,Compara
IEA,GO_REF:0000107,GO:0042056,chemoattractant activity,1,Compara
IEA,GO_REF:0000107,GO:0032981,mitochondrial respiratory chain complex I assembly,1,Compara
IEA,GO_REF:0000107,GO:0043011,myeloid dendritic cell differentiation,1,Compara
IEA,GO_REF:0000107,GO:0043516,"regulation of DNA damage response, signal transduction by p53 class mediator",1,Compara
IEA,GO_REF:0000107,GO:0045672,positive regulation of osteoclast differentiation,1,Compara
IEA,GO_REF:0000107,GO:0007159,leukocyte cell-cell adhesion,1,Compara
IEA,GO_REF:0000107,GO:0045785,positive regulation of cell adhesion,1,Compara
IEA,GO_REF:0000107,GO:1900182,positive regulation of protein localization to nucleus,1,Compara
IEA,GO_REF:0000107,GO:1904404,response to formaldehyde,1,Compara
IEA,GO_REF:0000107,GO:1904614,response to biphenyl,1,Compara
IEA,GO_REF:0000107,GO:1905242,"response to 3,3',5-triiodo-L-thyronine",1,Compara
IEA,GO_REF:0000107,GO:1905370,serine-type endopeptidase complex,1,Compara
IEA,GO_REF:0000107,GO:0005790,smooth endoplasmic reticulum,1,Compara
IEA,GO_REF:0000107,GO:0043311,positive regulation of eosinophil degranulation,1,Compara
IEA,GO_REF:0000107,GO:0006284,base-excision repair,1,Compara
IEA,GO_REF:0000107,GO:0006790,sulfur compound metabolic process,1,Compara
IEA,GO_REF:0000107,GO:0008198,ferrous iron binding,1,Compara
IEA,GO_REF:0000107,GO:0061692,cellular detoxification of hydrogen peroxide,1,Compara
IEA,GO_REF:0000107,GO:0034349,glial cell apoptotic process,1,Compara
IEA,GO_REF:0000107,GO:0051865,protein autoubiquitination,1,Compara
IEA,GO_REF:0000107,GO:0001164,RNA polymerase I core promoter sequence-specific DNA binding,1,Compara
IEA,GO_REF:0000107,GO:0006983,ER overload response,1,Compara
IEA,GO_REF:0000107,GO:0036295,cellular response to increased oxygen levels,1,Compara
IEA,GO_REF:0000107,GO:0035095,behavioral response to nicotine,1,Compara
IEA,GO_REF:0000107,GO:0007567,parturition,1,Compara
IEA,GO_REF:0000107,GO:0035332,positive regulation of hippo signaling,1,Compara
IEA,GO_REF:0000107,GO:0005905,clathrin-coated pit,1,Compara
IEA,GO_REF:0000108,GO:0045202,synapse,90,Logical Inference
IEA,GO_REF:0000108,GO:0005829,cytosol,83,Logical Inference
IEA,GO_REF:0000108,GO:0005576,extracellular region,78,Logical Inference
IEA,GO_REF:0000108,GO:1904115,axon cytoplasm,76,Logical Inference
IEA,GO_REF:0000108,GO:0098793,presynapse,64,Logical Inference
IEA,GO_REF:0000108,GO:0098794,postsynapse,63,Logical Inference
IEA,GO_REF:0000108,GO:0005739,mitochondrion,37,Logical Inference
IEA,GO_REF:0000108,GO:0016020,membrane,35,Logical Inference
IEA,GO_REF:0000108,GO:0032839,dendrite cytoplasm,19,Logical Inference
IEA,GO_REF:0000108,GO:0005886,plasma membrane,14,Logical Inference
IEA,GO_REF:0000108,GO:0030424,axon,7,Logical Inference
IEA,GO_REF:0000108,GO:0005634,nucleus,6,Logical Inference
IEA,GO_REF:0000108,GO:0000139,Golgi membrane,6,Logical Inference
IEA,GO_REF:0000108,GO:0005783,endoplasmic reticulum,5,Logical Inference
IEA,GO_REF:0000108,GO:0030425,dendrite,4,Logical Inference
IEA,GO_REF:0000108,GO:0005929,cilium,3,Logical Inference
IEA,GO_REF:0000108,GO:0000781,"chromosome, telomeric region",3,Logical Inference
IEA,GO_REF:0000108,GO:0045944,positive regulation of transcription by RNA polymerase II,3,Logical Inference
IEA,GO_REF:0000108,GO:0005737,cytoplasm,3,Logical Inference
IEA,GO_REF:0000108,GO:0005790,smooth endoplasmic reticulum,2,Logical Inference
IEA,GO_REF:0000108,GO:0044322,endoplasmic reticulum quality control compartment,2,Logical Inference
IEA,GO_REF:0000108,GO:0043657,host cell,2,Logical Inference
IEA,GO_REF:0000108,GO:0005773,vacuole,1,Logical Inference
IEA,GO_REF:0000108,GO:0043005,neuron projection,1,Logical Inference
IEA,GO_REF:0000108,GO:0005930,axoneme,1,Logical Inference
IEA,GO_REF:0000108,GO:0051286,cell tip,1,Logical Inference
IEA,GO_REF:0000108,GO:0036066,protein O-linked glycosylation via fucose,1,Logical Inference
IEA,GO_REF:0000108,GO:0002177,manchette,1,Logical Inference
IEA,GO_REF:0000108,GO:0042572,retinol metabolic process,1,Logical Inference
IEA,GO_REF:0000108,GO:0005764,lysosome,1,Logical Inference
IEA,GO_REF:0000115,GO:0006396,RNA processing,1251,Rfam
IEA,GO_REF:0000115,GO:0005730,nucleolus,1249,Rfam
IEA,GO_REF:0000115,GO:0000244,spliceosomal tri-snRNP complex assembly,812,Rfam
IEA,GO_REF:0000115,GO:0000353,formation of quadruple SL/U4/U5/U6 snRNP,786,Rfam
IEA,GO_REF:0000115,GO:0046540,U4/U6 x U5 tri-snRNP complex,786,Rfam
IEA,GO_REF:0000115,GO:0030621,U4 snRNA binding,738,Rfam
IEA,GO_REF:0000115,GO:0005688,U6 snRNP,738,Rfam
IEA,GO_REF:0000115,GO:0035195,miRNA-mediated post-transcriptional gene silencing,297,Rfam
IEA,GO_REF:0000115,GO:0016442,RISC complex,242,Rfam
IEA,GO_REF:0000115,GO:0003735,structural constituent of ribosome,224,Rfam
IEA,GO_REF:0000115,GO:0005840,ribosome,224,Rfam
IEA,GO_REF:0000115,GO:0030627,pre-mRNA 5'-splice site binding,196,Rfam
IEA,GO_REF:0000115,GO:0000395,mRNA 5'-splice site recognition,196,Rfam
IEA,GO_REF:0000115,GO:0005685,U1 snRNP,163,Rfam
IEA,GO_REF:0000115,GO:0000348,mRNA branch site recognition,49,Rfam
IEA,GO_REF:0000115,GO:0045131,pre-mRNA branch point binding,49,Rfam
IEA,GO_REF:0000115,GO:0005686,U2 snRNP,45,Rfam
IEA,GO_REF:0000115,GO:0005687,U4 snRNP,37,Rfam
IEA,GO_REF:0000115,GO:0017070,U6 snRNA binding,37,Rfam
IEA,GO_REF:0000115,GO:0015030,Cajal body,35,Rfam
IEA,GO_REF:0000115,GO:0005691,U6atac snRNP,26,Rfam
IEA,GO_REF:0000115,GO:0030622,U4atac snRNA binding,26,Rfam
IEA,GO_REF:0000115,GO:0006617,"SRP-dependent cotranslational protein targeting to membrane, signal sequence recognition",20,Rfam
IEA,GO_REF:0000115,GO:0005786,"signal recognition particle, endoplasmic reticulum targeting",20,Rfam
IEA,GO_REF:0000115,GO:0030677,ribonuclease P complex,17,Rfam
IEA,GO_REF:0000115,GO:0008033,tRNA processing,17,Rfam
IEA,GO_REF:0000115,GO:0004526,ribonuclease P activity,17,Rfam
IEA,GO_REF:0000115,GO:0030533,triplet codon-amino acid adaptor activity,13,Rfam
IEA,GO_REF:0000115,GO:0005682,U5 snRNP,11,Rfam
IEA,GO_REF:0000115,GO:1904322,cellular response to forskolin,9,Rfam
IEA,GO_REF:0000115,GO:0010468,regulation of gene expression,8,Rfam
IEA,GO_REF:0000115,GO:0071391,cellular response to estrogen stimulus,7,Rfam
IEA,GO_REF:0000115,GO:0005692,U11 snRNP,7,Rfam
IEA,GO_REF:0000115,GO:0006398,mRNA 3'-end processing by stem-loop binding and cleavage,4,Rfam
IEA,GO_REF:0000115,GO:0005693,U12 snRNP,4,Rfam
IEA,GO_REF:0000115,GO:0006382,adenosine to inosine editing,4,Rfam
IEA,GO_REF:0000115,GO:0071222,cellular response to lipopolysaccharide,2,Rfam
IEA,GO_REF:0000115,GO:0007004,telomere maintenance via telomerase,2,Rfam
IEA,GO_REF:0000115,GO:0060291,long-term synaptic potentiation,2,Rfam
IEA,GO_REF:0000115,GO:0000333,telomerase catalytic core complex,2,Rfam
IEA,GO_REF:0000115,GO:0042981,regulation of apoptotic process,2,Rfam
IEA,GO_REF:0000115,GO:1990830,cellular response to leukemia inhibitory factor,2,Rfam
IEA,GO_REF:0000115,GO:0030308,negative regulation of cell growth,2,Rfam
IEA,GO_REF:0000115,GO:0000171,ribonuclease MRP activity,1,Rfam
IEA,GO_REF:0000115,GO:0000172,ribonuclease MRP complex,1,Rfam
IEA,GO_REF:0000115,GO:0006364,rRNA processing,1,Rfam
IEA,GO_REF:0000116,GO:0106310,protein serine kinase activity,342,Rhea Mappings
IEA,GO_REF:0000116,GO:0016887,ATP hydrolysis activity,85,Rhea Mappings
IEA,GO_REF:0000116,GO:0047376,"all-trans-retinyl-palmitate hydrolase, all-trans-retinol forming activity",8,Rhea Mappings
IEA,GO_REF:0000116,GO:0140807,NAD+-protein-glutamate ADP-ribosyltransferase activity,7,Rhea Mappings
IEA,GO_REF:0000116,GO:0140806,NAD+-protein-aspartate ADP-ribosyltransferase activity,7,Rhea Mappings
IEA,GO_REF:0000116,GO:0106438,"protein-glutamic acid ligase activity, elongating",7,Rhea Mappings
IEA,GO_REF:0000116,GO:0090556,phosphatidylserine floppase activity,6,Rhea Mappings
IEA,GO_REF:0000116,GO:0120548,phosphatidylinositol phospholipase C activity,6,Rhea Mappings
IEA,GO_REF:0000116,GO:0106437,"protein-glutamic acid ligase activity, initiating",5,Rhea Mappings
IEA,GO_REF:0000116,GO:0052659,"inositol-1,3,4,5-tetrakisphosphate 5-phosphatase activity",4,Rhea Mappings
IEA,GO_REF:0000116,GO:0140803,NAD+-protein-cysteine ADP-ribosyltransferase activity,4,Rhea Mappings
IEA,GO_REF:0000116,GO:0003924,GTPase activity,3,Rhea Mappings
IEA,GO_REF:0000116,GO:0036134,12-hydroxyheptadecatrienoic acid synthase activity,3,Rhea Mappings
IEA,GO_REF:0000116,GO:0090554,phosphatidylcholine floppase activity,3,Rhea Mappings
IEA,GO_REF:0000116,GO:0102354,11-cis-retinol dehydrogenase (NADP+) activity,3,Rhea Mappings
IEA,GO_REF:0000116,GO:0106292,superoxide-generating NADPH oxidase activity,3,Rhea Mappings
IEA,GO_REF:0000116,GO:0052658,"inositol-1,4,5-trisphosphate 5-phosphatase activity",3,Rhea Mappings
IEA,GO_REF:0000116,GO:0036431,dCMP kinase activity,3,Rhea Mappings
IEA,GO_REF:0000116,GO:0140804,NAD+-protein-lysine ADP-ribosyltransferase activity,3,Rhea Mappings
IEA,GO_REF:0000116,GO:0106226,peptide 2-hydroxyisobutyryltransferase activity,2,Rhea Mappings
IEA,GO_REF:0000116,GO:0106029,tRNA pseudouridine synthase activity,2,Rhea Mappings
IEA,GO_REF:0000116,GO:0052833,inositol monophosphate 4-phosphatase activity,2,Rhea Mappings
IEA,GO_REF:0000116,GO:0008948,oxaloacetate decarboxylase activity,2,Rhea Mappings
IEA,GO_REF:0000116,GO:0047954,glycerol-2-phosphatase activity,2,Rhea Mappings
IEA,GO_REF:0000116,GO:0052848,"inositol-3,5-bisdiphosphate-2,3,4,6-tetrakisphosphate 5-diphosphatase activity",2,Rhea Mappings
IEA,GO_REF:0000116,GO:0140561,EGF-domain serine glucosyltransferase activity,2,Rhea Mappings
IEA,GO_REF:0000116,GO:0004713,protein tyrosine kinase activity,2,Rhea Mappings
IEA,GO_REF:0000116,GO:0052845,"inositol-5-diphosphate-1,2,3,4,6-pentakisphosphate diphosphatase activity",2,Rhea Mappings
IEA,GO_REF:0000116,GO:0043813,"phosphatidylinositol-3,5-bisphosphate 5-phosphatase activity",2,Rhea Mappings
IEA,GO_REF:0000116,GO:0047506,dAMP kinase activity,2,Rhea Mappings
IEA,GO_REF:0000116,GO:0047956,glycerol dehydrogenase (NADP+) activity,2,Rhea Mappings
IEA,GO_REF:0000116,GO:0036221,UTP diphosphatase activity,2,Rhea Mappings
IEA,GO_REF:0000116,GO:0070780,dihydrosphingosine-1-phosphate phosphatase activity,2,Rhea Mappings
IEA,GO_REF:0000116,GO:0000832,inositol hexakisphosphate 5-kinase activity,2,Rhea Mappings
IEA,GO_REF:0000116,GO:0101021,estrogen 2-hydroxylase activity,2,Rhea Mappings
IEA,GO_REF:0000116,GO:0052832,inositol monophosphate 3-phosphatase activity,2,Rhea Mappings
IEA,GO_REF:0000116,GO:0050649,testosterone 6-beta-hydroxylase activity,2,Rhea Mappings
IEA,GO_REF:0000116,GO:0051922,cholesterol sulfotransferase activity,2,Rhea Mappings
IEA,GO_REF:0000116,GO:0017161,"inositol-1,3,4-trisphosphate 4-phosphatase activity",2,Rhea Mappings
IEA,GO_REF:0000116,GO:0052723,inositol hexakisphosphate 1-kinase activity,2,Rhea Mappings
IEA,GO_REF:0000116,GO:0052814,medium-chain fatty aldehyde dehydrogenase (NAD+) activity,2,Rhea Mappings
IEA,GO_REF:0000116,GO:0043273,CTPase activity,2,Rhea Mappings
IEA,GO_REF:0000116,GO:0140087,acetaldehyde dehydrogenase (NAD+) activity,2,Rhea Mappings
IEA,GO_REF:0000116,GO:0106026,Gly-tRNA(Ala) deacylase activity,2,Rhea Mappings
IEA,GO_REF:0000116,GO:0008877,glucose-1-phosphatase activity,2,Rhea Mappings
IEA,GO_REF:0000116,GO:1990002,methylglyoxal reductase (NADPH) (acetol producing) activity,2,Rhea Mappings
IEA,GO_REF:0000116,GO:0010943,NADPH pyrophosphatase activity,2,Rhea Mappings
IEA,GO_REF:0000116,GO:0052828,"inositol-3,4-bisphosphate 4-phosphatase activity",2,Rhea Mappings
IEA,GO_REF:0000116,GO:0047693,ATP diphosphatase activity,2,Rhea Mappings
IEA,GO_REF:0000116,GO:0140562,EGF-domain serine xylosyltransferase activity,2,Rhea Mappings
IEA,GO_REF:0000116,GO:0008999,protein-N-terminal-alanine acetyltransferase activity,2,Rhea Mappings
IEA,GO_REF:0000116,GO:0160163,S-nitrosoglutathione reductase (NADPH) activity,2,Rhea Mappings
IEA,GO_REF:0000116,GO:0036219,GTP diphosphatase activity,2,Rhea Mappings
IEA,GO_REF:0000116,GO:0043759,2-methylbutanoate-CoA ligase activity,1,Rhea Mappings
IEA,GO_REF:0000116,GO:0043771,cytidine kinase activity,1,Rhea Mappings
IEA,GO_REF:0000116,GO:0004427,inorganic diphosphate phosphatase activity,1,Rhea Mappings
IEA,GO_REF:0000116,GO:0047821,D-glutamate oxidase activity,1,Rhea Mappings
IEA,GO_REF:0000116,GO:0098606,selenocystathionine gamma-lyase activity,1,Rhea Mappings
IEA,GO_REF:0000116,GO:0003846,2-acylglycerol O-acyltransferase activity,1,Rhea Mappings
IEA,GO_REF:0000116,GO:0004115,"3',5'-cyclic-AMP phosphodiesterase activity",1,Rhea Mappings
IEA,GO_REF:0000116,GO:0106237,arachidonate 12(R)-lipoxygenase activity,1,Rhea Mappings
IEA,GO_REF:0000116,GO:0106433,O6-methyl-dGTP hydrolase activity,1,Rhea Mappings
IEA,GO_REF:0000116,GO:0106009,(4S)-4-hydroxy-2-oxoglutarate aldolase activity,1,Rhea Mappings
IEA,GO_REF:0000116,GO:0106329,L-phenylalaine oxidase activity,1,Rhea Mappings
IEA,GO_REF:0000116,GO:0120243,2-iminopropanoate deaminase activity,1,Rhea Mappings
IEA,GO_REF:0000116,GO:0003954,NADH dehydrogenase activity,1,Rhea Mappings
IEA,GO_REF:0000116,GO:0062183,all-trans retinoic acid 18-hydroxylase activity,1,Rhea Mappings
IEA,GO_REF:0000116,GO:0106431,N6-methyl-(d)ATP hydrolase activity,1,Rhea Mappings
IEA,GO_REF:0000116,GO:0036384,CDP phosphatase activity,1,Rhea Mappings
IEA,GO_REF:0000116,GO:0051736,ATP-dependent polyribonucleotide 5'-hydroxyl-kinase activity,1,Rhea Mappings
IEA,GO_REF:0000116,GO:0103026,fructose-1-phosphatase activity,1,Rhea Mappings
IEA,GO_REF:0000116,GO:0106330,sialate 9-O-acetylesterase activity,1,Rhea Mappings
IEA,GO_REF:0000116,GO:0052874,FMN reductase (NADH) activity,1,Rhea Mappings
IEA,GO_REF:0000116,GO:0120242,2-iminobutanoate deaminase activity,1,Rhea Mappings
IEA,GO_REF:0000116,GO:0106322,S-(hydroxymethyl)glutathione dehydrogenase (NAD+) activity,1,Rhea Mappings
IEA,GO_REF:0000116,GO:0004090,carbonyl reductase (NADPH) activity,1,Rhea Mappings
IEA,GO_REF:0000116,GO:0102175,3-beta-hydroxysteroid dehydrogenase (NAD+)/C4-decarboxylase activity,1,Rhea Mappings
IEA,GO_REF:0000116,GO:0120509,hydroxypyruvate reductase (NADPH) activity,1,Rhea Mappings
IEA,GO_REF:0000116,GO:0120298,peptide noradrenalinyltransferase activity,1,Rhea Mappings
IEA,GO_REF:0000116,GO:0080007,S-nitrosoglutathione reductase (NADH) activity,1,Rhea Mappings
IEA,GO_REF:0000116,GO:0047233,"N-acetylneuraminylgalactosylglucosylceramide beta-1,4-N-acetylgalactosaminyltransferase activity",1,Rhea Mappings
IEA,GO_REF:0000116,GO:0004180,carboxypeptidase activity,1,Rhea Mappings
IEA,GO_REF:0000116,GO:0016158,inositol hexakisphosphate 3-phosphatase activity,1,Rhea Mappings
IEA,GO_REF:0000116,GO:0061733,protein-lysine-acetyltransferase activity,1,Rhea Mappings
IEA,GO_REF:0000116,GO:0047934,glucose 1-dehydrogenase (NAD+) activity,1,Rhea Mappings
IEA,GO_REF:0000116,GO:0106008,2-oxoglutaramate amidase activity,1,Rhea Mappings
IEA,GO_REF:0000116,GO:0097023,fructose 6-phosphate aldolase activity,1,Rhea Mappings
IEA,GO_REF:0000116,GO:0047045,testosterone dehydrogenase (NADP+) activity,1,Rhea Mappings
IEA,GO_REF:0000116,GO:0015417,ABC-type polyamine transporter activity,1,Rhea Mappings
IEA,GO_REF:0000116,GO:0120516,diacylglycerol lipase activity,1,Rhea Mappings
IEA,GO_REF:0000116,GO:0036403,arachidonate 8(S)-lipoxygenase activity,1,Rhea Mappings
IEA,GO_REF:0000116,GO:0070251,pristanate-CoA ligase activity,1,Rhea Mappings
IEA,GO_REF:0000116,GO:0062184,testosterone 16-beta-hydroxylase activity,1,Rhea Mappings
IEA,GO_REF:0000116,GO:0000210,NAD+ diphosphatase activity,1,Rhea Mappings
IEA,GO_REF:0000116,GO:0008970,phospholipase A1 activity,1,Rhea Mappings
IEA,GO_REF:0000116,GO:0062182,all-trans retinoic acid 4-hydrolase activity,1,Rhea Mappings
IEA,GO_REF:0000116,GO:0008753,NADPH dehydrogenase (quinone) activity,1,Rhea Mappings
IEA,GO_REF:0000116,GO:0140439,protein-cysteine S-stearoyltransferase activity,1,Rhea Mappings
IEA,GO_REF:0000116,GO:0052873,FMN reductase (NADPH) activity,1,Rhea Mappings
IEA,GO_REF:0000116,GO:0004382,GDP phosphatase activity,1,Rhea Mappings
IEA,GO_REF:0000116,GO:0141192,ATP:ATP adenylyltransferase activity,1,Rhea Mappings
IEA,GO_REF:0000116,GO:0061463,O-acetyl-ADP-ribose deacetylase activity,1,Rhea Mappings
IEA,GO_REF:0000116,GO:0102267,tRNA-dihydrouridine20b synthase activity,1,Rhea Mappings
IEA,GO_REF:0000116,GO:0004346,glucose-6-phosphatase activity,1,Rhea Mappings
IEA,GO_REF:0000116,GO:0004806,triacylglycerol lipase activity,1,Rhea Mappings
IEA,GO_REF:0000116,GO:0047995,(2R)-hydroxyphenylpyruvate reductase [NAD(P)H] activity,1,Rhea Mappings
IEA,GO_REF:0000116,GO:0103023,ITPase activity,1,Rhea Mappings
IEA,GO_REF:0000116,GO:0106321,S-(hydroxymethyl)glutathione dehydrogenase (NADP+) activity,1,Rhea Mappings
IEA,GO_REF:0000116,GO:0120560,phosphatidylserine lysophospholipase activity,1,Rhea Mappings
IEA,GO_REF:0000116,GO:0052869,arachidonate omega-hydroxylase activity,1,Rhea Mappings
IEA,GO_REF:0000116,GO:0080146,L-cysteine desulfhydrase activity,1,Rhea Mappings
IEA,GO_REF:0000116,GO:0050135,NADP+ nucleosidase activity,1,Rhea Mappings
IEA,GO_REF:0000116,GO:0019705,protein-cysteine S-myristoyltransferase activity,1,Rhea Mappings
IEA,GO_REF:0000116,GO:0180021,U6 snRNA 2'-O-ribose methyltransferase activity,1,Rhea Mappings
IEA,GO_REF:0000116,GO:1990003,IDP phosphatase activity,1,Rhea Mappings
IEA,GO_REF:0000116,GO:0000121,sn-glycerol 1-phosphatase activity,1,Rhea Mappings
IEA,GO_REF:0000116,GO:0050406,[acetyl-CoA carboxylase]-phosphatase activity,1,Rhea Mappings
IEA,GO_REF:0000116,GO:0102391,decanoate-CoA ligase activity,1,Rhea Mappings
IEA,GO_REF:0000116,GO:0047931,glucosamine kinase activity,1,Rhea Mappings
IEA,GO_REF:0000116,GO:0008404,"arachidonate 14,15-epoxygenase activity",1,Rhea Mappings
IEA,GO_REF:0000116,GO:0052817,very long-chain fatty acyl-CoA hydrolase activity,1,Rhea Mappings
IEA,GO_REF:0000116,GO:0036430,CMP kinase activity,1,Rhea Mappings
IEA,GO_REF:0000116,GO:0008988,rRNA (adenine-N6-)-methyltransferase activity,1,Rhea Mappings
IEA,GO_REF:0000116,GO:0047935,glucose 1-dehydrogenase (NADP+) activity,1,Rhea Mappings
IEA,GO_REF:0000116,GO:0004052,arachidonate 12(S)-lipoxygenase activity,1,Rhea Mappings
IEA,GO_REF:0000116,GO:0047822,hypotaurine monooxygenase activity,1,Rhea Mappings
IEA,GO_REF:0000116,GO:0008707,inositol hexakisphosphate 4-phosphatase activity,1,Rhea Mappings
IEA,GO_REF:0000116,GO:0033814,propanoyl-CoA C-acyltransferase activity,1,Rhea Mappings
IEA,GO_REF:0000116,GO:0036130,prostaglandin H2 endoperoxidase reductase activity,1,Rhea Mappings
IEA,GO_REF:0000116,GO:0043799,glycine oxidase activity,1,Rhea Mappings
IEA,GO_REF:0000116,GO:0047881,estradiol 17-alpha-dehydrogenase [NAD(P)+] activity,1,Rhea Mappings
IEA,GO_REF:0000116,GO:0052835,"inositol-3,4,6-trisphosphate 1-kinase activity",1,Rhea Mappings
IEA,GO_REF:0000116,GO:0140944,histone H4K20 monomethyltransferase activity,1,Rhea Mappings
IEA,GO_REF:0000116,GO:0140941,histone H4K20me methyltransferase activity,1,Rhea Mappings
IEA,GO_REF:0000116,GO:0140567,membrane protein dislocase activity,1,Rhea Mappings
IEA,GO_REF:0000116,GO:0106211,"inositol-5-diphosphate-1,3,4,6-tetrakisphosphate diphosphatase activity",1,Rhea Mappings
IEA,GO_REF:0000116,GO:0102149,farnesylcysteine lyase activity,1,Rhea Mappings
IEA,GO_REF:0000116,GO:0120557,farnesyl diphosphatase activity,1,Rhea Mappings
IEA,GO_REF:0000116,GO:0120092,crotonyl-CoA hydratase activity,1,Rhea Mappings
IEA,GO_REF:0000116,GO:0106376,2-hydroxyphytanoyl-CoA lyase activity,1,Rhea Mappings
IEA,GO_REF:0000116,GO:0008458,carnitine O-octanoyltransferase activity,1,Rhea Mappings
IEA,GO_REF:0000116,GO:0106347,U2 snRNA 2'-O-methyladenosine m6 methyltransferase activity,1,Rhea Mappings
IEA,GO_REF:0000116,GO:0106277,biliverdin reductase (NADPH) activity,1,Rhea Mappings
IEA,GO_REF:0000116,GO:0035241,protein-arginine omega-N monomethyltransferase activity,1,Rhea Mappings
IEA,GO_REF:0000116,GO:0018812,3-hydroxyacyl-CoA dehydratase activity,1,Rhea Mappings
IEA,GO_REF:0000116,GO:0004354,glutamate dehydrogenase (NADP+) activity,1,Rhea Mappings
IEA,GO_REF:0000116,GO:0110152,RNA NAD+-cap (NAD+-forming) hydrolase activity,1,Rhea Mappings
IEA,GO_REF:0000116,GO:0043262,ADP phosphatase activity,1,Rhea Mappings
IEA,GO_REF:0000117,GO:0007606,sensory perception of chemical stimulus,187,ARBA
IEA,GO_REF:0000117,GO:0005576,extracellular region,149,ARBA
IEA,GO_REF:0000117,GO:0005829,cytosol,114,ARBA
IEA,GO_REF:0000117,GO:0005886,plasma membrane,66,ARBA
IEA,GO_REF:0000117,GO:0071396,cellular response to lipid,62,ARBA
IEA,GO_REF:0000117,GO:0005654,nucleoplasm,24,ARBA
IEA,GO_REF:0000117,GO:0030670,phagocytic vesicle membrane,23,ARBA
IEA,GO_REF:0000117,GO:0098553,lumenal side of endoplasmic reticulum membrane,23,ARBA
IEA,GO_REF:0000117,GO:0005737,cytoplasm,23,ARBA
IEA,GO_REF:0000117,GO:0000122,negative regulation of transcription by RNA polymerase II,14,ARBA
IEA,GO_REF:0000117,GO:0051924,regulation of calcium ion transport,12,ARBA
IEA,GO_REF:0000117,GO:0045944,positive regulation of transcription by RNA polymerase II,10,ARBA
IEA,GO_REF:0000117,GO:0051276,chromosome organization,9,ARBA
IEA,GO_REF:0000117,GO:0022603,regulation of anatomical structure morphogenesis,9,ARBA
IEA,GO_REF:0000117,GO:0045892,negative regulation of DNA-templated transcription,9,ARBA
IEA,GO_REF:0000117,GO:0006366,transcription by RNA polymerase II,9,ARBA
IEA,GO_REF:0000117,GO:0005721,pericentric heterochromatin,9,ARBA
IEA,GO_REF:0000117,GO:0003697,single-stranded DNA binding,8,ARBA
IEA,GO_REF:0000117,GO:0005634,nucleus,7,ARBA
IEA,GO_REF:0000117,GO:0006631,fatty acid metabolic process,7,ARBA
IEA,GO_REF:0000117,GO:0042110,T cell activation,6,ARBA
IEA,GO_REF:0000117,GO:0010628,positive regulation of gene expression,6,ARBA
IEA,GO_REF:0000117,GO:0031981,nuclear lumen,5,ARBA
IEA,GO_REF:0000117,GO:0012505,endomembrane system,5,ARBA
IEA,GO_REF:0000117,GO:0005789,endoplasmic reticulum membrane,5,ARBA
IEA,GO_REF:0000117,GO:0050863,regulation of T cell activation,5,ARBA
IEA,GO_REF:0000117,GO:0016236,macroautophagy,5,ARBA
IEA,GO_REF:0000117,GO:0006094,gluconeogenesis,5,ARBA
IEA,GO_REF:0000117,GO:0051241,negative regulation of multicellular organismal process,5,ARBA
IEA,GO_REF:0000117,GO:1903037,regulation of leukocyte cell-cell adhesion,5,ARBA
IEA,GO_REF:0000117,GO:0042267,natural killer cell mediated cytotoxicity,4,ARBA
IEA,GO_REF:0000117,GO:0080090,regulation of primary metabolic process,4,ARBA
IEA,GO_REF:0000117,GO:0016266,protein O-linked glycosylation via N-acetyl-galactosamine,4,ARBA
IEA,GO_REF:0000117,GO:0032502,developmental process,4,ARBA
IEA,GO_REF:0000117,GO:0048029,monosaccharide binding,4,ARBA
IEA,GO_REF:0000117,GO:0050673,epithelial cell proliferation,4,ARBA
IEA,GO_REF:0000117,GO:0032680,regulation of tumor necrosis factor production,4,ARBA
IEA,GO_REF:0000117,GO:0036258,multivesicular body assembly,4,ARBA
IEA,GO_REF:0000117,GO:0006699,bile acid biosynthetic process,3,ARBA
IEA,GO_REF:0000117,GO:0097529,myeloid leukocyte migration,3,ARBA
IEA,GO_REF:0000117,GO:0120015,sterol transfer activity,3,ARBA
IEA,GO_REF:0000117,GO:0005788,endoplasmic reticulum lumen,3,ARBA
IEA,GO_REF:0000117,GO:0032675,regulation of interleukin-6 production,3,ARBA
IEA,GO_REF:0000117,GO:0045428,regulation of nitric oxide biosynthetic process,3,ARBA
IEA,GO_REF:0000117,GO:0006955,immune response,3,ARBA
IEA,GO_REF:0000117,GO:0050728,negative regulation of inflammatory response,3,ARBA
IEA,GO_REF:0000117,GO:0050765,negative regulation of phagocytosis,3,ARBA
IEA,GO_REF:0000117,GO:0008499,"N-acetyl-beta-D-glucosaminide beta-(1,3)-galactosyltransferase activity",3,ARBA
IEA,GO_REF:0000117,GO:0003008,system process,3,ARBA
IEA,GO_REF:0000117,GO:0097475,motor neuron migration,3,ARBA
IEA,GO_REF:0000117,GO:0019903,protein phosphatase binding,3,ARBA
IEA,GO_REF:0000117,GO:0042802,identical protein binding,3,ARBA
IEA,GO_REF:0000117,GO:0007417,central nervous system development,3,ARBA
IEA,GO_REF:0000117,GO:1990806,ligand-gated ion channel signaling pathway,3,ARBA
IEA,GO_REF:0000117,GO:0043005,neuron projection,3,ARBA
IEA,GO_REF:0000117,GO:0010463,mesenchymal cell proliferation,3,ARBA
IEA,GO_REF:0000117,GO:0048513,animal organ development,3,ARBA
IEA,GO_REF:0000117,GO:0005783,endoplasmic reticulum,3,ARBA
IEA,GO_REF:0000117,GO:0009891,positive regulation of biosynthetic process,3,ARBA
IEA,GO_REF:0000117,GO:0045893,positive regulation of DNA-templated transcription,3,ARBA
IEA,GO_REF:0000117,GO:0016461,unconventional myosin complex,3,ARBA
IEA,GO_REF:0000117,GO:0030049,muscle filament sliding,3,ARBA
IEA,GO_REF:0000117,GO:0032024,positive regulation of insulin secretion,3,ARBA
IEA,GO_REF:0000117,GO:0060255,regulation of macromolecule metabolic process,3,ARBA
IEA,GO_REF:0000117,GO:0046931,pore complex assembly,3,ARBA
IEA,GO_REF:0000117,GO:0050796,regulation of insulin secretion,3,ARBA
IEA,GO_REF:0000117,GO:0010631,epithelial cell migration,3,ARBA
IEA,GO_REF:0000117,GO:0007596,blood coagulation,3,ARBA
IEA,GO_REF:0000117,GO:0010634,positive regulation of epithelial cell migration,3,ARBA
IEA,GO_REF:0000117,GO:1904936,interneuron migration,3,ARBA
IEA,GO_REF:0000117,GO:0048144,fibroblast proliferation,3,ARBA
IEA,GO_REF:0000117,GO:0016020,membrane,3,ARBA
IEA,GO_REF:0000117,GO:0070701,mucus layer,3,ARBA
IEA,GO_REF:0000117,GO:0099171,presynaptic modulation of chemical synaptic transmission,3,ARBA
IEA,GO_REF:0000117,GO:0045471,response to ethanol,3,ARBA
IEA,GO_REF:0000117,GO:0007265,Ras protein signal transduction,3,ARBA
IEA,GO_REF:0000117,GO:0030246,carbohydrate binding,3,ARBA
IEA,GO_REF:0000117,GO:0072089,stem cell proliferation,2,ARBA
IEA,GO_REF:0000117,GO:0071346,cellular response to type II interferon,2,ARBA
IEA,GO_REF:0000117,GO:1904395,positive regulation of skeletal muscle acetylcholine-gated channel clustering,2,ARBA
IEA,GO_REF:0000117,GO:0006909,phagocytosis,2,ARBA
IEA,GO_REF:0000117,GO:0008078,mesodermal cell migration,2,ARBA
IEA,GO_REF:0000117,GO:0010008,endosome membrane,2,ARBA
IEA,GO_REF:0000117,GO:0050650,chondroitin sulfate proteoglycan biosynthetic process,2,ARBA
IEA,GO_REF:0000117,GO:0044346,fibroblast apoptotic process,2,ARBA
IEA,GO_REF:0000117,GO:0044282,small molecule catabolic process,2,ARBA
IEA,GO_REF:0000117,GO:0006952,defense response,2,ARBA
IEA,GO_REF:0000117,GO:0035881,amacrine cell differentiation,2,ARBA
IEA,GO_REF:0000117,GO:0033028,myeloid cell apoptotic process,2,ARBA
IEA,GO_REF:0000117,GO:0008194,UDP-glycosyltransferase activity,2,ARBA
IEA,GO_REF:0000117,GO:0006741,NADP+ biosynthetic process,2,ARBA
IEA,GO_REF:0000117,GO:0035457,cellular response to interferon-alpha,2,ARBA
IEA,GO_REF:0000117,GO:0043123,positive regulation of canonical NF-kappaB signal transduction,2,ARBA
IEA,GO_REF:0000117,GO:0006397,mRNA processing,2,ARBA
IEA,GO_REF:0000117,GO:0098609,cell-cell adhesion,2,ARBA
IEA,GO_REF:0000117,GO:0043931,ossification involved in bone maturation,2,ARBA
IEA,GO_REF:0000117,GO:0071944,cell periphery,2,ARBA
IEA,GO_REF:0000117,GO:1902871,positive regulation of amacrine cell differentiation,2,ARBA
IEA,GO_REF:0000117,GO:0050680,negative regulation of epithelial cell proliferation,2,ARBA
IEA,GO_REF:0000117,GO:0000139,Golgi membrane,2,ARBA
IEA,GO_REF:0000117,GO:0006915,apoptotic process,2,ARBA
IEA,GO_REF:0000117,GO:1904669,ATP export,2,ARBA
IEA,GO_REF:0000117,GO:0015095,magnesium ion transmembrane transporter activity,2,ARBA
IEA,GO_REF:0000117,GO:0045596,negative regulation of cell differentiation,2,ARBA
IEA,GO_REF:0000117,GO:0019318,hexose metabolic process,2,ARBA
IEA,GO_REF:0000117,GO:0001227,"DNA-binding transcription repressor activity, RNA polymerase II-specific",2,ARBA
IEA,GO_REF:0000117,GO:0000423,mitophagy,2,ARBA
IEA,GO_REF:0000117,GO:0006654,phosphatidic acid biosynthetic process,2,ARBA
IEA,GO_REF:0000117,GO:0005739,mitochondrion,2,ARBA
IEA,GO_REF:0000117,GO:0043312,neutrophil degranulation,2,ARBA
IEA,GO_REF:0000117,GO:0035883,enteroendocrine cell differentiation,2,ARBA
IEA,GO_REF:0000117,GO:0051093,negative regulation of developmental process,2,ARBA
IEA,GO_REF:0000117,GO:0019228,neuronal action potential,2,ARBA
IEA,GO_REF:0000117,GO:0016192,vesicle-mediated transport,2,ARBA
IEA,GO_REF:0000117,GO:0098685,Schaffer collateral - CA1 synapse,2,ARBA
IEA,GO_REF:0000117,GO:0006636,unsaturated fatty acid biosynthetic process,2,ARBA
IEA,GO_REF:0000117,GO:0007249,canonical NF-kappaB signal transduction,2,ARBA
IEA,GO_REF:0000117,GO:1904428,negative regulation of tubulin deacetylation,2,ARBA
IEA,GO_REF:0000117,GO:0002718,regulation of cytokine production involved in immune response,2,ARBA
IEA,GO_REF:0000117,GO:0042113,B cell activation,2,ARBA
IEA,GO_REF:0000117,GO:0043434,response to peptide hormone,2,ARBA
IEA,GO_REF:0000117,GO:0007281,germ cell development,2,ARBA
IEA,GO_REF:0000117,GO:0036109,alpha-linolenic acid metabolic process,2,ARBA
IEA,GO_REF:0000117,GO:0042492,gamma-delta T cell differentiation,2,ARBA
IEA,GO_REF:0000117,GO:0048668,collateral sprouting,2,ARBA
IEA,GO_REF:0000117,GO:0010996,response to auditory stimulus,2,ARBA
IEA,GO_REF:0000117,GO:0045814,"negative regulation of gene expression, epigenetic",2,ARBA
IEA,GO_REF:0000117,GO:0106384,dGMP salvage,2,ARBA
IEA,GO_REF:0000117,GO:0060070,canonical Wnt signaling pathway,2,ARBA
IEA,GO_REF:0000117,GO:0047238,glucuronosyl-N-acetylgalactosaminyl-proteoglycan 4-beta-N-acetylgalactosaminyltransferase activity,2,ARBA
IEA,GO_REF:0000117,GO:0030154,cell differentiation,2,ARBA
IEA,GO_REF:0000117,GO:0007229,integrin-mediated signaling pathway,2,ARBA
IEA,GO_REF:0000117,GO:0002376,immune system process,2,ARBA
IEA,GO_REF:0000117,GO:0050798,activated T cell proliferation,2,ARBA
IEA,GO_REF:0000117,GO:0006635,fatty acid beta-oxidation,2,ARBA
IEA,GO_REF:0000117,GO:1905517,macrophage migration,2,ARBA
IEA,GO_REF:0000117,GO:0034504,protein localization to nucleus,2,ARBA
IEA,GO_REF:0000117,GO:0045595,regulation of cell differentiation,2,ARBA
IEA,GO_REF:0000117,GO:0005694,chromosome,2,ARBA
IEA,GO_REF:0000117,GO:0001674,female germ cell nucleus,2,ARBA
IEA,GO_REF:0000117,GO:1905522,negative regulation of macrophage migration,2,ARBA
IEA,GO_REF:0000117,GO:1904055,negative regulation of cholangiocyte proliferation,2,ARBA
IEA,GO_REF:0000117,GO:0097152,mesenchymal cell apoptotic process,2,ARBA
IEA,GO_REF:0000117,GO:0000981,"DNA-binding transcription factor activity, RNA polymerase II-specific",2,ARBA
IEA,GO_REF:0000117,GO:0042887,amide transmembrane transporter activity,2,ARBA
IEA,GO_REF:0000117,GO:0072105,ureteric peristalsis,2,ARBA
IEA,GO_REF:0000117,GO:0002199,zona pellucida receptor complex,2,ARBA
IEA,GO_REF:0000117,GO:0031410,cytoplasmic vesicle,2,ARBA
IEA,GO_REF:0000117,GO:0051402,neuron apoptotic process,2,ARBA
IEA,GO_REF:0000117,GO:0051983,regulation of chromosome segregation,2,ARBA
IEA,GO_REF:0000117,GO:0061311,cell surface receptor signaling pathway involved in heart development,2,ARBA
IEA,GO_REF:0000117,GO:0042759,long-chain fatty acid biosynthetic process,2,ARBA
IEA,GO_REF:0000117,GO:0120025,plasma membrane bounded cell projection,2,ARBA
IEA,GO_REF:0000117,GO:0140767,enzyme-substrate adaptor activity,2,ARBA
IEA,GO_REF:0000117,GO:0001654,eye development,2,ARBA
IEA,GO_REF:0000117,GO:0039702,viral budding via host ESCRT complex,2,ARBA
IEA,GO_REF:0000117,GO:0001782,B cell homeostasis,2,ARBA
IEA,GO_REF:0000117,GO:0140096,"catalytic activity, acting on a protein",2,ARBA
IEA,GO_REF:0000117,GO:0016788,"hydrolase activity, acting on ester bonds",2,ARBA
IEA,GO_REF:0000117,GO:0061351,neural precursor cell proliferation,2,ARBA
IEA,GO_REF:0000117,GO:0030027,lamellipodium,2,ARBA
IEA,GO_REF:0000117,GO:0030183,B cell differentiation,2,ARBA
IEA,GO_REF:0000117,GO:0031347,regulation of defense response,2,ARBA
IEA,GO_REF:0000117,GO:0016013,syntrophin complex,2,ARBA
IEA,GO_REF:0000117,GO:0035265,organ growth,2,ARBA
IEA,GO_REF:0000117,GO:0006661,phosphatidylinositol biosynthetic process,2,ARBA
IEA,GO_REF:0000117,GO:0031623,receptor internalization,2,ARBA
IEA,GO_REF:0000117,GO:2001235,positive regulation of apoptotic signaling pathway,2,ARBA
IEA,GO_REF:0000117,GO:2000026,regulation of multicellular organismal development,2,ARBA
IEA,GO_REF:0000117,GO:0030218,erythrocyte differentiation,2,ARBA
IEA,GO_REF:0000117,GO:0008625,extrinsic apoptotic signaling pathway via death domain receptors,2,ARBA
IEA,GO_REF:0000117,GO:1990705,cholangiocyte proliferation,2,ARBA
IEA,GO_REF:0000117,GO:2000243,positive regulation of reproductive process,2,ARBA
IEA,GO_REF:0000117,GO:2000648,positive regulation of stem cell proliferation,2,ARBA
IEA,GO_REF:0000117,GO:0048546,digestive tract morphogenesis,2,ARBA
IEA,GO_REF:0000117,GO:0010936,negative regulation of macrophage cytokine production,2,ARBA
IEA,GO_REF:0000117,GO:1902533,positive regulation of intracellular signal transduction,2,ARBA
IEA,GO_REF:0000117,GO:1904157,DN4 thymocyte differentiation,2,ARBA
IEA,GO_REF:0000117,GO:0008283,cell population proliferation,2,ARBA
IEA,GO_REF:0000117,GO:0007224,smoothened signaling pathway,2,ARBA
IEA,GO_REF:0000117,GO:1901570,fatty acid derivative biosynthetic process,2,ARBA
IEA,GO_REF:0000117,GO:0001867,"complement activation, lectin pathway",2,ARBA
IEA,GO_REF:0000117,GO:0005759,mitochondrial matrix,2,ARBA
IEA,GO_REF:0000117,GO:0036305,ameloblast differentiation,2,ARBA
IEA,GO_REF:0000117,GO:1990837,sequence-specific double-stranded DNA binding,1,ARBA
IEA,GO_REF:0000117,GO:0016477,cell migration,1,ARBA
IEA,GO_REF:0000117,GO:0003774,cytoskeletal motor activity,1,ARBA
IEA,GO_REF:0000117,GO:0030855,epithelial cell differentiation,1,ARBA
IEA,GO_REF:0000117,GO:0072655,establishment of protein localization to mitochondrion,1,ARBA
IEA,GO_REF:0000117,GO:0045429,positive regulation of nitric oxide biosynthetic process,1,ARBA
IEA,GO_REF:0000117,GO:0006771,riboflavin metabolic process,1,ARBA
IEA,GO_REF:0000117,GO:0005682,U5 snRNP,1,ARBA
IEA,GO_REF:0000117,GO:0045445,myoblast differentiation,1,ARBA
IEA,GO_REF:0000117,GO:0045634,regulation of melanocyte differentiation,1,ARBA
IEA,GO_REF:0000117,GO:0003870,5-aminolevulinate synthase activity,1,ARBA
IEA,GO_REF:0000117,GO:0099605,regulation of action potential firing rate,1,ARBA
IEA,GO_REF:0000117,GO:0099003,vesicle-mediated transport in synapse,1,ARBA
IEA,GO_REF:0000117,GO:0006029,proteoglycan metabolic process,1,ARBA
IEA,GO_REF:0000117,GO:0006098,pentose-phosphate shunt,1,ARBA
IEA,GO_REF:0000117,GO:0099072,regulation of postsynaptic membrane neurotransmitter receptor levels,1,ARBA
IEA,GO_REF:0000117,GO:0007605,sensory perception of sound,1,ARBA
IEA,GO_REF:0000117,GO:0006066,alcohol metabolic process,1,ARBA
IEA,GO_REF:0000117,GO:0007405,neuroblast proliferation,1,ARBA
IEA,GO_REF:0000117,GO:0050714,positive regulation of protein secretion,1,ARBA
IEA,GO_REF:0000117,GO:0002070,epithelial cell maturation,1,ARBA
IEA,GO_REF:0000117,GO:0061370,testosterone biosynthetic process,1,ARBA
IEA,GO_REF:0000117,GO:0016079,synaptic vesicle exocytosis,1,ARBA
IEA,GO_REF:0000117,GO:0002449,lymphocyte mediated immunity,1,ARBA
IEA,GO_REF:0000117,GO:0036477,somatodendritic compartment,1,ARBA
IEA,GO_REF:0000117,GO:0070309,lens fiber cell morphogenesis,1,ARBA
IEA,GO_REF:0000117,GO:2000058,regulation of ubiquitin-dependent protein catabolic process,1,ARBA
IEA,GO_REF:0000117,GO:0033033,negative regulation of myeloid cell apoptotic process,1,ARBA
IEA,GO_REF:0000117,GO:0051451,myoblast migration,1,ARBA
IEA,GO_REF:0000117,GO:0045912,negative regulation of carbohydrate metabolic process,1,ARBA
IEA,GO_REF:0000117,GO:1904888,cranial skeletal system development,1,ARBA
IEA,GO_REF:0000117,GO:0035253,ciliary rootlet,1,ARBA
IEA,GO_REF:0000117,GO:0032691,negative regulation of interleukin-1 beta production,1,ARBA
IEA,GO_REF:0000117,GO:0051239,regulation of multicellular organismal process,1,ARBA
IEA,GO_REF:0000117,GO:0010165,response to X-ray,1,ARBA
IEA,GO_REF:0000117,GO:0006334,nucleosome assembly,1,ARBA
IEA,GO_REF:0000117,GO:0009897,external side of plasma membrane,1,ARBA
IEA,GO_REF:0000117,GO:0005764,lysosome,1,ARBA
IEA,GO_REF:0000117,GO:0010891,negative regulation of triglyceride storage,1,ARBA
IEA,GO_REF:0000117,GO:0018958,phenol-containing compound metabolic process,1,ARBA
IEA,GO_REF:0000117,GO:1904322,cellular response to forskolin,1,ARBA
IEA,GO_REF:0000117,GO:0060259,regulation of feeding behavior,1,ARBA
IEA,GO_REF:0000117,GO:0000381,"regulation of alternative mRNA splicing, via spliceosome",1,ARBA
IEA,GO_REF:0000117,GO:0003713,transcription coactivator activity,1,ARBA
IEA,GO_REF:0000117,GO:0036064,ciliary basal body,1,ARBA
IEA,GO_REF:0000117,GO:0007163,establishment or maintenance of cell polarity,1,ARBA
IEA,GO_REF:0000117,GO:0004722,protein serine/threonine phosphatase activity,1,ARBA
IEA,GO_REF:0000117,GO:0035295,tube development,1,ARBA
IEA,GO_REF:0000117,GO:0005743,mitochondrial inner membrane,1,ARBA
IEA,GO_REF:0000117,GO:0009052,"pentose-phosphate shunt, non-oxidative branch",1,ARBA
IEA,GO_REF:0000117,GO:0008360,regulation of cell shape,1,ARBA
IEA,GO_REF:0000117,GO:0005923,bicellular tight junction,1,ARBA
IEA,GO_REF:0000117,GO:0015370,solute:sodium symporter activity,1,ARBA
IEA,GO_REF:0000117,GO:0090521,podocyte cell migration,1,ARBA
IEA,GO_REF:0000117,GO:0002003,angiotensin maturation,1,ARBA
IEA,GO_REF:0000117,GO:0007165,signal transduction,1,ARBA
IEA,GO_REF:0000117,GO:0019417,sulfur oxidation,1,ARBA
IEA,GO_REF:0000117,GO:0010629,negative regulation of gene expression,1,ARBA
IEA,GO_REF:0000117,GO:0002062,chondrocyte differentiation,1,ARBA
IEA,GO_REF:0000117,GO:0000380,"alternative mRNA splicing, via spliceosome",1,ARBA
IEA,GO_REF:0000117,GO:0010647,positive regulation of cell communication,1,ARBA
IEA,GO_REF:0000117,GO:0007379,segment specification,1,ARBA
IEA,GO_REF:0000117,GO:0030099,myeloid cell differentiation,1,ARBA
IEA,GO_REF:0000117,GO:0061484,hematopoietic stem cell homeostasis,1,ARBA
IEA,GO_REF:0000117,GO:0015149,hexose transmembrane transporter activity,1,ARBA
IEA,GO_REF:0000117,GO:0015143,urate transmembrane transporter activity,1,ARBA
IEA,GO_REF:0000117,GO:0000794,condensed nuclear chromosome,1,ARBA
IEA,GO_REF:0000117,GO:0030658,transport vesicle membrane,1,ARBA
IEA,GO_REF:0000117,GO:0002188,translation reinitiation,1,ARBA
IEA,GO_REF:0000117,GO:0005856,cytoskeleton,1,ARBA
IEA,GO_REF:0000117,GO:0008017,microtubule binding,1,ARBA
IEA,GO_REF:0000117,GO:0006325,chromatin organization,1,ARBA
IEA,GO_REF:0000117,GO:0007399,nervous system development,1,ARBA
IEA,GO_REF:0000117,GO:0006355,regulation of DNA-templated transcription,1,ARBA
IEA,GO_REF:0000117,GO:0048731,system development,1,ARBA
IEA,GO_REF:0000117,GO:0005643,nuclear pore,1,ARBA
IEA,GO_REF:0000117,GO:0004683,calcium/calmodulin-dependent protein kinase activity,1,ARBA
IEA,GO_REF:0000117,GO:0042359,vitamin D metabolic process,1,ARBA
IEA,GO_REF:0000117,GO:0006897,endocytosis,1,ARBA
IEA,GO_REF:0000117,GO:0030332,cyclin binding,1,ARBA
IEA,GO_REF:0000117,GO:0051649,establishment of localization in cell,1,ARBA
IEA,GO_REF:0000117,GO:0060048,cardiac muscle contraction,1,ARBA
IEA,GO_REF:0000117,GO:0019244,lactate biosynthetic process from pyruvate,1,ARBA
IEA,GO_REF:0000117,GO:0031016,pancreas development,1,ARBA
IEA,GO_REF:0000117,GO:0003007,heart morphogenesis,1,ARBA
IEA,GO_REF:0000117,GO:0001516,prostaglandin biosynthetic process,1,ARBA
IEA,GO_REF:0000117,GO:0046395,carboxylic acid catabolic process,1,ARBA
IEA,GO_REF:0000117,GO:0035631,CD40 receptor complex,1,ARBA
IEA,GO_REF:0000117,GO:0015695,organic cation transport,1,ARBA
IEA,GO_REF:0000117,GO:0005068,transmembrane receptor protein tyrosine kinase adaptor activity,1,ARBA
IEA,GO_REF:0000117,GO:0009913,epidermal cell differentiation,1,ARBA
IEA,GO_REF:0000117,GO:0141038,phosphatidylinositol 3-kinase activator activity,1,ARBA
IEA,GO_REF:0000117,GO:0001533,cornified envelope,1,ARBA
IEA,GO_REF:0000117,GO:0000375,"RNA splicing, via transesterification reactions",1,ARBA
IEA,GO_REF:0000117,GO:0044283,small molecule biosynthetic process,1,ARBA
IEA,GO_REF:0000117,GO:0001514,selenocysteine incorporation,1,ARBA
IEA,GO_REF:0000117,GO:0023024,MHC class I protein complex binding,1,ARBA
IEA,GO_REF:0000117,GO:0032391,photoreceptor connecting cilium,1,ARBA
IEA,GO_REF:0000117,GO:0016363,nuclear matrix,1,ARBA
IEA,GO_REF:0000117,GO:0023056,positive regulation of signaling,1,ARBA
IEA,GO_REF:0000117,GO:0050793,regulation of developmental process,1,ARBA
IEA,GO_REF:0000117,GO:0051960,regulation of nervous system development,1,ARBA
IEA,GO_REF:0000117,GO:0060008,Sertoli cell differentiation,1,ARBA
IEA,GO_REF:0000117,GO:0070365,hepatocyte differentiation,1,ARBA
IEA,GO_REF:0000117,GO:0070663,regulation of leukocyte proliferation,1,ARBA
IEA,GO_REF:0000117,GO:0062014,negative regulation of small molecule metabolic process,1,ARBA
IEA,GO_REF:0000117,GO:0003723,RNA binding,1,ARBA
IEA,GO_REF:0000117,GO:0030054,cell junction,1,ARBA
IEA,GO_REF:0000117,GO:0032426,stereocilium tip,1,ARBA
IEA,GO_REF:0000117,GO:0090257,regulation of muscle system process,1,ARBA
IEA,GO_REF:0000117,GO:0005402,carbohydrate:monoatomic cation symporter activity,1,ARBA
IEA,GO_REF:0000117,GO:0097028,dendritic cell differentiation,1,ARBA
IEA,GO_REF:0000117,GO:1901607,alpha-amino acid biosynthetic process,1,ARBA
IEA,GO_REF:0000117,GO:0016358,dendrite development,1,ARBA
IEA,GO_REF:0000117,GO:0042641,actomyosin,1,ARBA
IEA,GO_REF:0000117,GO:0048565,digestive tract development,1,ARBA
IEA,GO_REF:0000117,GO:0010762,regulation of fibroblast migration,1,ARBA
IEA,GO_REF:0000117,GO:0009968,negative regulation of signal transduction,1,ARBA
IEA,GO_REF:0000117,GO:1903131,mononuclear cell differentiation,1,ARBA
IEA,GO_REF:0000117,GO:0060429,epithelium development,1,ARBA
IEA,GO_REF:0000117,GO:0071333,cellular response to glucose stimulus,1,ARBA
IEA,GO_REF:0000117,GO:0030163,protein catabolic process,1,ARBA
IEA,GO_REF:0000117,GO:0015189,L-lysine transmembrane transporter activity,1,ARBA
IEA,GO_REF:0000117,GO:0031091,platelet alpha granule,1,ARBA
IEA,GO_REF:0000117,GO:0007207,phospholipase C-activating G protein-coupled acetylcholine receptor signaling pathway,1,ARBA
IEA,GO_REF:0000117,GO:0006796,phosphate-containing compound metabolic process,1,ARBA
IEA,GO_REF:0000117,GO:0009159,deoxyribonucleoside monophosphate catabolic process,1,ARBA
IEA,GO_REF:0000117,GO:0046943,carboxylic acid transmembrane transporter activity,1,ARBA
IEA,GO_REF:0000117,GO:0044772,mitotic cell cycle phase transition,1,ARBA
IEA,GO_REF:0000117,GO:0005938,cell cortex,1,ARBA
IEA,GO_REF:0000117,GO:0098978,glutamatergic synapse,1,ARBA
IEA,GO_REF:0000117,GO:0043473,pigmentation,1,ARBA
IEA,GO_REF:0000117,GO:0009898,cytoplasmic side of plasma membrane,1,ARBA
IEA,GO_REF:0000117,GO:0045953,negative regulation of natural killer cell mediated cytotoxicity,1,ARBA
IEA,GO_REF:0000117,GO:0033688,regulation of osteoblast proliferation,1,ARBA
IEA,GO_REF:0000117,GO:0042832,defense response to protozoan,1,ARBA
IEA,GO_REF:0000117,GO:0035329,hippo signaling,1,ARBA
IEA,GO_REF:0000117,GO:0090571,RNA polymerase II transcription repressor complex,1,ARBA
IEA,GO_REF:0000117,GO:0000339,RNA cap binding,1,ARBA
IEA,GO_REF:0000117,GO:0060428,lung epithelium development,1,ARBA
IEA,GO_REF:0000117,GO:0045214,sarcomere organization,1,ARBA
IEA,GO_REF:0000117,GO:0070662,mast cell proliferation,1,ARBA
IEA,GO_REF:0000117,GO:0001764,neuron migration,1,ARBA
IEA,GO_REF:0000117,GO:0010468,regulation of gene expression,1,ARBA
IEA,GO_REF:0000117,GO:0002520,immune system development,1,ARBA
IEA,GO_REF:0000117,GO:0050678,regulation of epithelial cell proliferation,1,ARBA
IEA,GO_REF:0000117,GO:0016403,dimethylargininase activity,1,ARBA
IEA,GO_REF:0000117,GO:0050900,leukocyte migration,1,ARBA
IEA,GO_REF:0000117,GO:0032785,"negative regulation of DNA-templated transcription, elongation",1,ARBA
IEA,GO_REF:0000117,GO:0061459,L-arginine transmembrane transporter activity,1,ARBA
IEA,GO_REF:0000117,GO:0005242,inward rectifier potassium channel activity,1,ARBA
IEA,GO_REF:0000117,GO:0060059,embryonic retina morphogenesis in camera-type eye,1,ARBA
IEA,GO_REF:0000117,GO:0005794,Golgi apparatus,1,ARBA
IEA,GO_REF:0000117,GO:0004301,epoxide hydrolase activity,1,ARBA
IEA,GO_REF:0000117,GO:0030010,establishment of cell polarity,1,ARBA
IEA,GO_REF:0000117,GO:0003729,mRNA binding,1,ARBA
IEA,GO_REF:0000117,GO:0000430,regulation of transcription from RNA polymerase II promoter by glucose,1,ARBA
IEA,GO_REF:0000117,GO:0051965,positive regulation of synapse assembly,1,ARBA
IEA,GO_REF:0000117,GO:1901682,sulfur compound transmembrane transporter activity,1,ARBA
IEA,GO_REF:0000117,GO:0001725,stress fiber,1,ARBA
IEA,GO_REF:0000117,GO:0045177,apical part of cell,1,ARBA
IEA,GO_REF:0000117,GO:0008544,epidermis development,1,ARBA
IEA,GO_REF:0000117,GO:0051055,negative regulation of lipid biosynthetic process,1,ARBA
IEA,GO_REF:0000117,GO:0050877,nervous system process,1,ARBA
IEA,GO_REF:0000117,GO:0014016,neuroblast differentiation,1,ARBA
IEA,GO_REF:0000117,GO:0000398,"mRNA splicing, via spliceosome",1,ARBA
IEA,GO_REF:0000117,GO:0070013,intracellular organelle lumen,1,ARBA
IEA,GO_REF:0000117,GO:0060836,lymphatic endothelial cell differentiation,1,ARBA
IEA,GO_REF:0000117,GO:0035556,intracellular signal transduction,1,ARBA
IEA,GO_REF:0000117,GO:0061614,miRNA transcription,1,ARBA
IEA,GO_REF:0000117,GO:2000647,negative regulation of stem cell proliferation,1,ARBA
IEA,GO_REF:0000117,GO:0098862,cluster of actin-based cell projections,1,ARBA
IEA,GO_REF:0000117,GO:0009062,fatty acid catabolic process,1,ARBA
IEA,GO_REF:0000117,GO:0010837,regulation of keratinocyte proliferation,1,ARBA
IEA,GO_REF:0000117,GO:0071383,cellular response to steroid hormone stimulus,1,ARBA
IEA,GO_REF:0000117,GO:0034243,regulation of transcription elongation by RNA polymerase II,1,ARBA
IEA,GO_REF:0000117,GO:0007186,G protein-coupled receptor signaling pathway,1,ARBA
IEA,GO_REF:0000117,GO:0048667,cell morphogenesis involved in neuron differentiation,1,ARBA
IEA,GO_REF:0000117,GO:0030050,vesicle transport along actin filament,1,ARBA
IEA,GO_REF:0000117,GO:0030098,lymphocyte differentiation,1,ARBA
IEA,GO_REF:0000117,GO:0006417,regulation of translation,1,ARBA
IEA,GO_REF:0000117,GO:0022626,cytosolic ribosome,1,ARBA
IEA,GO_REF:0000117,GO:0005813,centrosome,1,ARBA
IEA,GO_REF:0000117,GO:0061909,autophagosome-lysosome fusion,1,ARBA
IEA,GO_REF:0000117,GO:0001658,branching involved in ureteric bud morphogenesis,1,ARBA
IEA,GO_REF:0000117,GO:0051056,regulation of small GTPase mediated signal transduction,1,ARBA
IEA,GO_REF:0000117,GO:0033085,negative regulation of T cell differentiation in thymus,1,ARBA
IEA,GO_REF:0000117,GO:0016071,mRNA metabolic process,1,ARBA
IEA,GO_REF:0000117,GO:0050708,regulation of protein secretion,1,ARBA
IEA,GO_REF:0000117,GO:0006705,mineralocorticoid biosynthetic process,1,ARBA
IEA,GO_REF:0000117,GO:0030858,positive regulation of epithelial cell differentiation,1,ARBA
IEA,GO_REF:0000117,GO:0005911,cell-cell junction,1,ARBA
IEA,GO_REF:0000117,GO:0006491,N-glycan processing,1,ARBA
IEA,GO_REF:0000117,GO:0002252,immune effector process,1,ARBA
IEA,GO_REF:0000117,GO:0032009,early phagosome,1,ARBA
IEA,GO_REF:0000117,GO:0045954,positive regulation of natural killer cell mediated cytotoxicity,1,ARBA
IEA,GO_REF:0000117,GO:0032394,MHC class Ib receptor activity,1,ARBA
IEA,GO_REF:0000117,GO:0021556,central nervous system formation,1,ARBA
IEA,GO_REF:0000117,GO:0030199,collagen fibril organization,1,ARBA
IEA,GO_REF:0000117,GO:0009303,rRNA transcription,1,ARBA
IEA,GO_REF:0000117,GO:0047184,1-acylglycerophosphocholine O-acyltransferase activity,1,ARBA
IEA,GO_REF:0000117,GO:0051897,positive regulation of phosphatidylinositol 3-kinase/protein kinase B signal transduction,1,ARBA
IEA,GO_REF:0000117,GO:0048593,camera-type eye morphogenesis,1,ARBA
IEA,GO_REF:0000117,GO:0048646,anatomical structure formation involved in morphogenesis,1,ARBA
IEA,GO_REF:0000117,GO:0086100,endothelin receptor signaling pathway,1,ARBA
IEA,GO_REF:0000117,GO:0030426,growth cone,1,ARBA
IEA,GO_REF:0000117,GO:0032794,GTPase activating protein binding,1,ARBA
IEA,GO_REF:0000117,GO:0030552,cAMP binding,1,ARBA
IEA,GO_REF:0000117,GO:0005004,GPI-linked ephrin receptor activity,1,ARBA
IEA,GO_REF:0000117,GO:0032786,"positive regulation of DNA-templated transcription, elongation",1,ARBA
IEA,GO_REF:0000117,GO:0030856,regulation of epithelial cell differentiation,1,ARBA
IEA,GO_REF:0000117,GO:0031267,small GTPase binding,1,ARBA
IEA,GO_REF:0000117,GO:0019899,enzyme binding,1,ARBA
IEA,GO_REF:0000117,GO:0031103,axon regeneration,1,ARBA
IEA,GO_REF:0000117,GO:0048066,developmental pigmentation,1,ARBA
IEA,GO_REF:0000117,GO:0048821,erythrocyte development,1,ARBA
IEA,GO_REF:0000117,GO:0051969,regulation of transmission of nerve impulse,1,ARBA
IEA,GO_REF:0000117,GO:0048675,axon extension,1,ARBA
IEA,GO_REF:0000117,GO:0050916,sensory perception of sweet taste,1,ARBA
IEA,GO_REF:0000117,GO:0017025,TBP-class protein binding,1,ARBA
IEA,GO_REF:0000117,GO:0047150,betaine-homocysteine S-methyltransferase activity,1,ARBA
IEA,GO_REF:0000117,GO:0006805,xenobiotic metabolic process,1,ARBA
IEA,GO_REF:0000117,GO:0031012,extracellular matrix,1,ARBA
IEA,GO_REF:0000117,GO:0050776,regulation of immune response,1,ARBA
IEA,GO_REF:0000117,GO:0016881,acid-amino acid ligase activity,1,ARBA
IEA,GO_REF:0000117,GO:0007159,leukocyte cell-cell adhesion,1,ARBA
IEA,GO_REF:0000117,GO:0005017,platelet-derived growth factor receptor activity,1,ARBA
IEA,GO_REF:0000117,GO:0150034,distal axon,1,ARBA
IEA,GO_REF:0000117,GO:0045165,cell fate commitment,1,ARBA
IEA,GO_REF:0000117,GO:0047496,vesicle transport along microtubule,1,ARBA
IEA,GO_REF:0000117,GO:0009880,embryonic pattern specification,1,ARBA
IEA,GO_REF:0000117,GO:0006271,DNA strand elongation involved in DNA replication,1,ARBA
IEA,GO_REF:0000117,GO:0035023,regulation of Rho protein signal transduction,1,ARBA
IEA,GO_REF:0000117,GO:0008088,axo-dendritic transport,1,ARBA
IEA,GO_REF:0000117,GO:0045616,regulation of keratinocyte differentiation,1,ARBA
IEA,GO_REF:0000117,GO:0005929,cilium,1,ARBA
IEA,GO_REF:0000117,GO:0008217,regulation of blood pressure,1,ARBA
IEA,GO_REF:0000117,GO:0051019,mitogen-activated protein kinase binding,1,ARBA
IEA,GO_REF:0000117,GO:0009966,regulation of signal transduction,1,ARBA
IEA,GO_REF:0000117,GO:0050768,negative regulation of neurogenesis,1,ARBA
IEA,GO_REF:0000117,GO:0002285,lymphocyte activation involved in immune response,1,ARBA
IEA,GO_REF:0000117,GO:0001601,peptide YY receptor activity,1,ARBA
IEA,GO_REF:0000117,GO:0007286,spermatid development,1,ARBA
IEA,GO_REF:0000117,GO:0042803,protein homodimerization activity,1,ARBA
IEA,GO_REF:0000117,GO:0046486,glycerolipid metabolic process,1,ARBA
IEA,GO_REF:0000117,GO:0009653,anatomical structure morphogenesis,1,ARBA
IEA,GO_REF:0000117,GO:0007423,sensory organ development,1,ARBA
IEA,GO_REF:0000117,GO:0045184,establishment of protein localization,1,ARBA
IEA,GO_REF:0000117,GO:0015605,organophosphate ester transmembrane transporter activity,1,ARBA
