evidence_type,supporting_references,go_term,go_term_label,association_count,method_name
IEA,GO_REF:0000002,GO:0005509,calcium ion binding,356,InterPro2GO
IEA,GO_REF:0000002,GO:0046983,protein dimerization activity,118,InterPro2GO
IEA,GO_REF:0000002,GO:0008270,zinc ion binding,113,InterPro2GO
IEA,GO_REF:0000002,GO:0016887,ATP hydrolysis activity,111,InterPro2GO
IEA,GO_REF:0000002,GO:0003676,nucleic acid binding,109,InterPro2GO
IEA,GO_REF:0000002,GO:0007156,homophilic cell adhesion via plasma membrane adhesion molecules,100,InterPro2GO
IEA,GO_REF:0000002,GO:0035556,intracellular signal transduction,97,InterPro2GO
IEA,GO_REF:0000002,GO:0046982,protein heterodimerization activity,96,InterPro2GO
IEA,GO_REF:0000002,GO:0007165,signal transduction,92,InterPro2GO
IEA,GO_REF:0000002,GO:0005506,iron ion binding,91,InterPro2GO
IEA,GO_REF:0000002,GO:0005198,structural molecule activity,81,InterPro2GO
IEA,GO_REF:0000002,GO:0006886,intracellular protein transport,73,InterPro2GO
IEA,GO_REF:0000002,GO:0003677,DNA binding,72,InterPro2GO
IEA,GO_REF:0000002,GO:0005975,carbohydrate metabolic process,59,InterPro2GO
IEA,GO_REF:0000002,GO:0045095,keratin filament,57,InterPro2GO
IEA,GO_REF:0000002,GO:0000287,magnesium ion binding,56,InterPro2GO
IEA,GO_REF:0000002,GO:0051260,protein homooligomerization,51,InterPro2GO
IEA,GO_REF:0000002,GO:0020037,heme binding,45,InterPro2GO
IEA,GO_REF:0000002,GO:0031267,small GTPase binding,44,InterPro2GO
IEA,GO_REF:0000002,GO:0005524,ATP binding,44,InterPro2GO
IEA,GO_REF:0000002,GO:0007166,cell surface receptor signaling pathway,41,InterPro2GO
IEA,GO_REF:0000002,GO:0006355,regulation of DNA-templated transcription,38,InterPro2GO
IEA,GO_REF:0000002,GO:0140662,ATP-dependent protein folding chaperone,37,InterPro2GO
IEA,GO_REF:0000002,GO:0030170,pyridoxal phosphate binding,32,InterPro2GO
IEA,GO_REF:0000002,GO:0016020,membrane,32,InterPro2GO
IEA,GO_REF:0000002,GO:0035091,phosphatidylinositol binding,31,InterPro2GO
IEA,GO_REF:0000002,GO:0003924,GTPase activity,31,InterPro2GO
IEA,GO_REF:0000002,GO:0006334,nucleosome assembly,30,InterPro2GO
IEA,GO_REF:0000002,GO:0007264,small GTPase-mediated signal transduction,29,InterPro2GO
IEA,GO_REF:0000002,GO:0004984,olfactory receptor activity,28,InterPro2GO
IEA,GO_REF:0000002,GO:0003723,RNA binding,26,InterPro2GO
IEA,GO_REF:0000002,GO:0004252,serine-type endopeptidase activity,26,InterPro2GO
IEA,GO_REF:0000002,GO:0050660,flavin adenine dinucleotide binding,25,InterPro2GO
IEA,GO_REF:0000002,GO:0043066,negative regulation of apoptotic process,24,InterPro2GO
IEA,GO_REF:0000002,GO:0045892,negative regulation of DNA-templated transcription,24,InterPro2GO
IEA,GO_REF:0000002,GO:0008284,positive regulation of cell population proliferation,23,InterPro2GO
IEA,GO_REF:0000002,GO:0022857,transmembrane transporter activity,23,InterPro2GO
IEA,GO_REF:0000002,GO:0045596,negative regulation of cell differentiation,23,InterPro2GO
IEA,GO_REF:0000002,GO:0006955,immune response,23,InterPro2GO
IEA,GO_REF:0000002,GO:0055085,transmembrane transport,22,InterPro2GO
IEA,GO_REF:0000002,GO:0042981,regulation of apoptotic process,21,InterPro2GO
IEA,GO_REF:0000002,GO:0006351,DNA-templated transcription,21,InterPro2GO
IEA,GO_REF:0000002,GO:0051287,NAD binding,19,InterPro2GO
IEA,GO_REF:0000002,GO:0140664,ATP-dependent DNA damage sensor activity,19,InterPro2GO
IEA,GO_REF:0000002,GO:0006508,proteolysis,18,InterPro2GO
IEA,GO_REF:0000002,GO:0005164,tumor necrosis factor receptor binding,17,InterPro2GO
IEA,GO_REF:0000002,GO:0046914,transition metal ion binding,17,InterPro2GO
IEA,GO_REF:0000002,GO:0016192,vesicle-mediated transport,17,InterPro2GO
IEA,GO_REF:0000002,GO:0030246,carbohydrate binding,17,InterPro2GO
IEA,GO_REF:0000002,GO:0008017,microtubule binding,16,InterPro2GO
IEA,GO_REF:0000002,GO:0140359,ABC-type transporter activity,16,InterPro2GO
IEA,GO_REF:0000002,GO:0032012,regulation of ARF protein signal transduction,15,InterPro2GO
IEA,GO_REF:0000002,GO:0008289,lipid binding,15,InterPro2GO
IEA,GO_REF:0000002,GO:0000166,nucleotide binding,15,InterPro2GO
IEA,GO_REF:0000002,GO:0045087,innate immune response,14,InterPro2GO
IEA,GO_REF:0000002,GO:0004672,protein kinase activity,14,InterPro2GO
IEA,GO_REF:0000002,GO:0043130,ubiquitin binding,14,InterPro2GO
IEA,GO_REF:0000002,GO:0005543,phospholipid binding,13,InterPro2GO
IEA,GO_REF:0000002,GO:0046872,metal ion binding,13,InterPro2GO
IEA,GO_REF:0000002,GO:0050661,NADP binding,13,InterPro2GO
IEA,GO_REF:0000002,GO:0032482,Rab protein signal transduction,13,InterPro2GO
IEA,GO_REF:0000002,GO:0031012,extracellular matrix,13,InterPro2GO
IEA,GO_REF:0000002,GO:0000786,nucleosome,13,InterPro2GO
IEA,GO_REF:0000002,GO:0005249,voltage-gated potassium channel activity,13,InterPro2GO
IEA,GO_REF:0000002,GO:0050482,arachidonate secretion,12,InterPro2GO
IEA,GO_REF:0000002,GO:0003735,structural constituent of ribosome,12,InterPro2GO
IEA,GO_REF:0000002,GO:0003779,actin binding,12,InterPro2GO
IEA,GO_REF:0000002,GO:0042157,lipoprotein metabolic process,11,InterPro2GO
IEA,GO_REF:0000002,GO:0030145,manganese ion binding,11,InterPro2GO
IEA,GO_REF:0000002,GO:0071949,FAD binding,11,InterPro2GO
IEA,GO_REF:0000002,GO:0016579,protein deubiquitination,11,InterPro2GO
IEA,GO_REF:0000002,GO:0008092,cytoskeletal protein binding,11,InterPro2GO
IEA,GO_REF:0000002,GO:0007155,cell adhesion,11,InterPro2GO
IEA,GO_REF:0000002,GO:0051056,regulation of small GTPase mediated signal transduction,11,InterPro2GO
IEA,GO_REF:0000002,GO:0043565,sequence-specific DNA binding,11,InterPro2GO
IEA,GO_REF:0000002,GO:0036094,small molecule binding,11,InterPro2GO
IEA,GO_REF:0000002,GO:0006457,protein folding,11,InterPro2GO
IEA,GO_REF:0000002,GO:0005801,cis-Golgi network,11,InterPro2GO
IEA,GO_REF:0000002,GO:0005507,copper ion binding,11,InterPro2GO
IEA,GO_REF:0000002,GO:0019825,oxygen binding,10,InterPro2GO
IEA,GO_REF:0000002,GO:0007596,blood coagulation,10,InterPro2GO
IEA,GO_REF:0000002,GO:0006979,response to oxidative stress,10,InterPro2GO
IEA,GO_REF:0000002,GO:0005737,cytoplasm,10,InterPro2GO
IEA,GO_REF:0000002,GO:0009966,regulation of signal transduction,10,InterPro2GO
IEA,GO_REF:0000002,GO:0005794,Golgi apparatus,10,InterPro2GO
IEA,GO_REF:0000002,GO:0005886,plasma membrane,9,InterPro2GO
IEA,GO_REF:0000002,GO:0006228,UTP biosynthetic process,9,InterPro2GO
IEA,GO_REF:0000002,GO:0005615,extracellular space,9,InterPro2GO
IEA,GO_REF:0000002,GO:0005576,extracellular region,9,InterPro2GO
IEA,GO_REF:0000002,GO:0007200,phospholipase C-activating G protein-coupled receptor signaling pathway,9,InterPro2GO
IEA,GO_REF:0000002,GO:0045893,positive regulation of DNA-templated transcription,9,InterPro2GO
IEA,GO_REF:0000002,GO:0003684,damaged DNA binding,9,InterPro2GO
IEA,GO_REF:0000002,GO:0007015,actin filament organization,9,InterPro2GO
IEA,GO_REF:0000002,GO:0006241,CTP biosynthetic process,9,InterPro2GO
IEA,GO_REF:0000002,GO:0016042,lipid catabolic process,8,InterPro2GO
IEA,GO_REF:0000002,GO:0003682,chromatin binding,8,InterPro2GO
IEA,GO_REF:0000002,GO:0004888,transmembrane signaling receptor activity,8,InterPro2GO
IEA,GO_REF:0000002,GO:0016705,"oxidoreductase activity, acting on paired donors, with incorporation or reduction of molecular oxygen",8,InterPro2GO
IEA,GO_REF:0000002,GO:0006183,GTP biosynthetic process,8,InterPro2GO
IEA,GO_REF:0000002,GO:0019904,protein domain specific binding,8,InterPro2GO
IEA,GO_REF:0000002,GO:0016051,carbohydrate biosynthetic process,8,InterPro2GO
IEA,GO_REF:0000002,GO:0051082,unfolded protein binding,8,InterPro2GO
IEA,GO_REF:0000002,GO:0051694,pointed-end actin filament capping,7,InterPro2GO
IEA,GO_REF:0000002,GO:0005525,GTP binding,7,InterPro2GO
IEA,GO_REF:0000002,GO:0006357,regulation of transcription by RNA polymerase II,7,InterPro2GO
IEA,GO_REF:0000002,GO:0004222,metalloendopeptidase activity,7,InterPro2GO
IEA,GO_REF:0000002,GO:0005096,GTPase activator activity,7,InterPro2GO
IEA,GO_REF:0000002,GO:0005102,signaling receptor binding,7,InterPro2GO
IEA,GO_REF:0000002,GO:0006364,rRNA processing,7,InterPro2GO
IEA,GO_REF:0000002,GO:0043022,ribosome binding,7,InterPro2GO
IEA,GO_REF:0000002,GO:0051262,protein tetramerization,7,InterPro2GO
IEA,GO_REF:0000002,GO:0006412,translation,7,InterPro2GO
IEA,GO_REF:0000002,GO:0019229,regulation of vasoconstriction,7,InterPro2GO
IEA,GO_REF:0000002,GO:0005044,scavenger receptor activity,7,InterPro2GO
IEA,GO_REF:0000002,GO:0003712,transcription coregulator activity,7,InterPro2GO
IEA,GO_REF:0000002,GO:0003707,nuclear steroid receptor activity,7,InterPro2GO
IEA,GO_REF:0000002,GO:0006396,RNA processing,7,InterPro2GO
IEA,GO_REF:0000002,GO:0019901,protein kinase binding,7,InterPro2GO
IEA,GO_REF:0000002,GO:0008047,enzyme activator activity,6,InterPro2GO
IEA,GO_REF:0000002,GO:0017017,MAP kinase tyrosine/serine/threonine phosphatase activity,6,InterPro2GO
IEA,GO_REF:0000002,GO:0006511,ubiquitin-dependent protein catabolic process,6,InterPro2GO
IEA,GO_REF:0000002,GO:0007018,microtubule-based movement,6,InterPro2GO
IEA,GO_REF:0000002,GO:0030833,regulation of actin filament polymerization,6,InterPro2GO
IEA,GO_REF:0000002,GO:0038023,signaling receptor activity,6,InterPro2GO
IEA,GO_REF:0000002,GO:0030544,Hsp70 protein binding,6,InterPro2GO
IEA,GO_REF:0000002,GO:0045292,"mRNA cis splicing, via spliceosome",6,InterPro2GO
IEA,GO_REF:0000002,GO:0006397,mRNA processing,6,InterPro2GO
IEA,GO_REF:0000002,GO:0019905,syntaxin binding,6,InterPro2GO
IEA,GO_REF:0000002,GO:0009253,peptidoglycan catabolic process,6,InterPro2GO
IEA,GO_REF:0000002,GO:0045211,postsynaptic membrane,6,InterPro2GO
IEA,GO_REF:0000002,GO:0007268,chemical synaptic transmission,6,InterPro2GO
IEA,GO_REF:0000002,GO:0006298,mismatch repair,6,InterPro2GO
IEA,GO_REF:0000002,GO:0016503,pheromone receptor activity,6,InterPro2GO
IEA,GO_REF:0000002,GO:0000049,tRNA binding,6,InterPro2GO
IEA,GO_REF:0000002,GO:0007154,cell communication,6,InterPro2GO
IEA,GO_REF:0000002,GO:0016491,oxidoreductase activity,6,InterPro2GO
IEA,GO_REF:0000002,GO:0046854,phosphatidylinositol phosphate biosynthetic process,6,InterPro2GO
IEA,GO_REF:0000002,GO:0030212,hyaluronan metabolic process,6,InterPro2GO
IEA,GO_REF:0000002,GO:0002161,aminoacyl-tRNA deacylase activity,6,InterPro2GO
IEA,GO_REF:0000002,GO:0051289,protein homotetramerization,5,InterPro2GO
IEA,GO_REF:0000002,GO:0008271,secondary active sulfate transmembrane transporter activity,5,InterPro2GO
IEA,GO_REF:0000002,GO:0042803,protein homodimerization activity,5,InterPro2GO
IEA,GO_REF:0000002,GO:0004866,endopeptidase inhibitor activity,5,InterPro2GO
IEA,GO_REF:0000002,GO:0006366,transcription by RNA polymerase II,5,InterPro2GO
IEA,GO_REF:0000002,GO:0015095,magnesium ion transmembrane transporter activity,5,InterPro2GO
IEA,GO_REF:0000002,GO:0019752,carboxylic acid metabolic process,5,InterPro2GO
IEA,GO_REF:0000002,GO:0046856,phosphatidylinositol dephosphorylation,5,InterPro2GO
IEA,GO_REF:0000002,GO:0030247,polysaccharide binding,5,InterPro2GO
IEA,GO_REF:0000002,GO:0051726,regulation of cell cycle,5,InterPro2GO
IEA,GO_REF:0000002,GO:0031492,nucleosomal DNA binding,5,InterPro2GO
IEA,GO_REF:0000002,GO:0070403,NAD+ binding,5,InterPro2GO
IEA,GO_REF:0000002,GO:0031625,ubiquitin protein ligase binding,5,InterPro2GO
IEA,GO_REF:0000002,GO:0006281,DNA repair,5,InterPro2GO
IEA,GO_REF:0000002,GO:0050776,regulation of immune response,5,InterPro2GO
IEA,GO_REF:0000002,GO:0046580,negative regulation of Ras protein signal transduction,5,InterPro2GO
IEA,GO_REF:0000002,GO:0070006,metalloaminopeptidase activity,5,InterPro2GO
IEA,GO_REF:0000002,GO:0052689,carboxylic ester hydrolase activity,5,InterPro2GO
IEA,GO_REF:0000002,GO:0015074,DNA integration,5,InterPro2GO
IEA,GO_REF:0000002,GO:0015031,protein transport,5,InterPro2GO
IEA,GO_REF:0000002,GO:0004983,neuropeptide Y receptor activity,5,InterPro2GO
IEA,GO_REF:0000002,GO:0007009,plasma membrane organization,5,InterPro2GO
IEA,GO_REF:0000002,GO:0006123,"mitochondrial electron transport, cytochrome c to oxygen",5,InterPro2GO
IEA,GO_REF:0000002,GO:0015075,monoatomic ion transmembrane transporter activity,5,InterPro2GO
IEA,GO_REF:0000002,GO:0005200,structural constituent of cytoskeleton,5,InterPro2GO
IEA,GO_REF:0000002,GO:0003824,catalytic activity,5,InterPro2GO
IEA,GO_REF:0000002,GO:0051087,protein-folding chaperone binding,5,InterPro2GO
IEA,GO_REF:0000002,GO:0008236,serine-type peptidase activity,5,InterPro2GO
IEA,GO_REF:0000002,GO:0006954,inflammatory response,5,InterPro2GO
IEA,GO_REF:0000002,GO:0003697,single-stranded DNA binding,5,InterPro2GO
IEA,GO_REF:0000002,GO:0004553,"hydrolase activity, hydrolyzing O-glycosyl compounds",5,InterPro2GO
IEA,GO_REF:0000002,GO:0051015,actin filament binding,5,InterPro2GO
IEA,GO_REF:0000002,GO:0008277,regulation of G protein-coupled receptor signaling pathway,5,InterPro2GO
IEA,GO_REF:0000002,GO:0007276,gamete generation,5,InterPro2GO
IEA,GO_REF:0000002,GO:0006623,protein targeting to vacuole,4,InterPro2GO
IEA,GO_REF:0000002,GO:0006629,lipid metabolic process,4,InterPro2GO
IEA,GO_REF:0000002,GO:0016459,myosin complex,4,InterPro2GO
IEA,GO_REF:0000002,GO:0005634,nucleus,4,InterPro2GO
IEA,GO_REF:0000002,GO:0031032,actomyosin structure organization,4,InterPro2GO
IEA,GO_REF:0000002,GO:0030334,regulation of cell migration,4,InterPro2GO
IEA,GO_REF:0000002,GO:0005739,mitochondrion,4,InterPro2GO
IEA,GO_REF:0000002,GO:0032300,mismatch repair complex,4,InterPro2GO
IEA,GO_REF:0000002,GO:0048038,quinone binding,4,InterPro2GO
IEA,GO_REF:0000002,GO:0007186,G protein-coupled receptor signaling pathway,4,InterPro2GO
IEA,GO_REF:0000002,GO:0035023,regulation of Rho protein signal transduction,4,InterPro2GO
IEA,GO_REF:0000002,GO:0030130,clathrin coat of trans-Golgi network vesicle,4,InterPro2GO
IEA,GO_REF:0000002,GO:0051276,chromosome organization,4,InterPro2GO
IEA,GO_REF:0000002,GO:0004197,cysteine-type endopeptidase activity,4,InterPro2GO
IEA,GO_REF:0000002,GO:0019843,rRNA binding,4,InterPro2GO
IEA,GO_REF:0000002,GO:0030168,platelet activation,4,InterPro2GO
IEA,GO_REF:0000002,GO:0007160,cell-matrix adhesion,4,InterPro2GO
IEA,GO_REF:0000002,GO:0016846,carbon-sulfur lyase activity,4,InterPro2GO
IEA,GO_REF:0000002,GO:0005149,interleukin-1 receptor binding,4,InterPro2GO
IEA,GO_REF:0000002,GO:0006826,iron ion transport,4,InterPro2GO
IEA,GO_REF:0000002,GO:0030234,enzyme regulator activity,4,InterPro2GO
IEA,GO_REF:0000002,GO:0000922,spindle pole,4,InterPro2GO
IEA,GO_REF:0000002,GO:0005452,solute:inorganic anion antiporter activity,4,InterPro2GO
IEA,GO_REF:0000002,GO:0042310,vasoconstriction,4,InterPro2GO
IEA,GO_REF:0000002,GO:1990904,ribonucleoprotein complex,4,InterPro2GO
IEA,GO_REF:0000002,GO:0042393,histone binding,4,InterPro2GO
IEA,GO_REF:0000002,GO:0097746,blood vessel diameter maintenance,4,InterPro2GO
IEA,GO_REF:0000002,GO:0030971,receptor tyrosine kinase binding,4,InterPro2GO
IEA,GO_REF:0000002,GO:0006139,nucleobase-containing compound metabolic process,4,InterPro2GO
IEA,GO_REF:0000002,GO:0007586,digestion,4,InterPro2GO
IEA,GO_REF:0000002,GO:0007259,cell surface receptor signaling pathway via JAK-STAT,4,InterPro2GO
IEA,GO_REF:0000002,GO:0045995,regulation of embryonic development,4,InterPro2GO
IEA,GO_REF:0000002,GO:0000785,chromatin,4,InterPro2GO
IEA,GO_REF:0000002,GO:0030527,structural constituent of chromatin,4,InterPro2GO
IEA,GO_REF:0000002,GO:0015662,P-type ion transporter activity,4,InterPro2GO
IEA,GO_REF:0000002,GO:0030866,cortical actin cytoskeleton organization,4,InterPro2GO
IEA,GO_REF:0000002,GO:0070974,POU domain binding,4,InterPro2GO
IEA,GO_REF:0000002,GO:0007010,cytoskeleton organization,4,InterPro2GO
IEA,GO_REF:0000002,GO:0030198,extracellular matrix organization,4,InterPro2GO
IEA,GO_REF:0000002,GO:0030983,mismatched DNA binding,4,InterPro2GO
IEA,GO_REF:0000002,GO:0030116,glial cell-derived neurotrophic factor receptor binding,4,InterPro2GO
IEA,GO_REF:0000002,GO:0010181,FMN binding,4,InterPro2GO
IEA,GO_REF:0000002,GO:0005854,nascent polypeptide-associated complex,4,InterPro2GO
IEA,GO_REF:0000002,GO:0034453,microtubule anchoring,4,InterPro2GO
IEA,GO_REF:0000002,GO:0001784,phosphotyrosine residue binding,4,InterPro2GO
IEA,GO_REF:0000002,GO:0016805,dipeptidase activity,3,InterPro2GO
IEA,GO_REF:0000002,GO:0033209,tumor necrosis factor-mediated signaling pathway,3,InterPro2GO
IEA,GO_REF:0000002,GO:0005085,guanyl-nucleotide exchange factor activity,3,InterPro2GO
IEA,GO_REF:0000002,GO:0005216,monoatomic ion channel activity,3,InterPro2GO
IEA,GO_REF:0000002,GO:0045010,actin nucleation,3,InterPro2GO
IEA,GO_REF:0000002,GO:0045028,G protein-coupled purinergic nucleotide receptor activity,3,InterPro2GO
IEA,GO_REF:0000002,GO:0031072,heat shock protein binding,3,InterPro2GO
IEA,GO_REF:0000002,GO:0009755,hormone-mediated signaling pathway,3,InterPro2GO
IEA,GO_REF:0000002,GO:0043014,alpha-tubulin binding,3,InterPro2GO
IEA,GO_REF:0000002,GO:0099122,RNA polymerase II C-terminal domain binding,3,InterPro2GO
IEA,GO_REF:0000002,GO:0008083,growth factor activity,3,InterPro2GO
IEA,GO_REF:0000002,GO:0061817,endoplasmic reticulum-plasma membrane tethering,3,InterPro2GO
IEA,GO_REF:0000002,GO:0019900,kinase binding,3,InterPro2GO
IEA,GO_REF:0000002,GO:0140663,ATP-dependent FeS chaperone activity,3,InterPro2GO
IEA,GO_REF:0000002,GO:0033038,bitter taste receptor activity,3,InterPro2GO
IEA,GO_REF:0000002,GO:0030354,melanin-concentrating hormone activity,3,InterPro2GO
IEA,GO_REF:0000002,GO:0006751,glutathione catabolic process,3,InterPro2GO
IEA,GO_REF:0000002,GO:0032549,ribonucleoside binding,3,InterPro2GO
IEA,GO_REF:0000002,GO:0030674,protein-macromolecule adaptor activity,3,InterPro2GO
IEA,GO_REF:0000002,GO:0035615,clathrin adaptor activity,3,InterPro2GO
IEA,GO_REF:0000002,GO:0097367,carbohydrate derivative binding,3,InterPro2GO
IEA,GO_REF:0000002,GO:0006888,endoplasmic reticulum to Golgi vesicle-mediated transport,3,InterPro2GO
IEA,GO_REF:0000002,GO:0046961,"proton-transporting ATPase activity, rotational mechanism",3,InterPro2GO
IEA,GO_REF:0000002,GO:0070573,metallodipeptidase activity,3,InterPro2GO
IEA,GO_REF:0000002,GO:0004869,cysteine-type endopeptidase inhibitor activity,3,InterPro2GO
IEA,GO_REF:0000002,GO:0008643,carbohydrate transport,3,InterPro2GO
IEA,GO_REF:0000002,GO:0006000,fructose metabolic process,3,InterPro2GO
IEA,GO_REF:0000002,GO:0140358,P-type transmembrane transporter activity,3,InterPro2GO
IEA,GO_REF:0000002,GO:0004497,monooxygenase activity,3,InterPro2GO
IEA,GO_REF:0000002,GO:0070008,serine-type exopeptidase activity,3,InterPro2GO
IEA,GO_REF:0000002,GO:0005540,hyaluronic acid binding,3,InterPro2GO
IEA,GO_REF:0000002,GO:0050795,regulation of behavior,3,InterPro2GO
IEA,GO_REF:0000002,GO:1901031,regulation of response to reactive oxygen species,3,InterPro2GO
IEA,GO_REF:0000002,GO:0005856,cytoskeleton,3,InterPro2GO
IEA,GO_REF:0000002,GO:0008757,S-adenosylmethionine-dependent methyltransferase activity,3,InterPro2GO
IEA,GO_REF:0000002,GO:0070004,cysteine-type exopeptidase activity,3,InterPro2GO
IEA,GO_REF:0000002,GO:0008592,regulation of Toll signaling pathway,3,InterPro2GO
IEA,GO_REF:0000002,GO:0033179,"proton-transporting V-type ATPase, V0 domain",3,InterPro2GO
IEA,GO_REF:0000002,GO:0007052,mitotic spindle organization,3,InterPro2GO
IEA,GO_REF:0000002,GO:0071897,DNA biosynthetic process,3,InterPro2GO
IEA,GO_REF:0000002,GO:0060294,cilium movement involved in cell motility,3,InterPro2GO
IEA,GO_REF:0000002,GO:0005536,D-glucose binding,3,InterPro2GO
IEA,GO_REF:0000002,GO:0003755,peptidyl-prolyl cis-trans isomerase activity,3,InterPro2GO
IEA,GO_REF:0000002,GO:0005227,calcium-activated cation channel activity,3,InterPro2GO
IEA,GO_REF:0000002,GO:0031424,keratinization,3,InterPro2GO
IEA,GO_REF:0000002,GO:0009247,glycolipid biosynthetic process,3,InterPro2GO
IEA,GO_REF:0000002,GO:0034080,CENP-A containing chromatin assembly,3,InterPro2GO
IEA,GO_REF:0000002,GO:0006013,mannose metabolic process,3,InterPro2GO
IEA,GO_REF:0000002,GO:0007267,cell-cell signaling,3,InterPro2GO
IEA,GO_REF:0000002,GO:0010506,regulation of autophagy,3,InterPro2GO
IEA,GO_REF:0000002,GO:0016788,"hydrolase activity, acting on ester bonds",3,InterPro2GO
IEA,GO_REF:0000002,GO:0016758,hexosyltransferase activity,3,InterPro2GO
IEA,GO_REF:0000002,GO:0010387,COP9 signalosome assembly,3,InterPro2GO
IEA,GO_REF:0000002,GO:0005520,insulin-like growth factor binding,3,InterPro2GO
IEA,GO_REF:0000002,GO:0050778,positive regulation of immune response,3,InterPro2GO
IEA,GO_REF:0000002,GO:0051382,kinetochore assembly,3,InterPro2GO
IEA,GO_REF:0000002,GO:0030155,regulation of cell adhesion,3,InterPro2GO
IEA,GO_REF:0000002,GO:0019903,protein phosphatase binding,3,InterPro2GO
IEA,GO_REF:0000002,GO:0008360,regulation of cell shape,3,InterPro2GO
IEA,GO_REF:0000002,GO:0008537,proteasome activator complex,3,InterPro2GO
IEA,GO_REF:0000002,GO:0031179,peptide modification,3,InterPro2GO
IEA,GO_REF:0000002,GO:0038036,sphingosine-1-phosphate receptor activity,3,InterPro2GO
IEA,GO_REF:0000002,GO:0008061,chitin binding,3,InterPro2GO
IEA,GO_REF:0000002,GO:0006616,"SRP-dependent cotranslational protein targeting to membrane, translocation",3,InterPro2GO
IEA,GO_REF:0000002,GO:0006644,phospholipid metabolic process,3,InterPro2GO
IEA,GO_REF:0000002,GO:0045905,positive regulation of translational termination,3,InterPro2GO
IEA,GO_REF:0000002,GO:0045666,positive regulation of neuron differentiation,3,InterPro2GO
IEA,GO_REF:0000002,GO:0016500,protein-hormone receptor activity,3,InterPro2GO
IEA,GO_REF:0000002,GO:0003774,cytoskeletal motor activity,3,InterPro2GO
IEA,GO_REF:0000002,GO:0043015,gamma-tubulin binding,3,InterPro2GO
IEA,GO_REF:0000002,GO:0001558,regulation of cell growth,3,InterPro2GO
IEA,GO_REF:0000002,GO:0036374,glutathione hydrolase activity,3,InterPro2GO
IEA,GO_REF:0000002,GO:0071108,protein K48-linked deubiquitination,3,InterPro2GO
IEA,GO_REF:0000002,GO:0030976,thiamine pyrophosphate binding,3,InterPro2GO
IEA,GO_REF:0000002,GO:0008509,monoatomic anion transmembrane transporter activity,3,InterPro2GO
IEA,GO_REF:0000002,GO:0030955,potassium ion binding,3,InterPro2GO
IEA,GO_REF:0000002,GO:0005496,steroid binding,3,InterPro2GO
IEA,GO_REF:0000002,GO:0030688,"preribosome, small subunit precursor",3,InterPro2GO
IEA,GO_REF:0000002,GO:0016818,"hydrolase activity, acting on acid anhydrides, in phosphorus-containing anhydrides",3,InterPro2GO
IEA,GO_REF:0000002,GO:1901981,phosphatidylinositol phosphate binding,3,InterPro2GO
IEA,GO_REF:0000002,GO:0019902,phosphatase binding,3,InterPro2GO
IEA,GO_REF:0000002,GO:0030132,clathrin coat of coated pit,3,InterPro2GO
IEA,GO_REF:0000002,GO:0001733,galactosylceramide sulfotransferase activity,3,InterPro2GO
IEA,GO_REF:0000002,GO:0046034,ATP metabolic process,3,InterPro2GO
IEA,GO_REF:0000002,GO:0006207,'de novo' pyrimidine nucleobase biosynthetic process,3,InterPro2GO
IEA,GO_REF:0000002,GO:0000209,protein polyubiquitination,3,InterPro2GO
IEA,GO_REF:0000002,GO:0045277,respiratory chain complex IV,3,InterPro2GO
IEA,GO_REF:0000002,GO:0009156,ribonucleoside monophosphate biosynthetic process,3,InterPro2GO
IEA,GO_REF:0000002,GO:0016032,viral process,3,InterPro2GO
IEA,GO_REF:0000002,GO:0033177,"proton-transporting two-sector ATPase complex, proton-transporting domain",3,InterPro2GO
IEA,GO_REF:0000002,GO:0016540,protein autoprocessing,3,InterPro2GO
IEA,GO_REF:0000002,GO:0023052,signaling,3,InterPro2GO
IEA,GO_REF:0000002,GO:0008013,beta-catenin binding,3,InterPro2GO
IEA,GO_REF:0000002,GO:0000220,"vacuolar proton-transporting V-type ATPase, V0 domain",3,InterPro2GO
IEA,GO_REF:0000002,GO:0000281,mitotic cytokinesis,2,InterPro2GO
IEA,GO_REF:0000002,GO:0006450,regulation of translational fidelity,2,InterPro2GO
IEA,GO_REF:0000002,GO:0016567,protein ubiquitination,2,InterPro2GO
IEA,GO_REF:0000002,GO:0001671,ATPase activator activity,2,InterPro2GO
IEA,GO_REF:0000002,GO:0031124,mRNA 3'-end processing,2,InterPro2GO
IEA,GO_REF:0000002,GO:0005092,GDP-dissociation inhibitor activity,2,InterPro2GO
IEA,GO_REF:0000002,GO:0032732,positive regulation of interleukin-1 production,2,InterPro2GO
IEA,GO_REF:0000002,GO:0004910,"interleukin-1, type II, blocking receptor activity",2,InterPro2GO
IEA,GO_REF:0000002,GO:0048188,Set1C/COMPASS complex,2,InterPro2GO
IEA,GO_REF:0000002,GO:0060090,molecular adaptor activity,2,InterPro2GO
IEA,GO_REF:0000002,GO:0046556,alpha-L-arabinofuranosidase activity,2,InterPro2GO
IEA,GO_REF:0000002,GO:0042134,rRNA primary transcript binding,2,InterPro2GO
IEA,GO_REF:0000002,GO:0090482,vitamin transmembrane transporter activity,2,InterPro2GO
IEA,GO_REF:0000002,GO:0061608,nuclear import signal receptor activity,2,InterPro2GO
IEA,GO_REF:0000002,GO:0004181,metallocarboxypeptidase activity,2,InterPro2GO
IEA,GO_REF:0000002,GO:0006120,"mitochondrial electron transport, NADH to ubiquinone",2,InterPro2GO
IEA,GO_REF:0000002,GO:0008483,transaminase activity,2,InterPro2GO
IEA,GO_REF:0000002,GO:0016531,copper chaperone activity,2,InterPro2GO
IEA,GO_REF:0000002,GO:0017025,TBP-class protein binding,2,InterPro2GO
IEA,GO_REF:0000002,GO:1902600,proton transmembrane transport,2,InterPro2GO
IEA,GO_REF:0000002,GO:0007281,germ cell development,2,InterPro2GO
IEA,GO_REF:0000002,GO:0006606,protein import into nucleus,2,InterPro2GO
IEA,GO_REF:0000002,GO:0019236,response to pheromone,2,InterPro2GO
IEA,GO_REF:0000002,GO:0006414,translational elongation,2,InterPro2GO
IEA,GO_REF:0000002,GO:0007172,signal complex assembly,2,InterPro2GO
IEA,GO_REF:0000002,GO:0003785,actin monomer binding,2,InterPro2GO
IEA,GO_REF:0000002,GO:0003700,DNA-binding transcription factor activity,2,InterPro2GO
IEA,GO_REF:0000002,GO:0030500,regulation of bone mineralization,2,InterPro2GO
IEA,GO_REF:0000002,GO:0016494,C-X-C chemokine receptor activity,2,InterPro2GO
IEA,GO_REF:0000002,GO:0032783,super elongation complex,2,InterPro2GO
IEA,GO_REF:0000002,GO:0000062,fatty-acyl-CoA binding,2,InterPro2GO
IEA,GO_REF:0000002,GO:0001696,gastric acid secretion,2,InterPro2GO
IEA,GO_REF:0000002,GO:0043408,regulation of MAPK cascade,2,InterPro2GO
IEA,GO_REF:0000002,GO:0042246,tissue regeneration,2,InterPro2GO
IEA,GO_REF:0000002,GO:0140625,opioid growth factor receptor activity,2,InterPro2GO
IEA,GO_REF:0000002,GO:0070536,protein K63-linked deubiquitination,2,InterPro2GO
IEA,GO_REF:0000002,GO:0140492,metal-dependent deubiquitinase activity,2,InterPro2GO
IEA,GO_REF:0000002,GO:0006631,fatty acid metabolic process,2,InterPro2GO
IEA,GO_REF:0000002,GO:0045907,positive regulation of vasoconstriction,2,InterPro2GO
IEA,GO_REF:0000002,GO:0016525,negative regulation of angiogenesis,2,InterPro2GO
IEA,GO_REF:0000002,GO:0009072,aromatic amino acid metabolic process,2,InterPro2GO
IEA,GO_REF:0000002,GO:0046695,SLIK (SAGA-like) complex,2,InterPro2GO
IEA,GO_REF:0000002,GO:0008235,metalloexopeptidase activity,2,InterPro2GO
IEA,GO_REF:0000002,GO:0022008,neurogenesis,2,InterPro2GO
IEA,GO_REF:0000002,GO:0006352,DNA-templated transcription initiation,2,InterPro2GO
IEA,GO_REF:0000002,GO:0005160,transforming growth factor beta receptor binding,2,InterPro2GO
IEA,GO_REF:0000002,GO:0051431,corticotropin-releasing hormone receptor 2 binding,2,InterPro2GO
IEA,GO_REF:0000002,GO:0004523,RNA-DNA hybrid ribonuclease activity,2,InterPro2GO
IEA,GO_REF:0000002,GO:0016616,"oxidoreductase activity, acting on the CH-OH group of donors, NAD or NADP as acceptor",2,InterPro2GO
IEA,GO_REF:0000002,GO:0016787,hydrolase activity,2,InterPro2GO
IEA,GO_REF:0000002,GO:0050906,detection of stimulus involved in sensory perception,2,InterPro2GO
IEA,GO_REF:0000002,GO:0030942,endoplasmic reticulum signal peptide binding,2,InterPro2GO
IEA,GO_REF:0000002,GO:0008171,O-methyltransferase activity,2,InterPro2GO
IEA,GO_REF:0000002,GO:0007601,visual perception,2,InterPro2GO
IEA,GO_REF:0000002,GO:0006869,lipid transport,2,InterPro2GO
IEA,GO_REF:0000002,GO:0001510,RNA methylation,2,InterPro2GO
IEA,GO_REF:0000002,GO:0032968,positive regulation of transcription elongation by RNA polymerase II,2,InterPro2GO
IEA,GO_REF:0000002,GO:0030036,actin cytoskeleton organization,2,InterPro2GO
IEA,GO_REF:0000002,GO:0030131,clathrin adaptor complex,2,InterPro2GO
IEA,GO_REF:0000002,GO:0140021,mitochondrial ADP transmembrane transport,2,InterPro2GO
IEA,GO_REF:0000002,GO:0009897,external side of plasma membrane,2,InterPro2GO
IEA,GO_REF:0000002,GO:0006520,amino acid metabolic process,2,InterPro2GO
IEA,GO_REF:0000002,GO:0070915,lysophosphatidic acid receptor activity,2,InterPro2GO
IEA,GO_REF:0000002,GO:0006302,double-strand break repair,2,InterPro2GO
IEA,GO_REF:0000002,GO:0005764,lysosome,2,InterPro2GO
IEA,GO_REF:0000002,GO:0030968,endoplasmic reticulum unfolded protein response,2,InterPro2GO
IEA,GO_REF:0000002,GO:0000226,microtubule cytoskeleton organization,2,InterPro2GO
IEA,GO_REF:0000002,GO:0042147,"retrograde transport, endosome to Golgi",2,InterPro2GO
IEA,GO_REF:0000002,GO:0016651,"oxidoreductase activity, acting on NAD(P)H",2,InterPro2GO
IEA,GO_REF:0000002,GO:1990542,mitochondrial transmembrane transport,2,InterPro2GO
IEA,GO_REF:0000002,GO:0042910,xenobiotic transmembrane transporter activity,2,InterPro2GO
IEA,GO_REF:0000002,GO:0042742,defense response to bacterium,2,InterPro2GO
IEA,GO_REF:0000002,GO:0004623,phospholipase A2 activity,2,InterPro2GO
IEA,GO_REF:0000002,GO:0046373,L-arabinose metabolic process,2,InterPro2GO
IEA,GO_REF:0000002,GO:0005516,calmodulin binding,2,InterPro2GO
IEA,GO_REF:0000002,GO:0045333,cellular respiration,2,InterPro2GO
IEA,GO_REF:0000002,GO:0003725,double-stranded RNA binding,2,InterPro2GO
IEA,GO_REF:0000002,GO:0006878,intracellular copper ion homeostasis,2,InterPro2GO
IEA,GO_REF:0000002,GO:0035435,phosphate ion transmembrane transport,2,InterPro2GO
IEA,GO_REF:0000002,GO:0007204,positive regulation of cytosolic calcium ion concentration,2,InterPro2GO
IEA,GO_REF:0000002,GO:1902560,GMP reductase complex,2,InterPro2GO
IEA,GO_REF:0000002,GO:0070897,transcription preinitiation complex assembly,2,InterPro2GO
IEA,GO_REF:0000002,GO:0015293,symporter activity,2,InterPro2GO
IEA,GO_REF:0000002,GO:0015078,proton transmembrane transporter activity,2,InterPro2GO
IEA,GO_REF:0000002,GO:1905515,non-motile cilium assembly,2,InterPro2GO
IEA,GO_REF:0000002,GO:0005212,structural constituent of eye lens,2,InterPro2GO
IEA,GO_REF:0000002,GO:0005184,neuropeptide hormone activity,2,InterPro2GO
IEA,GO_REF:0000002,GO:0047961,glycine N-acyltransferase activity,2,InterPro2GO
IEA,GO_REF:0000002,GO:0042254,ribosome biogenesis,2,InterPro2GO
IEA,GO_REF:0000002,GO:0048039,ubiquinone binding,2,InterPro2GO
IEA,GO_REF:0000002,GO:0046168,glycerol-3-phosphate catabolic process,2,InterPro2GO
IEA,GO_REF:0000002,GO:0040012,regulation of locomotion,2,InterPro2GO
IEA,GO_REF:0000002,GO:0106005,RNA 5'-cap (guanine-N7)-methylation,2,InterPro2GO
IEA,GO_REF:0000002,GO:0009395,phospholipid catabolic process,2,InterPro2GO
IEA,GO_REF:0000002,GO:0008188,neuropeptide receptor activity,2,InterPro2GO
IEA,GO_REF:0000002,GO:0005871,kinesin complex,2,InterPro2GO
IEA,GO_REF:0000002,GO:0004726,non-membrane spanning protein tyrosine phosphatase activity,2,InterPro2GO
IEA,GO_REF:0000002,GO:0030507,spectrin binding,2,InterPro2GO
IEA,GO_REF:0000002,GO:0031491,nucleosome binding,2,InterPro2GO
IEA,GO_REF:0000002,GO:0030686,90S preribosome,2,InterPro2GO
IEA,GO_REF:0000002,GO:0004812,aminoacyl-tRNA ligase activity,2,InterPro2GO
IEA,GO_REF:0000002,GO:0006694,steroid biosynthetic process,2,InterPro2GO
IEA,GO_REF:0000002,GO:0016539,intein-mediated protein splicing,2,InterPro2GO
IEA,GO_REF:0000002,GO:0061630,ubiquitin protein ligase activity,2,InterPro2GO
IEA,GO_REF:0000002,GO:0003714,transcription corepressor activity,2,InterPro2GO
IEA,GO_REF:0000002,GO:0005730,nucleolus,2,InterPro2GO
IEA,GO_REF:0000002,GO:0006836,neurotransmitter transport,2,InterPro2GO
IEA,GO_REF:0000002,GO:0030001,metal ion transport,2,InterPro2GO
IEA,GO_REF:0000002,GO:0030041,actin filament polymerization,2,InterPro2GO
IEA,GO_REF:0000002,GO:0003689,DNA clamp loader activity,2,InterPro2GO
IEA,GO_REF:0000002,GO:0045569,TRAIL binding,2,InterPro2GO
IEA,GO_REF:0000002,GO:0043161,proteasome-mediated ubiquitin-dependent protein catabolic process,2,InterPro2GO
IEA,GO_REF:0000002,GO:0043123,positive regulation of canonical NF-kappaB signal transduction,2,InterPro2GO
IEA,GO_REF:0000002,GO:0004908,interleukin-1 receptor activity,2,InterPro2GO
IEA,GO_REF:0000002,GO:0006261,DNA-templated DNA replication,2,InterPro2GO
IEA,GO_REF:0000002,GO:0015631,tubulin binding,2,InterPro2GO
IEA,GO_REF:0000002,GO:0030553,cGMP binding,2,InterPro2GO
IEA,GO_REF:0000002,GO:0015026,coreceptor activity,2,InterPro2GO
IEA,GO_REF:0000002,GO:0006896,Golgi to vacuole transport,2,InterPro2GO
IEA,GO_REF:0000002,GO:0006937,regulation of muscle contraction,2,InterPro2GO
IEA,GO_REF:0000002,GO:0007034,vacuolar transport,2,InterPro2GO
IEA,GO_REF:0000002,GO:0006368,transcription elongation by RNA polymerase II,2,InterPro2GO
IEA,GO_REF:0000002,GO:0030276,clathrin binding,2,InterPro2GO
IEA,GO_REF:0000002,GO:0031683,G-protein beta/gamma-subunit complex binding,2,InterPro2GO
IEA,GO_REF:0000002,GO:0005484,SNAP receptor activity,2,InterPro2GO
IEA,GO_REF:0000002,GO:0005185,neurohypophyseal hormone activity,2,InterPro2GO
IEA,GO_REF:0000002,GO:0004198,calcium-dependent cysteine-type endopeptidase activity,2,InterPro2GO
IEA,GO_REF:0000002,GO:0070072,vacuolar proton-transporting V-type ATPase complex assembly,2,InterPro2GO
IEA,GO_REF:0000002,GO:0140911,pore-forming activity,2,InterPro2GO
IEA,GO_REF:0000002,GO:0140647,P450-containing electron transport chain,2,InterPro2GO
IEA,GO_REF:0000002,GO:0045182,translation regulator activity,2,InterPro2GO
IEA,GO_REF:0000002,GO:0000027,ribosomal large subunit assembly,2,InterPro2GO
IEA,GO_REF:0000002,GO:2001070,starch binding,2,InterPro2GO
IEA,GO_REF:0000002,GO:0006909,phagocytosis,2,InterPro2GO
IEA,GO_REF:0000002,GO:0019992,diacylglycerol binding,2,InterPro2GO
IEA,GO_REF:0000002,GO:0005858,axonemal dynein complex,2,InterPro2GO
IEA,GO_REF:0000002,GO:0006812,monoatomic cation transport,2,InterPro2GO
IEA,GO_REF:0000002,GO:0031123,RNA 3'-end processing,2,InterPro2GO
IEA,GO_REF:0000002,GO:0031122,cytoplasmic microtubule organization,2,InterPro2GO
IEA,GO_REF:0000002,GO:0009408,response to heat,2,InterPro2GO
IEA,GO_REF:0000002,GO:0015629,actin cytoskeleton,2,InterPro2GO
IEA,GO_REF:0000002,GO:0004843,cysteine-type deubiquitinase activity,2,InterPro2GO
IEA,GO_REF:0000002,GO:0030414,peptidase inhibitor activity,2,InterPro2GO
IEA,GO_REF:0000002,GO:0019427,acetyl-CoA biosynthetic process from acetate,2,InterPro2GO
IEA,GO_REF:0000002,GO:0019243,methylglyoxal catabolic process to D-lactate via S-lactoyl-glutathione,2,InterPro2GO
IEA,GO_REF:0000002,GO:0004176,ATP-dependent peptidase activity,2,InterPro2GO
IEA,GO_REF:0000002,GO:0002682,regulation of immune system process,2,InterPro2GO
IEA,GO_REF:0000002,GO:0007420,brain development,2,InterPro2GO
IEA,GO_REF:0000002,GO:0009055,electron transfer activity,2,InterPro2GO
IEA,GO_REF:0000002,GO:0035591,signaling adaptor activity,2,InterPro2GO
IEA,GO_REF:0000002,GO:0071277,cellular response to calcium ion,2,InterPro2GO
IEA,GO_REF:0000002,GO:1990504,dense core granule exocytosis,2,InterPro2GO
IEA,GO_REF:0000002,GO:0045901,positive regulation of translational elongation,2,InterPro2GO
IEA,GO_REF:0000002,GO:0043248,proteasome assembly,2,InterPro2GO
IEA,GO_REF:0000002,GO:0006935,chemotaxis,1,InterPro2GO
IEA,GO_REF:0000002,GO:0006693,prostaglandin metabolic process,1,InterPro2GO
IEA,GO_REF:0000002,GO:0070493,thrombin-activated receptor signaling pathway,1,InterPro2GO
IEA,GO_REF:0000002,GO:0090149,mitochondrial membrane fission,1,InterPro2GO
IEA,GO_REF:0000002,GO:0008408,3'-5' exonuclease activity,1,InterPro2GO
IEA,GO_REF:0000002,GO:0017154,semaphorin receptor activity,1,InterPro2GO
IEA,GO_REF:0000002,GO:0017147,Wnt-protein binding,1,InterPro2GO
IEA,GO_REF:0000002,GO:0030336,negative regulation of cell migration,1,InterPro2GO
IEA,GO_REF:0000002,GO:0043029,T cell homeostasis,1,InterPro2GO
IEA,GO_REF:0000002,GO:0032027,myosin light chain binding,1,InterPro2GO
IEA,GO_REF:0000002,GO:0004814,arginine-tRNA ligase activity,1,InterPro2GO
IEA,GO_REF:0000002,GO:0004948,calcitonin receptor activity,1,InterPro2GO
IEA,GO_REF:0000002,GO:0004520,DNA endonuclease activity,1,InterPro2GO
IEA,GO_REF:0000002,GO:0004190,aspartic-type endopeptidase activity,1,InterPro2GO
IEA,GO_REF:0000002,GO:0009306,protein secretion,1,InterPro2GO
IEA,GO_REF:0000002,GO:0060147,regulation of post-transcriptional gene silencing,1,InterPro2GO
IEA,GO_REF:0000002,GO:0048484,enteric nervous system development,1,InterPro2GO
IEA,GO_REF:0000002,GO:0043531,ADP binding,1,InterPro2GO
IEA,GO_REF:0000002,GO:0042732,D-xylose metabolic process,1,InterPro2GO
IEA,GO_REF:0000002,GO:0042288,MHC class I protein binding,1,InterPro2GO
IEA,GO_REF:0000002,GO:0008569,minus-end-directed microtubule motor activity,1,InterPro2GO
IEA,GO_REF:0000002,GO:0009214,cyclic nucleotide catabolic process,1,InterPro2GO
IEA,GO_REF:0000002,GO:0009312,oligosaccharide biosynthetic process,1,InterPro2GO
IEA,GO_REF:0000002,GO:2000431,"regulation of cytokinesis, actomyosin contractile ring assembly",1,InterPro2GO
IEA,GO_REF:0000002,GO:1990547,mitochondrial phosphate ion transmembrane transport,1,InterPro2GO
IEA,GO_REF:0000002,GO:0051725,protein de-ADP-ribosylation,1,InterPro2GO
IEA,GO_REF:0000002,GO:0006974,DNA damage response,1,InterPro2GO
IEA,GO_REF:0000002,GO:0043209,myelin sheath,1,InterPro2GO
IEA,GO_REF:0000002,GO:0043039,tRNA aminoacylation,1,InterPro2GO
IEA,GO_REF:0000002,GO:0006968,cellular defense response,1,InterPro2GO
IEA,GO_REF:0000002,GO:0006940,regulation of smooth muscle contraction,1,InterPro2GO
IEA,GO_REF:0000002,GO:0006936,muscle contraction,1,InterPro2GO
IEA,GO_REF:0000002,GO:0061575,cyclin-dependent protein serine/threonine kinase activator activity,1,InterPro2GO
IEA,GO_REF:0000002,GO:0008356,asymmetric cell division,1,InterPro2GO
IEA,GO_REF:0000002,GO:0042802,identical protein binding,1,InterPro2GO
IEA,GO_REF:0000002,GO:0001889,liver development,1,InterPro2GO
IEA,GO_REF:0000002,GO:0008283,cell population proliferation,1,InterPro2GO
IEA,GO_REF:0000002,GO:0006914,autophagy,1,InterPro2GO
IEA,GO_REF:0000002,GO:0000145,exocyst,1,InterPro2GO
IEA,GO_REF:0000002,GO:0030695,GTPase regulator activity,1,InterPro2GO
IEA,GO_REF:0000002,GO:0030282,bone mineralization,1,InterPro2GO
IEA,GO_REF:0000002,GO:0004969,histamine receptor activity,1,InterPro2GO
IEA,GO_REF:0000002,GO:0010038,response to metal ion,1,InterPro2GO
IEA,GO_REF:0000002,GO:0004066,asparagine synthase (glutamine-hydrolyzing) activity,1,InterPro2GO
IEA,GO_REF:0000002,GO:0005789,endoplasmic reticulum membrane,1,InterPro2GO
IEA,GO_REF:0000002,GO:0034219,carbohydrate transmembrane transport,1,InterPro2GO
IEA,GO_REF:0000002,GO:0005042,netrin receptor activity,1,InterPro2GO
IEA,GO_REF:0000002,GO:1904294,positive regulation of ERAD pathway,1,InterPro2GO
IEA,GO_REF:0000002,GO:0030071,regulation of mitotic metaphase/anaphase transition,1,InterPro2GO
IEA,GO_REF:0000002,GO:0006206,pyrimidine nucleobase metabolic process,1,InterPro2GO
IEA,GO_REF:0000002,GO:0019343,cysteine biosynthetic process via cystathionine,1,InterPro2GO
IEA,GO_REF:0000002,GO:1902936,phosphatidylinositol bisphosphate binding,1,InterPro2GO
IEA,GO_REF:0000002,GO:0008199,ferric iron binding,1,InterPro2GO
IEA,GO_REF:0000002,GO:0060041,retina development in camera-type eye,1,InterPro2GO
IEA,GO_REF:0000002,GO:0022410,circadian sleep/wake cycle process,1,InterPro2GO
IEA,GO_REF:0000002,GO:0005126,cytokine receptor binding,1,InterPro2GO
IEA,GO_REF:0000002,GO:0016829,lyase activity,1,InterPro2GO
IEA,GO_REF:0000002,GO:0006418,tRNA aminoacylation for protein translation,1,InterPro2GO
IEA,GO_REF:0000002,GO:0006392,transcription elongation by mitochondrial RNA polymerase,1,InterPro2GO
IEA,GO_REF:0000002,GO:0005681,spliceosomal complex,1,InterPro2GO
IEA,GO_REF:0000002,GO:0006309,apoptotic DNA fragmentation,1,InterPro2GO
IEA,GO_REF:0000002,GO:0008299,isoprenoid biosynthetic process,1,InterPro2GO
IEA,GO_REF:0000002,GO:0009435,NAD+ biosynthetic process,1,InterPro2GO
IEA,GO_REF:0000002,GO:0007021,tubulin complex assembly,1,InterPro2GO
IEA,GO_REF:0000002,GO:0004386,helicase activity,1,InterPro2GO
IEA,GO_REF:0000002,GO:0005643,nuclear pore,1,InterPro2GO
IEA,GO_REF:0000002,GO:0009168,purine ribonucleoside monophosphate biosynthetic process,1,InterPro2GO
IEA,GO_REF:0000002,GO:0019894,kinesin binding,1,InterPro2GO
IEA,GO_REF:0000002,GO:0050852,T cell receptor signaling pathway,1,InterPro2GO
IEA,GO_REF:0000002,GO:0017056,structural constituent of nuclear pore,1,InterPro2GO
IEA,GO_REF:0000002,GO:0016556,mRNA modification,1,InterPro2GO
IEA,GO_REF:0000002,GO:0005542,folic acid binding,1,InterPro2GO
IEA,GO_REF:0000002,GO:0005328,neurotransmitter:sodium symporter activity,1,InterPro2GO
IEA,GO_REF:0000002,GO:0070988,demethylation,1,InterPro2GO
IEA,GO_REF:0000002,GO:0061015,snRNA import into nucleus,1,InterPro2GO
IEA,GO_REF:0000002,GO:0000256,allantoin catabolic process,1,InterPro2GO
IEA,GO_REF:0000002,GO:0005813,centrosome,1,InterPro2GO
IEA,GO_REF:0000002,GO:0005829,cytosol,1,InterPro2GO
IEA,GO_REF:0000002,GO:0007507,heart development,1,InterPro2GO
IEA,GO_REF:0000002,GO:0031396,regulation of protein ubiquitination,1,InterPro2GO
IEA,GO_REF:0000002,GO:0046952,ketone body catabolic process,1,InterPro2GO
IEA,GO_REF:0000002,GO:0045104,intermediate filament cytoskeleton organization,1,InterPro2GO
IEA,GO_REF:0000002,GO:0019674,NAD+ metabolic process,1,InterPro2GO
IEA,GO_REF:0000002,GO:0070507,regulation of microtubule cytoskeleton organization,1,InterPro2GO
IEA,GO_REF:0000002,GO:0090481,pyrimidine nucleotide-sugar transmembrane transport,1,InterPro2GO
IEA,GO_REF:0000002,GO:0090161,Golgi ribbon formation,1,InterPro2GO
IEA,GO_REF:0000002,GO:0001836,release of cytochrome c from mitochondria,1,InterPro2GO
IEA,GO_REF:0000002,GO:0000730,DNA recombinase assembly,1,InterPro2GO
IEA,GO_REF:0000002,GO:0033617,mitochondrial cytochrome c oxidase assembly,1,InterPro2GO
IEA,GO_REF:0000002,GO:0070921,regulation of siRNA processing,1,InterPro2GO
IEA,GO_REF:0000002,GO:0070206,protein trimerization,1,InterPro2GO
IEA,GO_REF:0000002,GO:0030371,translation repressor activity,1,InterPro2GO
IEA,GO_REF:0000002,GO:0006887,exocytosis,1,InterPro2GO
IEA,GO_REF:0000002,GO:0007130,synaptonemal complex assembly,1,InterPro2GO
IEA,GO_REF:0000002,GO:0016079,synaptic vesicle exocytosis,1,InterPro2GO
IEA,GO_REF:0000002,GO:2000403,positive regulation of lymphocyte migration,1,InterPro2GO
IEA,GO_REF:0000002,GO:0006047,UDP-N-acetylglucosamine metabolic process,1,InterPro2GO
IEA,GO_REF:0000002,GO:0005960,glycine cleavage complex,1,InterPro2GO
IEA,GO_REF:0000002,GO:0008418,protein-N-terminal asparagine amidohydrolase activity,1,InterPro2GO
IEA,GO_REF:0000002,GO:0008142,oxysterol binding,1,InterPro2GO
IEA,GO_REF:0000002,GO:0035988,chondrocyte proliferation,1,InterPro2GO
IEA,GO_REF:0000002,GO:0006685,sphingomyelin catabolic process,1,InterPro2GO
IEA,GO_REF:0000002,GO:0006605,protein targeting,1,InterPro2GO
IEA,GO_REF:0000002,GO:0006361,transcription initiation at RNA polymerase I promoter,1,InterPro2GO
IEA,GO_REF:0000002,GO:0038007,netrin-activated signaling pathway,1,InterPro2GO
IEA,GO_REF:0000002,GO:0003726,double-stranded RNA adenosine deaminase activity,1,InterPro2GO
IEA,GO_REF:0000002,GO:0004416,hydroxyacylglutathione hydrolase activity,1,InterPro2GO
IEA,GO_REF:0000002,GO:0016272,prefoldin complex,1,InterPro2GO
IEA,GO_REF:0000002,GO:0015936,coenzyme A metabolic process,1,InterPro2GO
IEA,GO_REF:0000002,GO:0051920,peroxiredoxin activity,1,InterPro2GO
IEA,GO_REF:0000002,GO:0004813,alanine-tRNA ligase activity,1,InterPro2GO
IEA,GO_REF:0000002,GO:0000981,"DNA-binding transcription factor activity, RNA polymerase II-specific",1,InterPro2GO
IEA,GO_REF:0000002,GO:0001181,RNA polymerase I general transcription initiation factor activity,1,InterPro2GO
IEA,GO_REF:0000002,GO:0048487,beta-tubulin binding,1,InterPro2GO
IEA,GO_REF:0000002,GO:0046654,tetrahydrofolate biosynthetic process,1,InterPro2GO
IEA,GO_REF:0000002,GO:0046541,saliva secretion,1,InterPro2GO
IEA,GO_REF:0000002,GO:0015165,pyrimidine nucleotide-sugar transmembrane transporter activity,1,InterPro2GO
IEA,GO_REF:0000002,GO:0005230,extracellular ligand-gated monoatomic ion channel activity,1,InterPro2GO
IEA,GO_REF:0000002,GO:0004999,vasoactive intestinal polypeptide receptor activity,1,InterPro2GO
IEA,GO_REF:0000002,GO:0003777,microtubule motor activity,1,InterPro2GO
IEA,GO_REF:0000002,GO:0031369,translation initiation factor binding,1,InterPro2GO
IEA,GO_REF:0000002,GO:0060964,regulation of miRNA-mediated gene silencing,1,InterPro2GO
IEA,GO_REF:0000002,GO:0050855,regulation of B cell receptor signaling pathway,1,InterPro2GO
IEA,GO_REF:0000002,GO:0030975,thiamine binding,1,InterPro2GO
IEA,GO_REF:0000002,GO:0051898,negative regulation of phosphatidylinositol 3-kinase/protein kinase B signal transduction,1,InterPro2GO
IEA,GO_REF:0000002,GO:1990961,xenobiotic detoxification by transmembrane export across the plasma membrane,1,InterPro2GO
IEA,GO_REF:0000002,GO:0045046,protein import into peroxisome membrane,1,InterPro2GO
IEA,GO_REF:0000002,GO:0006446,regulation of translational initiation,1,InterPro2GO
IEA,GO_REF:0000002,GO:0043169,cation binding,1,InterPro2GO
IEA,GO_REF:0000002,GO:0040008,regulation of growth,1,InterPro2GO
IEA,GO_REF:0000002,GO:0006915,apoptotic process,1,InterPro2GO
IEA,GO_REF:0000002,GO:0004857,enzyme inhibitor activity,1,InterPro2GO
IEA,GO_REF:0000002,GO:0017022,myosin binding,1,InterPro2GO
IEA,GO_REF:0000002,GO:0034237,protein kinase A regulatory subunit binding,1,InterPro2GO
IEA,GO_REF:0000002,GO:0006413,translational initiation,1,InterPro2GO
IEA,GO_REF:0000002,GO:0030837,negative regulation of actin filament polymerization,1,InterPro2GO
IEA,GO_REF:0000002,GO:0007339,binding of sperm to zona pellucida,1,InterPro2GO
IEA,GO_REF:0000002,GO:0007127,meiosis I,1,InterPro2GO
IEA,GO_REF:0000002,GO:1901135,carbohydrate derivative metabolic process,1,InterPro2GO
IEA,GO_REF:0000002,GO:0009749,response to glucose,1,InterPro2GO
IEA,GO_REF:0000002,GO:0002182,cytoplasmic translational elongation,1,InterPro2GO
IEA,GO_REF:0000002,GO:0001726,ruffle,1,InterPro2GO
IEA,GO_REF:0000002,GO:0001570,vasculogenesis,1,InterPro2GO
IEA,GO_REF:0000002,GO:0001525,angiogenesis,1,InterPro2GO
IEA,GO_REF:0000002,GO:0009142,nucleoside triphosphate biosynthetic process,1,InterPro2GO
IEA,GO_REF:0000002,GO:0140673,transcription elongation-coupled chromatin remodeling,1,InterPro2GO
IEA,GO_REF:0000002,GO:0140575,transmembrane monodehydroascorbate reductase activity,1,InterPro2GO
IEA,GO_REF:0000002,GO:0034121,regulation of toll-like receptor signaling pathway,1,InterPro2GO
IEA,GO_REF:0000002,GO:0005874,microtubule,1,InterPro2GO
IEA,GO_REF:0000002,GO:0007342,fusion of sperm to egg plasma membrane involved in single fertilization,1,InterPro2GO
IEA,GO_REF:0000002,GO:0071805,potassium ion transmembrane transport,1,InterPro2GO
IEA,GO_REF:0000002,GO:0071025,RNA surveillance,1,InterPro2GO
IEA,GO_REF:0000002,GO:0030151,molybdenum ion binding,1,InterPro2GO
IEA,GO_REF:0000002,GO:0019955,cytokine binding,1,InterPro2GO
IEA,GO_REF:0000002,GO:0045271,respiratory chain complex I,1,InterPro2GO
IEA,GO_REF:0000002,GO:0006884,cell volume homeostasis,1,InterPro2GO
IEA,GO_REF:0000002,GO:0000124,SAGA complex,1,InterPro2GO
IEA,GO_REF:0000002,GO:0098609,cell-cell adhesion,1,InterPro2GO
IEA,GO_REF:0000002,GO:0043175,RNA polymerase core enzyme binding,1,InterPro2GO
IEA,GO_REF:0000002,GO:1990426,mitotic recombination-dependent replication fork processing,1,InterPro2GO
IEA,GO_REF:0000002,GO:0009968,negative regulation of signal transduction,1,InterPro2GO
IEA,GO_REF:0000002,GO:0004017,AMP kinase activity,1,InterPro2GO
IEA,GO_REF:0000002,GO:0022832,voltage-gated channel activity,1,InterPro2GO
IEA,GO_REF:0000002,GO:0072583,clathrin-dependent endocytosis,1,InterPro2GO
IEA,GO_REF:0000002,GO:0016208,AMP binding,1,InterPro2GO
IEA,GO_REF:0000002,GO:0055117,regulation of cardiac muscle contraction,1,InterPro2GO
IEA,GO_REF:0000002,GO:0070098,chemokine-mediated signaling pathway,1,InterPro2GO
IEA,GO_REF:0000002,GO:0016747,"acyltransferase activity, transferring groups other than amino-acyl groups",1,InterPro2GO
IEA,GO_REF:0000002,GO:0004089,carbonate dehydratase activity,1,InterPro2GO
IEA,GO_REF:0000002,GO:0005669,transcription factor TFIID complex,1,InterPro2GO
IEA,GO_REF:0000002,GO:0000902,cell morphogenesis,1,InterPro2GO
IEA,GO_REF:0000002,GO:0005244,voltage-gated monoatomic ion channel activity,1,InterPro2GO
IEA,GO_REF:0000002,GO:0004767,sphingomyelin phosphodiesterase activity,1,InterPro2GO
IEA,GO_REF:0000002,GO:0004620,phospholipase activity,1,InterPro2GO
IEA,GO_REF:0000002,GO:0016715,"oxidoreductase activity, acting on paired donors, with incorporation or reduction of molecular oxygen, reduced ascorbate as one donor, and incorporation of one atom of oxygen",1,InterPro2GO
IEA,GO_REF:0000002,GO:0016104,triterpenoid biosynthetic process,1,InterPro2GO
IEA,GO_REF:0000002,GO:0003743,translation initiation factor activity,1,InterPro2GO
IEA,GO_REF:0000002,GO:0046849,bone remodeling,1,InterPro2GO
IEA,GO_REF:0000002,GO:0006384,transcription initiation at RNA polymerase III promoter,1,InterPro2GO
IEA,GO_REF:0000002,GO:0006614,SRP-dependent cotranslational protein targeting to membrane,1,InterPro2GO
IEA,GO_REF:0000002,GO:0050890,cognition,1,InterPro2GO
IEA,GO_REF:0000002,GO:0006270,DNA replication initiation,1,InterPro2GO
IEA,GO_REF:0000002,GO:0006269,"DNA replication, synthesis of primer",1,InterPro2GO
IEA,GO_REF:0000002,GO:0001649,osteoblast differentiation,1,InterPro2GO
IEA,GO_REF:0000002,GO:0000255,allantoin metabolic process,1,InterPro2GO
IEA,GO_REF:0000002,GO:0048280,vesicle fusion with Golgi apparatus,1,InterPro2GO
IEA,GO_REF:0000002,GO:0045504,dynein heavy chain binding,1,InterPro2GO
IEA,GO_REF:0000002,GO:0043548,phosphatidylinositol 3-kinase binding,1,InterPro2GO
IEA,GO_REF:0000002,GO:0043031,negative regulation of macrophage activation,1,InterPro2GO
IEA,GO_REF:0000002,GO:0042255,ribosome assembly,1,InterPro2GO
IEA,GO_REF:0000002,GO:0010972,negative regulation of G2/M transition of mitotic cell cycle,1,InterPro2GO
IEA,GO_REF:0000002,GO:0016251,RNA polymerase II general transcription initiation factor activity,1,InterPro2GO
IEA,GO_REF:0000002,GO:1902975,mitotic DNA replication initiation,1,InterPro2GO
IEA,GO_REF:0000002,GO:0000462,"maturation of SSU-rRNA from tricistronic rRNA transcript (SSU-rRNA, 5.8S rRNA, LSU-rRNA)",1,InterPro2GO
IEA,GO_REF:0000002,GO:0000398,"mRNA splicing, via spliceosome",1,InterPro2GO
IEA,GO_REF:0000002,GO:0070530,K63-linked polyubiquitin modification-dependent protein binding,1,InterPro2GO
IEA,GO_REF:0000002,GO:0006432,phenylalanyl-tRNA aminoacylation,1,InterPro2GO
IEA,GO_REF:0000002,GO:0008138,protein tyrosine/serine/threonine phosphatase activity,1,InterPro2GO
IEA,GO_REF:0000002,GO:0007099,centriole replication,1,InterPro2GO
IEA,GO_REF:0000002,GO:0033178,"proton-transporting two-sector ATPase complex, catalytic domain",1,InterPro2GO
IEA,GO_REF:0000002,GO:0031175,neuron projection development,1,InterPro2GO
IEA,GO_REF:0000002,GO:0007283,spermatogenesis,1,InterPro2GO
IEA,GO_REF:0000002,GO:0031332,RNAi effector complex,1,InterPro2GO
IEA,GO_REF:0000002,GO:2000401,regulation of lymphocyte migration,1,InterPro2GO
IEA,GO_REF:0000002,GO:0009890,negative regulation of biosynthetic process,1,InterPro2GO
IEA,GO_REF:0000002,GO:0009113,purine nucleobase biosynthetic process,1,InterPro2GO
IEA,GO_REF:0000002,GO:0016125,sterol metabolic process,1,InterPro2GO
IEA,GO_REF:0000002,GO:0008541,"proteasome regulatory particle, lid subcomplex",1,InterPro2GO
IEA,GO_REF:0000002,GO:0070449,elongin complex,1,InterPro2GO
IEA,GO_REF:0000002,GO:0070679,"inositol 1,4,5 trisphosphate binding",1,InterPro2GO
IEA,GO_REF:0000002,GO:0009612,response to mechanical stimulus,1,InterPro2GO
IEA,GO_REF:0000002,GO:0007094,mitotic spindle assembly checkpoint signaling,1,InterPro2GO
IEA,GO_REF:0000002,GO:0032436,positive regulation of proteasomal ubiquitin-dependent protein catabolic process,1,InterPro2GO
IEA,GO_REF:0000002,GO:0140658,ATP-dependent chromatin remodeler activity,1,InterPro2GO
IEA,GO_REF:0000002,GO:0005125,cytokine activity,1,InterPro2GO
IEA,GO_REF:0000002,GO:0048598,embryonic morphogenesis,1,InterPro2GO
IEA,GO_REF:0000002,GO:0000439,transcription factor TFIIH core complex,1,InterPro2GO
IEA,GO_REF:0000002,GO:0010945,coenzyme A diphosphatase activity,1,InterPro2GO
IEA,GO_REF:0000002,GO:0000339,RNA cap binding,1,InterPro2GO
IEA,GO_REF:0000002,GO:0042311,vasodilation,1,InterPro2GO
IEA,GO_REF:0000002,GO:0045582,positive regulation of T cell differentiation,1,InterPro2GO
IEA,GO_REF:0000002,GO:0004909,"interleukin-1, type I, activating receptor activity",1,InterPro2GO
IEA,GO_REF:0000002,GO:0004645,"1,4-alpha-oligoglucan phosphorylase activity",1,InterPro2GO
IEA,GO_REF:0000002,GO:0003868,4-hydroxyphenylpyruvate dioxygenase activity,1,InterPro2GO
IEA,GO_REF:0000002,GO:0045900,negative regulation of translational elongation,1,InterPro2GO
IEA,GO_REF:0000002,GO:0047750,cholestenol delta-isomerase activity,1,InterPro2GO
IEA,GO_REF:0000002,GO:0003796,lysozyme activity,1,InterPro2GO
IEA,GO_REF:0000002,GO:0000278,mitotic cell cycle,1,InterPro2GO
IEA,GO_REF:0000002,GO:0051259,protein complex oligomerization,1,InterPro2GO
IEA,GO_REF:0000002,GO:0045670,regulation of osteoclast differentiation,1,InterPro2GO
IEA,GO_REF:0000002,GO:0051604,protein maturation,1,InterPro2GO
IEA,GO_REF:0000002,GO:0097524,sperm plasma membrane,1,InterPro2GO
IEA,GO_REF:0000002,GO:0004859,phospholipase inhibitor activity,1,InterPro2GO
IEA,GO_REF:0000002,GO:0035092,sperm DNA condensation,1,InterPro2GO
IEA,GO_REF:0000002,GO:0034765,regulation of monoatomic ion transmembrane transport,1,InterPro2GO
IEA,GO_REF:0000002,GO:0070628,proteasome binding,1,InterPro2GO
IEA,GO_REF:0000002,GO:0045944,positive regulation of transcription by RNA polymerase II,1,InterPro2GO
IEA,GO_REF:0000002,GO:0004842,ubiquitin-protein transferase activity,1,InterPro2GO
IEA,GO_REF:0000002,GO:0042475,odontogenesis of dentin-containing tooth,1,InterPro2GO
IEA,GO_REF:0000002,GO:0042304,regulation of fatty acid biosynthetic process,1,InterPro2GO
IEA,GO_REF:0000002,GO:0003711,transcription elongation factor activity,1,InterPro2GO
IEA,GO_REF:0000002,GO:0002685,regulation of leukocyte migration,1,InterPro2GO
IEA,GO_REF:0000002,GO:0004518,nuclease activity,1,InterPro2GO
IEA,GO_REF:0000002,GO:0015144,carbohydrate transmembrane transporter activity,1,InterPro2GO
IEA,GO_REF:0000002,GO:0051537,"2 iron, 2 sulfur cluster binding",1,InterPro2GO
IEA,GO_REF:0000002,GO:0000725,recombinational repair,1,InterPro2GO
IEA,GO_REF:0000002,GO:0005667,transcription regulator complex,1,InterPro2GO
IEA,GO_REF:0000002,GO:0034440,lipid oxidation,1,InterPro2GO
IEA,GO_REF:0000002,GO:0017148,negative regulation of translation,1,InterPro2GO
IEA,GO_REF:0000002,GO:0090075,relaxation of muscle,1,InterPro2GO
IEA,GO_REF:0000002,GO:0090036,regulation of protein kinase C signaling,1,InterPro2GO
IEA,GO_REF:0000002,GO:0006367,transcription initiation at RNA polymerase II promoter,1,InterPro2GO
IEA,GO_REF:0000002,GO:0031628,opioid receptor binding,1,InterPro2GO
IEA,GO_REF:0000002,GO:0031509,subtelomeric heterochromatin formation,1,InterPro2GO
IEA,GO_REF:0000002,GO:0004930,G protein-coupled receptor activity,1,InterPro2GO
IEA,GO_REF:0000002,GO:0019911,structural constituent of myelin sheath,1,InterPro2GO
IEA,GO_REF:0000002,GO:0008121,quinol-cytochrome-c reductase activity,1,InterPro2GO
IEA,GO_REF:0000002,GO:0070005,cysteine-type aminopeptidase activity,1,InterPro2GO
IEA,GO_REF:0000002,GO:0008146,sulfotransferase activity,1,InterPro2GO
IEA,GO_REF:0000002,GO:0004519,endonuclease activity,1,InterPro2GO
IEA,GO_REF:0000002,GO:0007399,nervous system development,1,InterPro2GO
IEA,GO_REF:0000002,GO:0009063,amino acid catabolic process,1,InterPro2GO
IEA,GO_REF:0000002,GO:0019885,antigen processing and presentation of endogenous peptide antigen via MHC class I,1,InterPro2GO
IEA,GO_REF:0000002,GO:0007620,copulation,1,InterPro2GO
IEA,GO_REF:0000002,GO:0005802,trans-Golgi network,1,InterPro2GO
IEA,GO_REF:0000002,GO:0007389,pattern specification process,1,InterPro2GO
IEA,GO_REF:0000002,GO:0003382,epithelial cell morphogenesis,1,InterPro2GO
IEA,GO_REF:0000002,GO:0031177,phosphopantetheine binding,1,InterPro2GO
IEA,GO_REF:0000002,GO:0035662,Toll-like receptor 4 binding,1,InterPro2GO
IEA,GO_REF:0000002,GO:0004896,cytokine receptor activity,1,InterPro2GO
IEA,GO_REF:0000002,GO:0000012,single strand break repair,1,InterPro2GO
IEA,GO_REF:0000002,GO:0006890,"retrograde vesicle-mediated transport, Golgi to endoplasmic reticulum",1,InterPro2GO
IEA,GO_REF:0000002,GO:0010825,positive regulation of centrosome duplication,1,InterPro2GO
IEA,GO_REF:0000002,GO:0017064,fatty acid amide hydrolase activity,1,InterPro2GO
IEA,GO_REF:0000002,GO:0016812,"hydrolase activity, acting on carbon-nitrogen (but not peptide) bonds, in cyclic amides",1,InterPro2GO
IEA,GO_REF:0000002,GO:0016592,mediator complex,1,InterPro2GO
IEA,GO_REF:0000002,GO:0000175,3'-5'-RNA exonuclease activity,1,InterPro2GO
IEA,GO_REF:0000002,GO:0048534,hematopoietic or lymphoid organ development,1,InterPro2GO
IEA,GO_REF:0000002,GO:0051896,regulation of phosphatidylinositol 3-kinase/protein kinase B signal transduction,1,InterPro2GO
IEA,GO_REF:0000002,GO:0004109,coproporphyrinogen oxidase activity,1,InterPro2GO
IEA,GO_REF:0000002,GO:0000179,"rRNA (adenine-N6,N6-)-dimethyltransferase activity",1,InterPro2GO
IEA,GO_REF:0000002,GO:0003688,DNA replication origin binding,1,InterPro2GO
IEA,GO_REF:0000002,GO:0048384,retinoic acid receptor signaling pathway,1,InterPro2GO
IEA,GO_REF:0000002,GO:0006820,monoatomic anion transport,1,InterPro2GO
IEA,GO_REF:0000002,GO:0006821,chloride transport,1,InterPro2GO
IEA,GO_REF:0000002,GO:0004550,nucleoside diphosphate kinase activity,1,InterPro2GO
IEA,GO_REF:0000002,GO:0009410,response to xenobiotic stimulus,1,InterPro2GO
IEA,GO_REF:0000002,GO:0004303,estradiol 17-beta-dehydrogenase [NAD(P)+] activity,1,InterPro2GO
IEA,GO_REF:0000002,GO:0003690,double-stranded DNA binding,1,InterPro2GO
IEA,GO_REF:0000002,GO:0035473,lipase binding,1,InterPro2GO
IEA,GO_REF:0000002,GO:0000077,DNA damage checkpoint signaling,1,InterPro2GO
IEA,GO_REF:0000002,GO:0016462,pyrophosphatase activity,1,InterPro2GO
IEA,GO_REF:0000002,GO:0031016,pancreas development,1,InterPro2GO
IEA,GO_REF:0000002,GO:0045505,dynein intermediate chain binding,1,InterPro2GO
IEA,GO_REF:0000002,GO:0044183,protein folding chaperone,1,InterPro2GO
IEA,GO_REF:0000002,GO:0046718,symbiont entry into host cell,1,InterPro2GO
IEA,GO_REF:0000002,GO:0003747,translation release factor activity,1,InterPro2GO
IEA,GO_REF:0000002,GO:0006813,potassium ion transport,1,InterPro2GO
IEA,GO_REF:0000002,GO:0048839,inner ear development,1,InterPro2GO
IEA,GO_REF:0000002,GO:0000228,nuclear chromosome,1,InterPro2GO
IEA,GO_REF:0000002,GO:0070257,positive regulation of mucus secretion,1,InterPro2GO
IEA,GO_REF:0000002,GO:0045296,cadherin binding,1,InterPro2GO
IEA,GO_REF:0000002,GO:0030178,negative regulation of Wnt signaling pathway,1,InterPro2GO
IEA,GO_REF:0000002,GO:0030154,cell differentiation,1,InterPro2GO
IEA,GO_REF:0000002,GO:0007064,mitotic sister chromatid cohesion,1,InterPro2GO
IEA,GO_REF:0000002,GO:0043114,regulation of vascular permeability,1,InterPro2GO
IEA,GO_REF:0000002,GO:0015035,protein-disulfide reductase activity,1,InterPro2GO
IEA,GO_REF:0000002,GO:0005795,Golgi stack,1,InterPro2GO
IEA,GO_REF:0000002,GO:0002532,production of molecular mediator involved in inflammatory response,1,InterPro2GO
IEA,GO_REF:0000002,GO:0015386,potassium:proton antiporter activity,1,InterPro2GO
IEA,GO_REF:0000002,GO:0032981,mitochondrial respiratory chain complex I assembly,1,InterPro2GO
IEA,GO_REF:0000002,GO:1900076,regulation of cellular response to insulin stimulus,1,InterPro2GO
IEA,GO_REF:0000002,GO:0016706,2-oxoglutarate-dependent dioxygenase activity,1,InterPro2GO
IEA,GO_REF:0000002,GO:0006420,arginyl-tRNA aminoacylation,1,InterPro2GO
IEA,GO_REF:0000002,GO:0070193,synaptonemal complex organization,1,InterPro2GO
IEA,GO_REF:0000002,GO:0006259,DNA metabolic process,1,InterPro2GO
IEA,GO_REF:0000002,GO:0034128,negative regulation of MyD88-independent toll-like receptor signaling pathway,1,InterPro2GO
IEA,GO_REF:0000002,GO:0033735,aspartate dehydrogenase [NAD(P)+] activity,1,InterPro2GO
IEA,GO_REF:0000002,GO:0033198,response to ATP,1,InterPro2GO
IEA,GO_REF:0000002,GO:0062158,chloride:proton antiporter activity,1,InterPro2GO
IEA,GO_REF:0000002,GO:0030545,signaling receptor regulator activity,1,InterPro2GO
IEA,GO_REF:0000002,GO:0008201,heparin binding,1,InterPro2GO
IEA,GO_REF:0000002,GO:0008281,sulfonylurea receptor activity,1,InterPro2GO
IEA,GO_REF:0000002,GO:0016477,cell migration,1,InterPro2GO
IEA,GO_REF:0000002,GO:0009311,oligosaccharide metabolic process,1,InterPro2GO
IEA,GO_REF:0000002,GO:0009132,nucleoside diphosphate metabolic process,1,InterPro2GO
IEA,GO_REF:0000002,GO:0005890,sodium:potassium-exchanging ATPase complex,1,InterPro2GO
IEA,GO_REF:0000002,GO:0007098,centrosome cycle,1,InterPro2GO
IEA,GO_REF:0000002,GO:0006741,NADP+ biosynthetic process,1,InterPro2GO
IEA,GO_REF:0000002,GO:1901222,regulation of non-canonical NF-kappaB signal transduction,1,InterPro2GO
IEA,GO_REF:0000002,GO:0008312,7S RNA binding,1,InterPro2GO
IEA,GO_REF:0000002,GO:0008094,"ATP-dependent activity, acting on DNA",1,InterPro2GO
IEA,GO_REF:0000002,GO:0007626,locomotory behavior,1,InterPro2GO
IEA,GO_REF:0000002,GO:1902017,regulation of cilium assembly,1,InterPro2GO
IEA,GO_REF:0000002,GO:0006419,alanyl-tRNA aminoacylation,1,InterPro2GO
IEA,GO_REF:0000002,GO:0030328,prenylcysteine catabolic process,1,InterPro2GO
IEA,GO_REF:0000002,GO:0005758,mitochondrial intermembrane space,1,InterPro2GO
IEA,GO_REF:0000002,GO:0003713,transcription coactivator activity,1,InterPro2GO
IEA,GO_REF:0000002,GO:0046883,regulation of hormone secretion,1,InterPro2GO
IEA,GO_REF:0000002,GO:0003887,DNA-directed DNA polymerase activity,1,InterPro2GO
IEA,GO_REF:0000002,GO:0016286,small conductance calcium-activated potassium channel activity,1,InterPro2GO
IEA,GO_REF:0000002,GO:0005000,vasopressin receptor activity,1,InterPro2GO
IEA,GO_REF:0000002,GO:0005319,lipid transporter activity,1,InterPro2GO
IEA,GO_REF:0000002,GO:0005309,creatine:sodium symporter activity,1,InterPro2GO
IEA,GO_REF:0000002,GO:0023051,regulation of signaling,1,InterPro2GO
IEA,GO_REF:0000002,GO:0000070,mitotic sister chromatid segregation,1,InterPro2GO
IEA,GO_REF:0000002,GO:0051010,microtubule plus-end binding,1,InterPro2GO
IEA,GO_REF:0000002,GO:0000165,MAPK cascade,1,InterPro2GO
IEA,GO_REF:0000002,GO:0030488,tRNA methylation,1,InterPro2GO
IEA,GO_REF:0000002,GO:0000245,spliceosomal complex assembly,1,InterPro2GO
IEA,GO_REF:0000002,GO:0001228,"DNA-binding transcription activator activity, RNA polymerase II-specific",1,InterPro2GO
IEA,GO_REF:0000002,GO:0044548,S100 protein binding,1,InterPro2GO
IEA,GO_REF:0000002,GO:0048268,clathrin coat assembly,1,InterPro2GO
IEA,GO_REF:0000002,GO:0006805,xenobiotic metabolic process,1,InterPro2GO
IEA,GO_REF:0000002,GO:0042043,neurexin family protein binding,1,InterPro2GO
IEA,GO_REF:0000002,GO:0071203,WASH complex,1,InterPro2GO
IEA,GO_REF:0000002,GO:0006703,estrogen biosynthetic process,1,InterPro2GO
IEA,GO_REF:0000002,GO:0000139,Golgi membrane,1,InterPro2GO
IEA,GO_REF:0000002,GO:0032957,inositol trisphosphate metabolic process,1,InterPro2GO
IEA,GO_REF:0000002,GO:0045494,photoreceptor cell maintenance,1,InterPro2GO
IEA,GO_REF:0000002,GO:0097193,intrinsic apoptotic signaling pathway,1,InterPro2GO
IEA,GO_REF:0000002,GO:0002062,chondrocyte differentiation,1,InterPro2GO
IEA,GO_REF:0000002,GO:0002138,retinoic acid biosynthetic process,1,InterPro2GO
IEA,GO_REF:0000002,GO:0006665,sphingolipid metabolic process,1,InterPro2GO
IEA,GO_REF:0000002,GO:0030345,structural constituent of tooth enamel,1,InterPro2GO
IEA,GO_REF:0000002,GO:0048208,COPII vesicle coating,1,InterPro2GO
IEA,GO_REF:0000002,GO:0050819,negative regulation of coagulation,1,InterPro2GO
IEA,GO_REF:0000002,GO:0005884,actin filament,1,InterPro2GO
IEA,GO_REF:0000002,GO:0005694,chromosome,1,InterPro2GO
IEA,GO_REF:0000002,GO:0060261,positive regulation of transcription initiation by RNA polymerase II,1,InterPro2GO
IEA,GO_REF:0000002,GO:0004488,methylenetetrahydrofolate dehydrogenase (NADP+) activity,1,InterPro2GO
IEA,GO_REF:0000002,GO:0004725,protein tyrosine phosphatase activity,1,InterPro2GO
IEA,GO_REF:0000002,GO:0015297,antiporter activity,1,InterPro2GO
IEA,GO_REF:0000002,GO:0007017,microtubule-based process,1,InterPro2GO
IEA,GO_REF:0000002,GO:0006952,defense response,1,InterPro2GO
IEA,GO_REF:0000002,GO:0043495,protein-membrane adaptor activity,1,InterPro2GO
IEA,GO_REF:0000002,GO:0006166,purine ribonucleoside salvage,1,InterPro2GO
IEA,GO_REF:0000002,GO:0045595,regulation of cell differentiation,1,InterPro2GO
IEA,GO_REF:0000002,GO:0007224,smoothened signaling pathway,1,InterPro2GO
IEA,GO_REF:0000002,GO:0042908,xenobiotic transport,1,InterPro2GO
IEA,GO_REF:0000002,GO:0046470,phosphatidylcholine metabolic process,1,InterPro2GO
IEA,GO_REF:0000002,GO:0022900,electron transport chain,1,InterPro2GO
IEA,GO_REF:0000002,GO:0003729,mRNA binding,1,InterPro2GO
IEA,GO_REF:0000002,GO:0120212,sperm head-tail coupling apparatus,1,InterPro2GO
IEA,GO_REF:0000002,GO:0004867,serine-type endopeptidase inhibitor activity,1,InterPro2GO
IEA,GO_REF:0000002,GO:0032098,regulation of appetite,1,InterPro2GO
IEA,GO_REF:0000002,GO:0106050,tRNA 2'-O-methyltransferase activity,1,InterPro2GO
IEA,GO_REF:0000002,GO:0035082,axoneme assembly,1,InterPro2GO
IEA,GO_REF:0000002,GO:0006814,sodium ion transport,1,InterPro2GO
IEA,GO_REF:0000002,GO:0006488,dolichol-linked oligosaccharide biosynthetic process,1,InterPro2GO
IEA,GO_REF:0000002,GO:0006874,intracellular calcium ion homeostasis,1,InterPro2GO
IEA,GO_REF:0000002,GO:0006891,intra-Golgi vesicle-mediated transport,1,InterPro2GO
IEA,GO_REF:0000002,GO:0007624,ultradian rhythm,1,InterPro2GO
IEA,GO_REF:0000002,GO:1901318,negative regulation of flagellated sperm motility,1,InterPro2GO
IEA,GO_REF:0000002,GO:0008063,Toll signaling pathway,1,InterPro2GO
IEA,GO_REF:0000002,GO:0006072,glycerol-3-phosphate metabolic process,1,InterPro2GO
IEA,GO_REF:0000002,GO:0006567,L-threonine catabolic process,1,InterPro2GO
IEA,GO_REF:0000002,GO:0006101,citrate metabolic process,1,InterPro2GO
IEA,GO_REF:0000002,GO:0006006,glucose metabolic process,1,InterPro2GO
IEA,GO_REF:0000002,GO:0008502,melatonin receptor activity,1,InterPro2GO
IEA,GO_REF:0000002,GO:0008093,cytoskeletal anchor activity,1,InterPro2GO
IEA,GO_REF:0000002,GO:0006562,L-proline catabolic process,1,InterPro2GO
IEA,GO_REF:0000002,GO:0007023,post-chaperonin tubulin folding pathway,1,InterPro2GO
IEA,GO_REF:0000002,GO:0007229,integrin-mediated signaling pathway,1,InterPro2GO
IEA,GO_REF:0000002,GO:0005546,"phosphatidylinositol-4,5-bisphosphate binding",1,InterPro2GO
IEA,GO_REF:0000002,GO:0030193,regulation of blood coagulation,1,InterPro2GO
IEA,GO_REF:0000002,GO:0004540,RNA nuclease activity,1,InterPro2GO
IEA,GO_REF:0000002,GO:0071163,DNA replication preinitiation complex assembly,1,InterPro2GO
IEA,GO_REF:0000002,GO:0019915,lipid storage,1,InterPro2GO
IEA,GO_REF:0000002,GO:0016594,glycine binding,1,InterPro2GO
IEA,GO_REF:0000002,GO:0015057,thrombin-activated receptor activity,1,InterPro2GO
IEA,GO_REF:0000002,GO:0031047,regulatory ncRNA-mediated gene silencing,1,InterPro2GO
IEA,GO_REF:0000002,GO:0032266,phosphatidylinositol-3-phosphate binding,1,InterPro2GO
IEA,GO_REF:0000002,GO:0061138,morphogenesis of a branching epithelium,1,InterPro2GO
IEA,GO_REF:0000002,GO:0051959,dynein light intermediate chain binding,1,InterPro2GO
IEA,GO_REF:0000002,GO:0050861,positive regulation of B cell receptor signaling pathway,1,InterPro2GO
IEA,GO_REF:0000002,GO:0006939,smooth muscle contraction,1,InterPro2GO
IEA,GO_REF:0000002,GO:0048255,mRNA stabilization,1,InterPro2GO
IEA,GO_REF:0000002,GO:0048011,neurotrophin TRK receptor signaling pathway,1,InterPro2GO
IEA,GO_REF:0000002,GO:0045577,regulation of B cell differentiation,1,InterPro2GO
IEA,GO_REF:0000002,GO:0043560,insulin receptor substrate binding,1,InterPro2GO
IEA,GO_REF:0000002,GO:0000900,mRNA regulatory element binding translation repressor activity,1,InterPro2GO
IEA,GO_REF:0000002,GO:0090730,Las1 complex,1,InterPro2GO
IEA,GO_REF:0000002,GO:0035303,regulation of dephosphorylation,1,InterPro2GO
IEA,GO_REF:0000002,GO:0070481,"nuclear-transcribed mRNA catabolic process, non-stop decay",1,InterPro2GO
IEA,GO_REF:0000002,GO:0034314,Arp2/3 complex-mediated actin nucleation,1,InterPro2GO
IEA,GO_REF:0000002,GO:0048193,Golgi vesicle transport,1,InterPro2GO
IEA,GO_REF:0000002,GO:0035542,regulation of SNARE complex assembly,1,InterPro2GO
IEA,GO_REF:0000002,GO:0036157,outer dynein arm,1,InterPro2GO
IEA,GO_REF:0000002,GO:0046294,formaldehyde catabolic process,1,InterPro2GO
IEA,GO_REF:0000002,GO:0043027,cysteine-type endopeptidase inhibitor activity involved in apoptotic process,1,InterPro2GO
IEA,GO_REF:0000002,GO:0042974,nuclear retinoic acid receptor binding,1,InterPro2GO
IEA,GO_REF:0000002,GO:0001530,lipopolysaccharide binding,1,InterPro2GO
IEA,GO_REF:0000002,GO:0043065,positive regulation of apoptotic process,1,InterPro2GO
IEA,GO_REF:0000002,GO:0120020,cholesterol transfer activity,1,InterPro2GO
IEA,GO_REF:0000002,GO:0150077,regulation of neuroinflammatory response,1,InterPro2GO
IEA,GO_REF:0000002,GO:0005697,telomerase holoenzyme complex,1,InterPro2GO
IEA,GO_REF:0000003,GO:0003925,G protein activity,37,EC2GO
IEA,GO_REF:0000003,GO:0061630,ubiquitin protein ligase activity,28,EC2GO
IEA,GO_REF:0000003,GO:0003724,RNA helicase activity,12,EC2GO
IEA,GO_REF:0000003,GO:0004693,cyclin-dependent protein serine/threonine kinase activity,9,EC2GO
IEA,GO_REF:0000003,GO:0061809,"NAD+ nucleosidase activity, cyclic ADP-ribose generating",8,EC2GO
IEA,GO_REF:0000003,GO:0004715,non-membrane spanning protein tyrosine kinase activity,8,EC2GO
IEA,GO_REF:0000003,GO:0004712,protein serine/threonine/tyrosine kinase activity,7,EC2GO
IEA,GO_REF:0000003,GO:0003678,DNA helicase activity,5,EC2GO
IEA,GO_REF:0000003,GO:0103068,leukotriene C4 gamma-glutamyl transferase activity,5,EC2GO
IEA,GO_REF:0000003,GO:0047044,"androstan-3-alpha,17-beta-diol dehydrogenase (NAD+) activity",5,EC2GO
IEA,GO_REF:0000003,GO:0120518,protein N-terminal-methionine acetyltransferase activity,4,EC2GO
IEA,GO_REF:0000003,GO:0106256,hydroperoxy icosatetraenoate dehydratase activity,4,EC2GO
IEA,GO_REF:0000003,GO:0003756,protein disulfide isomerase activity,3,EC2GO
IEA,GO_REF:0000003,GO:0009003,signal peptidase activity,3,EC2GO
IEA,GO_REF:0000003,GO:0008559,ABC-type xenobiotic transporter activity,3,EC2GO
IEA,GO_REF:0000003,GO:0008859,exoribonuclease II activity,2,EC2GO
IEA,GO_REF:0000003,GO:0047718,indanol dehydrogenase activity,2,EC2GO
IEA,GO_REF:0000003,GO:0008311,double-stranded DNA 3'-5' DNA exonuclease activity,2,EC2GO
IEA,GO_REF:0000003,GO:0106429,11-cis-retinol dehydrogenase (NAD+) activity,2,EC2GO
IEA,GO_REF:0000003,GO:0004697,diacylglycerol-dependent serine/threonine kinase activity,2,EC2GO
IEA,GO_REF:0000003,GO:0004674,protein serine/threonine kinase activity,2,EC2GO
IEA,GO_REF:0000003,GO:0016285,alanyl aminopeptidase activity,2,EC2GO
IEA,GO_REF:0000003,GO:0008843,endochitinase activity,1,EC2GO
IEA,GO_REF:0000003,GO:0003887,DNA-directed DNA polymerase activity,1,EC2GO
IEA,GO_REF:0000003,GO:0004339,"glucan 1,4-alpha-glucosidase activity",1,EC2GO
IEA,GO_REF:0000003,GO:0141016,G/T mismatch-specific thymine-DNA glycosylase activity,1,EC2GO
IEA,GO_REF:0000003,GO:0008239,dipeptidyl-peptidase activity,1,EC2GO
IEA,GO_REF:0000003,GO:0050241,pyrroline-2-carboxylate reductase activity,1,EC2GO
IEA,GO_REF:0000003,GO:0008412,4-hydroxybenzoate polyprenyltransferase activity,1,EC2GO
IEA,GO_REF:0000003,GO:0015431,ABC-type glutathione S-conjugate transporter activity,1,EC2GO
IEA,GO_REF:0000003,GO:0047034,15-hydroxyicosatetraenoate dehydrogenase activity,1,EC2GO
IEA,GO_REF:0000003,GO:0045130,keratan sulfotransferase activity,1,EC2GO
IEA,GO_REF:0000003,GO:0140326,ATPase-coupled intramembrane lipid transporter activity,1,EC2GO
IEA,GO_REF:0000003,GO:0004708,MAP kinase kinase activity,1,EC2GO
IEA,GO_REF:0000003,GO:0004528,phosphodiesterase I activity,1,EC2GO
IEA,GO_REF:0000003,GO:0016807,cysteine-type carboxypeptidase activity,1,EC2GO
IEA,GO_REF:0000003,GO:0004181,metallocarboxypeptidase activity,1,EC2GO
IEA,GO_REF:0000003,GO:0045174,glutathione dehydrogenase (ascorbate) activity,1,EC2GO
IEA,GO_REF:0000003,GO:0004683,calcium/calmodulin-dependent protein kinase activity,1,EC2GO
IEA,GO_REF:0000003,GO:0004522,ribonuclease A activity,1,EC2GO
IEA,GO_REF:0000003,GO:0033867,Fas-activated serine/threonine kinase activity,1,EC2GO
IEA,GO_REF:0000003,GO:0003987,acetate-CoA ligase activity,1,EC2GO
IEA,GO_REF:0000003,GO:0102033,long-chain fatty acid omega-hydroxylase activity,1,EC2GO
IEA,GO_REF:0000003,GO:0043138,3'-5' DNA helicase activity,1,EC2GO
IEA,GO_REF:0000003,GO:0003993,acid phosphatase activity,1,EC2GO
IEA,GO_REF:0000003,GO:0008474,palmitoyl-(protein) hydrolase activity,1,EC2GO
IEA,GO_REF:0000003,GO:0016920,pyroglutamyl-peptidase activity,1,EC2GO
IEA,GO_REF:0000003,GO:0004230,glutamyl aminopeptidase activity,1,EC2GO
IEA,GO_REF:0000003,GO:0047223,"beta-1,3-galactosyl-O-glycosyl-glycoprotein beta-1,3-N-acetylglucosaminyltransferase activity",1,EC2GO
IEA,GO_REF:0000003,GO:0004145,diamine N-acetyltransferase activity,1,EC2GO
IEA,GO_REF:0000003,GO:0140571,transmembrane ascorbate ferrireductase activity,1,EC2GO
IEA,GO_REF:0000003,GO:1990599,3' overhang single-stranded DNA endodeoxyribonuclease activity,1,EC2GO
IEA,GO_REF:0000003,GO:0004523,RNA-DNA hybrid ribonuclease activity,1,EC2GO
IEA,GO_REF:0000003,GO:0061654,NEDD8 conjugating enzyme activity,1,EC2GO
IEA,GO_REF:0000003,GO:0003846,2-acylglycerol O-acyltransferase activity,1,EC2GO
IEA,GO_REF:0000003,GO:0004239,initiator methionyl aminopeptidase activity,1,EC2GO
IEA,GO_REF:0000003,GO:0008568,microtubule severing ATPase activity,1,EC2GO
IEA,GO_REF:0000003,GO:0004709,MAP kinase kinase kinase activity,1,EC2GO
IEA,GO_REF:0000003,GO:0004144,diacylglycerol O-acyltransferase activity,1,EC2GO
IEA,GO_REF:0000003,GO:0016297,fatty acyl-[ACP] hydrolase activity,1,EC2GO
IEA,GO_REF:0000003,GO:0004063,aryldialkylphosphatase activity,1,EC2GO
IEA,GO_REF:0000003,GO:0045148,tripeptide aminopeptidase activity,1,EC2GO
IEA,GO_REF:0000003,GO:0106255,hydroperoxy icosatetraenoate isomerase activity,1,EC2GO
IEA,GO_REF:0000003,GO:0047860,diiodophenylpyruvate reductase (NAD+) activity,1,EC2GO
IEA,GO_REF:0000003,GO:0004843,cysteine-type deubiquitinase activity,1,EC2GO
IEA,GO_REF:0000041,GO:0016567,protein ubiquitination,113,UniProt UniPathway
IEA,GO_REF:0000041,GO:0016024,CDP-diacylglycerol biosynthetic process,10,UniProt UniPathway
IEA,GO_REF:0000041,GO:0042572,retinol metabolic process,9,UniProt UniPathway
IEA,GO_REF:0000041,GO:0006198,cAMP catabolic process,8,UniProt UniPathway
IEA,GO_REF:0000041,GO:0019563,glycerol catabolic process,5,UniProt UniPathway
IEA,GO_REF:0000041,GO:0006068,ethanol catabolic process,4,UniProt UniPathway
IEA,GO_REF:0000041,GO:0016925,protein sumoylation,4,UniProt UniPathway
IEA,GO_REF:0000041,GO:0019557,L-histidine catabolic process to glutamate and formate,4,UniProt UniPathway
IEA,GO_REF:0000041,GO:0030210,heparin proteoglycan biosynthetic process,4,UniProt UniPathway
IEA,GO_REF:0000041,GO:0008203,cholesterol metabolic process,4,UniProt UniPathway
IEA,GO_REF:0000041,GO:0033512,L-lysine catabolic process to acetyl-CoA via saccharopine,3,UniProt UniPathway
IEA,GO_REF:0000041,GO:0097053,L-kynurenine catabolic process,3,UniProt UniPathway
IEA,GO_REF:0000041,GO:0019556,L-histidine catabolic process to glutamate and formamide,3,UniProt UniPathway
IEA,GO_REF:0000041,GO:0006631,fatty acid metabolic process,3,UniProt UniPathway
IEA,GO_REF:0000041,GO:0015012,heparan sulfate proteoglycan biosynthetic process,2,UniProt UniPathway
IEA,GO_REF:0000041,GO:0046069,cGMP catabolic process,2,UniProt UniPathway
IEA,GO_REF:0000041,GO:0044206,UMP salvage,2,UniProt UniPathway
IEA,GO_REF:0000041,GO:0046488,phosphatidylinositol metabolic process,2,UniProt UniPathway
IEA,GO_REF:0000041,GO:0044210,'de novo' CTP biosynthetic process,2,UniProt UniPathway
IEA,GO_REF:0000041,GO:0019285,glycine betaine biosynthetic process from choline,2,UniProt UniPathway
IEA,GO_REF:0000041,GO:0033384,geranyl diphosphate biosynthetic process,2,UniProt UniPathway
IEA,GO_REF:0000041,GO:0006579,amino-acid betaine catabolic process,2,UniProt UniPathway
IEA,GO_REF:0000041,GO:0006045,N-acetylglucosamine biosynthetic process,2,UniProt UniPathway
IEA,GO_REF:0000041,GO:0006782,protoporphyrinogen IX biosynthetic process,2,UniProt UniPathway
IEA,GO_REF:0000041,GO:0031408,oxylipin biosynthetic process,2,UniProt UniPathway
IEA,GO_REF:0000041,GO:0050992,dimethylallyl diphosphate biosynthetic process,2,UniProt UniPathway
IEA,GO_REF:0000041,GO:0042853,L-alanine catabolic process,2,UniProt UniPathway
IEA,GO_REF:0000041,GO:0006635,fatty acid beta-oxidation,2,UniProt UniPathway
IEA,GO_REF:0000041,GO:0006703,estrogen biosynthetic process,2,UniProt UniPathway
IEA,GO_REF:0000041,GO:0006021,inositol biosynthetic process,2,UniProt UniPathway
IEA,GO_REF:0000041,GO:0006636,unsaturated fatty acid biosynthetic process,1,UniProt UniPathway
IEA,GO_REF:0000041,GO:0006235,dTTP biosynthetic process,1,UniProt UniPathway
IEA,GO_REF:0000041,GO:0019433,triglyceride catabolic process,1,UniProt UniPathway
IEA,GO_REF:0000041,GO:0046486,glycerolipid metabolic process,1,UniProt UniPathway
IEA,GO_REF:0000041,GO:0044211,CTP salvage,1,UniProt UniPathway
IEA,GO_REF:0000041,GO:0009447,putrescine catabolic process,1,UniProt UniPathway
IEA,GO_REF:0000041,GO:0006545,glycine biosynthetic process,1,UniProt UniPathway
IEA,GO_REF:0000041,GO:0061370,testosterone biosynthetic process,1,UniProt UniPathway
IEA,GO_REF:0000041,GO:0006119,oxidative phosphorylation,1,UniProt UniPathway
IEA,GO_REF:0000041,GO:0055129,L-proline biosynthetic process,1,UniProt UniPathway
IEA,GO_REF:0000041,GO:0006568,L-tryptophan metabolic process,1,UniProt UniPathway
IEA,GO_REF:0000041,GO:0000050,urea cycle,1,UniProt UniPathway
IEA,GO_REF:0000041,GO:0043161,proteasome-mediated ubiquitin-dependent protein catabolic process,1,UniProt UniPathway
IEA,GO_REF:0000041,GO:0006633,fatty acid biosynthetic process,1,UniProt UniPathway
IEA,GO_REF:0000041,GO:0042418,epinephrine biosynthetic process,1,UniProt UniPathway
IEA,GO_REF:0000041,GO:0019369,arachidonate metabolic process,1,UniProt UniPathway
IEA,GO_REF:0000041,GO:0006094,gluconeogenesis,1,UniProt UniPathway
IEA,GO_REF:0000041,GO:0019483,beta-alanine biosynthetic process,1,UniProt UniPathway
IEA,GO_REF:0000041,GO:0006574,L-valine catabolic process,1,UniProt UniPathway
IEA,GO_REF:0000041,GO:2001295,malonyl-CoA biosynthetic process,1,UniProt UniPathway
IEA,GO_REF:0000041,GO:0006749,glutathione metabolic process,1,UniProt UniPathway
IEA,GO_REF:0000041,GO:0046386,deoxyribose phosphate catabolic process,1,UniProt UniPathway
IEA,GO_REF:0000041,GO:0006665,sphingolipid metabolic process,1,UniProt UniPathway
IEA,GO_REF:0000041,GO:0045337,farnesyl diphosphate biosynthetic process,1,UniProt UniPathway
IEA,GO_REF:0000041,GO:0006054,N-acetylneuraminate metabolic process,1,UniProt UniPathway
IEA,GO_REF:0000043,GO:0046872,metal ion binding,2288,UniProt Keywords
IEA,GO_REF:0000043,GO:0008270,zinc ion binding,1300,UniProt Keywords
IEA,GO_REF:0000043,GO:0000166,nucleotide binding,360,UniProt Keywords
IEA,GO_REF:0000043,GO:0002250,adaptive immune response,350,UniProt Keywords
IEA,GO_REF:0000043,GO:0030154,cell differentiation,341,UniProt Keywords
IEA,GO_REF:0000043,GO:0005524,ATP binding,320,UniProt Keywords
IEA,GO_REF:0000043,GO:0051301,cell division,319,UniProt Keywords
IEA,GO_REF:0000043,GO:0002376,immune system process,296,UniProt Keywords
IEA,GO_REF:0000043,GO:0015031,protein transport,292,UniProt Keywords
IEA,GO_REF:0000043,GO:0006915,apoptotic process,280,UniProt Keywords
IEA,GO_REF:0000043,GO:0045087,innate immune response,239,UniProt Keywords
IEA,GO_REF:0000043,GO:0003677,DNA binding,233,UniProt Keywords
IEA,GO_REF:0000043,GO:0042101,T cell receptor complex,128,UniProt Keywords
IEA,GO_REF:0000043,GO:0005874,microtubule,124,UniProt Keywords
IEA,GO_REF:0000043,GO:0016055,Wnt signaling pathway,113,UniProt Keywords
IEA,GO_REF:0000043,GO:0006397,mRNA processing,111,UniProt Keywords
IEA,GO_REF:0000043,GO:0098552,side of membrane,105,UniProt Keywords
IEA,GO_REF:0000043,GO:0007155,cell adhesion,103,UniProt Keywords
IEA,GO_REF:0000043,GO:0007283,spermatogenesis,101,UniProt Keywords
IEA,GO_REF:0000043,GO:0030246,carbohydrate binding,99,UniProt Keywords
IEA,GO_REF:0000043,GO:0006508,proteolysis,98,UniProt Keywords
IEA,GO_REF:0000043,GO:0006954,inflammatory response,96,UniProt Keywords
IEA,GO_REF:0000043,GO:0016787,hydrolase activity,94,UniProt Keywords
IEA,GO_REF:0000043,GO:0001525,angiogenesis,86,UniProt Keywords
IEA,GO_REF:0000043,GO:0019814,immunoglobulin complex,84,UniProt Keywords
IEA,GO_REF:0000043,GO:0006281,DNA repair,83,UniProt Keywords
IEA,GO_REF:0000043,GO:0006629,lipid metabolic process,83,UniProt Keywords
IEA,GO_REF:0000043,GO:0032259,methylation,81,UniProt Keywords
IEA,GO_REF:0000043,GO:0005516,calmodulin binding,80,UniProt Keywords
IEA,GO_REF:0000043,GO:0008380,RNA splicing,74,UniProt Keywords
IEA,GO_REF:0000043,GO:0007399,nervous system development,71,UniProt Keywords
IEA,GO_REF:0000043,GO:0003723,RNA binding,69,UniProt Keywords
IEA,GO_REF:0000043,GO:0006914,autophagy,65,UniProt Keywords
IEA,GO_REF:0000043,GO:0048511,rhythmic process,64,UniProt Keywords
IEA,GO_REF:0000043,GO:0006974,DNA damage response,58,UniProt Keywords
IEA,GO_REF:0000043,GO:0003779,actin binding,58,UniProt Keywords
IEA,GO_REF:0000043,GO:0051607,defense response to virus,58,UniProt Keywords
IEA,GO_REF:0000043,GO:0008289,lipid binding,57,UniProt Keywords
IEA,GO_REF:0000043,GO:0051028,mRNA transport,56,UniProt Keywords
IEA,GO_REF:0000043,GO:0005882,intermediate filament,55,UniProt Keywords
IEA,GO_REF:0000043,GO:0006325,chromatin organization,52,UniProt Keywords
IEA,GO_REF:0000043,GO:0017124,SH3 domain binding,49,UniProt Keywords
IEA,GO_REF:0000043,GO:0005525,GTP binding,49,UniProt Keywords
IEA,GO_REF:0000043,GO:0001618,virus receptor activity,47,UniProt Keywords
IEA,GO_REF:0000043,GO:0005581,collagen trimer,47,UniProt Keywords
IEA,GO_REF:0000043,GO:0006811,monoatomic ion transport,46,UniProt Keywords
IEA,GO_REF:0000043,GO:0007601,visual perception,44,UniProt Keywords
IEA,GO_REF:0000043,GO:0006897,endocytosis,43,UniProt Keywords
IEA,GO_REF:0000043,GO:0034707,chloride channel complex,40,UniProt Keywords
IEA,GO_REF:0000043,GO:0051781,positive regulation of cell division,39,UniProt Keywords
IEA,GO_REF:0000043,GO:0008201,heparin binding,38,UniProt Keywords
IEA,GO_REF:0000043,GO:0034702,monoatomic ion channel complex,36,UniProt Keywords
IEA,GO_REF:0000043,GO:0016042,lipid catabolic process,35,UniProt Keywords
IEA,GO_REF:0000043,GO:0031424,keratinization,35,UniProt Keywords
IEA,GO_REF:0000043,GO:0030030,cell projection organization,34,UniProt Keywords
IEA,GO_REF:0000043,GO:0007517,muscle organ development,34,UniProt Keywords
IEA,GO_REF:0000043,GO:0016740,transferase activity,34,UniProt Keywords
IEA,GO_REF:0000043,GO:0051321,meiotic cell cycle,34,UniProt Keywords
IEA,GO_REF:0000043,GO:0006417,regulation of translation,32,UniProt Keywords
IEA,GO_REF:0000043,GO:0006310,DNA recombination,31,UniProt Keywords
IEA,GO_REF:0000043,GO:0075523,viral translational frameshifting,29,UniProt Keywords
IEA,GO_REF:0000043,GO:0031410,cytoplasmic vesicle,29,UniProt Keywords
IEA,GO_REF:0000043,GO:0008083,growth factor activity,28,UniProt Keywords
IEA,GO_REF:0000043,GO:0005125,cytokine activity,28,UniProt Keywords
IEA,GO_REF:0000043,GO:0005096,GTPase activator activity,27,UniProt Keywords
IEA,GO_REF:0000043,GO:0006869,lipid transport,27,UniProt Keywords
IEA,GO_REF:0000043,GO:0006935,chemotaxis,25,UniProt Keywords
IEA,GO_REF:0000043,GO:0016779,nucleotidyltransferase activity,25,UniProt Keywords
IEA,GO_REF:0000043,GO:0006260,DNA replication,24,UniProt Keywords
IEA,GO_REF:0000043,GO:0051536,iron-sulfur cluster binding,24,UniProt Keywords
IEA,GO_REF:0000043,GO:0015293,symporter activity,24,UniProt Keywords
IEA,GO_REF:0000043,GO:0008202,steroid metabolic process,23,UniProt Keywords
IEA,GO_REF:0000043,GO:0016491,oxidoreductase activity,22,UniProt Keywords
IEA,GO_REF:0000043,GO:1990904,ribonucleoprotein complex,22,UniProt Keywords
IEA,GO_REF:0000043,GO:0006364,rRNA processing,22,UniProt Keywords
IEA,GO_REF:0000043,GO:0015297,antiporter activity,21,UniProt Keywords
IEA,GO_REF:0000043,GO:0007338,single fertilization,20,UniProt Keywords
IEA,GO_REF:0000043,GO:0006887,exocytosis,20,UniProt Keywords
IEA,GO_REF:0000043,GO:0007219,Notch signaling pathway,20,UniProt Keywords
IEA,GO_REF:0000043,GO:0006958,"complement activation, classical pathway",20,UniProt Keywords
IEA,GO_REF:0000043,GO:0001503,ossification,19,UniProt Keywords
IEA,GO_REF:0000043,GO:0006986,response to unfolded protein,19,UniProt Keywords
IEA,GO_REF:0000043,GO:0004930,G protein-coupled receptor activity,19,UniProt Keywords
IEA,GO_REF:0000043,GO:0042742,defense response to bacterium,19,UniProt Keywords
IEA,GO_REF:0000043,GO:0008203,cholesterol metabolic process,18,UniProt Keywords
IEA,GO_REF:0000043,GO:0000776,kinetochore,17,UniProt Keywords
IEA,GO_REF:0000043,GO:0043005,neuron projection,17,UniProt Keywords
IEA,GO_REF:0000043,GO:0006631,fatty acid metabolic process,17,UniProt Keywords
IEA,GO_REF:0000043,GO:0031214,biomineral tissue development,17,UniProt Keywords
IEA,GO_REF:0000043,GO:0000049,tRNA binding,17,UniProt Keywords
IEA,GO_REF:0000043,GO:0007059,chromosome segregation,16,UniProt Keywords
IEA,GO_REF:0000043,GO:0006694,steroid biosynthetic process,16,UniProt Keywords
IEA,GO_REF:0000043,GO:0005615,extracellular space,16,UniProt Keywords
IEA,GO_REF:0000043,GO:0009968,negative regulation of signal transduction,16,UniProt Keywords
IEA,GO_REF:0000043,GO:0051539,"4 iron, 4 sulfur cluster binding",15,UniProt Keywords
IEA,GO_REF:0000043,GO:0004867,serine-type endopeptidase inhibitor activity,15,UniProt Keywords
IEA,GO_REF:0000043,GO:0030414,peptidase inhibitor activity,14,UniProt Keywords
IEA,GO_REF:0000043,GO:0006953,acute-phase response,14,UniProt Keywords
IEA,GO_REF:0000043,GO:0006909,phagocytosis,14,UniProt Keywords
IEA,GO_REF:0000043,GO:0005977,glycogen metabolic process,13,UniProt Keywords
IEA,GO_REF:0000043,GO:0008360,regulation of cell shape,13,UniProt Keywords
IEA,GO_REF:0000043,GO:0016301,kinase activity,13,UniProt Keywords
IEA,GO_REF:0000043,GO:0031640,killing of cells of another organism,13,UniProt Keywords
IEA,GO_REF:0000043,GO:0007186,G protein-coupled receptor signaling pathway,12,UniProt Keywords
IEA,GO_REF:0000043,GO:0005681,spliceosomal complex,12,UniProt Keywords
IEA,GO_REF:0000043,GO:0006633,fatty acid biosynthetic process,12,UniProt Keywords
IEA,GO_REF:0000043,GO:0008168,methyltransferase activity,12,UniProt Keywords
IEA,GO_REF:0000043,GO:0007218,neuropeptide signaling pathway,12,UniProt Keywords
IEA,GO_REF:0000043,GO:0031047,regulatory ncRNA-mediated gene silencing,11,UniProt Keywords
IEA,GO_REF:0000043,GO:0004864,protein phosphatase inhibitor activity,11,UniProt Keywords
IEA,GO_REF:0000043,GO:0007596,blood coagulation,11,UniProt Keywords
IEA,GO_REF:0000043,GO:0004386,helicase activity,11,UniProt Keywords
IEA,GO_REF:0000043,GO:0007599,hemostasis,11,UniProt Keywords
IEA,GO_REF:0000043,GO:0051216,cartilage development,11,UniProt Keywords
IEA,GO_REF:0000043,GO:0052689,carboxylic ester hydrolase activity,11,UniProt Keywords
IEA,GO_REF:0000043,GO:0004518,nuclease activity,10,UniProt Keywords
IEA,GO_REF:0000043,GO:0016829,lyase activity,10,UniProt Keywords
IEA,GO_REF:0000043,GO:0006836,neurotransmitter transport,10,UniProt Keywords
IEA,GO_REF:0000043,GO:0016918,retinal binding,9,UniProt Keywords
IEA,GO_REF:0000043,GO:0000184,"nuclear-transcribed mRNA catabolic process, nonsense-mediated decay",9,UniProt Keywords
IEA,GO_REF:0000043,GO:0004519,endonuclease activity,9,UniProt Keywords
IEA,GO_REF:0000043,GO:0042254,ribosome biogenesis,9,UniProt Keywords
IEA,GO_REF:0000043,GO:0051726,regulation of cell cycle,9,UniProt Keywords
IEA,GO_REF:0000043,GO:0051693,actin filament capping,9,UniProt Keywords
IEA,GO_REF:0000043,GO:0007506,gonadal mesoderm development,9,UniProt Keywords
IEA,GO_REF:0000043,GO:0000502,proteasome complex,9,UniProt Keywords
IEA,GO_REF:0000043,GO:0006730,one-carbon metabolic process,9,UniProt Keywords
IEA,GO_REF:0000043,GO:0019843,rRNA binding,9,UniProt Keywords
IEA,GO_REF:0000043,GO:0007605,sensory perception of sound,8,UniProt Keywords
IEA,GO_REF:0000043,GO:0008033,tRNA processing,8,UniProt Keywords
IEA,GO_REF:0000043,GO:0016126,sterol biosynthetic process,8,UniProt Keywords
IEA,GO_REF:0000043,GO:0005179,hormone activity,8,UniProt Keywords
IEA,GO_REF:0000043,GO:0043249,erythrocyte maturation,8,UniProt Keywords
IEA,GO_REF:0000043,GO:0070588,calcium ion transmembrane transport,8,UniProt Keywords
IEA,GO_REF:0000043,GO:0008233,peptidase activity,8,UniProt Keywords
IEA,GO_REF:0000043,GO:0006412,translation,8,UniProt Keywords
IEA,GO_REF:0000043,GO:0005262,calcium channel activity,8,UniProt Keywords
IEA,GO_REF:0000043,GO:0006816,calcium ion transport,8,UniProt Keywords
IEA,GO_REF:0000043,GO:0016853,isomerase activity,8,UniProt Keywords
IEA,GO_REF:0000043,GO:0005496,steroid binding,7,UniProt Keywords
IEA,GO_REF:0000043,GO:0050832,defense response to fungus,7,UniProt Keywords
IEA,GO_REF:0000043,GO:0006006,glucose metabolic process,7,UniProt Keywords
IEA,GO_REF:0000043,GO:0019841,retinol binding,7,UniProt Keywords
IEA,GO_REF:0000043,GO:0007586,digestion,7,UniProt Keywords
IEA,GO_REF:0000043,GO:0004674,protein serine/threonine kinase activity,7,UniProt Keywords
IEA,GO_REF:0000043,GO:0051537,"2 iron, 2 sulfur cluster binding",7,UniProt Keywords
IEA,GO_REF:0000043,GO:0042446,hormone biosynthetic process,7,UniProt Keywords
IEA,GO_REF:0000043,GO:0007369,gastrulation,7,UniProt Keywords
IEA,GO_REF:0000043,GO:0048477,oogenesis,7,UniProt Keywords
IEA,GO_REF:0000043,GO:0034364,high-density lipoprotein particle,7,UniProt Keywords
IEA,GO_REF:0000043,GO:0008654,phospholipid biosynthetic process,6,UniProt Keywords
IEA,GO_REF:0000043,GO:0019236,response to pheromone,6,UniProt Keywords
IEA,GO_REF:0000043,GO:0006865,amino acid transport,6,UniProt Keywords
IEA,GO_REF:0000043,GO:0034362,low-density lipoprotein particle,6,UniProt Keywords
IEA,GO_REF:0000043,GO:0006814,sodium ion transport,6,UniProt Keywords
IEA,GO_REF:0000043,GO:0051213,dioxygenase activity,6,UniProt Keywords
IEA,GO_REF:0000043,GO:0004869,cysteine-type endopeptidase inhibitor activity,6,UniProt Keywords
IEA,GO_REF:0000043,GO:0006957,"complement activation, alternative pathway",6,UniProt Keywords
IEA,GO_REF:0000043,GO:0016874,ligase activity,6,UniProt Keywords
IEA,GO_REF:0000043,GO:0005085,guanyl-nucleotide exchange factor activity,5,UniProt Keywords
IEA,GO_REF:0000043,GO:0042730,fibrinolysis,5,UniProt Keywords
IEA,GO_REF:0000043,GO:0005905,clathrin-coated pit,5,UniProt Keywords
IEA,GO_REF:0000043,GO:0015288,porin activity,5,UniProt Keywords
IEA,GO_REF:0000043,GO:0034361,very-low-density lipoprotein particle,5,UniProt Keywords
IEA,GO_REF:0000043,GO:0004177,aminopeptidase activity,5,UniProt Keywords
IEA,GO_REF:0000043,GO:0043303,mast cell degranulation,5,UniProt Keywords
IEA,GO_REF:0000043,GO:0006695,cholesterol biosynthetic process,5,UniProt Keywords
IEA,GO_REF:0000043,GO:0030552,cAMP binding,5,UniProt Keywords
IEA,GO_REF:0000043,GO:0019838,growth factor binding,5,UniProt Keywords
IEA,GO_REF:0000043,GO:0006071,glycerol metabolic process,5,UniProt Keywords
IEA,GO_REF:0000043,GO:0016192,vesicle-mediated transport,5,UniProt Keywords
IEA,GO_REF:0000043,GO:0030261,chromosome condensation,5,UniProt Keywords
IEA,GO_REF:0000043,GO:0042744,hydrogen peroxide catabolic process,5,UniProt Keywords
IEA,GO_REF:0000043,GO:0030574,collagen catabolic process,5,UniProt Keywords
IEA,GO_REF:0000043,GO:0008652,amino acid biosynthetic process,4,UniProt Keywords
IEA,GO_REF:0000043,GO:0034220,monoatomic ion transmembrane transport,4,UniProt Keywords
IEA,GO_REF:0000043,GO:0042113,B cell activation,4,UniProt Keywords
IEA,GO_REF:0000043,GO:0005272,sodium channel activity,4,UniProt Keywords
IEA,GO_REF:0000043,GO:0005499,vitamin D binding,4,UniProt Keywords
IEA,GO_REF:0000043,GO:0042612,MHC class I protein complex,4,UniProt Keywords
IEA,GO_REF:0000043,GO:0048771,tissue remodeling,4,UniProt Keywords
IEA,GO_REF:0000043,GO:0032982,myosin filament,4,UniProt Keywords
IEA,GO_REF:0000043,GO:0012501,programmed cell death,4,UniProt Keywords
IEA,GO_REF:0000043,GO:0004180,carboxypeptidase activity,4,UniProt Keywords
IEA,GO_REF:0000043,GO:0097746,blood vessel diameter maintenance,4,UniProt Keywords
IEA,GO_REF:0000043,GO:0004721,phosphoprotein phosphatase activity,4,UniProt Keywords
IEA,GO_REF:0000043,GO:0003746,translation elongation factor activity,4,UniProt Keywords
IEA,GO_REF:0000043,GO:0046930,pore complex,4,UniProt Keywords
IEA,GO_REF:0000043,GO:0009636,response to toxic substance,4,UniProt Keywords
IEA,GO_REF:0000043,GO:0009117,nucleotide metabolic process,4,UniProt Keywords
IEA,GO_REF:0000043,GO:0006750,glutathione biosynthetic process,4,UniProt Keywords
IEA,GO_REF:0000043,GO:0071897,DNA biosynthetic process,4,UniProt Keywords
IEA,GO_REF:0000043,GO:0005254,chloride channel activity,4,UniProt Keywords
IEA,GO_REF:0000043,GO:0006004,fucose metabolic process,3,UniProt Keywords
IEA,GO_REF:0000043,GO:0006353,DNA-templated transcription termination,3,UniProt Keywords
IEA,GO_REF:0000043,GO:0007608,sensory perception of smell,3,UniProt Keywords
IEA,GO_REF:0000043,GO:0006824,cobalt ion transport,3,UniProt Keywords
IEA,GO_REF:0000043,GO:0016209,antioxidant activity,3,UniProt Keywords
IEA,GO_REF:0000043,GO:0000786,nucleosome,3,UniProt Keywords
IEA,GO_REF:0000043,GO:0005267,potassium channel activity,3,UniProt Keywords
IEA,GO_REF:0000043,GO:0031419,cobalamin binding,3,UniProt Keywords
IEA,GO_REF:0000043,GO:0046718,symbiont entry into host cell,3,UniProt Keywords
IEA,GO_REF:0000043,GO:0007548,sex differentiation,3,UniProt Keywords
IEA,GO_REF:0000043,GO:0006099,tricarboxylic acid cycle,3,UniProt Keywords
IEA,GO_REF:0000043,GO:0048038,quinone binding,3,UniProt Keywords
IEA,GO_REF:0000043,GO:0006414,translational elongation,3,UniProt Keywords
IEA,GO_REF:0000043,GO:0008237,metallopeptidase activity,3,UniProt Keywords
IEA,GO_REF:0000043,GO:0004527,exonuclease activity,3,UniProt Keywords
IEA,GO_REF:0000043,GO:0042627,chylomicron,3,UniProt Keywords
IEA,GO_REF:0000043,GO:0006096,glycolytic process,3,UniProt Keywords
IEA,GO_REF:0000043,GO:0042438,melanin biosynthetic process,3,UniProt Keywords
IEA,GO_REF:0000043,GO:0030286,dynein complex,3,UniProt Keywords
IEA,GO_REF:0000043,GO:0004860,protein kinase inhibitor activity,3,UniProt Keywords
IEA,GO_REF:0000043,GO:0006783,heme biosynthetic process,3,UniProt Keywords
IEA,GO_REF:0000043,GO:0006754,ATP biosynthetic process,3,UniProt Keywords
IEA,GO_REF:0000043,GO:0031418,L-ascorbic acid binding,3,UniProt Keywords
IEA,GO_REF:0000043,GO:0006826,iron ion transport,3,UniProt Keywords
IEA,GO_REF:0000043,GO:0007585,respiratory gaseous exchange by respiratory system,3,UniProt Keywords
IEA,GO_REF:0000043,GO:0007165,signal transduction,3,UniProt Keywords
IEA,GO_REF:0000043,GO:0006144,purine nucleobase metabolic process,3,UniProt Keywords
IEA,GO_REF:0000043,GO:0016798,"hydrolase activity, acting on glycosyl bonds",2,UniProt Keywords
IEA,GO_REF:0000043,GO:0006166,purine ribonucleoside salvage,2,UniProt Keywords
IEA,GO_REF:0000043,GO:0007595,lactation,2,UniProt Keywords
IEA,GO_REF:0000043,GO:0001660,fever generation,2,UniProt Keywords
IEA,GO_REF:0000043,GO:0042245,RNA repair,2,UniProt Keywords
IEA,GO_REF:0000043,GO:0006596,polyamine biosynthetic process,2,UniProt Keywords
IEA,GO_REF:0000043,GO:0001515,opioid peptide activity,2,UniProt Keywords
IEA,GO_REF:0000043,GO:0006813,potassium ion transport,2,UniProt Keywords
IEA,GO_REF:0000043,GO:0030553,cGMP binding,2,UniProt Keywords
IEA,GO_REF:0000043,GO:0016757,glycosyltransferase activity,2,UniProt Keywords
IEA,GO_REF:0000043,GO:0006952,defense response,2,UniProt Keywords
IEA,GO_REF:0000043,GO:0005542,folic acid binding,2,UniProt Keywords
IEA,GO_REF:0000043,GO:0030573,bile acid catabolic process,2,UniProt Keywords
IEA,GO_REF:0000043,GO:0000272,polysaccharide catabolic process,2,UniProt Keywords
IEA,GO_REF:0000043,GO:0030500,regulation of bone mineralization,2,UniProt Keywords
IEA,GO_REF:0000043,GO:0042311,vasodilation,2,UniProt Keywords
IEA,GO_REF:0000043,GO:0042310,vasoconstriction,2,UniProt Keywords
IEA,GO_REF:0000043,GO:0005978,glycogen biosynthetic process,2,UniProt Keywords
IEA,GO_REF:0000043,GO:0016746,acyltransferase activity,2,UniProt Keywords
IEA,GO_REF:0000043,GO:0006584,catecholamine metabolic process,2,UniProt Keywords
IEA,GO_REF:0000043,GO:0004497,monooxygenase activity,2,UniProt Keywords
IEA,GO_REF:0000043,GO:0071805,potassium ion transmembrane transport,2,UniProt Keywords
IEA,GO_REF:0000043,GO:0019864,IgG binding,2,UniProt Keywords
IEA,GO_REF:0000043,GO:0000428,DNA-directed RNA polymerase complex,2,UniProt Keywords
IEA,GO_REF:0000043,GO:0075732,viral penetration into host nucleus,2,UniProt Keywords
IEA,GO_REF:0000043,GO:0016831,carboxy-lyase activity,2,UniProt Keywords
IEA,GO_REF:0000043,GO:0007268,chemical synaptic transmission,2,UniProt Keywords
IEA,GO_REF:0000043,GO:0006097,glyoxylate cycle,2,UniProt Keywords
IEA,GO_REF:0000043,GO:0019834,phospholipase A2 inhibitor activity,2,UniProt Keywords
IEA,GO_REF:0000043,GO:0003743,translation initiation factor activity,1,UniProt Keywords
IEA,GO_REF:0000043,GO:0005840,ribosome,1,UniProt Keywords
IEA,GO_REF:0000043,GO:0015833,peptide transport,1,UniProt Keywords
IEA,GO_REF:0000043,GO:0004713,protein tyrosine kinase activity,1,UniProt Keywords
IEA,GO_REF:0000043,GO:0009086,methionine biosynthetic process,1,UniProt Keywords
IEA,GO_REF:0000043,GO:0042732,D-xylose metabolic process,1,UniProt Keywords
IEA,GO_REF:0000043,GO:0006304,DNA modification,1,UniProt Keywords
IEA,GO_REF:0000043,GO:0075606,transport of viral material towards nucleus,1,UniProt Keywords
IEA,GO_REF:0000043,GO:0008217,regulation of blood pressure,1,UniProt Keywords
IEA,GO_REF:0000043,GO:0006825,copper ion transport,1,UniProt Keywords
IEA,GO_REF:0000043,GO:0050688,regulation of defense response to virus,1,UniProt Keywords
IEA,GO_REF:0000043,GO:0042423,catecholamine biosynthetic process,1,UniProt Keywords
IEA,GO_REF:0000043,GO:0008483,transaminase activity,1,UniProt Keywords
IEA,GO_REF:0000043,GO:0016805,dipeptidase activity,1,UniProt Keywords
IEA,GO_REF:0000043,GO:0045259,proton-transporting ATP synthase complex,1,UniProt Keywords
IEA,GO_REF:0000043,GO:0007565,female pregnancy,1,UniProt Keywords
IEA,GO_REF:0000043,GO:0075521,microtubule-dependent intracellular transport of viral material towards nucleus,1,UniProt Keywords
IEA,GO_REF:0000043,GO:0009395,phospholipid catabolic process,1,UniProt Keywords
IEA,GO_REF:0000043,GO:0006164,purine nucleotide biosynthetic process,1,UniProt Keywords
IEA,GO_REF:0000043,GO:0008156,negative regulation of DNA replication,1,UniProt Keywords
IEA,GO_REF:0000043,GO:0019828,aspartic-type endopeptidase inhibitor activity,1,UniProt Keywords
IEA,GO_REF:0000043,GO:0017148,negative regulation of translation,1,UniProt Keywords
IEA,GO_REF:0000043,GO:0002474,antigen processing and presentation of peptide antigen via MHC class I,1,UniProt Keywords
IEA,GO_REF:0000043,GO:0008236,serine-type peptidase activity,1,UniProt Keywords
IEA,GO_REF:0000043,GO:0005537,D-mannose binding,1,UniProt Keywords
IEA,GO_REF:0000043,GO:0006370,7-methylguanosine mRNA capping,1,UniProt Keywords
IEA,GO_REF:0000043,GO:0005544,calcium-dependent phospholipid binding,1,UniProt Keywords
IEA,GO_REF:0000043,GO:0006572,L-tyrosine catabolic process,1,UniProt Keywords
IEA,GO_REF:0000043,GO:0031427,response to methotrexate,1,UniProt Keywords
IEA,GO_REF:0000043,GO:0050909,sensory perception of taste,1,UniProt Keywords
IEA,GO_REF:0000043,GO:0008234,cysteine-type peptidase activity,1,UniProt Keywords
IEA,GO_REF:0000044,GO:0016020,membrane,550,UniProt Subcellular
IEA,GO_REF:0000044,GO:0005634,nucleus,475,UniProt Subcellular
IEA,GO_REF:0000044,GO:0005886,plasma membrane,434,UniProt Subcellular
IEA,GO_REF:0000044,GO:0005737,cytoplasm,430,UniProt Subcellular
IEA,GO_REF:0000044,GO:0005576,extracellular region,384,UniProt Subcellular
IEA,GO_REF:0000044,GO:0005789,endoplasmic reticulum membrane,280,UniProt Subcellular
IEA,GO_REF:0000044,GO:0000139,Golgi membrane,185,UniProt Subcellular
IEA,GO_REF:0000044,GO:0048471,perinuclear region of cytoplasm,171,UniProt Subcellular
IEA,GO_REF:0000044,GO:0005856,cytoskeleton,155,UniProt Subcellular
IEA,GO_REF:0000044,GO:0005783,endoplasmic reticulum,112,UniProt Subcellular
IEA,GO_REF:0000044,GO:0005730,nucleolus,110,UniProt Subcellular
IEA,GO_REF:0000044,GO:0005794,Golgi apparatus,98,UniProt Subcellular
IEA,GO_REF:0000044,GO:0005829,cytosol,94,UniProt Subcellular
IEA,GO_REF:0000044,GO:0005694,chromosome,79,UniProt Subcellular
IEA,GO_REF:0000044,GO:0005813,centrosome,78,UniProt Subcellular
IEA,GO_REF:0000044,GO:0043204,perikaryon,76,UniProt Subcellular
IEA,GO_REF:0000044,GO:0030659,cytoplasmic vesicle membrane,72,UniProt Subcellular
IEA,GO_REF:0000044,GO:0016607,nuclear speck,72,UniProt Subcellular
IEA,GO_REF:0000044,GO:0031901,early endosome membrane,71,UniProt Subcellular
IEA,GO_REF:0000044,GO:0030425,dendrite,71,UniProt Subcellular
IEA,GO_REF:0000044,GO:0042470,melanosome,70,UniProt Subcellular
IEA,GO_REF:0000044,GO:0031902,late endosome membrane,67,UniProt Subcellular
IEA,GO_REF:0000044,GO:0010008,endosome membrane,65,UniProt Subcellular
IEA,GO_REF:0000044,GO:0005765,lysosomal membrane,64,UniProt Subcellular
IEA,GO_REF:0000044,GO:0005739,mitochondrion,63,UniProt Subcellular
IEA,GO_REF:0000044,GO:0016324,apical plasma membrane,62,UniProt Subcellular
IEA,GO_REF:0000044,GO:0030424,axon,57,UniProt Subcellular
IEA,GO_REF:0000044,GO:0005938,cell cortex,54,UniProt Subcellular
IEA,GO_REF:0000044,GO:0031965,nuclear membrane,54,UniProt Subcellular
IEA,GO_REF:0000044,GO:0005769,early endosome,51,UniProt Subcellular
IEA,GO_REF:0000044,GO:0032580,Golgi cisterna membrane,51,UniProt Subcellular
IEA,GO_REF:0000044,GO:0005819,spindle,48,UniProt Subcellular
IEA,GO_REF:0000044,GO:0031966,mitochondrial membrane,47,UniProt Subcellular
IEA,GO_REF:0000044,GO:0005764,lysosome,43,UniProt Subcellular
IEA,GO_REF:0000044,GO:0045202,synapse,43,UniProt Subcellular
IEA,GO_REF:0000044,GO:0012505,endomembrane system,40,UniProt Subcellular
IEA,GO_REF:0000044,GO:0045211,postsynaptic membrane,39,UniProt Subcellular
IEA,GO_REF:0000044,GO:0005743,mitochondrial inner membrane,39,UniProt Subcellular
IEA,GO_REF:0000044,GO:0005923,bicellular tight junction,38,UniProt Subcellular
IEA,GO_REF:0000044,GO:0016363,nuclear matrix,35,UniProt Subcellular
IEA,GO_REF:0000044,GO:0030027,lamellipodium,35,UniProt Subcellular
IEA,GO_REF:0000044,GO:0000922,spindle pole,35,UniProt Subcellular
IEA,GO_REF:0000044,GO:0055038,recycling endosome membrane,34,UniProt Subcellular
IEA,GO_REF:0000044,GO:0005741,mitochondrial outer membrane,34,UniProt Subcellular
IEA,GO_REF:0000044,GO:0032587,ruffle membrane,33,UniProt Subcellular
IEA,GO_REF:0000044,GO:0045121,membrane raft,32,UniProt Subcellular
IEA,GO_REF:0000044,GO:0030426,growth cone,31,UniProt Subcellular
IEA,GO_REF:0000044,GO:0070161,anchoring junction,31,UniProt Subcellular
IEA,GO_REF:0000044,GO:0014069,postsynaptic density,31,UniProt Subcellular
IEA,GO_REF:0000044,GO:0016323,basolateral plasma membrane,29,UniProt Subcellular
IEA,GO_REF:0000044,GO:0009986,cell surface,29,UniProt Subcellular
IEA,GO_REF:0000044,GO:0030670,phagocytic vesicle membrane,28,UniProt Subcellular
IEA,GO_REF:0000044,GO:0030658,transport vesicle membrane,28,UniProt Subcellular
IEA,GO_REF:0000044,GO:0005930,axoneme,27,UniProt Subcellular
IEA,GO_REF:0000044,GO:0033116,endoplasmic reticulum-Golgi intermediate compartment membrane,27,UniProt Subcellular
IEA,GO_REF:0000044,GO:0005768,endosome,27,UniProt Subcellular
IEA,GO_REF:0000044,GO:0043197,dendritic spine,27,UniProt Subcellular
IEA,GO_REF:0000044,GO:0042995,cell projection,26,UniProt Subcellular
IEA,GO_REF:0000044,GO:0030665,clathrin-coated vesicle membrane,26,UniProt Subcellular
IEA,GO_REF:0000044,GO:0016605,PML body,26,UniProt Subcellular
IEA,GO_REF:0000044,GO:0030496,midbody,25,UniProt Subcellular
IEA,GO_REF:0000044,GO:0055037,recycling endosome,25,UniProt Subcellular
IEA,GO_REF:0000044,GO:0030672,synaptic vesicle membrane,25,UniProt Subcellular
IEA,GO_REF:0000044,GO:0005912,adherens junction,25,UniProt Subcellular
IEA,GO_REF:0000044,GO:0030133,transport vesicle,24,UniProt Subcellular
IEA,GO_REF:0000044,GO:0005925,focal adhesion,24,UniProt Subcellular
IEA,GO_REF:0000044,GO:0005776,autophagosome,23,UniProt Subcellular
IEA,GO_REF:0000044,GO:0005759,mitochondrial matrix,23,UniProt Subcellular
IEA,GO_REF:0000044,GO:0005814,centriole,23,UniProt Subcellular
IEA,GO_REF:0000044,GO:0005929,cilium,22,UniProt Subcellular
IEA,GO_REF:0000044,GO:0001726,ruffle,21,UniProt Subcellular
IEA,GO_REF:0000044,GO:0001669,acrosomal vesicle,20,UniProt Subcellular
IEA,GO_REF:0000044,GO:0005654,nucleoplasm,20,UniProt Subcellular
IEA,GO_REF:0000044,GO:0032154,cleavage furrow,18,UniProt Subcellular
IEA,GO_REF:0000044,GO:0030175,filopodium,18,UniProt Subcellular
IEA,GO_REF:0000044,GO:0005637,nuclear inner membrane,18,UniProt Subcellular
IEA,GO_REF:0000044,GO:0015030,Cajal body,17,UniProt Subcellular
IEA,GO_REF:0000044,GO:0030136,clathrin-coated vesicle,17,UniProt Subcellular
IEA,GO_REF:0000044,GO:0042734,presynaptic membrane,17,UniProt Subcellular
IEA,GO_REF:0000044,GO:0005770,late endosome,17,UniProt Subcellular
IEA,GO_REF:0000044,GO:0042383,sarcolemma,17,UniProt Subcellular
IEA,GO_REF:0000044,GO:0030018,Z disc,17,UniProt Subcellular
IEA,GO_REF:0000044,GO:0005811,lipid droplet,16,UniProt Subcellular
IEA,GO_REF:0000044,GO:0005788,endoplasmic reticulum lumen,15,UniProt Subcellular
IEA,GO_REF:0000044,GO:0001725,stress fiber,15,UniProt Subcellular
IEA,GO_REF:0000044,GO:0005635,nuclear envelope,15,UniProt Subcellular
IEA,GO_REF:0000044,GO:0005793,endoplasmic reticulum-Golgi intermediate compartment,15,UniProt Subcellular
IEA,GO_REF:0000044,GO:0098839,postsynaptic density membrane,14,UniProt Subcellular
IEA,GO_REF:0000044,GO:0002102,podosome,14,UniProt Subcellular
IEA,GO_REF:0000044,GO:0031514,motile cilium,14,UniProt Subcellular
IEA,GO_REF:0000044,GO:0060170,ciliary membrane,14,UniProt Subcellular
IEA,GO_REF:0000044,GO:0031258,lamellipodium membrane,14,UniProt Subcellular
IEA,GO_REF:0000044,GO:0031528,microvillus membrane,13,UniProt Subcellular
IEA,GO_REF:0000044,GO:0001917,photoreceptor inner segment,12,UniProt Subcellular
IEA,GO_REF:0000044,GO:0090543,Flemming body,12,UniProt Subcellular
IEA,GO_REF:0000044,GO:0033017,sarcoplasmic reticulum membrane,11,UniProt Subcellular
IEA,GO_REF:0000044,GO:0000775,"chromosome, centromeric region",11,UniProt Subcellular
IEA,GO_REF:0000044,GO:0010494,cytoplasmic stress granule,11,UniProt Subcellular
IEA,GO_REF:0000044,GO:0005640,nuclear outer membrane,11,UniProt Subcellular
IEA,GO_REF:0000044,GO:0000421,autophagosome membrane,11,UniProt Subcellular
IEA,GO_REF:0000044,GO:0000932,P-body,11,UniProt Subcellular
IEA,GO_REF:0000044,GO:0001750,photoreceptor outer segment,10,UniProt Subcellular
IEA,GO_REF:0000044,GO:0002080,acrosomal membrane,10,UniProt Subcellular
IEA,GO_REF:0000044,GO:0030017,sarcomere,10,UniProt Subcellular
IEA,GO_REF:0000044,GO:0005795,Golgi stack,10,UniProt Subcellular
IEA,GO_REF:0000044,GO:0034451,centriolar satellite,9,UniProt Subcellular
IEA,GO_REF:0000044,GO:0005815,microtubule organizing center,9,UniProt Subcellular
IEA,GO_REF:0000044,GO:0001891,phagocytic cup,9,UniProt Subcellular
IEA,GO_REF:0000044,GO:0008021,synaptic vesicle,9,UniProt Subcellular
IEA,GO_REF:0000044,GO:0005758,mitochondrial intermembrane space,9,UniProt Subcellular
IEA,GO_REF:0000044,GO:0005778,peroxisomal membrane,9,UniProt Subcellular
IEA,GO_REF:0000044,GO:0098793,presynapse,9,UniProt Subcellular
IEA,GO_REF:0000044,GO:0043202,lysosomal lumen,8,UniProt Subcellular
IEA,GO_REF:0000044,GO:0000781,"chromosome, telomeric region",8,UniProt Subcellular
IEA,GO_REF:0000044,GO:0005901,caveola,8,UniProt Subcellular
IEA,GO_REF:0000044,GO:0005791,rough endoplasmic reticulum,8,UniProt Subcellular
IEA,GO_REF:0000044,GO:0043005,neuron projection,8,UniProt Subcellular
IEA,GO_REF:0000044,GO:0031430,M band,7,UniProt Subcellular
IEA,GO_REF:0000044,GO:0032585,multivesicular body membrane,7,UniProt Subcellular
IEA,GO_REF:0000044,GO:0097060,synaptic membrane,6,UniProt Subcellular
IEA,GO_REF:0000044,GO:0030867,rough endoplasmic reticulum membrane,6,UniProt Subcellular
IEA,GO_REF:0000044,GO:0005777,peroxisome,6,UniProt Subcellular
IEA,GO_REF:0000044,GO:0060171,stereocilium membrane,6,UniProt Subcellular
IEA,GO_REF:0000044,GO:0030057,desmosome,6,UniProt Subcellular
IEA,GO_REF:0000044,GO:0033162,melanosome membrane,6,UniProt Subcellular
IEA,GO_REF:0000044,GO:0009925,basal plasma membrane,6,UniProt Subcellular
IEA,GO_REF:0000044,GO:0005604,basement membrane,6,UniProt Subcellular
IEA,GO_REF:0000044,GO:0042584,chromaffin granule membrane,5,UniProt Subcellular
IEA,GO_REF:0000044,GO:0033018,sarcoplasmic reticulum lumen,5,UniProt Subcellular
IEA,GO_REF:0000044,GO:0012507,ER to Golgi transport vesicle membrane,5,UniProt Subcellular
IEA,GO_REF:0000044,GO:0005902,microvillus,5,UniProt Subcellular
IEA,GO_REF:0000044,GO:0032591,dendritic spine membrane,5,UniProt Subcellular
IEA,GO_REF:0000044,GO:0044194,cytolytic granule,5,UniProt Subcellular
IEA,GO_REF:0000044,GO:0031143,pseudopodium,5,UniProt Subcellular
IEA,GO_REF:0000044,GO:0032420,stereocilium,5,UniProt Subcellular
IEA,GO_REF:0000044,GO:0098794,postsynapse,5,UniProt Subcellular
IEA,GO_REF:0000044,GO:0120281,autolysosome membrane,5,UniProt Subcellular
IEA,GO_REF:0000044,GO:0016328,lateral plasma membrane,5,UniProt Subcellular
IEA,GO_REF:0000044,GO:0042589,zymogen granule membrane,5,UniProt Subcellular
IEA,GO_REF:0000044,GO:0033010,paranodal junction,4,UniProt Subcellular
IEA,GO_REF:0000044,GO:0097504,Gemini of Cajal bodies,4,UniProt Subcellular
IEA,GO_REF:0000044,GO:0031904,endosome lumen,4,UniProt Subcellular
IEA,GO_REF:0000044,GO:0045335,phagocytic vesicle,4,UniProt Subcellular
IEA,GO_REF:0000044,GO:0005774,vacuolar membrane,4,UniProt Subcellular
IEA,GO_REF:0000044,GO:0032059,bleb,4,UniProt Subcellular
IEA,GO_REF:0000044,GO:0034045,phagophore assembly site membrane,4,UniProt Subcellular
IEA,GO_REF:0000044,GO:0031527,filopodium membrane,4,UniProt Subcellular
IEA,GO_REF:0000044,GO:0016529,sarcoplasmic reticulum,4,UniProt Subcellular
IEA,GO_REF:0000044,GO:0030868,smooth endoplasmic reticulum membrane,4,UniProt Subcellular
IEA,GO_REF:0000044,GO:0120293,dynein axonemal particle,3,UniProt Subcellular
IEA,GO_REF:0000044,GO:0036464,cytoplasmic ribonucleoprotein granule,3,UniProt Subcellular
IEA,GO_REF:0000044,GO:0016528,sarcoplasm,3,UniProt Subcellular
IEA,GO_REF:0000044,GO:0005643,nuclear pore,3,UniProt Subcellular
IEA,GO_REF:0000044,GO:0048786,presynaptic active zone,2,UniProt Subcellular
IEA,GO_REF:0000044,GO:0005652,nuclear lamina,2,UniProt Subcellular
IEA,GO_REF:0000044,GO:0033165,interphotoreceptor matrix,2,UniProt Subcellular
IEA,GO_REF:0000044,GO:0042645,mitochondrial nucleoid,2,UniProt Subcellular
IEA,GO_REF:0000044,GO:0031672,A band,2,UniProt Subcellular
IEA,GO_REF:0000044,GO:0042583,chromaffin granule,2,UniProt Subcellular
IEA,GO_REF:0000044,GO:0016327,apicolateral plasma membrane,2,UniProt Subcellular
IEA,GO_REF:0000044,GO:0060091,kinocilium,2,UniProt Subcellular
IEA,GO_REF:0000044,GO:0060205,cytoplasmic vesicle lumen,2,UniProt Subcellular
IEA,GO_REF:0000044,GO:0034466,chromaffin granule lumen,2,UniProt Subcellular
IEA,GO_REF:0000044,GO:0005796,Golgi lumen,2,UniProt Subcellular
IEA,GO_REF:0000044,GO:0098944,postsynaptic recycling endosome membrane,2,UniProt Subcellular
IEA,GO_REF:0000044,GO:0030016,myofibril,2,UniProt Subcellular
IEA,GO_REF:0000044,GO:0099012,neuronal dense core vesicle membrane,2,UniProt Subcellular
IEA,GO_REF:0000044,GO:0002079,inner acrosomal membrane,2,UniProt Subcellular
IEA,GO_REF:0000044,GO:0005771,multivesicular body,2,UniProt Subcellular
IEA,GO_REF:0000044,GO:0032584,growth cone membrane,2,UniProt Subcellular
IEA,GO_REF:0000044,GO:0030315,T-tubule,2,UniProt Subcellular
IEA,GO_REF:0000044,GO:0031673,H zone,1,UniProt Subcellular
IEA,GO_REF:0000044,GO:0042588,zymogen granule,1,UniProt Subcellular
IEA,GO_REF:0000044,GO:0031674,I band,1,UniProt Subcellular
IEA,GO_REF:0000044,GO:0033150,cytoskeletal calyx,1,UniProt Subcellular
IEA,GO_REF:0000044,GO:0030137,COPI-coated vesicle,1,UniProt Subcellular
IEA,GO_REF:0000044,GO:1903561,extracellular vesicle,1,UniProt Subcellular
IEA,GO_REF:0000044,GO:0002081,outer acrosomal membrane,1,UniProt Subcellular
IEA,GO_REF:0000044,GO:0000407,phagophore assembly site,1,UniProt Subcellular
IEA,GO_REF:0000044,GO:0098992,neuronal dense core vesicle,1,UniProt Subcellular
IEA,GO_REF:0000044,GO:0016604,nuclear body,1,UniProt Subcellular
IEA,GO_REF:0000044,GO:0044754,autolysosome,1,UniProt Subcellular
IEA,GO_REF:0000044,GO:0043209,myelin sheath,1,UniProt Subcellular
IEA,GO_REF:0000044,GO:0030663,COPI-coated vesicle membrane,1,UniProt Subcellular
IEA,GO_REF:0000044,GO:0043160,acrosomal lumen,1,UniProt Subcellular
IEA,GO_REF:0000044,GO:0020003,symbiont-containing vacuole,1,UniProt Subcellular
IEA,GO_REF:0000044,GO:0005921,gap junction,1,UniProt Subcellular
IEA,GO_REF:0000044,GO:0001931,uropod,1,UniProt Subcellular
IEA,GO_REF:0000044,GO:0043083,synaptic cleft,1,UniProt Subcellular
IEA,GO_REF:0000044,GO:0101004,cytolytic granule membrane,1,UniProt Subcellular
IEA,GO_REF:0000044,GO:0031982,vesicle,1,UniProt Subcellular
IEA,GO_REF:0000044,GO:0034423,autophagosome lumen,1,UniProt Subcellular
IEA,GO_REF:0000044,GO:0032433,filopodium tip,1,UniProt Subcellular
IEA,GO_REF:0000044,GO:0031260,pseudopodium membrane,1,UniProt Subcellular
IEA,GO_REF:0000104,GO:0033290,eukaryotic 48S preinitiation complex,14,Manual Transfer
IEA,GO_REF:0000104,GO:0016282,eukaryotic 43S preinitiation complex,13,Manual Transfer
IEA,GO_REF:0000104,GO:0006636,unsaturated fatty acid biosynthetic process,4,Manual Transfer
IEA,GO_REF:0000104,GO:0008270,zinc ion binding,4,Manual Transfer
IEA,GO_REF:0000104,GO:0006172,ADP biosynthetic process,4,Manual Transfer
IEA,GO_REF:0000104,GO:0000287,magnesium ion binding,4,Manual Transfer
IEA,GO_REF:0000104,GO:0031314,extrinsic component of mitochondrial inner membrane,4,Manual Transfer
IEA,GO_REF:0000104,GO:0034354,'de novo' NAD+ biosynthetic process from L-tryptophan,3,Manual Transfer
IEA,GO_REF:0000104,GO:0016779,nucleotidyltransferase activity,2,Manual Transfer
IEA,GO_REF:0000104,GO:0043021,ribonucleoprotein complex binding,2,Manual Transfer
IEA,GO_REF:0000104,GO:0043420,anthranilate metabolic process,2,Manual Transfer
IEA,GO_REF:0000104,GO:0046033,AMP metabolic process,2,Manual Transfer
IEA,GO_REF:0000104,GO:0032447,protein urmylation,2,Manual Transfer
IEA,GO_REF:0000104,GO:0046034,ATP metabolic process,2,Manual Transfer
IEA,GO_REF:0000104,GO:0043236,laminin binding,2,Manual Transfer
IEA,GO_REF:0000104,GO:0051131,chaperone-mediated protein complex assembly,1,Manual Transfer
IEA,GO_REF:0000104,GO:0008017,microtubule binding,1,Manual Transfer
IEA,GO_REF:0000104,GO:0071004,U2-type prespliceosome,1,Manual Transfer
IEA,GO_REF:0000104,GO:0005813,centrosome,1,Manual Transfer
IEA,GO_REF:0000104,GO:0006368,transcription elongation by RNA polymerase II,1,Manual Transfer
IEA,GO_REF:0000104,GO:0045948,positive regulation of translational initiation,1,Manual Transfer
IEA,GO_REF:0000104,GO:0006163,purine nucleotide metabolic process,1,Manual Transfer
IEA,GO_REF:0000104,GO:0046039,GTP metabolic process,1,Manual Transfer
IEA,GO_REF:0000104,GO:0016558,protein import into peroxisome matrix,1,Manual Transfer
IEA,GO_REF:0000104,GO:0003678,DNA helicase activity,1,Manual Transfer
IEA,GO_REF:0000104,GO:0016151,nickel cation binding,1,Manual Transfer
IEA,GO_REF:0000104,GO:0051880,G-quadruplex DNA binding,1,Manual Transfer
IEA,GO_REF:0000104,GO:0051168,nuclear export,1,Manual Transfer
IEA,GO_REF:0000104,GO:0070507,regulation of microtubule cytoskeleton organization,1,Manual Transfer
IEA,GO_REF:0000104,GO:0016829,lyase activity,1,Manual Transfer
IEA,GO_REF:0000104,GO:0071540,"eukaryotic translation initiation factor 3 complex, eIF3e",1,Manual Transfer
IEA,GO_REF:0000104,GO:0000166,nucleotide binding,1,Manual Transfer
IEA,GO_REF:0000104,GO:0031117,positive regulation of microtubule depolymerization,1,Manual Transfer
IEA,GO_REF:0000104,GO:0030688,"preribosome, small subunit precursor",1,Manual Transfer
IEA,GO_REF:0000104,GO:0009204,deoxyribonucleoside triphosphate catabolic process,1,Manual Transfer
IEA,GO_REF:0000104,GO:0042274,ribosomal small subunit biogenesis,1,Manual Transfer
IEA,GO_REF:0000104,GO:0003729,mRNA binding,1,Manual Transfer
IEA,GO_REF:0000104,GO:0002183,cytoplasmic translational initiation,1,Manual Transfer
IEA,GO_REF:0000104,GO:0048666,neuron development,1,Manual Transfer
IEA,GO_REF:0000104,GO:0051013,microtubule severing,1,Manual Transfer
IEA,GO_REF:0000104,GO:0000278,mitotic cell cycle,1,Manual Transfer
IEA,GO_REF:0000104,GO:0035338,long-chain fatty-acyl-CoA biosynthetic process,1,Manual Transfer
IEA,GO_REF:0000104,GO:0046496,nicotinamide nucleotide metabolic process,1,Manual Transfer
IEA,GO_REF:0000104,GO:0010521,telomerase inhibitor activity,1,Manual Transfer
IEA,GO_REF:0000104,GO:0009055,electron transfer activity,1,Manual Transfer
IEA,GO_REF:0000104,GO:0005506,iron ion binding,1,Manual Transfer
IEA,GO_REF:0000104,GO:0030496,midbody,1,Manual Transfer
IEA,GO_REF:0000104,GO:0007079,mitotic chromosome movement towards spindle pole,1,Manual Transfer
IEA,GO_REF:0000104,GO:0016712,"oxidoreductase activity, acting on paired donors, with incorporation or reduction of molecular oxygen, reduced flavin or flavoprotein as one donor, and incorporation of one atom of oxygen",1,Manual Transfer
IEA,GO_REF:0000104,GO:0051012,microtubule sliding,1,Manual Transfer
IEA,GO_REF:0000104,GO:0160225,G-quadruplex unwinding activity,1,Manual Transfer
IEA,GO_REF:0000104,GO:0043023,ribosomal large subunit binding,1,Manual Transfer
IEA,GO_REF:0000104,GO:0016540,protein autoprocessing,1,Manual Transfer
IEA,GO_REF:0000104,GO:0010606,positive regulation of cytoplasmic mRNA processing body assembly,1,Manual Transfer
IEA,GO_REF:0000104,GO:1904047,S-adenosyl-L-methionine binding,1,Manual Transfer
IEA,GO_REF:0000104,GO:0001732,formation of cytoplasmic translation initiation complex,1,Manual Transfer
IEA,GO_REF:0000104,GO:0043130,ubiquitin binding,1,Manual Transfer
IEA,GO_REF:0000104,GO:0035198,miRNA binding,1,Manual Transfer
IEA,GO_REF:0000104,GO:0140014,mitotic nuclear division,1,Manual Transfer
IEA,GO_REF:0000104,GO:0051255,spindle midzone assembly,1,Manual Transfer
IEA,GO_REF:0000104,GO:0003723,RNA binding,1,Manual Transfer
IEA,GO_REF:0000104,GO:0043022,ribosome binding,1,Manual Transfer
IEA,GO_REF:0000104,GO:0005759,mitochondrial matrix,1,Manual Transfer
IEA,GO_REF:0000104,GO:0000243,commitment complex,1,Manual Transfer
IEA,GO_REF:0000104,GO:0000349,generation of catalytic spliceosome for first transesterification step,1,Manual Transfer
IEA,GO_REF:0000104,GO:0000281,mitotic cytokinesis,1,Manual Transfer
IEA,GO_REF:0000107,GO:0098978,glutamatergic synapse,460,Compara
IEA,GO_REF:0000107,GO:0010467,gene expression,259,Compara
IEA,GO_REF:0000107,GO:0001701,in utero embryonic development,222,Compara
IEA,GO_REF:0000107,GO:0042802,identical protein binding,193,Compara
IEA,GO_REF:0000107,GO:0045944,positive regulation of transcription by RNA polymerase II,187,Compara
IEA,GO_REF:0000107,GO:0009410,response to xenobiotic stimulus,178,Compara
IEA,GO_REF:0000107,GO:0043025,neuronal cell body,175,Compara
IEA,GO_REF:0000107,GO:0045202,synapse,173,Compara
IEA,GO_REF:0000107,GO:0000122,negative regulation of transcription by RNA polymerase II,162,Compara
IEA,GO_REF:0000107,GO:0044877,protein-containing complex binding,156,Compara
IEA,GO_REF:0000107,GO:0003682,chromatin binding,145,Compara
IEA,GO_REF:0000107,GO:0007283,spermatogenesis,134,Compara
IEA,GO_REF:0000107,GO:0009986,cell surface,122,Compara
IEA,GO_REF:0000107,GO:0010628,positive regulation of gene expression,120,Compara
IEA,GO_REF:0000107,GO:0035264,multicellular organism growth,116,Compara
IEA,GO_REF:0000107,GO:0043066,negative regulation of apoptotic process,115,Compara
IEA,GO_REF:0000107,GO:0007507,heart development,113,Compara
IEA,GO_REF:0000107,GO:0030425,dendrite,109,Compara
IEA,GO_REF:0000107,GO:0001228,"DNA-binding transcription activator activity, RNA polymerase II-specific",109,Compara
IEA,GO_REF:0000107,GO:0008285,negative regulation of cell population proliferation,107,Compara
IEA,GO_REF:0000107,GO:0045471,response to ethanol,105,Compara
IEA,GO_REF:0000107,GO:0008284,positive regulation of cell population proliferation,100,Compara
IEA,GO_REF:0000107,GO:1990830,cellular response to leukemia inhibitory factor,100,Compara
IEA,GO_REF:0000107,GO:0005737,cytoplasm,98,Compara
IEA,GO_REF:0000107,GO:0098794,postsynapse,95,Compara
IEA,GO_REF:0000107,GO:0098685,Schaffer collateral - CA1 synapse,95,Compara
IEA,GO_REF:0000107,GO:0008283,cell population proliferation,94,Compara
IEA,GO_REF:0000107,GO:0001666,response to hypoxia,94,Compara
IEA,GO_REF:0000107,GO:0098982,GABA-ergic synapse,92,Compara
IEA,GO_REF:0000107,GO:0032496,response to lipopolysaccharide,90,Compara
IEA,GO_REF:0000107,GO:0030424,axon,88,Compara
IEA,GO_REF:0000107,GO:0048471,perinuclear region of cytoplasm,85,Compara
IEA,GO_REF:0000107,GO:0098793,presynapse,84,Compara
IEA,GO_REF:0000107,GO:0043524,negative regulation of neuron apoptotic process,83,Compara
IEA,GO_REF:0000107,GO:0001822,kidney development,80,Compara
IEA,GO_REF:0000107,GO:0030324,lung development,78,Compara
IEA,GO_REF:0000107,GO:0009617,response to bacterium,76,Compara
IEA,GO_REF:0000107,GO:0009897,external side of plasma membrane,76,Compara
IEA,GO_REF:0000107,GO:0007626,locomotory behavior,75,Compara
IEA,GO_REF:0000107,GO:0009791,post-embryonic development,74,Compara
IEA,GO_REF:0000107,GO:0014069,postsynaptic density,74,Compara
IEA,GO_REF:0000107,GO:0007420,brain development,73,Compara
IEA,GO_REF:0000107,GO:0001764,neuron migration,72,Compara
IEA,GO_REF:0000107,GO:0006954,inflammatory response,72,Compara
IEA,GO_REF:0000107,GO:0005829,cytosol,68,Compara
IEA,GO_REF:0000107,GO:0032355,response to estradiol,68,Compara
IEA,GO_REF:0000107,GO:0008584,male gonad development,66,Compara
IEA,GO_REF:0000107,GO:0001889,liver development,65,Compara
IEA,GO_REF:0000107,GO:0032991,protein-containing complex,65,Compara
IEA,GO_REF:0000107,GO:0010629,negative regulation of gene expression,65,Compara
IEA,GO_REF:0000107,GO:0019904,protein domain specific binding,64,Compara
IEA,GO_REF:0000107,GO:0005667,transcription regulator complex,63,Compara
IEA,GO_REF:0000107,GO:0019901,protein kinase binding,63,Compara
IEA,GO_REF:0000107,GO:0045211,postsynaptic membrane,63,Compara
IEA,GO_REF:0000107,GO:0005634,nucleus,62,Compara
IEA,GO_REF:0000107,GO:0032868,response to insulin,62,Compara
IEA,GO_REF:0000107,GO:0042734,presynaptic membrane,62,Compara
IEA,GO_REF:0000107,GO:0000902,cell morphogenesis,62,Compara
IEA,GO_REF:0000107,GO:0060041,retina development in camera-type eye,60,Compara
IEA,GO_REF:0000107,GO:0009952,anterior/posterior pattern specification,60,Compara
IEA,GO_REF:0000107,GO:0043065,positive regulation of apoptotic process,60,Compara
IEA,GO_REF:0000107,GO:0021766,hippocampus development,58,Compara
IEA,GO_REF:0000107,GO:0042127,regulation of cell population proliferation,56,Compara
IEA,GO_REF:0000107,GO:0007613,memory,56,Compara
IEA,GO_REF:0000107,GO:0001843,neural tube closure,56,Compara
IEA,GO_REF:0000107,GO:0001227,"DNA-binding transcription repressor activity, RNA polymerase II-specific",56,Compara
IEA,GO_REF:0000107,GO:0071222,cellular response to lipopolysaccharide,56,Compara
IEA,GO_REF:0000107,GO:0016324,apical plasma membrane,54,Compara
IEA,GO_REF:0000107,GO:0008104,intracellular protein localization,54,Compara
IEA,GO_REF:0000107,GO:0007286,spermatid development,53,Compara
IEA,GO_REF:0000107,GO:0007411,axon guidance,52,Compara
IEA,GO_REF:0000107,GO:0021987,cerebral cortex development,52,Compara
IEA,GO_REF:0000107,GO:0044297,cell body,51,Compara
IEA,GO_REF:0000107,GO:0060348,bone development,51,Compara
IEA,GO_REF:0000107,GO:0002244,hematopoietic progenitor cell differentiation,51,Compara
IEA,GO_REF:0000107,GO:0005911,cell-cell junction,50,Compara
IEA,GO_REF:0000107,GO:0031667,response to nutrient levels,50,Compara
IEA,GO_REF:0000107,GO:0071456,cellular response to hypoxia,50,Compara
IEA,GO_REF:0000107,GO:0030182,neuron differentiation,49,Compara
IEA,GO_REF:0000107,GO:0007584,response to nutrient,49,Compara
IEA,GO_REF:0000107,GO:0009612,response to mechanical stimulus,49,Compara
IEA,GO_REF:0000107,GO:0009636,response to toxic substance,49,Compara
IEA,GO_REF:0000107,GO:0007219,Notch signaling pathway,49,Compara
IEA,GO_REF:0000107,GO:0042593,glucose homeostasis,47,Compara
IEA,GO_REF:0000107,GO:0050804,modulation of chemical synaptic transmission,47,Compara
IEA,GO_REF:0000107,GO:0030198,extracellular matrix organization,47,Compara
IEA,GO_REF:0000107,GO:0042472,inner ear morphogenesis,47,Compara
IEA,GO_REF:0000107,GO:0014823,response to activity,47,Compara
IEA,GO_REF:0000107,GO:0001501,skeletal system development,46,Compara
IEA,GO_REF:0000107,GO:0030900,forebrain development,46,Compara
IEA,GO_REF:0000107,GO:0005886,plasma membrane,46,Compara
IEA,GO_REF:0000107,GO:0051384,response to glucocorticoid,45,Compara
IEA,GO_REF:0000107,GO:0010468,regulation of gene expression,45,Compara
IEA,GO_REF:0000107,GO:0006915,apoptotic process,45,Compara
IEA,GO_REF:0000107,GO:0060021,roof of mouth development,45,Compara
IEA,GO_REF:0000107,GO:0043010,camera-type eye development,45,Compara
IEA,GO_REF:0000107,GO:0001525,angiogenesis,45,Compara
IEA,GO_REF:0000107,GO:0007005,mitochondrion organization,44,Compara
IEA,GO_REF:0000107,GO:0042803,protein homodimerization activity,43,Compara
IEA,GO_REF:0000107,GO:0045665,negative regulation of neuron differentiation,43,Compara
IEA,GO_REF:0000107,GO:0098686,hippocampal mossy fiber to CA3 synapse,43,Compara
IEA,GO_REF:0000107,GO:0007224,smoothened signaling pathway,43,Compara
IEA,GO_REF:0000107,GO:0043410,positive regulation of MAPK cascade,43,Compara
IEA,GO_REF:0000107,GO:0008344,adult locomotory behavior,43,Compara
IEA,GO_REF:0000107,GO:0030326,embryonic limb morphogenesis,42,Compara
IEA,GO_REF:0000107,GO:0098839,postsynaptic density membrane,42,Compara
IEA,GO_REF:0000107,GO:0019827,stem cell population maintenance,42,Compara
IEA,GO_REF:0000107,GO:0007605,sensory perception of sound,42,Compara
IEA,GO_REF:0000107,GO:0045666,positive regulation of neuron differentiation,42,Compara
IEA,GO_REF:0000107,GO:0007338,single fertilization,42,Compara
IEA,GO_REF:0000107,GO:0050885,neuromuscular process controlling balance,41,Compara
IEA,GO_REF:0000107,GO:0051216,cartilage development,41,Compara
IEA,GO_REF:0000107,GO:0009749,response to glucose,41,Compara
IEA,GO_REF:0000107,GO:0001649,osteoblast differentiation,41,Compara
IEA,GO_REF:0000107,GO:0001756,somitogenesis,41,Compara
IEA,GO_REF:0000107,GO:0000978,RNA polymerase II cis-regulatory region sequence-specific DNA binding,40,Compara
IEA,GO_REF:0000107,GO:0008542,visual learning,40,Compara
IEA,GO_REF:0000107,GO:0021549,cerebellum development,40,Compara
IEA,GO_REF:0000107,GO:0048872,homeostasis of number of cells,39,Compara
IEA,GO_REF:0000107,GO:0007368,determination of left/right symmetry,39,Compara
IEA,GO_REF:0000107,GO:0060612,adipose tissue development,39,Compara
IEA,GO_REF:0000107,GO:0005739,mitochondrion,39,Compara
IEA,GO_REF:0000107,GO:0009611,response to wounding,38,Compara
IEA,GO_REF:0000107,GO:0042733,embryonic digit morphogenesis,38,Compara
IEA,GO_REF:0000107,GO:0070374,positive regulation of ERK1 and ERK2 cascade,38,Compara
IEA,GO_REF:0000107,GO:0035914,skeletal muscle cell differentiation,38,Compara
IEA,GO_REF:0000107,GO:0019899,enzyme binding,38,Compara
IEA,GO_REF:0000107,GO:0030426,growth cone,38,Compara
IEA,GO_REF:0000107,GO:0031594,neuromuscular junction,38,Compara
IEA,GO_REF:0000107,GO:0051402,neuron apoptotic process,37,Compara
IEA,GO_REF:0000107,GO:0009887,animal organ morphogenesis,37,Compara
IEA,GO_REF:0000107,GO:0043204,perikaryon,37,Compara
IEA,GO_REF:0000107,GO:0048538,thymus development,37,Compara
IEA,GO_REF:0000107,GO:0031175,neuron projection development,37,Compara
IEA,GO_REF:0000107,GO:0150052,regulation of postsynapse assembly,37,Compara
IEA,GO_REF:0000107,GO:0031267,small GTPase binding,36,Compara
IEA,GO_REF:0000107,GO:0045177,apical part of cell,36,Compara
IEA,GO_REF:0000107,GO:0042552,myelination,36,Compara
IEA,GO_REF:0000107,GO:0042475,odontogenesis of dentin-containing tooth,36,Compara
IEA,GO_REF:0000107,GO:0071346,cellular response to type II interferon,36,Compara
IEA,GO_REF:0000107,GO:0006979,response to oxidative stress,35,Compara
IEA,GO_REF:0000107,GO:0007519,skeletal muscle tissue development,35,Compara
IEA,GO_REF:0000107,GO:0048286,lung alveolus development,35,Compara
IEA,GO_REF:0000107,GO:0071356,cellular response to tumor necrosis factor,35,Compara
IEA,GO_REF:0000107,GO:0001942,hair follicle development,35,Compara
IEA,GO_REF:0000107,GO:0001570,vasculogenesis,35,Compara
IEA,GO_REF:0000107,GO:0071466,cellular response to xenobiotic stimulus,34,Compara
IEA,GO_REF:0000107,GO:0007409,axonogenesis,34,Compara
IEA,GO_REF:0000107,GO:0048536,spleen development,34,Compara
IEA,GO_REF:0000107,GO:0007565,female pregnancy,34,Compara
IEA,GO_REF:0000107,GO:0043197,dendritic spine,34,Compara
IEA,GO_REF:0000107,GO:0051897,positive regulation of phosphatidylinositol 3-kinase/protein kinase B signal transduction,34,Compara
IEA,GO_REF:0000107,GO:0048469,cell maturation,34,Compara
IEA,GO_REF:0000107,GO:0097009,energy homeostasis,34,Compara
IEA,GO_REF:0000107,GO:0045444,fat cell differentiation,34,Compara
IEA,GO_REF:0000107,GO:0001669,acrosomal vesicle,33,Compara
IEA,GO_REF:0000107,GO:0001975,response to amphetamine,33,Compara
IEA,GO_REF:0000107,GO:0033574,response to testosterone,33,Compara
IEA,GO_REF:0000107,GO:0045766,positive regulation of angiogenesis,33,Compara
IEA,GO_REF:0000107,GO:0043588,skin development,33,Compara
IEA,GO_REF:0000107,GO:0042220,response to cocaine,33,Compara
IEA,GO_REF:0000107,GO:0045892,negative regulation of DNA-templated transcription,33,Compara
IEA,GO_REF:0000107,GO:0001503,ossification,33,Compara
IEA,GO_REF:0000107,GO:0001568,blood vessel development,33,Compara
IEA,GO_REF:0000107,GO:0010976,positive regulation of neuron projection development,33,Compara
IEA,GO_REF:0000107,GO:0001662,behavioral fear response,33,Compara
IEA,GO_REF:0000107,GO:0002931,response to ischemia,33,Compara
IEA,GO_REF:0000107,GO:0048873,homeostasis of number of cells within a tissue,33,Compara
IEA,GO_REF:0000107,GO:0005615,extracellular space,33,Compara
IEA,GO_REF:0000107,GO:0005794,Golgi apparatus,32,Compara
IEA,GO_REF:0000107,GO:0032094,response to food,32,Compara
IEA,GO_REF:0000107,GO:0035176,social behavior,32,Compara
IEA,GO_REF:0000107,GO:0007628,adult walking behavior,32,Compara
IEA,GO_REF:0000107,GO:0031490,chromatin DNA binding,32,Compara
IEA,GO_REF:0000107,GO:0030097,hemopoiesis,32,Compara
IEA,GO_REF:0000107,GO:0007623,circadian rhythm,32,Compara
IEA,GO_REF:0000107,GO:0048704,embryonic skeletal system morphogenesis,32,Compara
IEA,GO_REF:0000107,GO:0006629,lipid metabolic process,31,Compara
IEA,GO_REF:0000107,GO:0071333,cellular response to glucose stimulus,31,Compara
IEA,GO_REF:0000107,GO:1990841,promoter-specific chromatin binding,31,Compara
IEA,GO_REF:0000107,GO:0045893,positive regulation of DNA-templated transcription,31,Compara
IEA,GO_REF:0000107,GO:0007399,nervous system development,31,Compara
IEA,GO_REF:0000107,GO:0043005,neuron projection,31,Compara
IEA,GO_REF:0000107,GO:0007611,learning or memory,31,Compara
IEA,GO_REF:0000107,GO:0008021,synaptic vesicle,31,Compara
IEA,GO_REF:0000107,GO:0050905,neuromuscular process,31,Compara
IEA,GO_REF:0000107,GO:0006606,protein import into nucleus,31,Compara
IEA,GO_REF:0000107,GO:0008340,determination of adult lifespan,31,Compara
IEA,GO_REF:0000107,GO:0030672,synaptic vesicle membrane,31,Compara
IEA,GO_REF:0000107,GO:0022008,neurogenesis,30,Compara
IEA,GO_REF:0000107,GO:0060291,long-term synaptic potentiation,30,Compara
IEA,GO_REF:0000107,GO:0048839,inner ear development,30,Compara
IEA,GO_REF:0000107,GO:0021915,neural tube development,30,Compara
IEA,GO_REF:0000107,GO:0099523,presynaptic cytosol,30,Compara
IEA,GO_REF:0000107,GO:0032869,cellular response to insulin stimulus,30,Compara
IEA,GO_REF:0000107,GO:0030154,cell differentiation,30,Compara
IEA,GO_REF:0000107,GO:0016323,basolateral plasma membrane,30,Compara
IEA,GO_REF:0000107,GO:0005102,signaling receptor binding,30,Compara
IEA,GO_REF:0000107,GO:0030163,protein catabolic process,30,Compara
IEA,GO_REF:0000107,GO:0071560,cellular response to transforming growth factor beta stimulus,29,Compara
IEA,GO_REF:0000107,GO:0043679,axon terminus,29,Compara
IEA,GO_REF:0000107,GO:0007204,positive regulation of cytosolic calcium ion concentration,29,Compara
IEA,GO_REF:0000107,GO:0035094,response to nicotine,29,Compara
IEA,GO_REF:0000107,GO:0090102,cochlea development,29,Compara
IEA,GO_REF:0000107,GO:0060173,limb development,29,Compara
IEA,GO_REF:0000107,GO:0030018,Z disc,29,Compara
IEA,GO_REF:0000107,GO:0044325,transmembrane transporter binding,29,Compara
IEA,GO_REF:0000107,GO:0000785,chromatin,29,Compara
IEA,GO_REF:0000107,GO:0048706,embryonic skeletal system development,29,Compara
IEA,GO_REF:0000107,GO:0043434,response to peptide hormone,29,Compara
IEA,GO_REF:0000107,GO:0045165,cell fate commitment,29,Compara
IEA,GO_REF:0000107,GO:0001890,placenta development,29,Compara
IEA,GO_REF:0000107,GO:0001541,ovarian follicle development,29,Compara
IEA,GO_REF:0000107,GO:0043627,response to estrogen,28,Compara
IEA,GO_REF:0000107,GO:0005604,basement membrane,28,Compara
IEA,GO_REF:0000107,GO:0051965,positive regulation of synapse assembly,28,Compara
IEA,GO_REF:0000107,GO:0035904,aorta development,28,Compara
IEA,GO_REF:0000107,GO:0005903,brush border,28,Compara
IEA,GO_REF:0000107,GO:0016020,membrane,28,Compara
IEA,GO_REF:0000107,GO:0035019,somatic stem cell population maintenance,28,Compara
IEA,GO_REF:0000107,GO:0016477,cell migration,28,Compara
IEA,GO_REF:0000107,GO:0071230,cellular response to amino acid stimulus,28,Compara
IEA,GO_REF:0000107,GO:0001835,blastocyst hatching,28,Compara
IEA,GO_REF:0000107,GO:0005783,endoplasmic reticulum,28,Compara
IEA,GO_REF:0000107,GO:0008306,associative learning,28,Compara
IEA,GO_REF:0000107,GO:0040018,positive regulation of multicellular organism growth,27,Compara
IEA,GO_REF:0000107,GO:0007566,embryo implantation,27,Compara
IEA,GO_REF:0000107,GO:0048666,neuron development,27,Compara
IEA,GO_REF:0000107,GO:0009953,dorsal/ventral pattern formation,27,Compara
IEA,GO_REF:0000107,GO:0042383,sarcolemma,27,Compara
IEA,GO_REF:0000107,GO:0007612,learning,27,Compara
IEA,GO_REF:0000107,GO:0007595,lactation,27,Compara
IEA,GO_REF:0000107,GO:0001974,blood vessel remodeling,27,Compara
IEA,GO_REF:0000107,GO:0050728,negative regulation of inflammatory response,27,Compara
IEA,GO_REF:0000107,GO:0045335,phagocytic vesicle,27,Compara
IEA,GO_REF:0000107,GO:0030282,bone mineralization,27,Compara
IEA,GO_REF:0000107,GO:0097421,liver regeneration,26,Compara
IEA,GO_REF:0000107,GO:0010977,negative regulation of neuron projection development,26,Compara
IEA,GO_REF:0000107,GO:0050830,defense response to Gram-positive bacterium,26,Compara
IEA,GO_REF:0000107,GO:0042542,response to hydrogen peroxide,26,Compara
IEA,GO_REF:0000107,GO:0009566,fertilization,26,Compara
IEA,GO_REF:0000107,GO:0048787,presynaptic active zone membrane,26,Compara
IEA,GO_REF:0000107,GO:0032526,response to retinoic acid,26,Compara
IEA,GO_REF:0000107,GO:0005938,cell cortex,26,Compara
IEA,GO_REF:0000107,GO:0001657,ureteric bud development,26,Compara
IEA,GO_REF:0000107,GO:0042060,wound healing,26,Compara
IEA,GO_REF:0000107,GO:0070301,cellular response to hydrogen peroxide,26,Compara
IEA,GO_REF:0000107,GO:0030335,positive regulation of cell migration,26,Compara
IEA,GO_REF:0000107,GO:0099524,postsynaptic cytosol,26,Compara
IEA,GO_REF:0000107,GO:0031012,extracellular matrix,26,Compara
IEA,GO_REF:0000107,GO:0016358,dendrite development,26,Compara
IEA,GO_REF:0000107,GO:0001658,branching involved in ureteric bud morphogenesis,26,Compara
IEA,GO_REF:0000107,GO:0048705,skeletal system morphogenesis,26,Compara
IEA,GO_REF:0000107,GO:0099171,presynaptic modulation of chemical synaptic transmission,25,Compara
IEA,GO_REF:0000107,GO:0042311,vasodilation,25,Compara
IEA,GO_REF:0000107,GO:0030317,flagellated sperm motility,25,Compara
IEA,GO_REF:0000107,GO:0030879,mammary gland development,25,Compara
IEA,GO_REF:0000107,GO:0065003,protein-containing complex assembly,25,Compara
IEA,GO_REF:0000107,GO:0051591,response to cAMP,25,Compara
IEA,GO_REF:0000107,GO:0042742,defense response to bacterium,25,Compara
IEA,GO_REF:0000107,GO:0051607,defense response to virus,25,Compara
IEA,GO_REF:0000107,GO:0035774,positive regulation of insulin secretion involved in cellular response to glucose stimulus,25,Compara
IEA,GO_REF:0000107,GO:0046982,protein heterodimerization activity,25,Compara
IEA,GO_REF:0000107,GO:0032880,regulation of protein localization,25,Compara
IEA,GO_REF:0000107,GO:0099170,postsynaptic modulation of chemical synaptic transmission,24,Compara
IEA,GO_REF:0000107,GO:0030141,secretory granule,24,Compara
IEA,GO_REF:0000107,GO:0072659,protein localization to plasma membrane,24,Compara
IEA,GO_REF:0000107,GO:0008217,regulation of blood pressure,24,Compara
IEA,GO_REF:0000107,GO:0009725,response to hormone,24,Compara
IEA,GO_REF:0000107,GO:0001947,heart looping,24,Compara
IEA,GO_REF:0000107,GO:0007528,neuromuscular junction development,24,Compara
IEA,GO_REF:0000107,GO:0044305,calyx of Held,24,Compara
IEA,GO_REF:0000107,GO:0099175,regulation of postsynapse organization,24,Compara
IEA,GO_REF:0000107,GO:0007389,pattern specification process,24,Compara
IEA,GO_REF:0000107,GO:0051592,response to calcium ion,24,Compara
IEA,GO_REF:0000107,GO:0032760,positive regulation of tumor necrosis factor production,24,Compara
IEA,GO_REF:0000107,GO:0042826,histone deacetylase binding,24,Compara
IEA,GO_REF:0000107,GO:0001707,mesoderm formation,24,Compara
IEA,GO_REF:0000107,GO:0070373,negative regulation of ERK1 and ERK2 cascade,24,Compara
IEA,GO_REF:0000107,GO:0007492,endoderm development,24,Compara
IEA,GO_REF:0000107,GO:0031100,animal organ regeneration,23,Compara
IEA,GO_REF:0000107,GO:0030217,T cell differentiation,23,Compara
IEA,GO_REF:0000107,GO:0051726,regulation of cell cycle,23,Compara
IEA,GO_REF:0000107,GO:0009306,protein secretion,23,Compara
IEA,GO_REF:0000107,GO:0050821,protein stabilization,23,Compara
IEA,GO_REF:0000107,GO:0030183,B cell differentiation,23,Compara
IEA,GO_REF:0000107,GO:0071300,cellular response to retinoic acid,23,Compara
IEA,GO_REF:0000107,GO:1990904,ribonucleoprotein complex,23,Compara
IEA,GO_REF:0000107,GO:0007268,chemical synaptic transmission,23,Compara
IEA,GO_REF:0000107,GO:0098688,parallel fiber to Purkinje cell synapse,23,Compara
IEA,GO_REF:0000107,GO:0048565,digestive tract development,23,Compara
IEA,GO_REF:0000107,GO:0010332,response to gamma radiation,23,Compara
IEA,GO_REF:0000107,GO:0051602,response to electrical stimulus,23,Compara
IEA,GO_REF:0000107,GO:0035116,embryonic hindlimb morphogenesis,23,Compara
IEA,GO_REF:0000107,GO:0030216,keratinocyte differentiation,23,Compara
IEA,GO_REF:0000107,GO:0003007,heart morphogenesis,23,Compara
IEA,GO_REF:0000107,GO:0030218,erythrocyte differentiation,23,Compara
IEA,GO_REF:0000107,GO:0071260,cellular response to mechanical stimulus,23,Compara
IEA,GO_REF:0000107,GO:0048545,response to steroid hormone,23,Compara
IEA,GO_REF:0000107,GO:0007601,visual perception,23,Compara
IEA,GO_REF:0000107,GO:0043198,dendritic shaft,23,Compara
IEA,GO_REF:0000107,GO:0048678,response to axon injury,22,Compara
IEA,GO_REF:0000107,GO:0043029,T cell homeostasis,22,Compara
IEA,GO_REF:0000107,GO:0045121,membrane raft,22,Compara
IEA,GO_REF:0000107,GO:0061744,motor behavior,22,Compara
IEA,GO_REF:0000107,GO:0030073,insulin secretion,22,Compara
IEA,GO_REF:0000107,GO:0099634,postsynaptic specialization membrane,22,Compara
IEA,GO_REF:0000107,GO:0035640,exploration behavior,22,Compara
IEA,GO_REF:0000107,GO:0030534,adult behavior,22,Compara
IEA,GO_REF:0000107,GO:0030165,PDZ domain binding,22,Compara
IEA,GO_REF:0000107,GO:0035115,embryonic forelimb morphogenesis,22,Compara
IEA,GO_REF:0000107,GO:0042755,eating behavior,22,Compara
IEA,GO_REF:0000107,GO:0050873,brown fat cell differentiation,22,Compara
IEA,GO_REF:0000107,GO:0006006,glucose metabolic process,22,Compara
IEA,GO_REF:0000107,GO:0003713,transcription coactivator activity,22,Compara
IEA,GO_REF:0000107,GO:0001958,endochondral ossification,22,Compara
IEA,GO_REF:0000107,GO:0003281,ventricular septum development,22,Compara
IEA,GO_REF:0000107,GO:0031625,ubiquitin protein ligase binding,22,Compara
IEA,GO_REF:0000107,GO:0030878,thyroid gland development,22,Compara
IEA,GO_REF:0000107,GO:0005769,early endosome,22,Compara
IEA,GO_REF:0000107,GO:0061484,hematopoietic stem cell homeostasis,22,Compara
IEA,GO_REF:0000107,GO:0032755,positive regulation of interleukin-6 production,21,Compara
IEA,GO_REF:0000107,GO:0035902,response to immobilization stress,21,Compara
IEA,GO_REF:0000107,GO:0001656,metanephros development,21,Compara
IEA,GO_REF:0000107,GO:0005813,centrosome,21,Compara
IEA,GO_REF:0000107,GO:0071363,cellular response to growth factor stimulus,21,Compara
IEA,GO_REF:0000107,GO:0036126,sperm flagellum,21,Compara
IEA,GO_REF:0000107,GO:1905515,non-motile cilium assembly,21,Compara
IEA,GO_REF:0000107,GO:0021983,pituitary gland development,21,Compara
IEA,GO_REF:0000107,GO:0071320,cellular response to cAMP,21,Compara
IEA,GO_REF:0000107,GO:0060976,coronary vasculature development,21,Compara
IEA,GO_REF:0000107,GO:0021537,telencephalon development,21,Compara
IEA,GO_REF:0000107,GO:0034976,response to endoplasmic reticulum stress,21,Compara
IEA,GO_REF:0000107,GO:0099072,regulation of postsynaptic membrane neurotransmitter receptor levels,21,Compara
IEA,GO_REF:0000107,GO:0016328,lateral plasma membrane,21,Compara
IEA,GO_REF:0000107,GO:0043525,positive regulation of neuron apoptotic process,21,Compara
IEA,GO_REF:0000107,GO:0050680,negative regulation of epithelial cell proliferation,21,Compara
IEA,GO_REF:0000107,GO:2000300,regulation of synaptic vesicle exocytosis,21,Compara
IEA,GO_REF:0000107,GO:0071549,cellular response to dexamethasone stimulus,21,Compara
IEA,GO_REF:0000107,GO:0048709,oligodendrocyte differentiation,21,Compara
IEA,GO_REF:0000107,GO:0035108,limb morphogenesis,21,Compara
IEA,GO_REF:0000107,GO:0140297,DNA-binding transcription factor binding,21,Compara
IEA,GO_REF:0000107,GO:0001824,blastocyst development,21,Compara
IEA,GO_REF:0000107,GO:0033077,T cell differentiation in thymus,21,Compara
IEA,GO_REF:0000107,GO:0097060,synaptic membrane,21,Compara
IEA,GO_REF:0000107,GO:0009409,response to cold,21,Compara
IEA,GO_REF:0000107,GO:0016055,Wnt signaling pathway,20,Compara
IEA,GO_REF:0000107,GO:0006631,fatty acid metabolic process,20,Compara
IEA,GO_REF:0000107,GO:0060425,lung morphogenesis,20,Compara
IEA,GO_REF:0000107,GO:0006641,triglyceride metabolic process,20,Compara
IEA,GO_REF:0000107,GO:0030199,collagen fibril organization,20,Compara
IEA,GO_REF:0000107,GO:0014850,response to muscle activity,20,Compara
IEA,GO_REF:0000107,GO:0048863,stem cell differentiation,20,Compara
IEA,GO_REF:0000107,GO:0002088,lens development in camera-type eye,20,Compara
IEA,GO_REF:0000107,GO:0001892,embryonic placenta development,20,Compara
IEA,GO_REF:0000107,GO:0021510,spinal cord development,20,Compara
IEA,GO_REF:0000107,GO:0006874,intracellular calcium ion homeostasis,20,Compara
IEA,GO_REF:0000107,GO:0090090,negative regulation of canonical Wnt signaling pathway,20,Compara
IEA,GO_REF:0000107,GO:0042102,positive regulation of T cell proliferation,20,Compara
IEA,GO_REF:0000107,GO:0045669,positive regulation of osteoblast differentiation,20,Compara
IEA,GO_REF:0000107,GO:0048146,positive regulation of fibroblast proliferation,20,Compara
IEA,GO_REF:0000107,GO:0106222,lncRNA binding,20,Compara
IEA,GO_REF:0000107,GO:0008544,epidermis development,20,Compara
IEA,GO_REF:0000107,GO:0021542,dentate gyrus development,20,Compara
IEA,GO_REF:0000107,GO:0031069,hair follicle morphogenesis,20,Compara
IEA,GO_REF:0000107,GO:0007281,germ cell development,20,Compara
IEA,GO_REF:0000107,GO:0048701,embryonic cranial skeleton morphogenesis,20,Compara
IEA,GO_REF:0000107,GO:0048813,dendrite morphogenesis,20,Compara
IEA,GO_REF:0000107,GO:0050808,synapse organization,20,Compara
IEA,GO_REF:0000107,GO:0036342,post-anal tail morphogenesis,20,Compara
IEA,GO_REF:0000107,GO:0001894,tissue homeostasis,20,Compara
IEA,GO_REF:0000107,GO:0050679,positive regulation of epithelial cell proliferation,20,Compara
IEA,GO_REF:0000107,GO:0030316,osteoclast differentiation,20,Compara
IEA,GO_REF:0000107,GO:0048589,developmental growth,20,Compara
IEA,GO_REF:0000107,GO:0050727,regulation of inflammatory response,19,Compara
IEA,GO_REF:0000107,GO:0006357,regulation of transcription by RNA polymerase II,19,Compara
IEA,GO_REF:0000107,GO:0031982,vesicle,19,Compara
IEA,GO_REF:0000107,GO:0060065,uterus development,19,Compara
IEA,GO_REF:0000107,GO:0008017,microtubule binding,19,Compara
IEA,GO_REF:0000107,GO:0019233,sensory perception of pain,19,Compara
IEA,GO_REF:0000107,GO:0009267,cellular response to starvation,19,Compara
IEA,GO_REF:0000107,GO:0021591,ventricular system development,19,Compara
IEA,GO_REF:0000107,GO:1990090,cellular response to nerve growth factor stimulus,19,Compara
IEA,GO_REF:0000107,GO:0072520,seminiferous tubule development,19,Compara
IEA,GO_REF:0000107,GO:0002062,chondrocyte differentiation,19,Compara
IEA,GO_REF:0000107,GO:0060349,bone morphogenesis,19,Compara
IEA,GO_REF:0000107,GO:0030010,establishment of cell polarity,19,Compara
IEA,GO_REF:0000107,GO:0060271,cilium assembly,19,Compara
IEA,GO_REF:0000107,GO:0001825,blastocyst formation,19,Compara
IEA,GO_REF:0000107,GO:0007498,mesoderm development,19,Compara
IEA,GO_REF:0000107,GO:0008286,insulin receptor signaling pathway,19,Compara
IEA,GO_REF:0000107,GO:0060325,face morphogenesis,19,Compara
IEA,GO_REF:0000107,GO:0099149,regulation of postsynaptic neurotransmitter receptor internalization,19,Compara
IEA,GO_REF:0000107,GO:0040014,regulation of multicellular organism growth,18,Compara
IEA,GO_REF:0000107,GO:0030509,BMP signaling pathway,18,Compara
IEA,GO_REF:0000107,GO:0042594,response to starvation,18,Compara
IEA,GO_REF:0000107,GO:0003016,respiratory system process,18,Compara
IEA,GO_REF:0000107,GO:0009954,proximal/distal pattern formation,18,Compara
IEA,GO_REF:0000107,GO:0014044,Schwann cell development,18,Compara
IEA,GO_REF:0000107,GO:0098992,neuronal dense core vesicle,18,Compara
IEA,GO_REF:0000107,GO:0071347,cellular response to interleukin-1,18,Compara
IEA,GO_REF:0000107,GO:0060122,inner ear receptor cell stereocilium organization,18,Compara
IEA,GO_REF:0000107,GO:0045599,negative regulation of fat cell differentiation,18,Compara
IEA,GO_REF:0000107,GO:0045596,negative regulation of cell differentiation,18,Compara
IEA,GO_REF:0000107,GO:0007254,JNK cascade,18,Compara
IEA,GO_REF:0000107,GO:0032729,positive regulation of type II interferon production,18,Compara
IEA,GO_REF:0000107,GO:0097731,9+0 non-motile cilium,18,Compara
IEA,GO_REF:0000107,GO:0000165,MAPK cascade,18,Compara
IEA,GO_REF:0000107,GO:0001569,branching involved in blood vessel morphogenesis,18,Compara
IEA,GO_REF:0000107,GO:0071711,basement membrane organization,18,Compara
IEA,GO_REF:0000107,GO:0016485,protein processing,18,Compara
IEA,GO_REF:0000107,GO:0002021,response to dietary excess,18,Compara
IEA,GO_REF:0000107,GO:0090263,positive regulation of canonical Wnt signaling pathway,18,Compara
IEA,GO_REF:0000107,GO:0034097,response to cytokine,18,Compara
IEA,GO_REF:0000107,GO:0060324,face development,18,Compara
IEA,GO_REF:0000107,GO:0007179,transforming growth factor beta receptor signaling pathway,18,Compara
IEA,GO_REF:0000107,GO:0008360,regulation of cell shape,18,Compara
IEA,GO_REF:0000107,GO:0046686,response to cadmium ion,18,Compara
IEA,GO_REF:0000107,GO:0048167,regulation of synaptic plasticity,18,Compara
IEA,GO_REF:0000107,GO:0048661,positive regulation of smooth muscle cell proliferation,18,Compara
IEA,GO_REF:0000107,GO:0061629,RNA polymerase II-specific DNA-binding transcription factor binding,18,Compara
IEA,GO_REF:0000107,GO:0048568,embryonic organ development,18,Compara
IEA,GO_REF:0000107,GO:0005902,microvillus,18,Compara
IEA,GO_REF:0000107,GO:1900242,regulation of synaptic vesicle endocytosis,18,Compara
IEA,GO_REF:0000107,GO:0043491,phosphatidylinositol 3-kinase/protein kinase B signal transduction,18,Compara
IEA,GO_REF:0000107,GO:0099645,neurotransmitter receptor localization to postsynaptic specialization membrane,18,Compara
IEA,GO_REF:0000107,GO:0046676,negative regulation of insulin secretion,18,Compara
IEA,GO_REF:0000107,GO:0060716,labyrinthine layer blood vessel development,18,Compara
IEA,GO_REF:0000107,GO:0006605,protein targeting,18,Compara
IEA,GO_REF:0000107,GO:0034599,cellular response to oxidative stress,18,Compara
IEA,GO_REF:0000107,GO:0048754,branching morphogenesis of an epithelial tube,18,Compara
IEA,GO_REF:0000107,GO:0045453,bone resorption,17,Compara
IEA,GO_REF:0000107,GO:0001782,B cell homeostasis,17,Compara
IEA,GO_REF:0000107,GO:0001944,vasculature development,17,Compara
IEA,GO_REF:0000107,GO:0032570,response to progesterone,17,Compara
IEA,GO_REF:0000107,GO:0042130,negative regulation of T cell proliferation,17,Compara
IEA,GO_REF:0000107,GO:0003151,outflow tract morphogenesis,17,Compara
IEA,GO_REF:0000107,GO:0008203,cholesterol metabolic process,17,Compara
IEA,GO_REF:0000107,GO:0000792,heterochromatin,17,Compara
IEA,GO_REF:0000107,GO:0071277,cellular response to calcium ion,17,Compara
IEA,GO_REF:0000107,GO:0043403,skeletal muscle tissue regeneration,17,Compara
IEA,GO_REF:0000107,GO:0071364,cellular response to epidermal growth factor stimulus,17,Compara
IEA,GO_REF:0000107,GO:0021522,spinal cord motor neuron differentiation,17,Compara
IEA,GO_REF:0000107,GO:0003677,DNA binding,17,Compara
IEA,GO_REF:0000107,GO:0007369,gastrulation,17,Compara
IEA,GO_REF:0000107,GO:0000794,condensed nuclear chromosome,17,Compara
IEA,GO_REF:0000107,GO:0051412,response to corticosterone,17,Compara
IEA,GO_REF:0000107,GO:0060070,canonical Wnt signaling pathway,17,Compara
IEA,GO_REF:0000107,GO:0030901,midbrain development,17,Compara
IEA,GO_REF:0000107,GO:0007417,central nervous system development,17,Compara
IEA,GO_REF:0000107,GO:0001750,photoreceptor outer segment,17,Compara
IEA,GO_REF:0000107,GO:0031526,brush border membrane,17,Compara
IEA,GO_REF:0000107,GO:0042098,T cell proliferation,17,Compara
IEA,GO_REF:0000107,GO:0042632,cholesterol homeostasis,17,Compara
IEA,GO_REF:0000107,GO:0042474,middle ear morphogenesis,17,Compara
IEA,GO_REF:0000107,GO:0045880,positive regulation of smoothened signaling pathway,17,Compara
IEA,GO_REF:0000107,GO:0048741,skeletal muscle fiber development,17,Compara
IEA,GO_REF:0000107,GO:0060441,epithelial tube branching involved in lung morphogenesis,17,Compara
IEA,GO_REF:0000107,GO:0042981,regulation of apoptotic process,16,Compara
IEA,GO_REF:0000107,GO:0030890,positive regulation of B cell proliferation,16,Compara
IEA,GO_REF:0000107,GO:0005635,nuclear envelope,16,Compara
IEA,GO_REF:0000107,GO:0008585,female gonad development,16,Compara
IEA,GO_REF:0000107,GO:0098609,cell-cell adhesion,16,Compara
IEA,GO_REF:0000107,GO:0048786,presynaptic active zone,16,Compara
IEA,GO_REF:0000107,GO:0030027,lamellipodium,16,Compara
IEA,GO_REF:0000107,GO:0055074,calcium ion homeostasis,16,Compara
IEA,GO_REF:0000107,GO:0032024,positive regulation of insulin secretion,16,Compara
IEA,GO_REF:0000107,GO:0031016,pancreas development,16,Compara
IEA,GO_REF:0000107,GO:0036064,ciliary basal body,16,Compara
IEA,GO_REF:0000107,GO:0045773,positive regulation of axon extension,16,Compara
IEA,GO_REF:0000107,GO:0048009,insulin-like growth factor receptor signaling pathway,16,Compara
IEA,GO_REF:0000107,GO:0002020,protease binding,16,Compara
IEA,GO_REF:0000107,GO:0045668,negative regulation of osteoblast differentiation,16,Compara
IEA,GO_REF:0000107,GO:0003729,mRNA binding,16,Compara
IEA,GO_REF:0000107,GO:0009416,response to light stimulus,16,Compara
IEA,GO_REF:0000107,GO:0001964,startle response,16,Compara
IEA,GO_REF:0000107,GO:0002053,positive regulation of mesenchymal cell proliferation,16,Compara
IEA,GO_REF:0000107,GO:0048593,camera-type eye morphogenesis,16,Compara
IEA,GO_REF:0000107,GO:0032720,negative regulation of tumor necrosis factor production,16,Compara
IEA,GO_REF:0000107,GO:0030307,positive regulation of cell growth,16,Compara
IEA,GO_REF:0000107,GO:1901224,positive regulation of non-canonical NF-kappaB signal transduction,16,Compara
IEA,GO_REF:0000107,GO:0010811,positive regulation of cell-substrate adhesion,16,Compara
IEA,GO_REF:0000107,GO:0021772,olfactory bulb development,16,Compara
IEA,GO_REF:0000107,GO:0035050,embryonic heart tube development,16,Compara
IEA,GO_REF:0000107,GO:0001533,cornified envelope,16,Compara
IEA,GO_REF:0000107,GO:0048306,calcium-dependent protein binding,16,Compara
IEA,GO_REF:0000107,GO:0019228,neuronal action potential,16,Compara
IEA,GO_REF:0000107,GO:0048488,synaptic vesicle endocytosis,16,Compara
IEA,GO_REF:0000107,GO:0007585,respiratory gaseous exchange by respiratory system,16,Compara
IEA,GO_REF:0000107,GO:0045776,negative regulation of blood pressure,16,Compara
IEA,GO_REF:0000107,GO:0048468,cell development,16,Compara
IEA,GO_REF:0000107,GO:0048663,neuron fate commitment,16,Compara
IEA,GO_REF:0000107,GO:0001741,XY body,16,Compara
IEA,GO_REF:0000107,GO:0042995,cell projection,16,Compara
IEA,GO_REF:0000107,GO:0099092,"postsynaptic density, intracellular component",15,Compara
IEA,GO_REF:0000107,GO:0045732,positive regulation of protein catabolic process,15,Compara
IEA,GO_REF:0000107,GO:0016567,protein ubiquitination,15,Compara
IEA,GO_REF:0000107,GO:0055093,response to hyperoxia,15,Compara
IEA,GO_REF:0000107,GO:0007616,long-term memory,15,Compara
IEA,GO_REF:0000107,GO:0008630,intrinsic apoptotic signaling pathway in response to DNA damage,15,Compara
IEA,GO_REF:0000107,GO:0007596,blood coagulation,15,Compara
IEA,GO_REF:0000107,GO:0030674,protein-macromolecule adaptor activity,15,Compara
IEA,GO_REF:0000107,GO:0009615,response to virus,15,Compara
IEA,GO_REF:0000107,GO:0030855,epithelial cell differentiation,15,Compara
IEA,GO_REF:0000107,GO:0014704,intercalated disc,15,Compara
IEA,GO_REF:0000107,GO:0071353,cellular response to interleukin-4,15,Compara
IEA,GO_REF:0000107,GO:0046330,positive regulation of JNK cascade,15,Compara
IEA,GO_REF:0000107,GO:0007625,grooming behavior,15,Compara
IEA,GO_REF:0000107,GO:0007015,actin filament organization,15,Compara
IEA,GO_REF:0000107,GO:0030539,male genitalia development,15,Compara
IEA,GO_REF:0000107,GO:0072593,reactive oxygen species metabolic process,15,Compara
IEA,GO_REF:0000107,GO:0001833,inner cell mass cell proliferation,15,Compara
IEA,GO_REF:0000107,GO:0005178,integrin binding,15,Compara
IEA,GO_REF:0000107,GO:0019915,lipid storage,15,Compara
IEA,GO_REF:0000107,GO:0045600,positive regulation of fat cell differentiation,15,Compara
IEA,GO_REF:0000107,GO:0060079,excitatory postsynaptic potential,15,Compara
IEA,GO_REF:0000107,GO:0033489,cholesterol biosynthetic process via desmosterol,15,Compara
IEA,GO_REF:0000107,GO:0048148,behavioral response to cocaine,15,Compara
IEA,GO_REF:0000107,GO:0061630,ubiquitin protein ligase activity,15,Compara
IEA,GO_REF:0000107,GO:0003714,transcription corepressor activity,15,Compara
IEA,GO_REF:0000107,GO:0048477,oogenesis,15,Compara
IEA,GO_REF:0000107,GO:0005802,trans-Golgi network,15,Compara
IEA,GO_REF:0000107,GO:0019903,protein phosphatase binding,15,Compara
IEA,GO_REF:0000107,GO:0032391,photoreceptor connecting cilium,15,Compara
IEA,GO_REF:0000107,GO:0097401,synaptic vesicle lumen acidification,15,Compara
IEA,GO_REF:0000107,GO:0050807,regulation of synapse organization,15,Compara
IEA,GO_REF:0000107,GO:0019226,transmission of nerve impulse,15,Compara
IEA,GO_REF:0000107,GO:0042391,regulation of membrane potential,15,Compara
IEA,GO_REF:0000107,GO:0007339,binding of sperm to zona pellucida,15,Compara
IEA,GO_REF:0000107,GO:0090128,regulation of synapse maturation,15,Compara
IEA,GO_REF:0000107,GO:0048008,platelet-derived growth factor receptor signaling pathway,15,Compara
IEA,GO_REF:0000107,GO:0001755,neural crest cell migration,15,Compara
IEA,GO_REF:0000107,GO:1904315,transmitter-gated monoatomic ion channel activity involved in regulation of postsynaptic membrane potential,15,Compara
IEA,GO_REF:0000107,GO:0035641,locomotory exploration behavior,15,Compara
IEA,GO_REF:0000107,GO:0098586,cellular response to virus,15,Compara
IEA,GO_REF:0000107,GO:0055007,cardiac muscle cell differentiation,15,Compara
IEA,GO_REF:0000107,GO:0022038,corpus callosum development,15,Compara
IEA,GO_REF:0000107,GO:0010043,response to zinc ion,14,Compara
IEA,GO_REF:0000107,GO:0030336,negative regulation of cell migration,14,Compara
IEA,GO_REF:0000107,GO:0007200,phospholipase C-activating G protein-coupled receptor signaling pathway,14,Compara
IEA,GO_REF:0000107,GO:0000226,microtubule cytoskeleton organization,14,Compara
IEA,GO_REF:0000107,GO:0006749,glutathione metabolic process,14,Compara
IEA,GO_REF:0000107,GO:0090103,cochlea morphogenesis,14,Compara
IEA,GO_REF:0000107,GO:0042711,maternal behavior,14,Compara
IEA,GO_REF:0000107,GO:0043473,pigmentation,14,Compara
IEA,GO_REF:0000107,GO:0030036,actin cytoskeleton organization,14,Compara
IEA,GO_REF:0000107,GO:0001938,positive regulation of endothelial cell proliferation,14,Compara
IEA,GO_REF:0000107,GO:0050965,detection of temperature stimulus involved in sensory perception of pain,14,Compara
IEA,GO_REF:0000107,GO:0006914,autophagy,14,Compara
IEA,GO_REF:0000107,GO:0030514,negative regulation of BMP signaling pathway,14,Compara
IEA,GO_REF:0000107,GO:0010667,negative regulation of cardiac muscle cell apoptotic process,14,Compara
IEA,GO_REF:0000107,GO:0000086,G2/M transition of mitotic cell cycle,14,Compara
IEA,GO_REF:0000107,GO:0090660,cerebrospinal fluid circulation,14,Compara
IEA,GO_REF:0000107,GO:2001235,positive regulation of apoptotic signaling pathway,14,Compara
IEA,GO_REF:0000107,GO:0050884,neuromuscular process controlling posture,14,Compara
IEA,GO_REF:0000107,GO:0002063,chondrocyte development,14,Compara
IEA,GO_REF:0000107,GO:0061436,establishment of skin barrier,14,Compara
IEA,GO_REF:0000107,GO:0097192,extrinsic apoptotic signaling pathway in absence of ligand,14,Compara
IEA,GO_REF:0000107,GO:0048265,response to pain,14,Compara
IEA,GO_REF:0000107,GO:0001702,gastrulation with mouth forming second,14,Compara
IEA,GO_REF:0000107,GO:0070371,ERK1 and ERK2 cascade,14,Compara
IEA,GO_REF:0000107,GO:0035249,"synaptic transmission, glutamatergic",14,Compara
IEA,GO_REF:0000107,GO:0036120,cellular response to platelet-derived growth factor stimulus,14,Compara
IEA,GO_REF:0000107,GO:0036197,zymosterol biosynthetic process,14,Compara
IEA,GO_REF:0000107,GO:0008201,heparin binding,14,Compara
IEA,GO_REF:0000107,GO:0032715,negative regulation of interleukin-6 production,14,Compara
IEA,GO_REF:0000107,GO:0031410,cytoplasmic vesicle,14,Compara
IEA,GO_REF:0000107,GO:0001556,oocyte maturation,14,Compara
IEA,GO_REF:0000107,GO:0050729,positive regulation of inflammatory response,14,Compara
IEA,GO_REF:0000107,GO:0010001,glial cell differentiation,14,Compara
IEA,GO_REF:0000107,GO:0007010,cytoskeleton organization,14,Compara
IEA,GO_REF:0000107,GO:0031290,retinal ganglion cell axon guidance,14,Compara
IEA,GO_REF:0000107,GO:0070527,platelet aggregation,14,Compara
IEA,GO_REF:0000107,GO:0001502,cartilage condensation,14,Compara
IEA,GO_REF:0000107,GO:0048535,lymph node development,14,Compara
IEA,GO_REF:0000107,GO:1904888,cranial skeletal system development,14,Compara
IEA,GO_REF:0000107,GO:0051146,striated muscle cell differentiation,14,Compara
IEA,GO_REF:0000107,GO:0048266,behavioral response to pain,14,Compara
IEA,GO_REF:0000107,GO:0023019,signal transduction involved in regulation of gene expression,14,Compara
IEA,GO_REF:0000107,GO:0033189,response to vitamin A,14,Compara
IEA,GO_REF:0000107,GO:0005930,axoneme,14,Compara
IEA,GO_REF:0000107,GO:0042756,drinking behavior,14,Compara
IEA,GO_REF:0000107,GO:0031398,positive regulation of protein ubiquitination,14,Compara
IEA,GO_REF:0000107,GO:0043200,response to amino acid,14,Compara
IEA,GO_REF:0000107,GO:0042445,hormone metabolic process,14,Compara
IEA,GO_REF:0000107,GO:0001726,ruffle,14,Compara
IEA,GO_REF:0000107,GO:0051898,negative regulation of phosphatidylinositol 3-kinase/protein kinase B signal transduction,14,Compara
IEA,GO_REF:0000107,GO:0030325,adrenal gland development,14,Compara
IEA,GO_REF:0000107,GO:0001829,trophectodermal cell differentiation,14,Compara
IEA,GO_REF:0000107,GO:1990403,embryonic brain development,14,Compara
IEA,GO_REF:0000107,GO:0030334,regulation of cell migration,14,Compara
IEA,GO_REF:0000107,GO:0048714,positive regulation of oligodendrocyte differentiation,14,Compara
IEA,GO_REF:0000107,GO:0050852,T cell receptor signaling pathway,14,Compara
IEA,GO_REF:0000107,GO:0060749,mammary gland alveolus development,14,Compara
IEA,GO_REF:0000107,GO:0014003,oligodendrocyte development,14,Compara
IEA,GO_REF:0000107,GO:0048675,axon extension,14,Compara
IEA,GO_REF:0000107,GO:0019900,kinase binding,14,Compara
IEA,GO_REF:0000107,GO:0000793,condensed chromosome,13,Compara
IEA,GO_REF:0000107,GO:0048812,neuron projection morphogenesis,13,Compara
IEA,GO_REF:0000107,GO:0001708,cell fate specification,13,Compara
IEA,GO_REF:0000107,GO:0060135,maternal process involved in female pregnancy,13,Compara
IEA,GO_REF:0000107,GO:0071392,cellular response to estradiol stimulus,13,Compara
IEA,GO_REF:0000107,GO:0035556,intracellular signal transduction,13,Compara
IEA,GO_REF:0000107,GO:0090398,cellular senescence,13,Compara
IEA,GO_REF:0000107,GO:0046622,positive regulation of organ growth,13,Compara
IEA,GO_REF:0000107,GO:0048844,artery morphogenesis,13,Compara
IEA,GO_REF:0000107,GO:0010975,regulation of neuron projection development,13,Compara
IEA,GO_REF:0000107,GO:0008589,regulation of smoothened signaling pathway,13,Compara
IEA,GO_REF:0000107,GO:0006325,chromatin organization,13,Compara
IEA,GO_REF:0000107,GO:0006974,DNA damage response,13,Compara
IEA,GO_REF:0000107,GO:0071361,cellular response to ethanol,13,Compara
IEA,GO_REF:0000107,GO:0002052,positive regulation of neuroblast proliferation,13,Compara
IEA,GO_REF:0000107,GO:0043195,terminal bouton,13,Compara
IEA,GO_REF:0000107,GO:1990138,neuron projection extension,13,Compara
IEA,GO_REF:0000107,GO:0060038,cardiac muscle cell proliferation,13,Compara
IEA,GO_REF:0000107,GO:0003351,epithelial cilium movement involved in extracellular fluid movement,13,Compara
IEA,GO_REF:0000107,GO:0003779,actin binding,13,Compara
IEA,GO_REF:0000107,GO:0006950,response to stress,13,Compara
IEA,GO_REF:0000107,GO:0007416,synapse assembly,13,Compara
IEA,GO_REF:0000107,GO:0071548,response to dexamethasone,13,Compara
IEA,GO_REF:0000107,GO:0097110,scaffold protein binding,13,Compara
IEA,GO_REF:0000107,GO:0051117,ATPase binding,13,Compara
IEA,GO_REF:0000107,GO:0000209,protein polyubiquitination,13,Compara
IEA,GO_REF:0000107,GO:0097225,sperm midpiece,13,Compara
IEA,GO_REF:0000107,GO:0043278,response to morphine,13,Compara
IEA,GO_REF:0000107,GO:0045184,establishment of protein localization,13,Compara
IEA,GO_REF:0000107,GO:0061351,neural precursor cell proliferation,13,Compara
IEA,GO_REF:0000107,GO:0001558,regulation of cell growth,13,Compara
IEA,GO_REF:0000107,GO:0030513,positive regulation of BMP signaling pathway,13,Compara
IEA,GO_REF:0000107,GO:0034504,protein localization to nucleus,13,Compara
IEA,GO_REF:0000107,GO:0034605,cellular response to heat,13,Compara
IEA,GO_REF:0000107,GO:0002260,lymphocyte homeostasis,13,Compara
IEA,GO_REF:0000107,GO:0098696,regulation of neurotransmitter receptor localization to postsynaptic specialization membrane,13,Compara
IEA,GO_REF:0000107,GO:0045747,positive regulation of Notch signaling pathway,13,Compara
IEA,GO_REF:0000107,GO:0015629,actin cytoskeleton,13,Compara
IEA,GO_REF:0000107,GO:0015630,microtubule cytoskeleton,13,Compara
IEA,GO_REF:0000107,GO:0009411,response to UV,13,Compara
IEA,GO_REF:0000107,GO:0006909,phagocytosis,13,Compara
IEA,GO_REF:0000107,GO:0030308,negative regulation of cell growth,13,Compara
IEA,GO_REF:0000107,GO:0055013,cardiac muscle cell development,13,Compara
IEA,GO_REF:0000107,GO:0009880,embryonic pattern specification,13,Compara
IEA,GO_REF:0000107,GO:0007029,endoplasmic reticulum organization,13,Compara
IEA,GO_REF:0000107,GO:0021904,dorsal/ventral neural tube patterning,13,Compara
IEA,GO_REF:0000107,GO:0001673,male germ cell nucleus,13,Compara
IEA,GO_REF:0000107,GO:0002437,inflammatory response to antigenic stimulus,13,Compara
IEA,GO_REF:0000107,GO:0006897,endocytosis,13,Compara
IEA,GO_REF:0000107,GO:0060384,innervation,13,Compara
IEA,GO_REF:0000107,GO:0005730,nucleolus,13,Compara
IEA,GO_REF:0000107,GO:0021954,central nervous system neuron development,13,Compara
IEA,GO_REF:0000107,GO:0098761,cellular response to interleukin-7,13,Compara
IEA,GO_REF:0000107,GO:0016327,apicolateral plasma membrane,13,Compara
IEA,GO_REF:0000107,GO:0005814,centriole,13,Compara
IEA,GO_REF:0000107,GO:0031076,embryonic camera-type eye development,13,Compara
IEA,GO_REF:0000107,GO:0001659,temperature homeostasis,13,Compara
IEA,GO_REF:0000107,GO:0006816,calcium ion transport,13,Compara
IEA,GO_REF:0000107,GO:0035255,ionotropic glutamate receptor binding,13,Compara
IEA,GO_REF:0000107,GO:0046697,decidualization,13,Compara
IEA,GO_REF:0000107,GO:0040008,regulation of growth,13,Compara
IEA,GO_REF:0000107,GO:0016525,negative regulation of angiogenesis,13,Compara
IEA,GO_REF:0000107,GO:1901652,response to peptide,13,Compara
IEA,GO_REF:0000107,GO:0031663,lipopolysaccharide-mediated signaling pathway,13,Compara
IEA,GO_REF:0000107,GO:0070542,response to fatty acid,13,Compara
IEA,GO_REF:0000107,GO:0048821,erythrocyte development,12,Compara
IEA,GO_REF:0000107,GO:0007160,cell-matrix adhesion,12,Compara
IEA,GO_REF:0000107,GO:0005759,mitochondrial matrix,12,Compara
IEA,GO_REF:0000107,GO:0003723,RNA binding,12,Compara
IEA,GO_REF:0000107,GO:0098981,cholinergic synapse,12,Compara
IEA,GO_REF:0000107,GO:0045087,innate immune response,12,Compara
IEA,GO_REF:0000107,GO:0051276,chromosome organization,12,Compara
IEA,GO_REF:0000107,GO:0007141,male meiosis I,12,Compara
IEA,GO_REF:0000107,GO:0005819,spindle,12,Compara
IEA,GO_REF:0000107,GO:0022011,myelination in peripheral nervous system,12,Compara
IEA,GO_REF:0000107,GO:0001675,acrosome assembly,12,Compara
IEA,GO_REF:0000107,GO:0003417,growth plate cartilage development,12,Compara
IEA,GO_REF:0000107,GO:2001234,negative regulation of apoptotic signaling pathway,12,Compara
IEA,GO_REF:0000107,GO:0008045,motor neuron axon guidance,12,Compara
IEA,GO_REF:0000107,GO:0007040,lysosome organization,12,Compara
IEA,GO_REF:0000107,GO:0035855,megakaryocyte development,12,Compara
IEA,GO_REF:0000107,GO:0000791,euchromatin,12,Compara
IEA,GO_REF:0000107,GO:0098693,regulation of synaptic vesicle cycle,12,Compara
IEA,GO_REF:0000107,GO:0005768,endosome,12,Compara
IEA,GO_REF:0000107,GO:0007189,adenylate cyclase-activating G protein-coupled receptor signaling pathway,12,Compara
IEA,GO_REF:0000107,GO:0007193,adenylate cyclase-inhibiting G protein-coupled receptor signaling pathway,12,Compara
IEA,GO_REF:0000107,GO:0060009,Sertoli cell development,12,Compara
IEA,GO_REF:0000107,GO:0005770,late endosome,12,Compara
IEA,GO_REF:0000107,GO:0048665,neuron fate specification,12,Compara
IEA,GO_REF:0000107,GO:0007129,homologous chromosome pairing at meiosis,12,Compara
IEA,GO_REF:0000107,GO:0042177,negative regulation of protein catabolic process,12,Compara
IEA,GO_REF:0000107,GO:0008013,beta-catenin binding,12,Compara
IEA,GO_REF:0000107,GO:0031648,protein destabilization,12,Compara
IEA,GO_REF:0000107,GO:2001237,negative regulation of extrinsic apoptotic signaling pathway,12,Compara
IEA,GO_REF:0000107,GO:0051015,actin filament binding,12,Compara
IEA,GO_REF:0000107,GO:0060412,ventricular septum morphogenesis,12,Compara
IEA,GO_REF:0000107,GO:0005929,cilium,12,Compara
IEA,GO_REF:0000107,GO:0097546,ciliary base,12,Compara
IEA,GO_REF:0000107,GO:0001917,photoreceptor inner segment,12,Compara
IEA,GO_REF:0000107,GO:0031252,cell leading edge,12,Compara
IEA,GO_REF:0000107,GO:0060322,head development,12,Compara
IEA,GO_REF:0000107,GO:0008543,fibroblast growth factor receptor signaling pathway,12,Compara
IEA,GO_REF:0000107,GO:0099151,regulation of postsynaptic density assembly,12,Compara
IEA,GO_REF:0000107,GO:0009642,response to light intensity,12,Compara
IEA,GO_REF:0000107,GO:0010996,response to auditory stimulus,12,Compara
IEA,GO_REF:0000107,GO:0045879,negative regulation of smoothened signaling pathway,12,Compara
IEA,GO_REF:0000107,GO:1905606,regulation of presynapse assembly,12,Compara
IEA,GO_REF:0000107,GO:0055001,muscle cell development,12,Compara
IEA,GO_REF:0000107,GO:0030246,carbohydrate binding,12,Compara
IEA,GO_REF:0000107,GO:0060077,inhibitory synapse,12,Compara
IEA,GO_REF:0000107,GO:0050673,epithelial cell proliferation,12,Compara
IEA,GO_REF:0000107,GO:0060586,multicellular organismal-level iron ion homeostasis,12,Compara
IEA,GO_REF:0000107,GO:0016363,nuclear matrix,12,Compara
IEA,GO_REF:0000107,GO:0006366,transcription by RNA polymerase II,12,Compara
IEA,GO_REF:0000107,GO:0043330,response to exogenous dsRNA,12,Compara
IEA,GO_REF:0000107,GO:0033280,response to vitamin D,12,Compara
IEA,GO_REF:0000107,GO:0045777,positive regulation of blood pressure,12,Compara
IEA,GO_REF:0000107,GO:0016529,sarcoplasmic reticulum,12,Compara
IEA,GO_REF:0000107,GO:0007520,myoblast fusion,12,Compara
IEA,GO_REF:0000107,GO:0048854,brain morphogenesis,11,Compara
IEA,GO_REF:0000107,GO:0140238,presynaptic endocytosis,11,Compara
IEA,GO_REF:0000107,GO:0014898,cardiac muscle hypertrophy in response to stress,11,Compara
IEA,GO_REF:0000107,GO:0050768,negative regulation of neurogenesis,11,Compara
IEA,GO_REF:0000107,GO:0050832,defense response to fungus,11,Compara
IEA,GO_REF:0000107,GO:0007274,neuromuscular synaptic transmission,11,Compara
IEA,GO_REF:0000107,GO:0072359,circulatory system development,11,Compara
IEA,GO_REF:0000107,GO:0098850,extrinsic component of synaptic vesicle membrane,11,Compara
IEA,GO_REF:0000107,GO:0046326,positive regulation of D-glucose import,11,Compara
IEA,GO_REF:0000107,GO:0046677,response to antibiotic,11,Compara
IEA,GO_REF:0000107,GO:0048599,oocyte development,11,Compara
IEA,GO_REF:0000107,GO:0048708,astrocyte differentiation,11,Compara
IEA,GO_REF:0000107,GO:0050908,detection of light stimulus involved in visual perception,11,Compara
IEA,GO_REF:0000107,GO:0050966,detection of mechanical stimulus involved in sensory perception of pain,11,Compara
IEA,GO_REF:0000107,GO:0060416,response to growth hormone,11,Compara
IEA,GO_REF:0000107,GO:0017124,SH3 domain binding,11,Compara
IEA,GO_REF:0000107,GO:0006936,muscle contraction,11,Compara
IEA,GO_REF:0000107,GO:0033555,multicellular organismal response to stress,11,Compara
IEA,GO_REF:0000107,GO:0097305,response to alcohol,11,Compara
IEA,GO_REF:0000107,GO:0043583,ear development,11,Compara
IEA,GO_REF:0000107,GO:0048339,paraxial mesoderm development,11,Compara
IEA,GO_REF:0000107,GO:0050890,cognition,11,Compara
IEA,GO_REF:0000107,GO:0015031,protein transport,11,Compara
IEA,GO_REF:0000107,GO:0098691,dopaminergic synapse,11,Compara
IEA,GO_REF:0000107,GO:2001240,negative regulation of extrinsic apoptotic signaling pathway in absence of ligand,11,Compara
IEA,GO_REF:0000107,GO:0007631,feeding behavior,11,Compara
IEA,GO_REF:0000107,GO:0030099,myeloid cell differentiation,11,Compara
IEA,GO_REF:0000107,GO:0021554,optic nerve development,11,Compara
IEA,GO_REF:0000107,GO:0000082,G1/S transition of mitotic cell cycle,11,Compara
IEA,GO_REF:0000107,GO:0060216,definitive hemopoiesis,11,Compara
IEA,GO_REF:0000107,GO:0044344,cellular response to fibroblast growth factor stimulus,11,Compara
IEA,GO_REF:0000107,GO:0060076,excitatory synapse,11,Compara
IEA,GO_REF:0000107,GO:0051087,protein-folding chaperone binding,11,Compara
IEA,GO_REF:0000107,GO:0042277,peptide binding,11,Compara
IEA,GO_REF:0000107,GO:0051219,phosphoprotein binding,11,Compara
IEA,GO_REF:0000107,GO:0045597,positive regulation of cell differentiation,11,Compara
IEA,GO_REF:0000107,GO:0098885,modification of postsynaptic actin cytoskeleton,11,Compara
IEA,GO_REF:0000107,GO:0021854,hypothalamus development,11,Compara
IEA,GO_REF:0000107,GO:0031647,regulation of protein stability,11,Compara
IEA,GO_REF:0000107,GO:0042551,neuron maturation,11,Compara
IEA,GO_REF:0000107,GO:0042832,defense response to protozoan,11,Compara
IEA,GO_REF:0000107,GO:0045727,positive regulation of translation,11,Compara
IEA,GO_REF:0000107,GO:0051881,regulation of mitochondrial membrane potential,11,Compara
IEA,GO_REF:0000107,GO:0050829,defense response to Gram-negative bacterium,11,Compara
IEA,GO_REF:0000107,GO:0007405,neuroblast proliferation,11,Compara
IEA,GO_REF:0000107,GO:1902065,response to L-glutamate,11,Compara
IEA,GO_REF:0000107,GO:0030593,neutrophil chemotaxis,11,Compara
IEA,GO_REF:0000107,GO:0030850,prostate gland development,11,Compara
IEA,GO_REF:0000107,GO:0009408,response to heat,11,Compara
IEA,GO_REF:0000107,GO:0045178,basal part of cell,11,Compara
IEA,GO_REF:0000107,GO:0060445,branching involved in salivary gland morphogenesis,11,Compara
IEA,GO_REF:0000107,GO:0006955,immune response,11,Compara
IEA,GO_REF:0000107,GO:0021756,striatum development,11,Compara
IEA,GO_REF:0000107,GO:0042491,inner ear auditory receptor cell differentiation,11,Compara
IEA,GO_REF:0000107,GO:0048596,embryonic camera-type eye morphogenesis,11,Compara
IEA,GO_REF:0000107,GO:0051145,smooth muscle cell differentiation,11,Compara
IEA,GO_REF:0000107,GO:0061052,negative regulation of cell growth involved in cardiac muscle cell development,11,Compara
IEA,GO_REF:0000107,GO:0043161,proteasome-mediated ubiquitin-dependent protein catabolic process,11,Compara
IEA,GO_REF:0000107,GO:0032689,negative regulation of type II interferon production,11,Compara
IEA,GO_REF:0000107,GO:0097150,neuronal stem cell population maintenance,11,Compara
IEA,GO_REF:0000107,GO:0001772,immunological synapse,11,Compara
IEA,GO_REF:0000107,GO:0060292,long-term synaptic depression,11,Compara
IEA,GO_REF:0000107,GO:0060088,auditory receptor cell stereocilium organization,11,Compara
IEA,GO_REF:0000107,GO:0000977,RNA polymerase II transcription regulatory region sequence-specific DNA binding,11,Compara
IEA,GO_REF:0000107,GO:0030225,macrophage differentiation,11,Compara
IEA,GO_REF:0000107,GO:0033490,cholesterol biosynthetic process via lathosterol,11,Compara
IEA,GO_REF:0000107,GO:0030902,hindbrain development,11,Compara
IEA,GO_REF:0000107,GO:0000151,ubiquitin ligase complex,11,Compara
IEA,GO_REF:0000107,GO:0005925,focal adhesion,11,Compara
IEA,GO_REF:0000107,GO:0048147,negative regulation of fibroblast proliferation,11,Compara
IEA,GO_REF:0000107,GO:0050678,regulation of epithelial cell proliferation,11,Compara
IEA,GO_REF:0000107,GO:0030315,T-tubule,11,Compara
IEA,GO_REF:0000107,GO:0071398,cellular response to fatty acid,11,Compara
IEA,GO_REF:0000107,GO:0042110,T cell activation,11,Compara
IEA,GO_REF:0000107,GO:0050840,extracellular matrix binding,11,Compara
IEA,GO_REF:0000107,GO:0051279,regulation of release of sequestered calcium ion into cytosol,11,Compara
IEA,GO_REF:0000107,GO:0010842,retina layer formation,11,Compara
IEA,GO_REF:0000107,GO:0035994,response to muscle stretch,11,Compara
IEA,GO_REF:0000107,GO:0006633,fatty acid biosynthetic process,11,Compara
IEA,GO_REF:0000107,GO:0021527,spinal cord association neuron differentiation,11,Compara
IEA,GO_REF:0000107,GO:0030544,Hsp70 protein binding,11,Compara
IEA,GO_REF:0000107,GO:0071837,HMG box domain binding,11,Compara
IEA,GO_REF:0000107,GO:0001759,organ induction,11,Compara
IEA,GO_REF:0000107,GO:0042116,macrophage activation,11,Compara
IEA,GO_REF:0000107,GO:0048546,digestive tract morphogenesis,11,Compara
IEA,GO_REF:0000107,GO:0030278,regulation of ossification,11,Compara
IEA,GO_REF:0000107,GO:0032722,positive regulation of chemokine production,11,Compara
IEA,GO_REF:0000107,GO:0005789,endoplasmic reticulum membrane,11,Compara
IEA,GO_REF:0000107,GO:0030032,lamellipodium assembly,11,Compara
IEA,GO_REF:0000107,GO:0002076,osteoblast development,10,Compara
IEA,GO_REF:0000107,GO:0044458,motile cilium assembly,10,Compara
IEA,GO_REF:0000107,GO:0042157,lipoprotein metabolic process,10,Compara
IEA,GO_REF:0000107,GO:0050767,regulation of neurogenesis,10,Compara
IEA,GO_REF:0000107,GO:0060444,branching involved in mammary gland duct morphogenesis,10,Compara
IEA,GO_REF:0000107,GO:0060740,prostate gland epithelium morphogenesis,10,Compara
IEA,GO_REF:0000107,GO:0010761,fibroblast migration,10,Compara
IEA,GO_REF:0000107,GO:0021799,cerebral cortex radially oriented cell migration,10,Compara
IEA,GO_REF:0000107,GO:0007186,G protein-coupled receptor signaling pathway,10,Compara
IEA,GO_REF:0000107,GO:0043279,response to alkaloid,10,Compara
IEA,GO_REF:0000107,GO:0045907,positive regulation of vasoconstriction,10,Compara
IEA,GO_REF:0000107,GO:0005509,calcium ion binding,10,Compara
IEA,GO_REF:0000107,GO:0007026,negative regulation of microtubule depolymerization,10,Compara
IEA,GO_REF:0000107,GO:0090280,positive regulation of calcium ion import,10,Compara
IEA,GO_REF:0000107,GO:1990859,cellular response to endothelin,10,Compara
IEA,GO_REF:0000107,GO:0040011,locomotion,10,Compara
IEA,GO_REF:0000107,GO:0043194,axon initial segment,10,Compara
IEA,GO_REF:0000107,GO:0060674,placenta blood vessel development,10,Compara
IEA,GO_REF:0000107,GO:0071372,cellular response to follicle-stimulating hormone stimulus,10,Compara
IEA,GO_REF:0000107,GO:0019221,cytokine-mediated signaling pathway,10,Compara
IEA,GO_REF:0000107,GO:0000278,mitotic cell cycle,10,Compara
IEA,GO_REF:0000107,GO:0120316,sperm flagellum assembly,10,Compara
IEA,GO_REF:0000107,GO:0048149,behavioral response to ethanol,10,Compara
IEA,GO_REF:0000107,GO:0045582,positive regulation of T cell differentiation,10,Compara
IEA,GO_REF:0000107,GO:0003407,neural retina development,10,Compara
IEA,GO_REF:0000107,GO:0014004,microglia differentiation,10,Compara
IEA,GO_REF:0000107,GO:0060020,Bergmann glial cell differentiation,10,Compara
IEA,GO_REF:0000107,GO:0072687,meiotic spindle,10,Compara
IEA,GO_REF:0000107,GO:0051963,regulation of synapse assembly,10,Compara
IEA,GO_REF:0000107,GO:0001709,cell fate determination,10,Compara
IEA,GO_REF:0000107,GO:0043209,myelin sheath,10,Compara
IEA,GO_REF:0000107,GO:0046627,negative regulation of insulin receptor signaling pathway,10,Compara
IEA,GO_REF:0000107,GO:0048304,positive regulation of isotype switching to IgG isotypes,10,Compara
IEA,GO_REF:0000107,GO:0060013,righting reflex,10,Compara
IEA,GO_REF:0000107,GO:0060045,positive regulation of cardiac muscle cell proliferation,10,Compara
IEA,GO_REF:0000107,GO:0005080,protein kinase C binding,10,Compara
IEA,GO_REF:0000107,GO:1904707,positive regulation of vascular associated smooth muscle cell proliferation,10,Compara
IEA,GO_REF:0000107,GO:0048514,blood vessel morphogenesis,10,Compara
IEA,GO_REF:0000107,GO:0045722,positive regulation of gluconeogenesis,10,Compara
IEA,GO_REF:0000107,GO:0043021,ribonucleoprotein complex binding,10,Compara
IEA,GO_REF:0000107,GO:0043542,endothelial cell migration,10,Compara
IEA,GO_REF:0000107,GO:0046849,bone remodeling,10,Compara
IEA,GO_REF:0000107,GO:0050872,white fat cell differentiation,10,Compara
IEA,GO_REF:0000107,GO:0060252,positive regulation of glial cell proliferation,10,Compara
IEA,GO_REF:0000107,GO:0042169,SH2 domain binding,10,Compara
IEA,GO_REF:0000107,GO:0014032,neural crest cell development,10,Compara
IEA,GO_REF:0000107,GO:0005912,adherens junction,10,Compara
IEA,GO_REF:0000107,GO:2000179,positive regulation of neural precursor cell proliferation,10,Compara
IEA,GO_REF:0000107,GO:0009888,tissue development,10,Compara
IEA,GO_REF:0000107,GO:0001841,neural tube formation,10,Compara
IEA,GO_REF:0000107,GO:0006886,intracellular protein transport,10,Compara
IEA,GO_REF:0000107,GO:0007229,integrin-mediated signaling pathway,10,Compara
IEA,GO_REF:0000107,GO:0005539,glycosaminoglycan binding,10,Compara
IEA,GO_REF:0000107,GO:0014002,astrocyte development,10,Compara
IEA,GO_REF:0000107,GO:0005788,endoplasmic reticulum lumen,10,Compara
IEA,GO_REF:0000107,GO:0010165,response to X-ray,10,Compara
IEA,GO_REF:0000107,GO:0042462,eye photoreceptor cell development,10,Compara
IEA,GO_REF:0000107,GO:0009948,anterior/posterior axis specification,10,Compara
IEA,GO_REF:0000107,GO:0030838,positive regulation of actin filament polymerization,10,Compara
IEA,GO_REF:0000107,GO:0001935,endothelial cell proliferation,10,Compara
IEA,GO_REF:0000107,GO:0002027,regulation of heart rate,10,Compara
IEA,GO_REF:0000107,GO:0000776,kinetochore,10,Compara
IEA,GO_REF:0000107,GO:0045494,photoreceptor cell maintenance,10,Compara
IEA,GO_REF:0000107,GO:0060840,artery development,10,Compara
IEA,GO_REF:0000107,GO:1904044,response to aldosterone,10,Compara
IEA,GO_REF:0000107,GO:0010212,response to ionizing radiation,10,Compara
IEA,GO_REF:0000107,GO:0031966,mitochondrial membrane,10,Compara
IEA,GO_REF:0000107,GO:0070986,left/right axis specification,10,Compara
IEA,GO_REF:0000107,GO:0043220,Schmidt-Lanterman incisure,10,Compara
IEA,GO_REF:0000107,GO:0046332,SMAD binding,10,Compara
IEA,GO_REF:0000107,GO:1990708,conditioned place preference,10,Compara
IEA,GO_REF:0000107,GO:0048169,regulation of long-term neuronal synaptic plasticity,10,Compara
IEA,GO_REF:0000107,GO:0060048,cardiac muscle contraction,10,Compara
IEA,GO_REF:0000107,GO:0048771,tissue remodeling,10,Compara
IEA,GO_REF:0000107,GO:0001893,maternal placenta development,10,Compara
IEA,GO_REF:0000107,GO:0032743,positive regulation of interleukin-2 production,10,Compara
IEA,GO_REF:0000107,GO:0097284,hepatocyte apoptotic process,10,Compara
IEA,GO_REF:0000107,GO:0060670,branching involved in labyrinthine layer morphogenesis,10,Compara
IEA,GO_REF:0000107,GO:0044306,neuron projection terminus,10,Compara
IEA,GO_REF:0000107,GO:0030155,regulation of cell adhesion,10,Compara
IEA,GO_REF:0000107,GO:0008076,voltage-gated potassium channel complex,10,Compara
IEA,GO_REF:0000107,GO:0009743,response to carbohydrate,10,Compara
IEA,GO_REF:0000107,GO:0021675,nerve development,10,Compara
IEA,GO_REF:0000107,GO:0030512,negative regulation of transforming growth factor beta receptor signaling pathway,10,Compara
IEA,GO_REF:0000107,GO:0045787,positive regulation of cell cycle,10,Compara
IEA,GO_REF:0000107,GO:0045785,positive regulation of cell adhesion,10,Compara
IEA,GO_REF:0000107,GO:0001725,stress fiber,10,Compara
IEA,GO_REF:0000107,GO:0035988,chondrocyte proliferation,10,Compara
IEA,GO_REF:0000107,GO:0003279,cardiac septum development,10,Compara
IEA,GO_REF:0000107,GO:0014075,response to amine,10,Compara
IEA,GO_REF:0000107,GO:0005923,bicellular tight junction,10,Compara
IEA,GO_REF:0000107,GO:0070555,response to interleukin-1,10,Compara
IEA,GO_REF:0000107,GO:0071806,protein transmembrane transport,10,Compara
IEA,GO_REF:0000107,GO:0097191,extrinsic apoptotic signaling pathway,10,Compara
IEA,GO_REF:0000107,GO:0006338,chromatin remodeling,10,Compara
IEA,GO_REF:0000107,GO:0071480,cellular response to gamma radiation,10,Compara
IEA,GO_REF:0000107,GO:0042307,positive regulation of protein import into nucleus,10,Compara
IEA,GO_REF:0000107,GO:0042476,odontogenesis,10,Compara
IEA,GO_REF:0000107,GO:0045662,negative regulation of myoblast differentiation,10,Compara
IEA,GO_REF:0000107,GO:0001736,establishment of planar polarity,10,Compara
IEA,GO_REF:0000107,GO:0060711,labyrinthine layer development,10,Compara
IEA,GO_REF:0000107,GO:0001223,transcription coactivator binding,10,Compara
IEA,GO_REF:0000107,GO:0007517,muscle organ development,10,Compara
IEA,GO_REF:0000107,GO:0032733,positive regulation of interleukin-10 production,10,Compara
IEA,GO_REF:0000107,GO:0000795,synaptonemal complex,10,Compara
IEA,GO_REF:0000107,GO:1990314,cellular response to insulin-like growth factor stimulus,10,Compara
IEA,GO_REF:0000107,GO:1904385,cellular response to angiotensin,10,Compara
IEA,GO_REF:0000107,GO:0021895,cerebral cortex neuron differentiation,10,Compara
IEA,GO_REF:0000107,GO:0006351,DNA-templated transcription,10,Compara
IEA,GO_REF:0000107,GO:1900273,positive regulation of long-term synaptic potentiation,9,Compara
IEA,GO_REF:0000107,GO:0000987,cis-regulatory region sequence-specific DNA binding,9,Compara
IEA,GO_REF:0000107,GO:0097440,apical dendrite,9,Compara
IEA,GO_REF:0000107,GO:0044849,estrous cycle,9,Compara
IEA,GO_REF:0000107,GO:0048557,embryonic digestive tract morphogenesis,9,Compara
IEA,GO_REF:0000107,GO:0048644,muscle organ morphogenesis,9,Compara
IEA,GO_REF:0000107,GO:0055075,potassium ion homeostasis,9,Compara
IEA,GO_REF:0000107,GO:0060037,pharyngeal system development,9,Compara
IEA,GO_REF:0000107,GO:0005654,nucleoplasm,9,Compara
IEA,GO_REF:0000107,GO:0019227,neuronal action potential propagation,9,Compara
IEA,GO_REF:0000107,GO:0034332,adherens junction organization,9,Compara
IEA,GO_REF:0000107,GO:0006959,humoral immune response,9,Compara
IEA,GO_REF:0000107,GO:0033993,response to lipid,9,Compara
IEA,GO_REF:0000107,GO:0019894,kinesin binding,9,Compara
IEA,GO_REF:0000107,GO:0002039,p53 binding,9,Compara
IEA,GO_REF:0000107,GO:0120197,mucociliary clearance,9,Compara
IEA,GO_REF:0000107,GO:0045060,negative thymic T cell selection,9,Compara
IEA,GO_REF:0000107,GO:0045746,negative regulation of Notch signaling pathway,9,Compara
IEA,GO_REF:0000107,GO:0021794,thalamus development,9,Compara
IEA,GO_REF:0000107,GO:0016331,morphogenesis of embryonic epithelium,9,Compara
IEA,GO_REF:0000107,GO:0017053,transcription repressor complex,9,Compara
IEA,GO_REF:0000107,GO:0031072,heat shock protein binding,9,Compara
IEA,GO_REF:0000107,GO:0030517,negative regulation of axon extension,9,Compara
IEA,GO_REF:0000107,GO:0033554,cellular response to stress,9,Compara
IEA,GO_REF:0000107,GO:0150053,cerebellar climbing fiber to Purkinje cell synapse,9,Compara
IEA,GO_REF:0000107,GO:0005884,actin filament,9,Compara
IEA,GO_REF:0000107,GO:0050853,B cell receptor signaling pathway,9,Compara
IEA,GO_REF:0000107,GO:0010906,regulation of glucose metabolic process,9,Compara
IEA,GO_REF:0000107,GO:0007267,cell-cell signaling,9,Compara
IEA,GO_REF:0000107,GO:0007422,peripheral nervous system development,9,Compara
IEA,GO_REF:0000107,GO:0032436,positive regulation of proteasomal ubiquitin-dependent protein catabolic process,9,Compara
IEA,GO_REF:0000107,GO:0030864,cortical actin cytoskeleton,9,Compara
IEA,GO_REF:0000107,GO:0032956,regulation of actin cytoskeleton organization,9,Compara
IEA,GO_REF:0000107,GO:0071732,cellular response to nitric oxide,9,Compara
IEA,GO_REF:0000107,GO:1900087,positive regulation of G1/S transition of mitotic cell cycle,9,Compara
IEA,GO_REF:0000107,GO:0060613,fat pad development,9,Compara
IEA,GO_REF:0000107,GO:0042100,B cell proliferation,9,Compara
IEA,GO_REF:0000107,GO:0014902,myotube differentiation,9,Compara
IEA,GO_REF:0000107,GO:0008361,regulation of cell size,9,Compara
IEA,GO_REF:0000107,GO:0032332,positive regulation of chondrocyte differentiation,9,Compara
IEA,GO_REF:0000107,GO:0071944,cell periphery,9,Compara
IEA,GO_REF:0000107,GO:2000463,positive regulation of excitatory postsynaptic potential,9,Compara
IEA,GO_REF:0000107,GO:0003334,keratinocyte development,9,Compara
IEA,GO_REF:0000107,GO:0048745,smooth muscle tissue development,9,Compara
IEA,GO_REF:0000107,GO:0005741,mitochondrial outer membrane,9,Compara
IEA,GO_REF:0000107,GO:0048668,collateral sprouting,9,Compara
IEA,GO_REF:0000107,GO:0007398,ectoderm development,9,Compara
IEA,GO_REF:0000107,GO:0070509,calcium ion import,9,Compara
IEA,GO_REF:0000107,GO:0002089,lens morphogenesis in camera-type eye,9,Compara
IEA,GO_REF:0000107,GO:0048870,cell motility,9,Compara
IEA,GO_REF:0000107,GO:0042771,intrinsic apoptotic signaling pathway in response to DNA damage by p53 class mediator,9,Compara
IEA,GO_REF:0000107,GO:0005901,caveola,9,Compara
IEA,GO_REF:0000107,GO:0045931,positive regulation of mitotic cell cycle,9,Compara
IEA,GO_REF:0000107,GO:0060999,positive regulation of dendritic spine development,9,Compara
IEA,GO_REF:0000107,GO:0005721,pericentric heterochromatin,9,Compara
IEA,GO_REF:0000107,GO:0003014,renal system process,9,Compara
IEA,GO_REF:0000107,GO:0001886,endothelial cell morphogenesis,9,Compara
IEA,GO_REF:0000107,GO:0031514,motile cilium,9,Compara
IEA,GO_REF:0000107,GO:0099010,modification of postsynaptic structure,9,Compara
IEA,GO_REF:0000107,GO:0071385,cellular response to glucocorticoid stimulus,9,Compara
IEA,GO_REF:0000107,GO:0048255,mRNA stabilization,9,Compara
IEA,GO_REF:0000107,GO:0055123,digestive system development,9,Compara
IEA,GO_REF:0000107,GO:0060047,heart contraction,9,Compara
IEA,GO_REF:0000107,GO:0010460,positive regulation of heart rate,9,Compara
IEA,GO_REF:0000107,GO:0030030,cell projection organization,9,Compara
IEA,GO_REF:0000107,GO:0071380,cellular response to prostaglandin E stimulus,9,Compara
IEA,GO_REF:0000107,GO:0010039,response to iron ion,9,Compara
IEA,GO_REF:0000107,GO:0007059,chromosome segregation,9,Compara
IEA,GO_REF:0000107,GO:0030318,melanocyte differentiation,9,Compara
IEA,GO_REF:0000107,GO:0000139,Golgi membrane,9,Compara
IEA,GO_REF:0000107,GO:0002687,positive regulation of leukocyte migration,9,Compara
IEA,GO_REF:0000107,GO:0030177,positive regulation of Wnt signaling pathway,9,Compara
IEA,GO_REF:0000107,GO:0003727,single-stranded RNA binding,9,Compara
IEA,GO_REF:0000107,GO:0005743,mitochondrial inner membrane,9,Compara
IEA,GO_REF:0000107,GO:0022904,respiratory electron transport chain,9,Compara
IEA,GO_REF:0000107,GO:0033327,Leydig cell differentiation,9,Compara
IEA,GO_REF:0000107,GO:0001542,ovulation from ovarian follicle,9,Compara
IEA,GO_REF:0000107,GO:0003085,negative regulation of systemic arterial blood pressure,9,Compara
IEA,GO_REF:0000107,GO:0032735,positive regulation of interleukin-12 production,9,Compara
IEA,GO_REF:0000107,GO:0032966,negative regulation of collagen biosynthetic process,9,Compara
IEA,GO_REF:0000107,GO:0001655,urogenital system development,9,Compara
IEA,GO_REF:0000107,GO:0002637,regulation of immunoglobulin production,9,Compara
IEA,GO_REF:0000107,GO:0060052,neurofilament cytoskeleton organization,9,Compara
IEA,GO_REF:0000107,GO:0050772,positive regulation of axonogenesis,9,Compara
IEA,GO_REF:0000107,GO:0061024,membrane organization,9,Compara
IEA,GO_REF:0000107,GO:0030968,endoplasmic reticulum unfolded protein response,9,Compara
IEA,GO_REF:0000107,GO:0007030,Golgi organization,9,Compara
IEA,GO_REF:0000107,GO:0002064,epithelial cell development,9,Compara
IEA,GO_REF:0000107,GO:0097190,apoptotic signaling pathway,9,Compara
IEA,GO_REF:0000107,GO:0043011,myeloid dendritic cell differentiation,9,Compara
IEA,GO_REF:0000107,GO:0051020,GTPase binding,9,Compara
IEA,GO_REF:0000107,GO:1904383,response to sodium phosphate,9,Compara
IEA,GO_REF:0000107,GO:0032026,response to magnesium ion,9,Compara
IEA,GO_REF:0000107,GO:0071345,cellular response to cytokine stimulus,9,Compara
IEA,GO_REF:0000107,GO:0033344,cholesterol efflux,9,Compara
IEA,GO_REF:0000107,GO:0040015,negative regulation of multicellular organism growth,9,Compara
IEA,GO_REF:0000107,GO:0005576,extracellular region,9,Compara
IEA,GO_REF:0000107,GO:0010288,response to lead ion,9,Compara
IEA,GO_REF:0000107,GO:0016064,immunoglobulin mediated immune response,9,Compara
IEA,GO_REF:0000107,GO:0007130,synaptonemal complex assembly,9,Compara
IEA,GO_REF:0000107,GO:0008637,apoptotic mitochondrial changes,9,Compara
IEA,GO_REF:0000107,GO:0021846,cell proliferation in forebrain,9,Compara
IEA,GO_REF:0000107,GO:0032870,cellular response to hormone stimulus,9,Compara
IEA,GO_REF:0000107,GO:0071314,cellular response to cocaine,9,Compara
IEA,GO_REF:0000107,GO:0042246,tissue regeneration,9,Compara
IEA,GO_REF:0000107,GO:0070417,cellular response to cold,9,Compara
IEA,GO_REF:0000107,GO:0021702,cerebellar Purkinje cell differentiation,9,Compara
IEA,GO_REF:0000107,GO:0006784,heme A biosynthetic process,8,Compara
IEA,GO_REF:0000107,GO:0043409,negative regulation of MAPK cascade,8,Compara
IEA,GO_REF:0000107,GO:0045120,pronucleus,8,Compara
IEA,GO_REF:0000107,GO:0045671,negative regulation of osteoclast differentiation,8,Compara
IEA,GO_REF:0000107,GO:0005840,ribosome,8,Compara
IEA,GO_REF:0000107,GO:0060644,mammary gland epithelial cell differentiation,8,Compara
IEA,GO_REF:0000107,GO:0060090,molecular adaptor activity,8,Compara
IEA,GO_REF:0000107,GO:1903078,positive regulation of protein localization to plasma membrane,8,Compara
IEA,GO_REF:0000107,GO:0034341,response to type II interferon,8,Compara
IEA,GO_REF:0000107,GO:0007413,axonal fasciculation,8,Compara
IEA,GO_REF:0000107,GO:0032420,stereocilium,8,Compara
IEA,GO_REF:0000107,GO:0032590,dendrite membrane,8,Compara
IEA,GO_REF:0000107,GO:0006094,gluconeogenesis,8,Compara
IEA,GO_REF:0000107,GO:0099560,synaptic membrane adhesion,8,Compara
IEA,GO_REF:0000107,GO:0043124,negative regulation of canonical NF-kappaB signal transduction,8,Compara
IEA,GO_REF:0000107,GO:0043129,surfactant homeostasis,8,Compara
IEA,GO_REF:0000107,GO:2000178,negative regulation of neural precursor cell proliferation,8,Compara
IEA,GO_REF:0000107,GO:0048168,regulation of neuronal synaptic plasticity,8,Compara
IEA,GO_REF:0000107,GO:0048646,anatomical structure formation involved in morphogenesis,8,Compara
IEA,GO_REF:0000107,GO:0050877,nervous system process,8,Compara
IEA,GO_REF:0000107,GO:0051932,"synaptic transmission, GABAergic",8,Compara
IEA,GO_REF:0000107,GO:0019216,regulation of lipid metabolic process,8,Compara
IEA,GO_REF:0000107,GO:0007266,Rho protein signal transduction,8,Compara
IEA,GO_REF:0000107,GO:0007341,penetration of zona pellucida,8,Compara
IEA,GO_REF:0000107,GO:0005874,microtubule,8,Compara
IEA,GO_REF:0000107,GO:0072332,intrinsic apoptotic signaling pathway by p53 class mediator,8,Compara
IEA,GO_REF:0000107,GO:0001508,action potential,8,Compara
IEA,GO_REF:0000107,GO:0001818,negative regulation of cytokine production,8,Compara
IEA,GO_REF:0000107,GO:0045214,sarcomere organization,8,Compara
IEA,GO_REF:0000107,GO:0030168,platelet activation,8,Compara
IEA,GO_REF:0000107,GO:0002177,manchette,8,Compara
IEA,GO_REF:0000107,GO:2001222,regulation of neuron migration,8,Compara
IEA,GO_REF:0000107,GO:0048679,regulation of axon regeneration,8,Compara
IEA,GO_REF:0000107,GO:0005543,phospholipid binding,8,Compara
IEA,GO_REF:0000107,GO:0070613,regulation of protein processing,8,Compara
IEA,GO_REF:0000107,GO:0014049,positive regulation of glutamate secretion,8,Compara
IEA,GO_REF:0000107,GO:0001654,eye development,8,Compara
IEA,GO_REF:0000107,GO:0001774,microglial cell activation,8,Compara
IEA,GO_REF:0000107,GO:0002009,morphogenesis of an epithelium,8,Compara
IEA,GO_REF:0000107,GO:2000378,negative regulation of reactive oxygen species metabolic process,8,Compara
IEA,GO_REF:0000107,GO:0055088,lipid homeostasis,8,Compara
IEA,GO_REF:0000107,GO:0061037,negative regulation of cartilage development,8,Compara
IEA,GO_REF:0000107,GO:0030903,notochord development,8,Compara
IEA,GO_REF:0000107,GO:0070306,lens fiber cell differentiation,8,Compara
IEA,GO_REF:0000107,GO:0071285,cellular response to lithium ion,8,Compara
IEA,GO_REF:0000107,GO:0060113,inner ear receptor cell differentiation,8,Compara
IEA,GO_REF:0000107,GO:0001817,regulation of cytokine production,8,Compara
IEA,GO_REF:0000107,GO:0002281,macrophage activation involved in immune response,8,Compara
IEA,GO_REF:0000107,GO:0051291,protein heterooligomerization,8,Compara
IEA,GO_REF:0000107,GO:2000134,negative regulation of G1/S transition of mitotic cell cycle,8,Compara
IEA,GO_REF:0000107,GO:0050769,positive regulation of neurogenesis,8,Compara
IEA,GO_REF:0000107,GO:0060218,hematopoietic stem cell differentiation,8,Compara
IEA,GO_REF:0000107,GO:0050850,positive regulation of calcium-mediated signaling,8,Compara
IEA,GO_REF:0000107,GO:0070588,calcium ion transmembrane transport,8,Compara
IEA,GO_REF:0000107,GO:1902895,positive regulation of miRNA transcription,8,Compara
IEA,GO_REF:0000107,GO:0009266,response to temperature stimulus,8,Compara
IEA,GO_REF:0000107,GO:1902074,response to salt,8,Compara
IEA,GO_REF:0000107,GO:0030644,intracellular chloride ion homeostasis,8,Compara
IEA,GO_REF:0000107,GO:0031018,endocrine pancreas development,8,Compara
IEA,GO_REF:0000107,GO:0071514,genomic imprinting,8,Compara
IEA,GO_REF:0000107,GO:0034446,substrate adhesion-dependent cell spreading,8,Compara
IEA,GO_REF:0000107,GO:0035265,organ growth,8,Compara
IEA,GO_REF:0000107,GO:1900026,positive regulation of substrate adhesion-dependent cell spreading,8,Compara
IEA,GO_REF:0000107,GO:0048843,negative regulation of axon extension involved in axon guidance,8,Compara
IEA,GO_REF:0000107,GO:0045580,regulation of T cell differentiation,8,Compara
IEA,GO_REF:0000107,GO:0048617,embryonic foregut morphogenesis,8,Compara
IEA,GO_REF:0000107,GO:0061003,positive regulation of dendritic spine morphogenesis,8,Compara
IEA,GO_REF:0000107,GO:0014911,positive regulation of smooth muscle cell migration,8,Compara
IEA,GO_REF:0000107,GO:0010269,response to selenium ion,8,Compara
IEA,GO_REF:0000107,GO:0014009,glial cell proliferation,8,Compara
IEA,GO_REF:0000107,GO:0007276,gamete generation,8,Compara
IEA,GO_REF:0000107,GO:0031295,T cell costimulation,8,Compara
IEA,GO_REF:0000107,GO:0035137,hindlimb morphogenesis,8,Compara
IEA,GO_REF:0000107,GO:0034101,erythrocyte homeostasis,8,Compara
IEA,GO_REF:0000107,GO:0001967,suckling behavior,8,Compara
IEA,GO_REF:0000107,GO:0042789,mRNA transcription by RNA polymerase II,8,Compara
IEA,GO_REF:0000107,GO:0048712,negative regulation of astrocyte differentiation,8,Compara
IEA,GO_REF:0000107,GO:0035729,cellular response to hepatocyte growth factor stimulus,8,Compara
IEA,GO_REF:0000107,GO:0005546,"phosphatidylinositol-4,5-bisphosphate binding",8,Compara
IEA,GO_REF:0000107,GO:0031987,locomotion involved in locomotory behavior,8,Compara
IEA,GO_REF:0000107,GO:0045216,cell-cell junction organization,8,Compara
IEA,GO_REF:0000107,GO:0042048,olfactory behavior,8,Compara
IEA,GO_REF:0000107,GO:0043425,bHLH transcription factor binding,8,Compara
IEA,GO_REF:0000107,GO:2000010,positive regulation of protein localization to cell surface,8,Compara
IEA,GO_REF:0000107,GO:0060042,retina morphogenesis in camera-type eye,8,Compara
IEA,GO_REF:0000107,GO:0060347,heart trabecula formation,8,Compara
IEA,GO_REF:0000107,GO:0030178,negative regulation of Wnt signaling pathway,8,Compara
IEA,GO_REF:0000107,GO:0030220,platelet formation,8,Compara
IEA,GO_REF:0000107,GO:0030863,cortical cytoskeleton,8,Compara
IEA,GO_REF:0000107,GO:0032963,collagen metabolic process,8,Compara
IEA,GO_REF:0000107,GO:0071773,cellular response to BMP stimulus,8,Compara
IEA,GO_REF:0000107,GO:0097718,disordered domain specific binding,8,Compara
IEA,GO_REF:0000107,GO:0044295,axonal growth cone,8,Compara
IEA,GO_REF:0000107,GO:0050775,positive regulation of dendrite morphogenesis,8,Compara
IEA,GO_REF:0000107,GO:0051496,positive regulation of stress fiber assembly,8,Compara
IEA,GO_REF:0000107,GO:0060022,hard palate development,8,Compara
IEA,GO_REF:0000107,GO:0060576,intestinal epithelial cell development,8,Compara
IEA,GO_REF:0000107,GO:0005524,ATP binding,8,Compara
IEA,GO_REF:0000107,GO:0043123,positive regulation of canonical NF-kappaB signal transduction,8,Compara
IEA,GO_REF:0000107,GO:0003690,double-stranded DNA binding,8,Compara
IEA,GO_REF:0000107,GO:0016597,amino acid binding,8,Compara
IEA,GO_REF:0000107,GO:0003084,positive regulation of systemic arterial blood pressure,8,Compara
IEA,GO_REF:0000107,GO:0016607,nuclear speck,8,Compara
IEA,GO_REF:0000107,GO:0009925,basal plasma membrane,8,Compara
IEA,GO_REF:0000107,GO:0061771,response to caloric restriction,8,Compara
IEA,GO_REF:0000107,GO:0070166,enamel mineralization,8,Compara
IEA,GO_REF:0000107,GO:0001776,leukocyte homeostasis,8,Compara
IEA,GO_REF:0000107,GO:0001779,natural killer cell differentiation,8,Compara
IEA,GO_REF:0000107,GO:0043616,keratinocyte proliferation,8,Compara
IEA,GO_REF:0000107,GO:0046716,muscle cell cellular homeostasis,8,Compara
IEA,GO_REF:0000107,GO:0030971,receptor tyrosine kinase binding,8,Compara
IEA,GO_REF:0000107,GO:0002087,regulation of respiratory gaseous exchange by nervous system process,8,Compara
IEA,GO_REF:0000107,GO:0060068,vagina development,8,Compara
IEA,GO_REF:0000107,GO:0060326,cell chemotaxis,8,Compara
IEA,GO_REF:0000107,GO:0006997,nucleus organization,8,Compara
IEA,GO_REF:0000107,GO:0007140,male meiotic nuclear division,8,Compara
IEA,GO_REF:0000107,GO:0009898,cytoplasmic side of plasma membrane,8,Compara
IEA,GO_REF:0000107,GO:0071257,cellular response to electrical stimulus,8,Compara
IEA,GO_REF:0000107,GO:0071374,cellular response to parathyroid hormone stimulus,8,Compara
IEA,GO_REF:0000107,GO:0035864,response to potassium ion,8,Compara
IEA,GO_REF:0000107,GO:0035909,aorta morphogenesis,8,Compara
IEA,GO_REF:0000107,GO:0044782,cilium organization,8,Compara
IEA,GO_REF:0000107,GO:0048733,sebaceous gland development,8,Compara
IEA,GO_REF:0000107,GO:0002080,acrosomal membrane,8,Compara
IEA,GO_REF:0000107,GO:0050805,negative regulation of synaptic transmission,8,Compara
IEA,GO_REF:0000107,GO:0035845,photoreceptor cell outer segment organization,8,Compara
IEA,GO_REF:0000107,GO:1905806,regulation of synapse pruning,8,Compara
IEA,GO_REF:0000107,GO:1903409,reactive oxygen species biosynthetic process,8,Compara
IEA,GO_REF:0000107,GO:0009624,response to nematode,8,Compara
IEA,GO_REF:0000107,GO:0007033,vacuole organization,8,Compara
IEA,GO_REF:0000107,GO:0071375,cellular response to peptide hormone stimulus,8,Compara
IEA,GO_REF:0000107,GO:0002023,reduction of food intake in response to dietary excess,8,Compara
IEA,GO_REF:0000107,GO:0007163,establishment or maintenance of cell polarity,8,Compara
IEA,GO_REF:0000107,GO:0002262,myeloid cell homeostasis,8,Compara
IEA,GO_REF:0000107,GO:0042417,dopamine metabolic process,8,Compara
IEA,GO_REF:0000107,GO:0048487,beta-tubulin binding,8,Compara
IEA,GO_REF:0000107,GO:1900182,positive regulation of protein localization to nucleus,8,Compara
IEA,GO_REF:0000107,GO:0099173,postsynapse organization,8,Compara
IEA,GO_REF:0000107,GO:0030851,granulocyte differentiation,8,Compara
IEA,GO_REF:0000107,GO:0045190,isotype switching,8,Compara
IEA,GO_REF:0000107,GO:2000377,regulation of reactive oxygen species metabolic process,8,Compara
IEA,GO_REF:0000107,GO:2001244,positive regulation of intrinsic apoptotic signaling pathway,8,Compara
IEA,GO_REF:0000107,GO:0060134,prepulse inhibition,8,Compara
IEA,GO_REF:0000107,GO:0060707,trophoblast giant cell differentiation,8,Compara
IEA,GO_REF:0000107,GO:0060993,kidney morphogenesis,8,Compara
IEA,GO_REF:0000107,GO:1901653,cellular response to peptide,8,Compara
IEA,GO_REF:0000107,GO:0001837,epithelial to mesenchymal transition,7,Compara
IEA,GO_REF:0000107,GO:0002042,cell migration involved in sprouting angiogenesis,7,Compara
IEA,GO_REF:0000107,GO:0045793,positive regulation of cell size,7,Compara
IEA,GO_REF:0000107,GO:0048541,Peyer's patch development,7,Compara
IEA,GO_REF:0000107,GO:0030175,filopodium,7,Compara
IEA,GO_REF:0000107,GO:0060174,limb bud formation,7,Compara
IEA,GO_REF:0000107,GO:0033598,mammary gland epithelial cell proliferation,7,Compara
IEA,GO_REF:0000107,GO:0033209,tumor necrosis factor-mediated signaling pathway,7,Compara
IEA,GO_REF:0000107,GO:0007346,regulation of mitotic cell cycle,7,Compara
IEA,GO_REF:0000107,GO:1902043,positive regulation of extrinsic apoptotic signaling pathway via death domain receptors,7,Compara
IEA,GO_REF:0000107,GO:0021819,layer formation in cerebral cortex,7,Compara
IEA,GO_REF:0000107,GO:0031017,exocrine pancreas development,7,Compara
IEA,GO_REF:0000107,GO:0071425,hematopoietic stem cell proliferation,7,Compara
IEA,GO_REF:0000107,GO:0032287,peripheral nervous system myelin maintenance,7,Compara
IEA,GO_REF:0000107,GO:0070328,triglyceride homeostasis,7,Compara
IEA,GO_REF:0000107,GO:0071542,dopaminergic neuron differentiation,7,Compara
IEA,GO_REF:0000107,GO:0071625,vocalization behavior,7,Compara
IEA,GO_REF:0000107,GO:0032835,glomerulus development,7,Compara
IEA,GO_REF:0000107,GO:0031643,positive regulation of myelination,7,Compara
IEA,GO_REF:0000107,GO:0000779,"condensed chromosome, centromeric region",7,Compara
IEA,GO_REF:0000107,GO:0090190,positive regulation of branching involved in ureteric bud morphogenesis,7,Compara
IEA,GO_REF:0000107,GO:0030673,axolemma,7,Compara
IEA,GO_REF:0000107,GO:0099509,regulation of presynaptic cytosolic calcium ion concentration,7,Compara
IEA,GO_REF:0000107,GO:2001241,positive regulation of extrinsic apoptotic signaling pathway in absence of ligand,7,Compara
IEA,GO_REF:0000107,GO:0048566,embryonic digestive tract development,7,Compara
IEA,GO_REF:0000107,GO:0048662,negative regulation of smooth muscle cell proliferation,7,Compara
IEA,GO_REF:0000107,GO:0055015,ventricular cardiac muscle cell development,7,Compara
IEA,GO_REF:0000107,GO:0060346,bone trabecula formation,7,Compara
IEA,GO_REF:0000107,GO:0060484,lung-associated mesenchyme development,7,Compara
IEA,GO_REF:0000107,GO:0021796,cerebral cortex regionalization,7,Compara
IEA,GO_REF:0000107,GO:0014033,neural crest cell differentiation,7,Compara
IEA,GO_REF:0000107,GO:0031103,axon regeneration,7,Compara
IEA,GO_REF:0000107,GO:0006111,regulation of gluconeogenesis,7,Compara
IEA,GO_REF:0000107,GO:0019722,calcium-mediated signaling,7,Compara
IEA,GO_REF:0000107,GO:0009792,embryo development ending in birth or egg hatching,7,Compara
IEA,GO_REF:0000107,GO:0007165,signal transduction,7,Compara
IEA,GO_REF:0000107,GO:0007288,sperm axoneme assembly,7,Compara
IEA,GO_REF:0000107,GO:0090009,primitive streak formation,7,Compara
IEA,GO_REF:0000107,GO:0097398,cellular response to interleukin-17,7,Compara
IEA,GO_REF:0000107,GO:0045765,regulation of angiogenesis,7,Compara
IEA,GO_REF:0000107,GO:1990918,double-strand break repair involved in meiotic recombination,7,Compara
IEA,GO_REF:0000107,GO:0007608,sensory perception of smell,7,Compara
IEA,GO_REF:0000107,GO:0005518,collagen binding,7,Compara
IEA,GO_REF:0000107,GO:0005614,interstitial matrix,7,Compara
IEA,GO_REF:0000107,GO:1904628,cellular response to phorbol 13-acetate 12-myristate,7,Compara
IEA,GO_REF:0000107,GO:0010506,regulation of autophagy,7,Compara
IEA,GO_REF:0000107,GO:0061053,somite development,7,Compara
IEA,GO_REF:0000107,GO:0010614,negative regulation of cardiac muscle hypertrophy,7,Compara
IEA,GO_REF:0000107,GO:0007155,cell adhesion,7,Compara
IEA,GO_REF:0000107,GO:0001540,amyloid-beta binding,7,Compara
IEA,GO_REF:0000107,GO:0097228,sperm principal piece,7,Compara
IEA,GO_REF:0000107,GO:0098890,extrinsic component of postsynaptic membrane,7,Compara
IEA,GO_REF:0000107,GO:0045603,positive regulation of endothelial cell differentiation,7,Compara
IEA,GO_REF:0000107,GO:0048318,axial mesoderm development,7,Compara
IEA,GO_REF:0000107,GO:0060323,head morphogenesis,7,Compara
IEA,GO_REF:0000107,GO:0060440,trachea formation,7,Compara
IEA,GO_REF:0000107,GO:0003073,regulation of systemic arterial blood pressure,7,Compara
IEA,GO_REF:0000107,GO:0006644,phospholipid metabolic process,7,Compara
IEA,GO_REF:0000107,GO:0006898,receptor-mediated endocytosis,7,Compara
IEA,GO_REF:0000107,GO:0008015,blood circulation,7,Compara
IEA,GO_REF:0000107,GO:0031397,negative regulation of protein ubiquitination,7,Compara
IEA,GO_REF:0000107,GO:0032753,positive regulation of interleukin-4 production,7,Compara
IEA,GO_REF:0000107,GO:0051593,response to folic acid,7,Compara
IEA,GO_REF:0000107,GO:0001819,positive regulation of cytokine production,7,Compara
IEA,GO_REF:0000107,GO:0097449,astrocyte projection,7,Compara
IEA,GO_REF:0000107,GO:0046689,response to mercury ion,7,Compara
IEA,GO_REF:0000107,GO:1900017,positive regulation of cytokine production involved in inflammatory response,7,Compara
IEA,GO_REF:0000107,GO:1903427,negative regulation of reactive oxygen species biosynthetic process,7,Compara
IEA,GO_REF:0000107,GO:0006635,fatty acid beta-oxidation,7,Compara
IEA,GO_REF:0000107,GO:0046685,response to arsenic-containing substance,7,Compara
IEA,GO_REF:0000107,GO:0033386,geranylgeranyl diphosphate biosynthetic process,7,Compara
IEA,GO_REF:0000107,GO:0001553,luteinization,7,Compara
IEA,GO_REF:0000107,GO:0021680,cerebellar Purkinje cell layer development,7,Compara
IEA,GO_REF:0000107,GO:0030276,clathrin binding,7,Compara
IEA,GO_REF:0000107,GO:0031965,nuclear membrane,7,Compara
IEA,GO_REF:0000107,GO:0043277,apoptotic cell clearance,7,Compara
IEA,GO_REF:0000107,GO:0042074,cell migration involved in gastrulation,7,Compara
IEA,GO_REF:0000107,GO:0008016,regulation of heart contraction,7,Compara
IEA,GO_REF:0000107,GO:0007166,cell surface receptor signaling pathway,7,Compara
IEA,GO_REF:0000107,GO:0070294,renal sodium ion absorption,7,Compara
IEA,GO_REF:0000107,GO:0070888,E-box binding,7,Compara
IEA,GO_REF:0000107,GO:0038133,ERBB2-ERBB3 signaling pathway,7,Compara
IEA,GO_REF:0000107,GO:0098843,postsynaptic endocytic zone,7,Compara
IEA,GO_REF:0000107,GO:0099508,voltage-gated monoatomic ion channel activity involved in regulation of presynaptic membrane potential,7,Compara
IEA,GO_REF:0000107,GO:0044291,cell-cell contact zone,7,Compara
IEA,GO_REF:0000107,GO:0045638,negative regulation of myeloid cell differentiation,7,Compara
IEA,GO_REF:0000107,GO:0045807,positive regulation of endocytosis,7,Compara
IEA,GO_REF:0000107,GO:2000177,regulation of neural precursor cell proliferation,7,Compara
IEA,GO_REF:0000107,GO:0035022,positive regulation of Rac protein signal transduction,7,Compara
IEA,GO_REF:0000107,GO:0050770,regulation of axonogenesis,7,Compara
IEA,GO_REF:0000107,GO:0043531,ADP binding,7,Compara
IEA,GO_REF:0000107,GO:0051966,"regulation of synaptic transmission, glutamatergic",7,Compara
IEA,GO_REF:0000107,GO:0003229,ventricular cardiac muscle tissue development,7,Compara
IEA,GO_REF:0000107,GO:1905146,lysosomal protein catabolic process,7,Compara
IEA,GO_REF:0000107,GO:0043306,positive regulation of mast cell degranulation,7,Compara
IEA,GO_REF:0000107,GO:0043196,varicosity,7,Compara
IEA,GO_REF:0000107,GO:0032825,positive regulation of natural killer cell differentiation,7,Compara
IEA,GO_REF:0000107,GO:0016604,nuclear body,7,Compara
IEA,GO_REF:0000107,GO:0005801,cis-Golgi network,7,Compara
IEA,GO_REF:0000107,GO:0035035,histone acetyltransferase binding,7,Compara
IEA,GO_REF:0000107,GO:0035082,axoneme assembly,7,Compara
IEA,GO_REF:0000107,GO:0001523,retinoid metabolic process,7,Compara
IEA,GO_REF:0000107,GO:0098974,postsynaptic actin cytoskeleton organization,7,Compara
IEA,GO_REF:0000107,GO:0045445,myoblast differentiation,7,Compara
IEA,GO_REF:0000107,GO:0046034,ATP metabolic process,7,Compara
IEA,GO_REF:0000107,GO:0046688,response to copper ion,7,Compara
IEA,GO_REF:0000107,GO:0021670,lateral ventricle development,7,Compara
IEA,GO_REF:0000107,GO:0043113,receptor clustering,7,Compara
IEA,GO_REF:0000107,GO:0051642,centrosome localization,7,Compara
IEA,GO_REF:0000107,GO:0060856,establishment of blood-brain barrier,7,Compara
IEA,GO_REF:0000107,GO:0007435,salivary gland morphogenesis,7,Compara
IEA,GO_REF:0000107,GO:0005771,multivesicular body,7,Compara
IEA,GO_REF:0000107,GO:0007143,female meiotic nuclear division,7,Compara
IEA,GO_REF:0000107,GO:0009629,response to gravity,7,Compara
IEA,GO_REF:0000107,GO:0006112,energy reserve metabolic process,7,Compara
IEA,GO_REF:0000107,GO:0009950,dorsal/ventral axis specification,7,Compara
IEA,GO_REF:0000107,GO:0031435,mitogen-activated protein kinase kinase kinase binding,7,Compara
IEA,GO_REF:0000107,GO:0032426,stereocilium tip,7,Compara
IEA,GO_REF:0000107,GO:0032281,AMPA glutamate receptor complex,7,Compara
IEA,GO_REF:0000107,GO:0032495,response to muramyl dipeptide,7,Compara
IEA,GO_REF:0000107,GO:0032525,somite rostral/caudal axis specification,7,Compara
IEA,GO_REF:0000107,GO:0006355,regulation of DNA-templated transcription,7,Compara
IEA,GO_REF:0000107,GO:0043032,positive regulation of macrophage activation,7,Compara
IEA,GO_REF:0000107,GO:0043565,sequence-specific DNA binding,7,Compara
IEA,GO_REF:0000107,GO:1990776,response to angiotensin,7,Compara
IEA,GO_REF:0000107,GO:0048103,somatic stem cell division,7,Compara
IEA,GO_REF:0000107,GO:0048384,retinoic acid receptor signaling pathway,7,Compara
IEA,GO_REF:0000107,GO:0003382,epithelial cell morphogenesis,7,Compara
IEA,GO_REF:0000107,GO:0019371,cyclooxygenase pathway,7,Compara
IEA,GO_REF:0000107,GO:0030511,positive regulation of transforming growth factor beta receptor signaling pathway,7,Compara
IEA,GO_REF:0000107,GO:0085029,extracellular matrix assembly,7,Compara
IEA,GO_REF:0000107,GO:0033762,response to glucagon,7,Compara
IEA,GO_REF:0000107,GO:0035253,ciliary rootlet,7,Compara
IEA,GO_REF:0000107,GO:0097746,blood vessel diameter maintenance,7,Compara
IEA,GO_REF:0000107,GO:0060487,lung epithelial cell differentiation,7,Compara
IEA,GO_REF:0000107,GO:0001939,female pronucleus,7,Compara
IEA,GO_REF:0000107,GO:0097178,ruffle assembly,7,Compara
IEA,GO_REF:0000107,GO:0097237,cellular response to toxic substance,7,Compara
IEA,GO_REF:0000107,GO:0098831,presynaptic active zone cytoplasmic component,7,Compara
IEA,GO_REF:0000107,GO:0046325,negative regulation of D-glucose import,7,Compara
IEA,GO_REF:0000107,GO:0048598,embryonic morphogenesis,7,Compara
IEA,GO_REF:0000107,GO:0051924,regulation of calcium ion transport,7,Compara
IEA,GO_REF:0000107,GO:0061743,motor learning,7,Compara
IEA,GO_REF:0000107,GO:0010369,chromocenter,7,Compara
IEA,GO_REF:0000107,GO:0019395,fatty acid oxidation,7,Compara
IEA,GO_REF:0000107,GO:0007602,phototransduction,7,Compara
IEA,GO_REF:0000107,GO:0009060,aerobic respiration,7,Compara
IEA,GO_REF:0000107,GO:0030279,negative regulation of ossification,7,Compara
IEA,GO_REF:0000107,GO:0031503,protein-containing complex localization,7,Compara
IEA,GO_REF:0000107,GO:0071774,response to fibroblast growth factor,7,Compara
IEA,GO_REF:0000107,GO:0033690,positive regulation of osteoblast proliferation,7,Compara
IEA,GO_REF:0000107,GO:0045778,positive regulation of ossification,7,Compara
IEA,GO_REF:0000107,GO:0045672,positive regulation of osteoclast differentiation,7,Compara
IEA,GO_REF:0000107,GO:0001221,transcription coregulator binding,7,Compara
IEA,GO_REF:0000107,GO:0001771,immunological synapse formation,7,Compara
IEA,GO_REF:0000107,GO:0001965,G-protein alpha-subunit binding,7,Compara
IEA,GO_REF:0000107,GO:0042487,regulation of odontogenesis of dentin-containing tooth,7,Compara
IEA,GO_REF:0000107,GO:2001243,negative regulation of intrinsic apoptotic signaling pathway,7,Compara
IEA,GO_REF:0000107,GO:0046628,positive regulation of insulin receptor signaling pathway,7,Compara
IEA,GO_REF:0000107,GO:0042562,hormone binding,7,Compara
IEA,GO_REF:0000107,GO:0060119,inner ear receptor cell development,7,Compara
IEA,GO_REF:0000107,GO:0003158,endothelium development,7,Compara
IEA,GO_REF:0000107,GO:0000781,"chromosome, telomeric region",7,Compara
IEA,GO_REF:0000107,GO:0005905,clathrin-coated pit,7,Compara
IEA,GO_REF:0000107,GO:0045198,establishment of epithelial cell apical/basal polarity,7,Compara
IEA,GO_REF:0000107,GO:0007264,small GTPase-mediated signal transduction,7,Compara
IEA,GO_REF:0000107,GO:0009101,glycoprotein biosynthetic process,7,Compara
IEA,GO_REF:0000107,GO:0021879,forebrain neuron differentiation,7,Compara
IEA,GO_REF:0000107,GO:0022010,central nervous system myelination,7,Compara
IEA,GO_REF:0000107,GO:0030238,male sex determination,7,Compara
IEA,GO_REF:0000107,GO:0032993,protein-DNA complex,7,Compara
IEA,GO_REF:0000107,GO:0098684,photoreceptor ribbon synapse,7,Compara
IEA,GO_REF:0000107,GO:0044853,plasma membrane raft,7,Compara
IEA,GO_REF:0000107,GO:0002011,morphogenesis of an epithelial sheet,7,Compara
IEA,GO_REF:0000107,GO:0048738,cardiac muscle tissue development,7,Compara
IEA,GO_REF:0000107,GO:0061564,axon development,7,Compara
IEA,GO_REF:0000107,GO:0050714,positive regulation of protein secretion,7,Compara
IEA,GO_REF:0000107,GO:0050811,GABA receptor binding,7,Compara
IEA,GO_REF:0000107,GO:0061512,protein localization to cilium,7,Compara
IEA,GO_REF:0000107,GO:0140104,molecular carrier activity,7,Compara
IEA,GO_REF:0000107,GO:0071305,cellular response to vitamin D,7,Compara
IEA,GO_REF:0000107,GO:0008206,bile acid metabolic process,7,Compara
IEA,GO_REF:0000107,GO:0019882,antigen processing and presentation,7,Compara
IEA,GO_REF:0000107,GO:0032331,negative regulation of chondrocyte differentiation,7,Compara
IEA,GO_REF:0000107,GO:0150076,neuroinflammatory response,7,Compara
IEA,GO_REF:0000107,GO:0043083,synaptic cleft,7,Compara
IEA,GO_REF:0000107,GO:0042308,negative regulation of protein import into nucleus,7,Compara
IEA,GO_REF:0000107,GO:0071280,cellular response to copper ion,7,Compara
IEA,GO_REF:0000107,GO:0071276,cellular response to cadmium ion,7,Compara
IEA,GO_REF:0000107,GO:0055078,sodium ion homeostasis,7,Compara
IEA,GO_REF:0000107,GO:0060463,lung lobe morphogenesis,7,Compara
IEA,GO_REF:0000107,GO:0003416,endochondral bone growth,7,Compara
IEA,GO_REF:0000107,GO:0010666,positive regulation of cardiac muscle cell apoptotic process,7,Compara
IEA,GO_REF:0000107,GO:0008347,glial cell migration,7,Compara
IEA,GO_REF:0000107,GO:0005977,glycogen metabolic process,7,Compara
IEA,GO_REF:0000107,GO:0090575,RNA polymerase II transcription regulator complex,6,Compara
IEA,GO_REF:0000107,GO:0001780,neutrophil homeostasis,6,Compara
IEA,GO_REF:0000107,GO:0001832,blastocyst growth,6,Compara
IEA,GO_REF:0000107,GO:0044300,cerebellar mossy fiber,6,Compara
IEA,GO_REF:0000107,GO:0040020,regulation of meiotic nuclear division,6,Compara
IEA,GO_REF:0000107,GO:0045176,apical protein localization,6,Compara
IEA,GO_REF:0000107,GO:0045579,positive regulation of B cell differentiation,6,Compara
IEA,GO_REF:0000107,GO:0045786,negative regulation of cell cycle,6,Compara
IEA,GO_REF:0000107,GO:2000379,positive regulation of reactive oxygen species metabolic process,6,Compara
IEA,GO_REF:0000107,GO:0048664,neuron fate determination,6,Compara
IEA,GO_REF:0000107,GO:0010804,negative regulation of tumor necrosis factor-mediated signaling pathway,6,Compara
IEA,GO_REF:0000107,GO:0061518,microglial cell proliferation,6,Compara
IEA,GO_REF:0000107,GO:0050810,regulation of steroid biosynthetic process,6,Compara
IEA,GO_REF:0000107,GO:0050892,intestinal absorption,6,Compara
IEA,GO_REF:0000107,GO:0060351,cartilage development involved in endochondral bone morphogenesis,6,Compara
IEA,GO_REF:0000107,GO:0060736,prostate gland growth,6,Compara
IEA,GO_REF:0000107,GO:0002862,negative regulation of inflammatory response to antigenic stimulus,6,Compara
IEA,GO_REF:0000107,GO:0003094,glomerular filtration,6,Compara
IEA,GO_REF:0000107,GO:1905274,regulation of modification of postsynaptic actin cytoskeleton,6,Compara
IEA,GO_REF:0000107,GO:0033603,positive regulation of dopamine secretion,6,Compara
IEA,GO_REF:0000107,GO:0007028,cytoplasm organization,6,Compara
IEA,GO_REF:0000107,GO:0010142,"farnesyl diphosphate biosynthetic process, mevalonate pathway",6,Compara
IEA,GO_REF:0000107,GO:0030100,regulation of endocytosis,6,Compara
IEA,GO_REF:0000107,GO:0021984,adenohypophysis development,6,Compara
IEA,GO_REF:0000107,GO:0071639,positive regulation of monocyte chemotactic protein-1 production,6,Compara
IEA,GO_REF:0000107,GO:0033197,response to vitamin E,6,Compara
IEA,GO_REF:0000107,GO:0016922,nuclear receptor binding,6,Compara
IEA,GO_REF:0000107,GO:0090394,negative regulation of excitatory postsynaptic potential,6,Compara
IEA,GO_REF:0000107,GO:0042149,cellular response to glucose starvation,6,Compara
IEA,GO_REF:0000107,GO:0043270,positive regulation of monoatomic ion transport,6,Compara
IEA,GO_REF:0000107,GO:0043274,phospholipase binding,6,Compara
IEA,GO_REF:0000107,GO:0045745,positive regulation of G protein-coupled receptor signaling pathway,6,Compara
IEA,GO_REF:0000107,GO:0045954,positive regulation of natural killer cell mediated cytotoxicity,6,Compara
IEA,GO_REF:0000107,GO:0045987,positive regulation of smooth muscle contraction,6,Compara
IEA,GO_REF:0000107,GO:0046620,regulation of organ growth,6,Compara
IEA,GO_REF:0000107,GO:0048715,negative regulation of oligodendrocyte differentiation,6,Compara
IEA,GO_REF:0000107,GO:0050796,regulation of insulin secretion,6,Compara
IEA,GO_REF:0000107,GO:0021957,corticospinal tract morphogenesis,6,Compara
IEA,GO_REF:0000107,GO:0060509,type I pneumocyte differentiation,6,Compara
IEA,GO_REF:0000107,GO:0010659,cardiac muscle cell apoptotic process,6,Compara
IEA,GO_REF:0000107,GO:0021532,neural tube patterning,6,Compara
IEA,GO_REF:0000107,GO:0014059,regulation of dopamine secretion,6,Compara
IEA,GO_REF:0000107,GO:1903999,negative regulation of eating behavior,6,Compara
IEA,GO_REF:0000107,GO:0007097,nuclear migration,6,Compara
IEA,GO_REF:0000107,GO:0007289,spermatid nucleus differentiation,6,Compara
IEA,GO_REF:0000107,GO:0031253,cell projection membrane,6,Compara
IEA,GO_REF:0000107,GO:0007032,endosome organization,6,Compara
IEA,GO_REF:0000107,GO:0061827,sperm head,6,Compara
IEA,GO_REF:0000107,GO:0034663,endoplasmic reticulum chaperone complex,6,Compara
IEA,GO_REF:0000107,GO:0035106,operant conditioning,6,Compara
IEA,GO_REF:0000107,GO:0006935,chemotaxis,6,Compara
IEA,GO_REF:0000107,GO:0000380,"alternative mRNA splicing, via spliceosome",6,Compara
IEA,GO_REF:0000107,GO:0097066,response to thyroid hormone,6,Compara
IEA,GO_REF:0000107,GO:0097730,non-motile cilium,6,Compara
IEA,GO_REF:0000107,GO:0042158,lipoprotein biosynthetic process,6,Compara
IEA,GO_REF:0000107,GO:0000775,"chromosome, centromeric region",6,Compara
IEA,GO_REF:0000107,GO:0051879,Hsp90 protein binding,6,Compara
IEA,GO_REF:0000107,GO:0055062,phosphate ion homeostasis,6,Compara
IEA,GO_REF:0000107,GO:0050665,hydrogen peroxide biosynthetic process,6,Compara
IEA,GO_REF:0000107,GO:0050909,sensory perception of taste,6,Compara
IEA,GO_REF:0000107,GO:0050974,detection of mechanical stimulus involved in sensory perception,6,Compara
IEA,GO_REF:0000107,GO:0051225,spindle assembly,6,Compara
IEA,GO_REF:0000107,GO:0060536,cartilage morphogenesis,6,Compara
IEA,GO_REF:0000107,GO:0003015,heart process,6,Compara
IEA,GO_REF:0000107,GO:0003222,ventricular trabecula myocardium morphogenesis,6,Compara
IEA,GO_REF:0000107,GO:1905232,cellular response to L-glutamate,6,Compara
IEA,GO_REF:0000107,GO:0014883,transition between fast and slow fiber,6,Compara
IEA,GO_REF:0000107,GO:0008157,protein phosphatase 1 binding,6,Compara
IEA,GO_REF:0000107,GO:0006513,protein monoubiquitination,6,Compara
IEA,GO_REF:0000107,GO:0031333,negative regulation of protein-containing complex assembly,6,Compara
IEA,GO_REF:0000107,GO:0021795,cerebral cortex cell migration,6,Compara
IEA,GO_REF:0000107,GO:0030330,"DNA damage response, signal transduction by p53 class mediator",6,Compara
IEA,GO_REF:0000107,GO:0070233,negative regulation of T cell apoptotic process,6,Compara
IEA,GO_REF:0000107,GO:0034644,cellular response to UV,6,Compara
IEA,GO_REF:0000107,GO:0034142,toll-like receptor 4 signaling pathway,6,Compara
IEA,GO_REF:0000107,GO:0035234,ectopic germ cell programmed cell death,6,Compara
IEA,GO_REF:0000107,GO:0035634,response to stilbenoid,6,Compara
IEA,GO_REF:0000107,GO:0140718,facultative heterochromatin formation,6,Compara
IEA,GO_REF:0000107,GO:0097386,glial cell projection,6,Compara
IEA,GO_REF:0000107,GO:0002024,diet induced thermogenesis,6,Compara
IEA,GO_REF:0000107,GO:0002199,zona pellucida receptor complex,6,Compara
IEA,GO_REF:0000107,GO:0002526,acute inflammatory response,6,Compara
IEA,GO_REF:0000107,GO:0060527,prostate epithelial cord arborization involved in prostate glandular acinus morphogenesis,6,Compara
IEA,GO_REF:0000107,GO:0060510,type II pneumocyte differentiation,6,Compara
IEA,GO_REF:0000107,GO:0042596,fear response,6,Compara
IEA,GO_REF:0000107,GO:0060385,axonogenesis involved in innervation,6,Compara
IEA,GO_REF:0000107,GO:0045840,positive regulation of mitotic nuclear division,6,Compara
IEA,GO_REF:0000107,GO:0048341,paraxial mesoderm formation,6,Compara
IEA,GO_REF:0000107,GO:1904646,cellular response to amyloid-beta,6,Compara
IEA,GO_REF:0000107,GO:0050848,regulation of calcium-mediated signaling,6,Compara
IEA,GO_REF:0000107,GO:0050900,leukocyte migration,6,Compara
IEA,GO_REF:0000107,GO:0060074,synapse maturation,6,Compara
IEA,GO_REF:0000107,GO:0060538,skeletal muscle organ development,6,Compara
IEA,GO_REF:0000107,GO:0005521,lamin binding,6,Compara
IEA,GO_REF:0000107,GO:0017148,negative regulation of translation,6,Compara
IEA,GO_REF:0000107,GO:0060136,embryonic process involved in female pregnancy,6,Compara
IEA,GO_REF:0000107,GO:0016082,synaptic vesicle priming,6,Compara
IEA,GO_REF:0000107,GO:0005154,epidermal growth factor receptor binding,6,Compara
IEA,GO_REF:0000107,GO:0009651,response to salt stress,6,Compara
IEA,GO_REF:0000107,GO:1902459,positive regulation of stem cell population maintenance,6,Compara
IEA,GO_REF:0000107,GO:0070848,response to growth factor,6,Compara
IEA,GO_REF:0000107,GO:0071340,skeletal muscle acetylcholine-gated channel clustering,6,Compara
IEA,GO_REF:0000107,GO:0050998,nitric-oxide synthase binding,6,Compara
IEA,GO_REF:0000107,GO:0042473,outer ear morphogenesis,6,Compara
IEA,GO_REF:0000107,GO:0051017,actin filament bundle assembly,6,Compara
IEA,GO_REF:0000107,GO:0045740,positive regulation of DNA replication,6,Compara
IEA,GO_REF:0000107,GO:2000352,negative regulation of endothelial cell apoptotic process,6,Compara
IEA,GO_REF:0000107,GO:0046965,nuclear retinoid X receptor binding,6,Compara
IEA,GO_REF:0000107,GO:0050860,negative regulation of T cell receptor signaling pathway,6,Compara
IEA,GO_REF:0000107,GO:0060040,retinal bipolar neuron differentiation,6,Compara
IEA,GO_REF:0000107,GO:0051286,cell tip,6,Compara
IEA,GO_REF:0000107,GO:0060816,random inactivation of X chromosome,6,Compara
IEA,GO_REF:0000107,GO:0060972,left/right pattern formation,6,Compara
IEA,GO_REF:0000107,GO:0007340,acrosome reaction,6,Compara
IEA,GO_REF:0000107,GO:0008625,extrinsic apoptotic signaling pathway via death domain receptors,6,Compara
IEA,GO_REF:0000107,GO:0021798,forebrain dorsal/ventral pattern formation,6,Compara
IEA,GO_REF:0000107,GO:0030866,cortical actin cytoskeleton organization,6,Compara
IEA,GO_REF:0000107,GO:0090659,walking behavior,6,Compara
IEA,GO_REF:0000107,GO:0097049,motor neuron apoptotic process,6,Compara
IEA,GO_REF:0000107,GO:0044320,cellular response to leptin stimulus,6,Compara
IEA,GO_REF:0000107,GO:0007098,centrosome cycle,6,Compara
IEA,GO_REF:0000107,GO:0043395,heparan sulfate proteoglycan binding,6,Compara
IEA,GO_REF:0000107,GO:0045588,positive regulation of gamma-delta T cell differentiation,6,Compara
IEA,GO_REF:0000107,GO:2000737,negative regulation of stem cell differentiation,6,Compara
IEA,GO_REF:0000107,GO:0061180,mammary gland epithelium development,6,Compara
IEA,GO_REF:0000107,GO:0003197,endocardial cushion development,6,Compara
IEA,GO_REF:0000107,GO:0051260,protein homooligomerization,6,Compara
IEA,GO_REF:0000107,GO:0060261,positive regulation of transcription initiation by RNA polymerase II,6,Compara
IEA,GO_REF:0000107,GO:0010839,negative regulation of keratinocyte proliferation,6,Compara
IEA,GO_REF:0000107,GO:0012506,vesicle membrane,6,Compara
IEA,GO_REF:0000107,GO:0006590,thyroid hormone generation,6,Compara
IEA,GO_REF:0000107,GO:0005916,fascia adherens,6,Compara
IEA,GO_REF:0000107,GO:0021520,spinal cord motor neuron cell fate specification,6,Compara
IEA,GO_REF:0000107,GO:0097107,postsynaptic density assembly,6,Compara
IEA,GO_REF:0000107,GO:0032967,positive regulation of collagen biosynthetic process,6,Compara
IEA,GO_REF:0000107,GO:0035259,nuclear glucocorticoid receptor binding,6,Compara
IEA,GO_REF:0000107,GO:0045820,negative regulation of glycolytic process,6,Compara
IEA,GO_REF:0000107,GO:0043560,insulin receptor substrate binding,6,Compara
IEA,GO_REF:0000107,GO:0048011,neurotrophin TRK receptor signaling pathway,6,Compara
IEA,GO_REF:0000107,GO:0048144,fibroblast proliferation,6,Compara
IEA,GO_REF:0000107,GO:1901741,positive regulation of myoblast fusion,6,Compara
IEA,GO_REF:0000107,GO:0007173,epidermal growth factor receptor signaling pathway,6,Compara
IEA,GO_REF:0000107,GO:0042415,norepinephrine metabolic process,6,Compara
IEA,GO_REF:0000107,GO:0030889,negative regulation of B cell proliferation,6,Compara
IEA,GO_REF:0000107,GO:0031674,I band,6,Compara
IEA,GO_REF:0000107,GO:0140459,response to Gram-positive bacterium,6,Compara
IEA,GO_REF:0000107,GO:1900181,negative regulation of protein localization to nucleus,6,Compara
IEA,GO_REF:0000107,GO:0097400,interleukin-17-mediated signaling pathway,6,Compara
IEA,GO_REF:0000107,GO:0030214,hyaluronan catabolic process,6,Compara
IEA,GO_REF:0000107,GO:0097709,connective tissue replacement,6,Compara
IEA,GO_REF:0000107,GO:0043586,tongue development,6,Compara
IEA,GO_REF:0000107,GO:2000060,positive regulation of ubiquitin-dependent protein catabolic process,6,Compara
IEA,GO_REF:0000107,GO:0060179,male mating behavior,6,Compara
IEA,GO_REF:0000107,GO:0060395,SMAD protein signal transduction,6,Compara
IEA,GO_REF:0000107,GO:0010508,positive regulation of autophagy,6,Compara
IEA,GO_REF:0000107,GO:0006813,potassium ion transport,6,Compara
IEA,GO_REF:0000107,GO:0007494,midgut development,6,Compara
IEA,GO_REF:0000107,GO:0007614,short-term memory,6,Compara
IEA,GO_REF:0000107,GO:0006622,protein targeting to lysosome,6,Compara
IEA,GO_REF:0000107,GO:0001783,B cell apoptotic process,6,Compara
IEA,GO_REF:0000107,GO:0005758,mitochondrial intermembrane space,6,Compara
IEA,GO_REF:0000107,GO:0010971,positive regulation of G2/M transition of mitotic cell cycle,6,Compara
IEA,GO_REF:0000107,GO:0045475,locomotor rhythm,6,Compara
IEA,GO_REF:0000107,GO:0045648,positive regulation of erythrocyte differentiation,6,Compara
IEA,GO_REF:0000107,GO:0048025,"negative regulation of mRNA splicing, via spliceosome",6,Compara
IEA,GO_REF:0000107,GO:0048645,animal organ formation,6,Compara
IEA,GO_REF:0000107,GO:0051894,positive regulation of focal adhesion assembly,6,Compara
IEA,GO_REF:0000107,GO:0051450,myoblast proliferation,6,Compara
IEA,GO_REF:0000107,GO:0060055,angiogenesis involved in wound healing,6,Compara
IEA,GO_REF:0000107,GO:0060117,auditory receptor cell development,6,Compara
IEA,GO_REF:0000107,GO:0060449,bud elongation involved in lung branching,6,Compara
IEA,GO_REF:0000107,GO:0042589,zymogen granule membrane,6,Compara
IEA,GO_REF:0000107,GO:0044183,protein folding chaperone,6,Compara
IEA,GO_REF:0000107,GO:0051896,regulation of phosphatidylinositol 3-kinase/protein kinase B signal transduction,6,Compara
IEA,GO_REF:0000107,GO:0003323,type B pancreatic cell development,6,Compara
IEA,GO_REF:0000107,GO:0046580,negative regulation of Ras protein signal transduction,6,Compara
IEA,GO_REF:0000107,GO:0045333,cellular respiration,6,Compara
IEA,GO_REF:0000107,GO:0001786,phosphatidylserine binding,6,Compara
IEA,GO_REF:0000107,GO:0010759,positive regulation of macrophage chemotaxis,6,Compara
IEA,GO_REF:0000107,GO:0006029,proteoglycan metabolic process,6,Compara
IEA,GO_REF:0000107,GO:0009268,response to pH,6,Compara
IEA,GO_REF:0000107,GO:0061298,retina vasculature development in camera-type eye,6,Compara
IEA,GO_REF:0000107,GO:0031641,regulation of myelination,6,Compara
IEA,GO_REF:0000107,GO:0098528,skeletal muscle fiber differentiation,6,Compara
IEA,GO_REF:0000107,GO:0042045,epithelial fluid transport,6,Compara
IEA,GO_REF:0000107,GO:0045429,positive regulation of nitric oxide biosynthetic process,6,Compara
IEA,GO_REF:0000107,GO:0043249,erythrocyte maturation,6,Compara
IEA,GO_REF:0000107,GO:0051414,response to cortisol,6,Compara
IEA,GO_REF:0000107,GO:0048672,positive regulation of collateral sprouting,6,Compara
IEA,GO_REF:0000107,GO:0050806,positive regulation of synaptic transmission,6,Compara
IEA,GO_REF:0000107,GO:0060078,regulation of postsynaptic membrane potential,6,Compara
IEA,GO_REF:0000107,GO:0060996,dendritic spine development,6,Compara
IEA,GO_REF:0000107,GO:0061029,eyelid development in camera-type eye,6,Compara
IEA,GO_REF:0000107,GO:0048853,forebrain morphogenesis,6,Compara
IEA,GO_REF:0000107,GO:0014824,artery smooth muscle contraction,6,Compara
IEA,GO_REF:0000107,GO:0006541,glutamine metabolic process,6,Compara
IEA,GO_REF:0000107,GO:0046888,negative regulation of hormone secretion,6,Compara
IEA,GO_REF:0000107,GO:0030742,GTP-dependent protein binding,6,Compara
IEA,GO_REF:0000107,GO:0071479,cellular response to ionizing radiation,6,Compara
IEA,GO_REF:0000107,GO:0035162,embryonic hemopoiesis,6,Compara
IEA,GO_REF:0000107,GO:0001739,sex chromatin,6,Compara
IEA,GO_REF:0000107,GO:0001968,fibronectin binding,6,Compara
IEA,GO_REF:0000107,GO:0002639,positive regulation of immunoglobulin production,6,Compara
IEA,GO_REF:0000107,GO:0048752,semicircular canal morphogenesis,6,Compara
IEA,GO_REF:0000107,GO:0048667,cell morphogenesis involved in neuron differentiation,6,Compara
IEA,GO_REF:0000107,GO:0051967,"negative regulation of synaptic transmission, glutamatergic",6,Compara
IEA,GO_REF:0000107,GO:0060638,mesenchymal-epithelial cell signaling,6,Compara
IEA,GO_REF:0000107,GO:0010634,positive regulation of epithelial cell migration,6,Compara
IEA,GO_REF:0000107,GO:0003697,single-stranded DNA binding,6,Compara
IEA,GO_REF:0000107,GO:0006511,ubiquitin-dependent protein catabolic process,6,Compara
IEA,GO_REF:0000107,GO:0007214,gamma-aminobutyric acid signaling pathway,6,Compara
IEA,GO_REF:0000107,GO:0032308,positive regulation of prostaglandin secretion,6,Compara
IEA,GO_REF:0000107,GO:0038063,collagen-activated tyrosine kinase receptor signaling pathway,6,Compara
IEA,GO_REF:0000107,GO:0098830,presynaptic endosome,6,Compara
IEA,GO_REF:0000107,GO:0000045,autophagosome assembly,6,Compara
IEA,GO_REF:0000107,GO:0002070,epithelial cell maturation,6,Compara
IEA,GO_REF:0000107,GO:0002250,adaptive immune response,6,Compara
IEA,GO_REF:0000107,GO:0043931,ossification involved in bone maturation,6,Compara
IEA,GO_REF:0000107,GO:0042104,positive regulation of activated T cell proliferation,6,Compara
IEA,GO_REF:0000107,GO:0045141,meiotic telomere clustering,6,Compara
IEA,GO_REF:0000107,GO:2001171,positive regulation of ATP biosynthetic process,6,Compara
IEA,GO_REF:0000107,GO:0050766,positive regulation of phagocytosis,6,Compara
IEA,GO_REF:0000107,GO:0060546,negative regulation of necroptotic process,6,Compara
IEA,GO_REF:0000107,GO:0000800,lateral element,6,Compara
IEA,GO_REF:0000107,GO:0032025,response to cobalt ion,6,Compara
IEA,GO_REF:0000107,GO:0000979,RNA polymerase II core promoter sequence-specific DNA binding,6,Compara
IEA,GO_REF:0000107,GO:0010507,negative regulation of autophagy,6,Compara
IEA,GO_REF:0000107,GO:0006091,generation of precursor metabolites and energy,6,Compara
IEA,GO_REF:0000107,GO:0006096,glycolytic process,6,Compara
IEA,GO_REF:0000107,GO:0008631,intrinsic apoptotic signaling pathway in response to oxidative stress,6,Compara
IEA,GO_REF:0000107,GO:0019838,growth factor binding,6,Compara
IEA,GO_REF:0000107,GO:0030139,endocytic vesicle,6,Compara
IEA,GO_REF:0000107,GO:0034224,cellular response to zinc ion starvation,6,Compara
IEA,GO_REF:0000107,GO:0032330,regulation of chondrocyte differentiation,6,Compara
IEA,GO_REF:0000107,GO:0071294,cellular response to zinc ion,6,Compara
IEA,GO_REF:0000107,GO:0072112,podocyte differentiation,6,Compara
IEA,GO_REF:0000107,GO:0072347,response to anesthetic,6,Compara
IEA,GO_REF:0000107,GO:0001696,gastric acid secretion,6,Compara
IEA,GO_REF:0000107,GO:0072197,ureter morphogenesis,6,Compara
IEA,GO_REF:0000107,GO:0090314,positive regulation of protein targeting to membrane,6,Compara
IEA,GO_REF:0000107,GO:0045059,positive thymic T cell selection,6,Compara
IEA,GO_REF:0000107,GO:0046641,positive regulation of alpha-beta T cell proliferation,6,Compara
IEA,GO_REF:0000107,GO:0046847,filopodium assembly,6,Compara
IEA,GO_REF:0000107,GO:0071354,cellular response to interleukin-6,6,Compara
IEA,GO_REF:0000107,GO:0031396,regulation of protein ubiquitination,6,Compara
IEA,GO_REF:0000107,GO:0050910,detection of mechanical stimulus involved in sensory perception of sound,6,Compara
IEA,GO_REF:0000107,GO:0070365,hepatocyte differentiation,6,Compara
IEA,GO_REF:0000107,GO:0008209,androgen metabolic process,6,Compara
IEA,GO_REF:0000107,GO:0022405,hair cycle process,6,Compara
IEA,GO_REF:0000107,GO:1901363,heterocyclic compound binding,6,Compara
IEA,GO_REF:0000107,GO:0048729,tissue morphogenesis,5,Compara
IEA,GO_REF:0000107,GO:0001578,microtubule bundle formation,5,Compara
IEA,GO_REF:0000107,GO:0002314,germinal center B cell differentiation,5,Compara
IEA,GO_REF:0000107,GO:0097187,dentinogenesis,5,Compara
IEA,GO_REF:0000107,GO:0097484,dendrite extension,5,Compara
IEA,GO_REF:0000107,GO:0040029,epigenetic regulation of gene expression,5,Compara
IEA,GO_REF:0000107,GO:0045589,regulation of regulatory T cell differentiation,5,Compara
IEA,GO_REF:0000107,GO:0046928,regulation of neurotransmitter secretion,5,Compara
IEA,GO_REF:0000107,GO:0046827,positive regulation of protein export from nucleus,5,Compara
IEA,GO_REF:0000107,GO:0048703,embryonic viscerocranium morphogenesis,5,Compara
IEA,GO_REF:0000107,GO:0030145,manganese ion binding,5,Compara
IEA,GO_REF:0000107,GO:0055010,ventricular cardiac muscle tissue morphogenesis,5,Compara
IEA,GO_REF:0000107,GO:0007512,adult heart development,5,Compara
IEA,GO_REF:0000107,GO:0055089,fatty acid homeostasis,5,Compara
IEA,GO_REF:0000107,GO:0060029,convergent extension involved in organogenesis,5,Compara
IEA,GO_REF:0000107,GO:0060170,ciliary membrane,5,Compara
IEA,GO_REF:0000107,GO:0005637,nuclear inner membrane,5,Compara
IEA,GO_REF:0000107,GO:0060071,"Wnt signaling pathway, planar cell polarity pathway",5,Compara
IEA,GO_REF:0000107,GO:0016887,ATP hydrolysis activity,5,Compara
IEA,GO_REF:0000107,GO:0010763,positive regulation of fibroblast migration,5,Compara
IEA,GO_REF:0000107,GO:1903672,positive regulation of sprouting angiogenesis,5,Compara
IEA,GO_REF:0000107,GO:0004181,metallocarboxypeptidase activity,5,Compara
IEA,GO_REF:0000107,GO:0035749,myelin sheath adaxonal region,5,Compara
IEA,GO_REF:0000107,GO:0007095,mitotic G2 DNA damage checkpoint signaling,5,Compara
IEA,GO_REF:0000107,GO:1903169,regulation of calcium ion transmembrane transport,5,Compara
IEA,GO_REF:0000107,GO:0033089,positive regulation of T cell differentiation in thymus,5,Compara
IEA,GO_REF:0000107,GO:0035418,protein localization to synapse,5,Compara
IEA,GO_REF:0000107,GO:0150103,reactive gliosis,5,Compara
IEA,GO_REF:0000107,GO:1900027,regulation of ruffle assembly,5,Compara
IEA,GO_REF:0000107,GO:0016042,lipid catabolic process,5,Compara
IEA,GO_REF:0000107,GO:0015643,toxic substance binding,5,Compara
IEA,GO_REF:0000107,GO:0031642,negative regulation of myelination,5,Compara
IEA,GO_REF:0000107,GO:0070507,regulation of microtubule cytoskeleton organization,5,Compara
IEA,GO_REF:0000107,GO:0001913,T cell mediated cytotoxicity,5,Compara
IEA,GO_REF:0000107,GO:0043568,positive regulation of insulin-like growth factor receptor signaling pathway,5,Compara
IEA,GO_REF:0000107,GO:0046785,microtubule polymerization,5,Compara
IEA,GO_REF:0000107,GO:0010803,regulation of tumor necrosis factor-mediated signaling pathway,5,Compara
IEA,GO_REF:0000107,GO:0010762,regulation of fibroblast migration,5,Compara
IEA,GO_REF:0000107,GO:0051930,regulation of sensory perception of pain,5,Compara
IEA,GO_REF:0000107,GO:0060563,neuroepithelial cell differentiation,5,Compara
IEA,GO_REF:0000107,GO:0060770,negative regulation of epithelial cell proliferation involved in prostate gland development,5,Compara
IEA,GO_REF:0000107,GO:0021517,ventral spinal cord development,5,Compara
IEA,GO_REF:0000107,GO:0004857,enzyme inhibitor activity,5,Compara
IEA,GO_REF:0000107,GO:0016446,somatic hypermutation of immunoglobulin genes,5,Compara
IEA,GO_REF:0000107,GO:0031133,regulation of axon diameter,5,Compara
IEA,GO_REF:0000107,GO:0019003,GDP binding,5,Compara
IEA,GO_REF:0000107,GO:0019217,regulation of fatty acid metabolic process,5,Compara
IEA,GO_REF:0000107,GO:0010608,post-transcriptional regulation of gene expression,5,Compara
IEA,GO_REF:0000107,GO:0019432,triglyceride biosynthetic process,5,Compara
IEA,GO_REF:0000107,GO:0007207,phospholipase C-activating G protein-coupled acetylcholine receptor signaling pathway,5,Compara
IEA,GO_REF:0000107,GO:1902262,apoptotic process involved in blood vessel morphogenesis,5,Compara
IEA,GO_REF:0000107,GO:0006754,ATP biosynthetic process,5,Compara
IEA,GO_REF:0000107,GO:0032228,"regulation of synaptic transmission, GABAergic",5,Compara
IEA,GO_REF:0000107,GO:0032688,negative regulation of interferon-beta production,5,Compara
IEA,GO_REF:0000107,GO:0070059,intrinsic apoptotic signaling pathway in response to endoplasmic reticulum stress,5,Compara
IEA,GO_REF:0000107,GO:0033194,response to hydroperoxide,5,Compara
IEA,GO_REF:0000107,GO:0001162,RNA polymerase II intronic transcription regulatory region sequence-specific DNA binding,5,Compara
IEA,GO_REF:0000107,GO:0002093,auditory receptor cell morphogenesis,5,Compara
IEA,GO_REF:0000107,GO:0002521,leukocyte differentiation,5,Compara
IEA,GO_REF:0000107,GO:0098712,L-glutamate import across plasma membrane,5,Compara
IEA,GO_REF:0000107,GO:0098976,excitatory chemical synaptic transmission,5,Compara
IEA,GO_REF:0000107,GO:0099507,ligand-gated monoatomic ion channel activity involved in regulation of presynaptic membrane potential,5,Compara
IEA,GO_REF:0000107,GO:0042053,regulation of dopamine metabolic process,5,Compara
IEA,GO_REF:0000107,GO:0045814,"negative regulation of gene expression, epigenetic",5,Compara
IEA,GO_REF:0000107,GO:0046549,retinal cone cell development,5,Compara
IEA,GO_REF:0000107,GO:0003360,brainstem development,5,Compara
IEA,GO_REF:0000107,GO:2001223,negative regulation of neuron migration,5,Compara
IEA,GO_REF:0000107,GO:0050671,positive regulation of lymphocyte proliferation,5,Compara
IEA,GO_REF:0000107,GO:0051057,positive regulation of small GTPase mediated signal transduction,5,Compara
IEA,GO_REF:0000107,GO:0060290,transdifferentiation,5,Compara
IEA,GO_REF:0000107,GO:0005657,replication fork,5,Compara
IEA,GO_REF:0000107,GO:0003149,membranous septum morphogenesis,5,Compara
IEA,GO_REF:0000107,GO:1904754,positive regulation of vascular associated smooth muscle cell migration,5,Compara
IEA,GO_REF:0000107,GO:0017046,peptide hormone binding,5,Compara
IEA,GO_REF:0000107,GO:0010832,negative regulation of myotube differentiation,5,Compara
IEA,GO_REF:0000107,GO:0014012,peripheral nervous system axon regeneration,5,Compara
IEA,GO_REF:0000107,GO:0003684,damaged DNA binding,5,Compara
IEA,GO_REF:0000107,GO:1903428,positive regulation of reactive oxygen species biosynthetic process,5,Compara
IEA,GO_REF:0000107,GO:0006972,hyperosmotic response,5,Compara
IEA,GO_REF:0000107,GO:0009635,response to herbicide,5,Compara
IEA,GO_REF:0000107,GO:0061458,reproductive system development,5,Compara
IEA,GO_REF:0000107,GO:0031623,receptor internalization,5,Compara
IEA,GO_REF:0000107,GO:0070852,cell body fiber,5,Compara
IEA,GO_REF:0000107,GO:0033148,positive regulation of intracellular estrogen receptor signaling pathway,5,Compara
IEA,GO_REF:0000107,GO:0019209,kinase activator activity,5,Compara
IEA,GO_REF:0000107,GO:0030496,midbody,5,Compara
IEA,GO_REF:0000107,GO:0060687,regulation of branching involved in prostate gland morphogenesis,5,Compara
IEA,GO_REF:0000107,GO:0000242,pericentriolar material,5,Compara
IEA,GO_REF:0000107,GO:0140042,lipid droplet formation,5,Compara
IEA,GO_REF:0000107,GO:0001952,regulation of cell-matrix adhesion,5,Compara
IEA,GO_REF:0000107,GO:0001954,positive regulation of cell-matrix adhesion,5,Compara
IEA,GO_REF:0000107,GO:0097728,9+0 motile cilium,5,Compara
IEA,GO_REF:0000107,GO:0045446,endothelial cell differentiation,5,Compara
IEA,GO_REF:0000107,GO:0060337,type I interferon-mediated signaling pathway,5,Compara
IEA,GO_REF:0000107,GO:0046887,positive regulation of hormone secretion,5,Compara
IEA,GO_REF:0000107,GO:0044322,endoplasmic reticulum quality control compartment,5,Compara
IEA,GO_REF:0000107,GO:1904612,"response to 2,3,7,8-tetrachlorodibenzodioxine",5,Compara
IEA,GO_REF:0000107,GO:0051798,positive regulation of hair follicle development,5,Compara
IEA,GO_REF:0000107,GO:0060485,mesenchyme development,5,Compara
IEA,GO_REF:0000107,GO:0005246,calcium channel regulator activity,5,Compara
IEA,GO_REF:0000107,GO:0003170,heart valve development,5,Compara
IEA,GO_REF:0000107,GO:0007265,Ras protein signal transduction,5,Compara
IEA,GO_REF:0000107,GO:0017145,stem cell division,5,Compara
IEA,GO_REF:0000107,GO:0010669,epithelial structure maintenance,5,Compara
IEA,GO_REF:0000107,GO:0010718,positive regulation of epithelial to mesenchymal transition,5,Compara
IEA,GO_REF:0000107,GO:0003009,skeletal muscle contraction,5,Compara
IEA,GO_REF:0000107,GO:0060075,regulation of resting membrane potential,5,Compara
IEA,GO_REF:0000107,GO:0061036,positive regulation of cartilage development,5,Compara
IEA,GO_REF:0000107,GO:0060762,regulation of branching involved in mammary gland duct morphogenesis,5,Compara
IEA,GO_REF:0000107,GO:0060039,pericardium development,5,Compara
IEA,GO_REF:0000107,GO:0030041,actin filament polymerization,5,Compara
IEA,GO_REF:0000107,GO:0030857,negative regulation of epithelial cell differentiation,5,Compara
IEA,GO_REF:0000107,GO:0071599,otic vesicle development,5,Compara
IEA,GO_REF:0000107,GO:0060430,lung saccule development,5,Compara
IEA,GO_REF:0000107,GO:0060340,positive regulation of type I interferon-mediated signaling pathway,5,Compara
IEA,GO_REF:0000107,GO:0030507,spectrin binding,5,Compara
IEA,GO_REF:0000107,GO:0097708,intracellular vesicle,5,Compara
IEA,GO_REF:0000107,GO:0098554,cytoplasmic side of endoplasmic reticulum membrane,5,Compara
IEA,GO_REF:0000107,GO:0099159,regulation of modification of postsynaptic structure,5,Compara
IEA,GO_REF:0000107,GO:0042267,natural killer cell mediated cytotoxicity,5,Compara
IEA,GO_REF:0000107,GO:0045019,negative regulation of nitric oxide biosynthetic process,5,Compara
IEA,GO_REF:0000107,GO:0051899,membrane depolarization,5,Compara
IEA,GO_REF:0000107,GO:0050773,regulation of dendrite development,5,Compara
IEA,GO_REF:0000107,GO:0050801,monoatomic ion homeostasis,5,Compara
IEA,GO_REF:0000107,GO:0043014,alpha-tubulin binding,5,Compara
IEA,GO_REF:0000107,GO:0060415,muscle tissue morphogenesis,5,Compara
IEA,GO_REF:0000107,GO:0061179,negative regulation of insulin secretion involved in cellular response to glucose stimulus,5,Compara
IEA,GO_REF:0000107,GO:0051865,protein autoubiquitination,5,Compara
IEA,GO_REF:0000107,GO:0010807,regulation of synaptic vesicle priming,5,Compara
IEA,GO_REF:0000107,GO:0032839,dendrite cytoplasm,5,Compara
IEA,GO_REF:0000107,GO:0048702,embryonic neurocranium morphogenesis,5,Compara
IEA,GO_REF:0000107,GO:0009314,response to radiation,5,Compara
IEA,GO_REF:0000107,GO:0021695,cerebellar cortex development,5,Compara
IEA,GO_REF:0000107,GO:0021979,hypothalamus cell differentiation,5,Compara
IEA,GO_REF:0000107,GO:0090023,positive regulation of neutrophil chemotaxis,5,Compara
IEA,GO_REF:0000107,GO:0033130,acetylcholine receptor binding,5,Compara
IEA,GO_REF:0000107,GO:0035726,common myeloid progenitor cell proliferation,5,Compara
IEA,GO_REF:0000107,GO:0035810,positive regulation of urine volume,5,Compara
IEA,GO_REF:0000107,GO:0097091,synaptic vesicle clustering,5,Compara
IEA,GO_REF:0000107,GO:0098690,glycinergic synapse,5,Compara
IEA,GO_REF:0000107,GO:0099538,synaptic signaling via neuropeptide,5,Compara
IEA,GO_REF:0000107,GO:0048820,hair follicle maturation,5,Compara
IEA,GO_REF:0000107,GO:0045851,pH reduction,5,Compara
IEA,GO_REF:0000107,GO:0031683,G-protein beta/gamma-subunit complex binding,5,Compara
IEA,GO_REF:0000107,GO:0045598,regulation of fat cell differentiation,5,Compara
IEA,GO_REF:0000107,GO:0048485,sympathetic nervous system development,5,Compara
IEA,GO_REF:0000107,GO:0040016,embryonic cleavage,5,Compara
IEA,GO_REF:0000107,GO:0043584,nose development,5,Compara
IEA,GO_REF:0000107,GO:0045664,regulation of neuron differentiation,5,Compara
IEA,GO_REF:0000107,GO:0048041,focal adhesion assembly,5,Compara
IEA,GO_REF:0000107,GO:0061669,spontaneous neurotransmitter secretion,5,Compara
IEA,GO_REF:0000107,GO:0051481,negative regulation of cytosolic calcium ion concentration,5,Compara
IEA,GO_REF:0000107,GO:0060011,Sertoli cell proliferation,5,Compara
IEA,GO_REF:0000107,GO:0060028,convergent extension involved in axis elongation,5,Compara
IEA,GO_REF:0000107,GO:0060992,response to fungicide,5,Compara
IEA,GO_REF:0000107,GO:0042692,muscle cell differentiation,5,Compara
IEA,GO_REF:0000107,GO:0003406,retinal pigment epithelium development,5,Compara
IEA,GO_REF:0000107,GO:1905198,manchette assembly,5,Compara
IEA,GO_REF:0000107,GO:0048070,regulation of developmental pigmentation,5,Compara
IEA,GO_REF:0000107,GO:0017157,regulation of exocytosis,5,Compara
IEA,GO_REF:0000107,GO:0006882,intracellular zinc ion homeostasis,5,Compara
IEA,GO_REF:0000107,GO:0001957,intramembranous ossification,5,Compara
IEA,GO_REF:0000107,GO:0007167,enzyme-linked receptor protein signaling pathway,5,Compara
IEA,GO_REF:0000107,GO:1902042,negative regulation of extrinsic apoptotic signaling pathway via death domain receptors,5,Compara
IEA,GO_REF:0000107,GO:0032433,filopodium tip,5,Compara
IEA,GO_REF:0000107,GO:0021940,positive regulation of cerebellar granule cell precursor proliferation,5,Compara
IEA,GO_REF:0000107,GO:0031000,response to caffeine,5,Compara
IEA,GO_REF:0000107,GO:0032230,"positive regulation of synaptic transmission, GABAergic",5,Compara
IEA,GO_REF:0000107,GO:0032680,regulation of tumor necrosis factor production,5,Compara
IEA,GO_REF:0000107,GO:0099013,neuronal dense core vesicle lumen,5,Compara
IEA,GO_REF:0000107,GO:0035591,signaling adaptor activity,5,Compara
IEA,GO_REF:0000107,GO:0000132,establishment of mitotic spindle orientation,5,Compara
IEA,GO_REF:0000107,GO:0140058,neuron projection arborization,5,Compara
IEA,GO_REF:0000107,GO:0042633,hair cycle,5,Compara
IEA,GO_REF:0000107,GO:0043122,regulation of canonical NF-kappaB signal transduction,5,Compara
IEA,GO_REF:0000107,GO:0042159,lipoprotein catabolic process,5,Compara
IEA,GO_REF:0000107,GO:2000279,negative regulation of DNA biosynthetic process,5,Compara
IEA,GO_REF:0000107,GO:2000288,positive regulation of myoblast proliferation,5,Compara
IEA,GO_REF:0000107,GO:2000347,positive regulation of hepatocyte proliferation,5,Compara
IEA,GO_REF:0000107,GO:0045779,negative regulation of bone resorption,5,Compara
IEA,GO_REF:0000107,GO:0046621,negative regulation of organ growth,5,Compara
IEA,GO_REF:0000107,GO:0048143,astrocyte activation,5,Compara
IEA,GO_REF:0000107,GO:0048699,generation of neurons,5,Compara
IEA,GO_REF:0000107,GO:0048935,peripheral nervous system neuron development,5,Compara
IEA,GO_REF:0000107,GO:0035748,myelin sheath abaxonal region,5,Compara
IEA,GO_REF:0000107,GO:0001530,lipopolysaccharide binding,5,Compara
IEA,GO_REF:0000107,GO:0034394,protein localization to cell surface,5,Compara
IEA,GO_REF:0000107,GO:0050913,sensory perception of bitter taste,5,Compara
IEA,GO_REF:0000107,GO:0060603,mammary gland duct morphogenesis,5,Compara
IEA,GO_REF:0000107,GO:0086004,regulation of cardiac muscle cell contraction,5,Compara
IEA,GO_REF:0000107,GO:0014816,skeletal muscle satellite cell differentiation,5,Compara
IEA,GO_REF:0000107,GO:0070307,lens fiber cell development,5,Compara
IEA,GO_REF:0000107,GO:1901381,positive regulation of potassium ion transmembrane transport,5,Compara
IEA,GO_REF:0000107,GO:0006911,"phagocytosis, engulfment",5,Compara
IEA,GO_REF:0000107,GO:0022612,gland morphogenesis,5,Compara
IEA,GO_REF:0000107,GO:0030016,myofibril,5,Compara
IEA,GO_REF:0000107,GO:0021544,subpallium development,5,Compara
IEA,GO_REF:0000107,GO:0021764,amygdala development,5,Compara
IEA,GO_REF:0000107,GO:0030223,neutrophil differentiation,5,Compara
IEA,GO_REF:0000107,GO:0030224,monocyte differentiation,5,Compara
IEA,GO_REF:0000107,GO:0031528,microvillus membrane,5,Compara
IEA,GO_REF:0000107,GO:0071526,semaphorin-plexin signaling pathway,5,Compara
IEA,GO_REF:0000107,GO:0034614,cellular response to reactive oxygen species,5,Compara
IEA,GO_REF:0000107,GO:0036343,psychomotor behavior,5,Compara
IEA,GO_REF:0000107,GO:0030540,female genitalia development,5,Compara
IEA,GO_REF:0000107,GO:0001963,"synaptic transmission, dopaminergic",5,Compara
IEA,GO_REF:0000107,GO:0042953,lipoprotein transport,5,Compara
IEA,GO_REF:0000107,GO:0043576,regulation of respiratory gaseous exchange,5,Compara
IEA,GO_REF:0000107,GO:0048643,positive regulation of skeletal muscle tissue development,5,Compara
IEA,GO_REF:0000107,GO:0000287,magnesium ion binding,5,Compara
IEA,GO_REF:0000107,GO:0051223,regulation of protein transport,5,Compara
IEA,GO_REF:0000107,GO:0060750,epithelial cell proliferation involved in mammary gland duct elongation,5,Compara
IEA,GO_REF:0000107,GO:0010040,response to iron(II) ion,5,Compara
IEA,GO_REF:0000107,GO:0030017,sarcomere,5,Compara
IEA,GO_REF:0000107,GO:0003300,cardiac muscle hypertrophy,5,Compara
IEA,GO_REF:0000107,GO:0003712,transcription coregulator activity,5,Compara
IEA,GO_REF:0000107,GO:0008593,regulation of Notch signaling pathway,5,Compara
IEA,GO_REF:0000107,GO:0008354,germ cell migration,5,Compara
IEA,GO_REF:0000107,GO:0008406,gonad development,5,Compara
IEA,GO_REF:0000107,GO:0007162,negative regulation of cell adhesion,5,Compara
IEA,GO_REF:0000107,GO:0008654,phospholipid biosynthetic process,5,Compara
IEA,GO_REF:0000107,GO:0021902,commitment of neuronal cell to specific neuron type in forebrain,5,Compara
IEA,GO_REF:0000107,GO:0070266,necroptotic process,5,Compara
IEA,GO_REF:0000107,GO:0000976,transcription cis-regulatory region binding,5,Compara
IEA,GO_REF:0000107,GO:0002686,negative regulation of leukocyte migration,5,Compara
IEA,GO_REF:0000107,GO:0042698,ovulation cycle,5,Compara
IEA,GO_REF:0000107,GO:0043254,regulation of protein-containing complex assembly,5,Compara
IEA,GO_REF:0000107,GO:0043539,protein serine/threonine kinase activator activity,5,Compara
IEA,GO_REF:0000107,GO:0051674,localization of cell,5,Compara
IEA,GO_REF:0000107,GO:0050868,negative regulation of T cell activation,5,Compara
IEA,GO_REF:0000107,GO:0051428,peptide hormone receptor binding,5,Compara
IEA,GO_REF:0000107,GO:0060561,apoptotic process involved in morphogenesis,5,Compara
IEA,GO_REF:0000107,GO:0060662,salivary gland cavitation,5,Compara
IEA,GO_REF:0000107,GO:0045995,regulation of embryonic development,5,Compara
IEA,GO_REF:0000107,GO:0051604,protein maturation,5,Compara
IEA,GO_REF:0000107,GO:1904638,response to resveratrol,5,Compara
IEA,GO_REF:0000107,GO:0003253,cardiac neural crest cell migration involved in outflow tract morphogenesis,5,Compara
IEA,GO_REF:0000107,GO:0030031,cell projection assembly,5,Compara
IEA,GO_REF:0000107,GO:0061448,connective tissue development,5,Compara
IEA,GO_REF:0000107,GO:0005677,chromatin silencing complex,5,Compara
IEA,GO_REF:0000107,GO:0006953,acute-phase response,5,Compara
IEA,GO_REF:0000107,GO:0007009,plasma membrane organization,5,Compara
IEA,GO_REF:0000107,GO:0032435,negative regulation of proteasomal ubiquitin-dependent protein catabolic process,5,Compara
IEA,GO_REF:0000107,GO:0021953,central nervous system neuron differentiation,5,Compara
IEA,GO_REF:0000107,GO:0071481,cellular response to X-ray,5,Compara
IEA,GO_REF:0000107,GO:0141068,autosome genomic imprinting,5,Compara
IEA,GO_REF:0000107,GO:1900016,negative regulation of cytokine production involved in inflammatory response,5,Compara
IEA,GO_REF:0000107,GO:0097431,mitotic spindle pole,5,Compara
IEA,GO_REF:0000107,GO:0002317,plasma cell differentiation,5,Compara
IEA,GO_REF:0000107,GO:0045670,regulation of osteoclast differentiation,5,Compara
IEA,GO_REF:0000107,GO:0046055,dGMP catabolic process,5,Compara
IEA,GO_REF:0000107,GO:0046875,ephrin receptor binding,5,Compara
IEA,GO_REF:0000107,GO:0001678,intracellular glucose homeostasis,5,Compara
IEA,GO_REF:0000107,GO:0048515,spermatid differentiation,5,Compara
IEA,GO_REF:0000107,GO:0048570,notochord morphogenesis,5,Compara
IEA,GO_REF:0000107,GO:0050765,negative regulation of phagocytosis,5,Compara
IEA,GO_REF:0000107,GO:0051209,release of sequestered calcium ion into cytosol,5,Compara
IEA,GO_REF:0000107,GO:0051281,positive regulation of release of sequestered calcium ion into cytosol,5,Compara
IEA,GO_REF:0000107,GO:0061178,regulation of insulin secretion involved in cellular response to glucose stimulus,5,Compara
IEA,GO_REF:0000107,GO:0005123,death receptor binding,5,Compara
IEA,GO_REF:0000107,GO:0050771,negative regulation of axonogenesis,5,Compara
IEA,GO_REF:0000107,GO:0005641,nuclear envelope lumen,5,Compara
IEA,GO_REF:0000107,GO:0003139,secondary heart field specification,5,Compara
IEA,GO_REF:0000107,GO:0048814,regulation of dendrite morphogenesis,5,Compara
IEA,GO_REF:0000107,GO:0015813,L-glutamate transmembrane transport,5,Compara
IEA,GO_REF:0000107,GO:1903377,negative regulation of oxidative stress-induced neuron intrinsic apoptotic signaling pathway,5,Compara
IEA,GO_REF:0000107,GO:0048539,bone marrow development,5,Compara
IEA,GO_REF:0000107,GO:0016192,vesicle-mediated transport,5,Compara
IEA,GO_REF:0000107,GO:0008092,cytoskeletal protein binding,5,Compara
IEA,GO_REF:0000107,GO:2000270,negative regulation of fibroblast apoptotic process,5,Compara
IEA,GO_REF:0000107,GO:0021978,telencephalon regionalization,5,Compara
IEA,GO_REF:0000107,GO:0030856,regulation of epithelial cell differentiation,5,Compara
IEA,GO_REF:0000107,GO:0031045,dense core granule,5,Compara
IEA,GO_REF:0000107,GO:0033391,chromatoid body,5,Compara
IEA,GO_REF:0000107,GO:1990742,microvesicle,5,Compara
IEA,GO_REF:0000107,GO:0035865,cellular response to potassium ion,5,Compara
IEA,GO_REF:0000107,GO:0038066,p38MAPK cascade,5,Compara
IEA,GO_REF:0000107,GO:1900180,regulation of protein localization to nucleus,5,Compara
IEA,GO_REF:0000107,GO:1900407,regulation of cellular response to oxidative stress,5,Compara
IEA,GO_REF:0000107,GO:0098845,postsynaptic endosome,5,Compara
IEA,GO_REF:0000107,GO:0043022,ribosome binding,5,Compara
IEA,GO_REF:0000107,GO:0046322,negative regulation of fatty acid oxidation,5,Compara
IEA,GO_REF:0000107,GO:0043548,phosphatidylinositol 3-kinase binding,5,Compara
IEA,GO_REF:0000107,GO:0004672,protein kinase activity,5,Compara
IEA,GO_REF:0000107,GO:0005790,smooth endoplasmic reticulum,5,Compara
IEA,GO_REF:0000107,GO:0014832,urinary bladder smooth muscle contraction,5,Compara
IEA,GO_REF:0000107,GO:0032691,negative regulation of interleukin-1 beta production,5,Compara
IEA,GO_REF:0000107,GO:0044327,dendritic spine head,5,Compara
IEA,GO_REF:0000107,GO:1901142,insulin metabolic process,5,Compara
IEA,GO_REF:0000107,GO:0030111,regulation of Wnt signaling pathway,5,Compara
IEA,GO_REF:0000107,GO:0031589,cell-substrate adhesion,5,Compara
IEA,GO_REF:0000107,GO:0070474,positive regulation of uterine smooth muscle contraction,5,Compara
IEA,GO_REF:0000107,GO:0035136,forelimb morphogenesis,5,Compara
IEA,GO_REF:0000107,GO:0035458,cellular response to interferon-beta,5,Compara
IEA,GO_REF:0000107,GO:0036269,swimming behavior,5,Compara
IEA,GO_REF:0000107,GO:0036477,somatodendritic compartment,5,Compara
IEA,GO_REF:0000107,GO:0097470,ribbon synapse,5,Compara
IEA,GO_REF:0000107,GO:0097065,anterior head development,5,Compara
IEA,GO_REF:0000107,GO:0019905,syntaxin binding,5,Compara
IEA,GO_REF:0000107,GO:0002360,T cell lineage commitment,5,Compara
IEA,GO_REF:0000107,GO:0071803,positive regulation of podosome assembly,5,Compara
IEA,GO_REF:0000107,GO:0005764,lysosome,5,Compara
IEA,GO_REF:0000107,GO:0071498,cellular response to fluid shear stress,5,Compara
IEA,GO_REF:0000107,GO:0001878,response to yeast,5,Compara
IEA,GO_REF:0000107,GO:0001945,lymph vessel development,5,Compara
IEA,GO_REF:0000107,GO:1990782,protein tyrosine kinase binding,5,Compara
IEA,GO_REF:0000107,GO:0046638,positive regulation of alpha-beta T cell differentiation,5,Compara
IEA,GO_REF:0000107,GO:0048871,multicellular organismal-level homeostasis,5,Compara
IEA,GO_REF:0000107,GO:0051928,positive regulation of calcium ion transport,5,Compara
IEA,GO_REF:0000107,GO:0090649,response to oxygen-glucose deprivation,5,Compara
IEA,GO_REF:0000107,GO:1904373,response to kainic acid,5,Compara
IEA,GO_REF:0000107,GO:0005881,cytoplasmic microtubule,5,Compara
IEA,GO_REF:0000107,GO:0032731,positive regulation of interleukin-1 beta production,5,Compara
IEA,GO_REF:0000107,GO:0006986,response to unfolded protein,5,Compara
IEA,GO_REF:0000107,GO:0021513,spinal cord dorsal/ventral patterning,5,Compara
IEA,GO_REF:0000107,GO:0021587,cerebellum morphogenesis,5,Compara
IEA,GO_REF:0000107,GO:0072657,protein localization to membrane,5,Compara
IEA,GO_REF:0000107,GO:0090080,positive regulation of MAPKKK cascade by fibroblast growth factor receptor signaling pathway,5,Compara
IEA,GO_REF:0000107,GO:0034198,cellular response to amino acid starvation,5,Compara
IEA,GO_REF:0000107,GO:0034695,response to prostaglandin E,5,Compara
IEA,GO_REF:0000107,GO:0033268,node of Ranvier,5,Compara
IEA,GO_REF:0000107,GO:0035239,tube morphogenesis,5,Compara
IEA,GO_REF:0000107,GO:0038023,signaling receptor activity,5,Compara
IEA,GO_REF:0000107,GO:0002092,positive regulation of receptor internalization,5,Compara
IEA,GO_REF:0000107,GO:0001554,luteolysis,5,Compara
IEA,GO_REF:0000107,GO:0002544,chronic inflammatory response,5,Compara
IEA,GO_REF:0000107,GO:0042129,regulation of T cell proliferation,5,Compara
IEA,GO_REF:0000107,GO:0046079,dUMP catabolic process,5,Compara
IEA,GO_REF:0000107,GO:1990266,neutrophil migration,5,Compara
IEA,GO_REF:0000107,GO:0071377,cellular response to glucagon stimulus,5,Compara
IEA,GO_REF:0000107,GO:0048505,regulation of timing of cell differentiation,5,Compara
IEA,GO_REF:0000107,GO:0051867,"general adaptation syndrome, behavioral process",5,Compara
IEA,GO_REF:0000107,GO:0060744,mammary gland branching involved in thelarche,5,Compara
IEA,GO_REF:0000107,GO:0030202,heparin proteoglycan metabolic process,5,Compara
IEA,GO_REF:0000107,GO:0021960,anterior commissure morphogenesis,5,Compara
IEA,GO_REF:0000107,GO:0070412,R-SMAD binding,5,Compara
IEA,GO_REF:0000107,GO:1905144,response to acetylcholine,5,Compara
IEA,GO_REF:0000107,GO:0007270,neuron-neuron synaptic transmission,5,Compara
IEA,GO_REF:0000107,GO:0031346,positive regulation of cell projection organization,5,Compara
IEA,GO_REF:0000107,GO:1900119,positive regulation of execution phase of apoptosis,4,Compara
IEA,GO_REF:0000107,GO:0097094,craniofacial suture morphogenesis,4,Compara
IEA,GO_REF:0000107,GO:0002638,negative regulation of immunoglobulin production,4,Compara
IEA,GO_REF:0000107,GO:0097011,cellular response to granulocyte macrophage colony-stimulating factor stimulus,4,Compara
IEA,GO_REF:0000107,GO:0098888,extrinsic component of presynaptic membrane,4,Compara
IEA,GO_REF:0000107,GO:0042585,germinal vesicle,4,Compara
IEA,GO_REF:0000107,GO:0042622,photoreceptor outer segment membrane,4,Compara
IEA,GO_REF:0000107,GO:0042775,mitochondrial ATP synthesis coupled electron transport,4,Compara
IEA,GO_REF:0000107,GO:0006801,superoxide metabolic process,4,Compara
IEA,GO_REF:0000107,GO:0043534,blood vessel endothelial cell migration,4,Compara
IEA,GO_REF:0000107,GO:0045454,cell redox homeostasis,4,Compara
IEA,GO_REF:0000107,GO:0046323,D-glucose import,4,Compara
IEA,GO_REF:0000107,GO:2000672,negative regulation of motor neuron apoptotic process,4,Compara
IEA,GO_REF:0000107,GO:0045616,regulation of keratinocyte differentiation,4,Compara
IEA,GO_REF:0000107,GO:0050482,arachidonate secretion,4,Compara
IEA,GO_REF:0000107,GO:0060439,trachea morphogenesis,4,Compara
IEA,GO_REF:0000107,GO:0060666,dichotomous subdivision of terminal units involved in salivary gland branching,4,Compara
IEA,GO_REF:0000107,GO:0060676,ureteric bud formation,4,Compara
IEA,GO_REF:0000107,GO:0060710,chorio-allantoic fusion,4,Compara
IEA,GO_REF:0000107,GO:0060828,regulation of canonical Wnt signaling pathway,4,Compara
IEA,GO_REF:0000107,GO:0007621,negative regulation of female receptivity,4,Compara
IEA,GO_REF:0000107,GO:1904706,negative regulation of vascular associated smooth muscle cell proliferation,4,Compara
IEA,GO_REF:0000107,GO:0017156,calcium-ion regulated exocytosis,4,Compara
IEA,GO_REF:0000107,GO:0010459,negative regulation of heart rate,4,Compara
IEA,GO_REF:0000107,GO:0036336,dendritic cell migration,4,Compara
IEA,GO_REF:0000107,GO:1903537,meiotic cell cycle process involved in oocyte maturation,4,Compara
IEA,GO_REF:0000107,GO:0006839,mitochondrial transport,4,Compara
IEA,GO_REF:0000107,GO:0033010,paranodal junction,4,Compara
IEA,GO_REF:0000107,GO:0008210,estrogen metabolic process,4,Compara
IEA,GO_REF:0000107,GO:0010193,response to ozone,4,Compara
IEA,GO_REF:0000107,GO:0005882,intermediate filament,4,Compara
IEA,GO_REF:0000107,GO:0033591,response to L-ascorbic acid,4,Compara
IEA,GO_REF:0000107,GO:0033147,negative regulation of intracellular estrogen receptor signaling pathway,4,Compara
IEA,GO_REF:0000107,GO:0007044,cell-substrate junction assembly,4,Compara
IEA,GO_REF:0000107,GO:1902236,negative regulation of endoplasmic reticulum stress-induced intrinsic apoptotic signaling pathway,4,Compara
IEA,GO_REF:0000107,GO:0030194,positive regulation of blood coagulation,4,Compara
IEA,GO_REF:0000107,GO:0071889,14-3-3 protein binding,4,Compara
IEA,GO_REF:0000107,GO:0032437,cuticular plate,4,Compara
IEA,GO_REF:0000107,GO:0021521,ventral spinal cord interneuron specification,4,Compara
IEA,GO_REF:0000107,GO:0030235,nitric-oxide synthase regulator activity,4,Compara
IEA,GO_REF:0000107,GO:0031652,positive regulation of heat generation,4,Compara
IEA,GO_REF:0000107,GO:0071373,cellular response to luteinizing hormone stimulus,4,Compara
IEA,GO_REF:0000107,GO:0071539,protein localization to centrosome,4,Compara
IEA,GO_REF:0000107,GO:0072205,metanephric collecting duct development,4,Compara
IEA,GO_REF:0000107,GO:0035360,positive regulation of peroxisome proliferator activated receptor signaling pathway,4,Compara
IEA,GO_REF:0000107,GO:0000212,meiotic spindle organization,4,Compara
IEA,GO_REF:0000107,GO:0008333,endosome to lysosome transport,4,Compara
IEA,GO_REF:0000107,GO:0002074,extraocular skeletal muscle development,4,Compara
IEA,GO_REF:0000107,GO:0016239,positive regulation of macroautophagy,4,Compara
IEA,GO_REF:0000107,GO:0005793,endoplasmic reticulum-Golgi intermediate compartment,4,Compara
IEA,GO_REF:0000107,GO:0070064,proline-rich region binding,4,Compara
IEA,GO_REF:0000107,GO:0032874,positive regulation of stress-activated MAPK cascade,4,Compara
IEA,GO_REF:0000107,GO:0006887,exocytosis,4,Compara
IEA,GO_REF:0000107,GO:0030500,regulation of bone mineralization,4,Compara
IEA,GO_REF:0000107,GO:0030833,regulation of actin filament polymerization,4,Compara
IEA,GO_REF:0000107,GO:0031616,spindle pole centrosome,4,Compara
IEA,GO_REF:0000107,GO:0097018,renal albumin absorption,4,Compara
IEA,GO_REF:0000107,GO:0097450,astrocyte end-foot,4,Compara
IEA,GO_REF:0000107,GO:0043131,erythrocyte enucleation,4,Compara
IEA,GO_REF:0000107,GO:0044233,mitochondria-associated endoplasmic reticulum membrane contact site,4,Compara
IEA,GO_REF:0000107,GO:0045647,negative regulation of erythrocyte differentiation,4,Compara
IEA,GO_REF:0000107,GO:0046879,hormone secretion,4,Compara
IEA,GO_REF:0000107,GO:0010918,positive regulation of mitochondrial membrane potential,4,Compara
IEA,GO_REF:0000107,GO:0051497,negative regulation of stress fiber assembly,4,Compara
IEA,GO_REF:0000107,GO:0021615,glossopharyngeal nerve morphogenesis,4,Compara
IEA,GO_REF:0000107,GO:0021516,dorsal spinal cord development,4,Compara
IEA,GO_REF:0000107,GO:0003231,cardiac ventricle development,4,Compara
IEA,GO_REF:0000107,GO:1904390,cone retinal bipolar cell differentiation,4,Compara
IEA,GO_REF:0000107,GO:0017022,myosin binding,4,Compara
IEA,GO_REF:0000107,GO:0017085,response to insecticide,4,Compara
IEA,GO_REF:0000107,GO:0016202,regulation of striated muscle tissue development,4,Compara
IEA,GO_REF:0000107,GO:0006611,protein export from nucleus,4,Compara
IEA,GO_REF:0000107,GO:0006879,intracellular iron ion homeostasis,4,Compara
IEA,GO_REF:0000107,GO:0010613,positive regulation of cardiac muscle hypertrophy,4,Compara
IEA,GO_REF:0000107,GO:0009750,response to fructose,4,Compara
IEA,GO_REF:0000107,GO:0007386,compartment pattern specification,4,Compara
IEA,GO_REF:0000107,GO:0030916,otic vesicle formation,4,Compara
IEA,GO_REF:0000107,GO:0007144,female meiosis I,4,Compara
IEA,GO_REF:0000107,GO:0021828,gonadotrophin-releasing hormone neuronal migration to the hypothalamus,4,Compara
IEA,GO_REF:0000107,GO:0021889,olfactory bulb interneuron differentiation,4,Compara
IEA,GO_REF:0000107,GO:0032700,negative regulation of interleukin-17 production,4,Compara
IEA,GO_REF:0000107,GO:0032940,secretion by cell,4,Compara
IEA,GO_REF:0000107,GO:1904753,negative regulation of vascular associated smooth muscle cell migration,4,Compara
IEA,GO_REF:0000107,GO:0071679,commissural neuron axon guidance,4,Compara
IEA,GO_REF:0000107,GO:0072676,lymphocyte migration,4,Compara
IEA,GO_REF:0000107,GO:0006940,regulation of smooth muscle contraction,4,Compara
IEA,GO_REF:0000107,GO:0033612,receptor serine/threonine kinase binding,4,Compara
IEA,GO_REF:0000107,GO:0034389,lipid droplet organization,4,Compara
IEA,GO_REF:0000107,GO:0140537,transcription regulator activator activity,4,Compara
IEA,GO_REF:0000107,GO:0099147,extrinsic component of postsynaptic density membrane,4,Compara
IEA,GO_REF:0000107,GO:0099180,zinc ion import into synaptic vesicle,4,Compara
IEA,GO_REF:0000107,GO:0043116,negative regulation of vascular permeability,4,Compara
IEA,GO_REF:0000107,GO:0043203,axon hillock,4,Compara
IEA,GO_REF:0000107,GO:0046581,intercellular canaliculus,4,Compara
IEA,GO_REF:0000107,GO:0010224,response to UV-B,4,Compara
IEA,GO_REF:0000107,GO:2001238,positive regulation of extrinsic apoptotic signaling pathway,4,Compara
IEA,GO_REF:0000107,GO:0006910,"phagocytosis, recognition",4,Compara
IEA,GO_REF:0000107,GO:0055091,phospholipid homeostasis,4,Compara
IEA,GO_REF:0000107,GO:0060363,cranial suture morphogenesis,4,Compara
IEA,GO_REF:0000107,GO:0060539,diaphragm development,4,Compara
IEA,GO_REF:0000107,GO:0005516,calmodulin binding,4,Compara
IEA,GO_REF:0000107,GO:0006941,striated muscle contraction,4,Compara
IEA,GO_REF:0000107,GO:0002829,negative regulation of type 2 immune response,4,Compara
IEA,GO_REF:0000107,GO:0016601,Rac protein signal transduction,4,Compara
IEA,GO_REF:0000107,GO:0010827,regulation of D-glucose transmembrane transport,4,Compara
IEA,GO_REF:0000107,GO:0010989,negative regulation of low-density lipoprotein particle clearance,4,Compara
IEA,GO_REF:0000107,GO:0055037,recycling endosome,4,Compara
IEA,GO_REF:0000107,GO:0019229,regulation of vasoconstriction,4,Compara
IEA,GO_REF:0000107,GO:0006248,CMP catabolic process,4,Compara
IEA,GO_REF:0000107,GO:0010172,embryonic body morphogenesis,4,Compara
IEA,GO_REF:0000107,GO:0003730,mRNA 3'-UTR binding,4,Compara
IEA,GO_REF:0000107,GO:0020027,hemoglobin metabolic process,4,Compara
IEA,GO_REF:0000107,GO:0032693,negative regulation of interleukin-10 production,4,Compara
IEA,GO_REF:0000107,GO:0032815,negative regulation of natural killer cell activation,4,Compara
IEA,GO_REF:0000107,GO:0070192,chromosome organization involved in meiotic cell cycle,4,Compara
IEA,GO_REF:0000107,GO:0010917,negative regulation of mitochondrial membrane potential,4,Compara
IEA,GO_REF:0000107,GO:0030295,protein kinase activator activity,4,Compara
IEA,GO_REF:0000107,GO:0017038,protein import,4,Compara
IEA,GO_REF:0000107,GO:0141163,positive regulation of cAMP/PKA signal transduction,4,Compara
IEA,GO_REF:0000107,GO:0099140,presynaptic actin cytoskeleton organization,4,Compara
IEA,GO_REF:0000107,GO:0045197,establishment or maintenance of epithelial cell apical/basal polarity,4,Compara
IEA,GO_REF:0000107,GO:0043488,regulation of mRNA stability,4,Compara
IEA,GO_REF:0000107,GO:1905641,cellular response to acetaldehyde,4,Compara
IEA,GO_REF:0000107,GO:2000773,negative regulation of cellular senescence,4,Compara
IEA,GO_REF:0000107,GO:2001054,negative regulation of mesenchymal cell apoptotic process,4,Compara
IEA,GO_REF:0000107,GO:0048608,reproductive structure development,4,Compara
IEA,GO_REF:0000107,GO:0060253,negative regulation of glial cell proliferation,4,Compara
IEA,GO_REF:0000107,GO:0050870,positive regulation of T cell activation,4,Compara
IEA,GO_REF:0000107,GO:0050927,positive regulation of positive chemotaxis,4,Compara
IEA,GO_REF:0000107,GO:0051152,positive regulation of smooth muscle cell differentiation,4,Compara
IEA,GO_REF:0000107,GO:0051388,positive regulation of neurotrophin TRK receptor signaling pathway,4,Compara
IEA,GO_REF:0000107,GO:0016301,kinase activity,4,Compara
IEA,GO_REF:0000107,GO:0014047,glutamate secretion,4,Compara
IEA,GO_REF:0000107,GO:0003725,double-stranded RNA binding,4,Compara
IEA,GO_REF:0000107,GO:0006290,pyrimidine dimer repair,4,Compara
IEA,GO_REF:0000107,GO:0006913,nucleocytoplasmic transport,4,Compara
IEA,GO_REF:0000107,GO:0007379,segment specification,4,Compara
IEA,GO_REF:0000107,GO:0007548,sex differentiation,4,Compara
IEA,GO_REF:0000107,GO:0060033,anatomical structure regression,4,Compara
IEA,GO_REF:0000107,GO:0009744,response to sucrose,4,Compara
IEA,GO_REF:0000107,GO:1901300,positive regulation of hydrogen peroxide-mediated programmed cell death,4,Compara
IEA,GO_REF:0000107,GO:1901525,negative regulation of mitophagy,4,Compara
IEA,GO_REF:0000107,GO:0032402,melanosome transport,4,Compara
IEA,GO_REF:0000107,GO:0021696,cerebellar cortex morphogenesis,4,Compara
IEA,GO_REF:0000107,GO:0030332,cyclin binding,4,Compara
IEA,GO_REF:0000107,GO:0032808,lacrimal gland development,4,Compara
IEA,GO_REF:0000107,GO:0032809,neuronal cell body membrane,4,Compara
IEA,GO_REF:0000107,GO:0072086,specification of loop of Henle identity,4,Compara
IEA,GO_REF:0000107,GO:0051971,positive regulation of transmission of nerve impulse,4,Compara
IEA,GO_REF:0000107,GO:0051970,negative regulation of transmission of nerve impulse,4,Compara
IEA,GO_REF:0000107,GO:0033363,secretory granule organization,4,Compara
IEA,GO_REF:0000107,GO:0140416,transcription regulator inhibitor activity,4,Compara
IEA,GO_REF:0000107,GO:0060413,atrial septum morphogenesis,4,Compara
IEA,GO_REF:0000107,GO:0050995,negative regulation of lipid catabolic process,4,Compara
IEA,GO_REF:0000107,GO:0050951,sensory perception of temperature stimulus,4,Compara
IEA,GO_REF:0000107,GO:0000303,response to superoxide,4,Compara
IEA,GO_REF:0000107,GO:0001921,positive regulation of receptor recycling,4,Compara
IEA,GO_REF:0000107,GO:0002028,regulation of sodium ion transport,4,Compara
IEA,GO_REF:0000107,GO:0090119,vesicle-mediated cholesterol transport,4,Compara
IEA,GO_REF:0000107,GO:0090188,negative regulation of pancreatic juice secretion,4,Compara
IEA,GO_REF:0000107,GO:0097186,amelogenesis,4,Compara
IEA,GO_REF:0000107,GO:0044027,negative regulation of gene expression via chromosomal CpG island methylation,4,Compara
IEA,GO_REF:0000107,GO:0044691,tooth eruption,4,Compara
IEA,GO_REF:0000107,GO:2000036,regulation of stem cell population maintenance,4,Compara
IEA,GO_REF:0000107,GO:0048513,animal organ development,4,Compara
IEA,GO_REF:0000107,GO:0050881,musculoskeletal movement,4,Compara
IEA,GO_REF:0000107,GO:0050776,regulation of immune response,4,Compara
IEA,GO_REF:0000107,GO:0051451,myoblast migration,4,Compara
IEA,GO_REF:0000107,GO:0060080,inhibitory postsynaptic potential,4,Compara
IEA,GO_REF:0000107,GO:0060137,maternal process involved in parturition,4,Compara
IEA,GO_REF:0000107,GO:0045505,dynein intermediate chain binding,4,Compara
IEA,GO_REF:0000107,GO:0046425,regulation of receptor signaling pathway via JAK-STAT,4,Compara
IEA,GO_REF:0000107,GO:0061061,muscle structure development,4,Compara
IEA,GO_REF:0000107,GO:0061299,retina vasculature morphogenesis in camera-type eye,4,Compara
IEA,GO_REF:0000107,GO:0003198,epithelial to mesenchymal transition involved in endocardial cushion formation,4,Compara
IEA,GO_REF:0000107,GO:1905091,positive regulation of type 2 mitophagy,4,Compara
IEA,GO_REF:0000107,GO:0015026,coreceptor activity,4,Compara
IEA,GO_REF:0000107,GO:0120212,sperm head-tail coupling apparatus,4,Compara
IEA,GO_REF:0000107,GO:0014834,skeletal muscle satellite cell maintenance involved in skeletal muscle regeneration,4,Compara
IEA,GO_REF:0000107,GO:1903546,protein localization to photoreceptor outer segment,4,Compara
IEA,GO_REF:0000107,GO:0006805,xenobiotic metabolic process,4,Compara
IEA,GO_REF:0000107,GO:0006900,vesicle budding from membrane,4,Compara
IEA,GO_REF:0000107,GO:0008343,adult feeding behavior,4,Compara
IEA,GO_REF:0000107,GO:0048597,post-embryonic camera-type eye morphogenesis,4,Compara
IEA,GO_REF:0000107,GO:0031941,filamentous actin,4,Compara
IEA,GO_REF:0000107,GO:0021860,pyramidal neuron development,4,Compara
IEA,GO_REF:0000107,GO:0033299,secretion of lysosomal enzymes,4,Compara
IEA,GO_REF:0000107,GO:0034355,NAD+ biosynthetic process via the salvage pathway,4,Compara
IEA,GO_REF:0000107,GO:0035812,renal sodium excretion,4,Compara
IEA,GO_REF:0000107,GO:2000255,negative regulation of male germ cell proliferation,4,Compara
IEA,GO_REF:0000107,GO:0001520,outer dense fiber,4,Compara
IEA,GO_REF:0000107,GO:0001667,ameboidal-type cell migration,4,Compara
IEA,GO_REF:0000107,GO:0090557,establishment of endothelial intestinal barrier,4,Compara
IEA,GO_REF:0000107,GO:0048859,formation of anatomical boundary,4,Compara
IEA,GO_REF:0000107,GO:0001842,neural fold formation,4,Compara
IEA,GO_REF:0000107,GO:0044342,type B pancreatic cell proliferation,4,Compara
IEA,GO_REF:0000107,GO:0045607,regulation of inner ear auditory receptor cell differentiation,4,Compara
IEA,GO_REF:0000107,GO:0043130,ubiquitin binding,4,Compara
IEA,GO_REF:0000107,GO:0045296,cadherin binding,4,Compara
IEA,GO_REF:0000107,GO:0043267,negative regulation of potassium ion transport,4,Compara
IEA,GO_REF:0000107,GO:0045595,regulation of cell differentiation,4,Compara
IEA,GO_REF:0000107,GO:0048484,enteric nervous system development,4,Compara
IEA,GO_REF:0000107,GO:0045861,negative regulation of proteolysis,4,Compara
IEA,GO_REF:0000107,GO:1990226,histone methyltransferase binding,4,Compara
IEA,GO_REF:0000107,GO:2000147,positive regulation of cell motility,4,Compara
IEA,GO_REF:0000107,GO:2001256,regulation of store-operated calcium entry,4,Compara
IEA,GO_REF:0000107,GO:0046651,lymphocyte proliferation,4,Compara
IEA,GO_REF:0000107,GO:0043015,gamma-tubulin binding,4,Compara
IEA,GO_REF:0000107,GO:0051901,positive regulation of mitochondrial depolarization,4,Compara
IEA,GO_REF:0000107,GO:0046959,habituation,4,Compara
IEA,GO_REF:0000107,GO:0060235,lens induction in camera-type eye,4,Compara
IEA,GO_REF:0000107,GO:0043034,costamere,4,Compara
IEA,GO_REF:0000107,GO:0060501,positive regulation of epithelial cell proliferation involved in lung morphogenesis,4,Compara
IEA,GO_REF:0000107,GO:0060718,chorionic trophoblast cell differentiation,4,Compara
IEA,GO_REF:0000107,GO:1904417,positive regulation of xenophagy,4,Compara
IEA,GO_REF:0000107,GO:0042470,melanosome,4,Compara
IEA,GO_REF:0000107,GO:2000647,negative regulation of stem cell proliferation,4,Compara
IEA,GO_REF:0000107,GO:0010524,positive regulation of calcium ion transport into cytosol,4,Compara
IEA,GO_REF:0000107,GO:0010954,positive regulation of protein processing,4,Compara
IEA,GO_REF:0000107,GO:0014841,skeletal muscle satellite cell proliferation,4,Compara
IEA,GO_REF:0000107,GO:1903829,positive regulation of protein localization,4,Compara
IEA,GO_REF:0000107,GO:0006487,protein N-linked glycosylation,4,Compara
IEA,GO_REF:0000107,GO:0090150,establishment of protein localization to membrane,4,Compara
IEA,GO_REF:0000107,GO:0008277,regulation of G protein-coupled receptor signaling pathway,4,Compara
IEA,GO_REF:0000107,GO:0007284,spermatogonial cell division,4,Compara
IEA,GO_REF:0000107,GO:0030432,peristalsis,4,Compara
IEA,GO_REF:0000107,GO:0030502,negative regulation of bone mineralization,4,Compara
IEA,GO_REF:0000107,GO:1903861,positive regulation of dendrite extension,4,Compara
IEA,GO_REF:0000107,GO:0032266,phosphatidylinositol-3-phosphate binding,4,Compara
IEA,GO_REF:0000107,GO:0046426,negative regulation of receptor signaling pathway via JAK-STAT,4,Compara
IEA,GO_REF:0000107,GO:0071470,cellular response to osmotic stress,4,Compara
IEA,GO_REF:0000107,GO:0036005,response to macrophage colony-stimulating factor,4,Compara
IEA,GO_REF:0000107,GO:0036033,mediator complex binding,4,Compara
IEA,GO_REF:0000107,GO:0141196,transposable element silencing by piRNA-mediated DNA methylation,4,Compara
IEA,GO_REF:0000107,GO:0000038,very long-chain fatty acid metabolic process,4,Compara
IEA,GO_REF:0000107,GO:0097368,establishment of Sertoli cell barrier,4,Compara
IEA,GO_REF:0000107,GO:0001768,establishment of T cell polarity,4,Compara
IEA,GO_REF:0000107,GO:0002669,positive regulation of T cell anergy,4,Compara
IEA,GO_REF:0000107,GO:0090307,mitotic spindle assembly,4,Compara
IEA,GO_REF:0000107,GO:0120222,regulation of blastocyst development,4,Compara
IEA,GO_REF:0000107,GO:0043236,laminin binding,4,Compara
IEA,GO_REF:0000107,GO:0043457,regulation of cellular respiration,4,Compara
IEA,GO_REF:0000107,GO:0045663,positive regulation of myoblast differentiation,4,Compara
IEA,GO_REF:0000107,GO:0035900,response to isolation stress,4,Compara
IEA,GO_REF:0000107,GO:0045792,negative regulation of cell size,4,Compara
IEA,GO_REF:0000107,GO:0048251,elastic fiber assembly,4,Compara
IEA,GO_REF:0000107,GO:0035733,hepatic stellate cell activation,4,Compara
IEA,GO_REF:0000107,GO:0001784,phosphotyrosine residue binding,4,Compara
IEA,GO_REF:0000107,GO:0034349,glial cell apoptotic process,4,Compara
IEA,GO_REF:0000107,GO:0035095,behavioral response to nicotine,4,Compara
IEA,GO_REF:0000107,GO:0051721,protein phosphatase 2A binding,4,Compara
IEA,GO_REF:0000107,GO:0072592,oxygen metabolic process,4,Compara
IEA,GO_REF:0000107,GO:0060018,astrocyte fate commitment,4,Compara
IEA,GO_REF:0000107,GO:0016322,neuron remodeling,4,Compara
IEA,GO_REF:0000107,GO:0010765,positive regulation of sodium ion transport,4,Compara
IEA,GO_REF:0000107,GO:0016101,diterpenoid metabolic process,4,Compara
IEA,GO_REF:0000107,GO:1903053,regulation of extracellular matrix organization,4,Compara
IEA,GO_REF:0000107,GO:0070242,thymocyte apoptotic process,4,Compara
IEA,GO_REF:0000107,GO:0042428,serotonin metabolic process,4,Compara
IEA,GO_REF:0000107,GO:0032481,positive regulation of type I interferon production,4,Compara
IEA,GO_REF:0000107,GO:0030595,leukocyte chemotaxis,4,Compara
IEA,GO_REF:0000107,GO:0032816,positive regulation of natural killer cell activation,4,Compara
IEA,GO_REF:0000107,GO:0071223,cellular response to lipoteichoic acid,4,Compara
IEA,GO_REF:0000107,GO:0071397,cellular response to cholesterol,4,Compara
IEA,GO_REF:0000107,GO:0071404,cellular response to low-density lipoprotein particle stimulus,4,Compara
IEA,GO_REF:0000107,GO:0034612,response to tumor necrosis factor,4,Compara
IEA,GO_REF:0000107,GO:0042288,MHC class I protein binding,4,Compara
IEA,GO_REF:0000107,GO:0034122,negative regulation of toll-like receptor signaling pathway,4,Compara
IEA,GO_REF:0000107,GO:0031122,cytoplasmic microtubule organization,4,Compara
IEA,GO_REF:0000107,GO:0006260,DNA replication,4,Compara
IEA,GO_REF:0000107,GO:0030382,sperm mitochondrion organization,4,Compara
IEA,GO_REF:0000107,GO:0040037,negative regulation of fibroblast growth factor receptor signaling pathway,4,Compara
IEA,GO_REF:0000107,GO:0000724,double-strand break repair via homologous recombination,4,Compara
IEA,GO_REF:0000107,GO:0001940,male pronucleus,4,Compara
IEA,GO_REF:0000107,GO:0090181,regulation of cholesterol metabolic process,4,Compara
IEA,GO_REF:0000107,GO:0022408,negative regulation of cell-cell adhesion,4,Compara
IEA,GO_REF:0000107,GO:0021540,corpus callosum morphogenesis,4,Compara
IEA,GO_REF:0000107,GO:0045608,negative regulation of inner ear auditory receptor cell differentiation,4,Compara
IEA,GO_REF:0000107,GO:0045760,positive regulation of action potential,4,Compara
IEA,GO_REF:0000107,GO:0045921,positive regulation of exocytosis,4,Compara
IEA,GO_REF:0000107,GO:1990416,cellular response to brain-derived neurotrophic factor stimulus,4,Compara
IEA,GO_REF:0000107,GO:1990418,response to insulin-like growth factor stimulus,4,Compara
IEA,GO_REF:0000107,GO:1990446,U1 snRNP binding,4,Compara
IEA,GO_REF:0000107,GO:0048268,clathrin coat assembly,4,Compara
IEA,GO_REF:0000107,GO:0043117,positive regulation of vascular permeability,4,Compara
IEA,GO_REF:0000107,GO:0097193,intrinsic apoptotic signaling pathway,4,Compara
IEA,GO_REF:0000107,GO:0050882,voluntary musculoskeletal movement,4,Compara
IEA,GO_REF:0000107,GO:0060259,regulation of feeding behavior,4,Compara
IEA,GO_REF:0000107,GO:0060442,branching involved in prostate gland morphogenesis,4,Compara
IEA,GO_REF:0000107,GO:0060571,morphogenesis of an epithelial fold,4,Compara
IEA,GO_REF:0000107,GO:1904539,negative regulation of glycolytic process through fructose-6-phosphate,4,Compara
IEA,GO_REF:0000107,GO:1904772,response to tetrachloromethane,4,Compara
IEA,GO_REF:0000107,GO:0017015,regulation of transforming growth factor beta receptor signaling pathway,4,Compara
IEA,GO_REF:0000107,GO:0016234,inclusion body,4,Compara
IEA,GO_REF:0000107,GO:1902857,positive regulation of non-motile cilium assembly,4,Compara
IEA,GO_REF:0000107,GO:0008046,axon guidance receptor activity,4,Compara
IEA,GO_REF:0000107,GO:0009620,response to fungus,4,Compara
IEA,GO_REF:0000107,GO:0098868,bone growth,4,Compara
IEA,GO_REF:0000107,GO:0032289,central nervous system myelin formation,4,Compara
IEA,GO_REF:0000107,GO:0070244,negative regulation of thymocyte apoptotic process,4,Compara
IEA,GO_REF:0000107,GO:0071313,cellular response to caffeine,4,Compara
IEA,GO_REF:0000107,GO:0071529,cementum mineralization,4,Compara
IEA,GO_REF:0000107,GO:0072126,positive regulation of glomerular mesangial cell proliferation,4,Compara
IEA,GO_REF:0000107,GO:0006282,regulation of DNA repair,4,Compara
IEA,GO_REF:0000107,GO:0002026,regulation of the force of heart contraction,4,Compara
IEA,GO_REF:0000107,GO:0014706,striated muscle tissue development,4,Compara
IEA,GO_REF:0000107,GO:0033198,response to ATP,4,Compara
IEA,GO_REF:0000107,GO:0002532,production of molecular mediator involved in inflammatory response,4,Compara
IEA,GO_REF:0000107,GO:0010878,cholesterol storage,4,Compara
IEA,GO_REF:0000107,GO:0010595,positive regulation of endothelial cell migration,4,Compara
IEA,GO_REF:0000107,GO:0045581,negative regulation of T cell differentiation,4,Compara
IEA,GO_REF:0000107,GO:0015909,long-chain fatty acid transport,4,Compara
IEA,GO_REF:0000107,GO:2000406,positive regulation of T cell migration,4,Compara
IEA,GO_REF:0000107,GO:2000573,positive regulation of DNA biosynthetic process,4,Compara
IEA,GO_REF:0000107,GO:2000676,positive regulation of type B pancreatic cell apoptotic process,4,Compara
IEA,GO_REF:0000107,GO:2000772,regulation of cellular senescence,4,Compara
IEA,GO_REF:0000107,GO:0015908,fatty acid transport,4,Compara
IEA,GO_REF:0000107,GO:0050917,sensory perception of umami taste,4,Compara
IEA,GO_REF:0000107,GO:0060272,embryonic skeletal joint morphogenesis,4,Compara
IEA,GO_REF:0000107,GO:0060317,cardiac epithelial to mesenchymal transition,4,Compara
IEA,GO_REF:0000107,GO:0060534,trachea cartilage development,4,Compara
IEA,GO_REF:0000107,GO:0060745,mammary gland branching involved in pregnancy,4,Compara
IEA,GO_REF:0000107,GO:0003091,renal water homeostasis,4,Compara
IEA,GO_REF:0000107,GO:1904637,cellular response to ionomycin,4,Compara
IEA,GO_REF:0000107,GO:0010470,regulation of gastrulation,4,Compara
IEA,GO_REF:0000107,GO:0006249,dCMP catabolic process,4,Compara
IEA,GO_REF:0000107,GO:0006612,protein targeting to membrane,4,Compara
IEA,GO_REF:0000107,GO:0008298,intracellular mRNA localization,4,Compara
IEA,GO_REF:0000107,GO:1901355,response to rapamycin,4,Compara
IEA,GO_REF:0000107,GO:1902732,positive regulation of chondrocyte proliferation,4,Compara
IEA,GO_REF:0000107,GO:0007259,cell surface receptor signaling pathway via JAK-STAT,4,Compara
IEA,GO_REF:0000107,GO:0030485,smooth muscle contractile fiber,4,Compara
IEA,GO_REF:0000107,GO:0030501,positive regulation of bone mineralization,4,Compara
IEA,GO_REF:0000107,GO:0061038,uterus morphogenesis,4,Compara
IEA,GO_REF:0000107,GO:0032728,positive regulation of interferon-beta production,4,Compara
IEA,GO_REF:0000107,GO:0032914,positive regulation of transforming growth factor beta1 production,4,Compara
IEA,GO_REF:0000107,GO:0034765,regulation of monoatomic ion transmembrane transport,4,Compara
IEA,GO_REF:0000107,GO:0035092,sperm DNA condensation,4,Compara
IEA,GO_REF:0000107,GO:0035725,sodium ion transmembrane transport,4,Compara
IEA,GO_REF:0000107,GO:0036312,phosphatidylinositol 3-kinase regulatory subunit binding,4,Compara
IEA,GO_REF:0000107,GO:0038061,non-canonical NF-kappaB signal transduction,4,Compara
IEA,GO_REF:0000107,GO:0097294,'de novo' XMP biosynthetic process,4,Compara
IEA,GO_REF:0000107,GO:0097084,vascular associated smooth muscle cell development,4,Compara
IEA,GO_REF:0000107,GO:0002003,angiotensin maturation,4,Compara
IEA,GO_REF:0000107,GO:0002553,histamine secretion by mast cell,4,Compara
IEA,GO_REF:0000107,GO:0090207,regulation of triglyceride metabolic process,4,Compara
IEA,GO_REF:0000107,GO:0090399,replicative senescence,4,Compara
IEA,GO_REF:0000107,GO:0097492,sympathetic neuron axon guidance,4,Compara
IEA,GO_REF:0000107,GO:0042393,histone binding,4,Compara
IEA,GO_REF:0000107,GO:0045956,positive regulation of calcium ion-dependent exocytosis,4,Compara
IEA,GO_REF:0000107,GO:0046007,negative regulation of activated T cell proliferation,4,Compara
IEA,GO_REF:0000107,GO:0046597,host-mediated suppression of symbiont invasion,4,Compara
IEA,GO_REF:0000107,GO:0060056,mammary gland involution,4,Compara
IEA,GO_REF:0000107,GO:0051968,"positive regulation of synaptic transmission, glutamatergic",4,Compara
IEA,GO_REF:0000107,GO:0051597,response to methylmercury,4,Compara
IEA,GO_REF:0000107,GO:0048808,male genitalia morphogenesis,4,Compara
IEA,GO_REF:0000107,GO:0001094,TFIID-class transcription factor complex binding,4,Compara
IEA,GO_REF:0000107,GO:0060221,retinal rod cell differentiation,4,Compara
IEA,GO_REF:0000107,GO:0050774,negative regulation of dendrite morphogenesis,4,Compara
IEA,GO_REF:0000107,GO:0002925,positive regulation of humoral immune response mediated by circulating immunoglobulin,4,Compara
IEA,GO_REF:0000107,GO:0055012,ventricular cardiac muscle cell differentiation,4,Compara
IEA,GO_REF:0000107,GO:0160040,mitocytosis,4,Compara
IEA,GO_REF:0000107,GO:0010764,negative regulation of fibroblast migration,4,Compara
IEA,GO_REF:0000107,GO:0019433,triglyceride catabolic process,4,Compara
IEA,GO_REF:0000107,GO:1904322,cellular response to forskolin,4,Compara
IEA,GO_REF:0000107,GO:0046632,alpha-beta T cell differentiation,4,Compara
IEA,GO_REF:0000107,GO:0048026,"positive regulation of mRNA splicing, via spliceosome",4,Compara
IEA,GO_REF:0000107,GO:0007406,negative regulation of neuroblast proliferation,4,Compara
IEA,GO_REF:0000107,GO:0030300,regulation of intestinal cholesterol absorption,4,Compara
IEA,GO_REF:0000107,GO:2000059,negative regulation of ubiquitin-dependent protein catabolic process,4,Compara
IEA,GO_REF:0000107,GO:0070384,Harderian gland development,4,Compara
IEA,GO_REF:0000107,GO:0071236,cellular response to antibiotic,4,Compara
IEA,GO_REF:0000107,GO:0071318,cellular response to ATP,4,Compara
IEA,GO_REF:0000107,GO:0086100,endothelin receptor signaling pathway,4,Compara
IEA,GO_REF:0000107,GO:0045926,negative regulation of growth,4,Compara
IEA,GO_REF:0000107,GO:0033081,regulation of T cell differentiation in thymus,4,Compara
IEA,GO_REF:0000107,GO:0033686,positive regulation of luteinizing hormone secretion,4,Compara
IEA,GO_REF:0000107,GO:0045687,positive regulation of glial cell differentiation,4,Compara
IEA,GO_REF:0000107,GO:0031424,keratinization,4,Compara
IEA,GO_REF:0000107,GO:0140742,lncRNA transcription,4,Compara
IEA,GO_REF:0000107,GO:0140991,piRNA-mediated gene silencing by mRNA destabilization,4,Compara
IEA,GO_REF:0000107,GO:0002467,germinal center formation,4,Compara
IEA,GO_REF:0000107,GO:0090650,cellular response to oxygen-glucose deprivation,4,Compara
IEA,GO_REF:0000107,GO:0098871,postsynaptic actin cytoskeleton,4,Compara
IEA,GO_REF:0000107,GO:0099558,maintenance of synapse structure,4,Compara
IEA,GO_REF:0000107,GO:0099572,postsynaptic specialization,4,Compara
IEA,GO_REF:0000107,GO:0042554,superoxide anion generation,4,Compara
IEA,GO_REF:0000107,GO:0045930,negative regulation of mitotic cell cycle,4,Compara
IEA,GO_REF:0000107,GO:0043208,glycosphingolipid binding,4,Compara
IEA,GO_REF:0000107,GO:0046890,regulation of lipid biosynthetic process,4,Compara
IEA,GO_REF:0000107,GO:0000398,"mRNA splicing, via spliceosome",4,Compara
IEA,GO_REF:0000107,GO:0042713,sperm ejaculation,4,Compara
IEA,GO_REF:0000107,GO:0048048,embryonic eye morphogenesis,4,Compara
IEA,GO_REF:0000107,GO:0050733,RS domain binding,4,Compara
IEA,GO_REF:0000107,GO:0050862,positive regulation of T cell receptor signaling pathway,4,Compara
IEA,GO_REF:0000107,GO:0051246,regulation of protein metabolic process,4,Compara
IEA,GO_REF:0000107,GO:0060541,respiratory system development,4,Compara
IEA,GO_REF:0000107,GO:0061303,cornea development in camera-type eye,4,Compara
IEA,GO_REF:0000107,GO:0033270,paranode region of axon,4,Compara
IEA,GO_REF:0000107,GO:0009967,positive regulation of signal transduction,4,Compara
IEA,GO_REF:0000107,GO:0009755,hormone-mediated signaling pathway,4,Compara
IEA,GO_REF:0000107,GO:0008047,enzyme activator activity,4,Compara
IEA,GO_REF:0000107,GO:0006885,regulation of pH,4,Compara
IEA,GO_REF:0000107,GO:0007157,heterophilic cell-cell adhesion via plasma membrane cell adhesion molecules,4,Compara
IEA,GO_REF:0000107,GO:1902108,regulation of mitochondrial membrane permeability involved in apoptotic process,4,Compara
IEA,GO_REF:0000107,GO:1902140,response to inositol,4,Compara
IEA,GO_REF:0000107,GO:0030137,COPI-coated vesicle,4,Compara
IEA,GO_REF:0000107,GO:0030917,midbrain-hindbrain boundary development,4,Compara
IEA,GO_REF:0000107,GO:0031929,TOR signaling,4,Compara
IEA,GO_REF:0000107,GO:0030516,regulation of axon extension,4,Compara
IEA,GO_REF:0000107,GO:0071447,cellular response to hydroperoxide,4,Compara
IEA,GO_REF:0000107,GO:0098930,axonal transport,4,Compara
IEA,GO_REF:0000107,GO:0098842,postsynaptic early endosome,4,Compara
IEA,GO_REF:0000107,GO:0034405,response to fluid shear stress,4,Compara
IEA,GO_REF:0000107,GO:0036022,limb joint morphogenesis,4,Compara
IEA,GO_REF:0000107,GO:0036035,osteoclast development,4,Compara
IEA,GO_REF:0000107,GO:0097719,neural tissue regeneration,4,Compara
IEA,GO_REF:0000107,GO:0001826,inner cell mass cell differentiation,4,Compara
IEA,GO_REF:0000107,GO:0001885,endothelial cell development,4,Compara
IEA,GO_REF:0000107,GO:0072014,proximal tubule development,4,Compara
IEA,GO_REF:0000107,GO:0006302,double-strand break repair,4,Compara
IEA,GO_REF:0000107,GO:0090175,regulation of establishment of planar polarity,4,Compara
IEA,GO_REF:0000107,GO:0002046,opsin binding,4,Compara
IEA,GO_REF:0000107,GO:0042088,T-helper 1 type immune response,4,Compara
IEA,GO_REF:0000107,GO:0042327,positive regulation of phosphorylation,4,Compara
IEA,GO_REF:0000107,GO:0001916,positive regulation of T cell mediated cytotoxicity,4,Compara
IEA,GO_REF:0000107,GO:0046541,saliva secretion,4,Compara
IEA,GO_REF:0000107,GO:1990635,proximal dendrite,4,Compara
IEA,GO_REF:0000107,GO:0048246,macrophage chemotaxis,4,Compara
IEA,GO_REF:0000107,GO:0048298,positive regulation of isotype switching to IgA isotypes,4,Compara
IEA,GO_REF:0000107,GO:0061626,pharyngeal arch artery morphogenesis,4,Compara
IEA,GO_REF:0000107,GO:0050650,chondroitin sulfate proteoglycan biosynthetic process,4,Compara
IEA,GO_REF:0000107,GO:0051151,negative regulation of smooth muscle cell differentiation,4,Compara
IEA,GO_REF:0000107,GO:0051393,alpha-actinin binding,4,Compara
IEA,GO_REF:0000107,GO:0060087,relaxation of vascular associated smooth muscle,4,Compara
IEA,GO_REF:0000107,GO:0060706,cell differentiation involved in embryonic placenta development,4,Compara
IEA,GO_REF:0000107,GO:0061136,regulation of proteasomal protein catabolic process,4,Compara
IEA,GO_REF:0000107,GO:0140059,dendrite arborization,4,Compara
IEA,GO_REF:0000107,GO:0099091,"postsynaptic specialization, intracellular component",4,Compara
IEA,GO_REF:0000107,GO:0098773,skin epidermis development,4,Compara
IEA,GO_REF:0000107,GO:0071242,cellular response to ammonium ion,4,Compara
IEA,GO_REF:0000107,GO:0051321,meiotic cell cycle,4,Compara
IEA,GO_REF:0000107,GO:1900408,negative regulation of cellular response to oxidative stress,4,Compara
IEA,GO_REF:0000107,GO:1905746,"positive regulation of mRNA cis splicing, via spliceosome",4,Compara
IEA,GO_REF:0000107,GO:1903076,regulation of protein localization to plasma membrane,4,Compara
IEA,GO_REF:0000107,GO:1904010,response to Aroclor 1254,4,Compara
IEA,GO_REF:0000107,GO:0038127,ERBB signaling pathway,4,Compara
IEA,GO_REF:0000107,GO:0008211,glucocorticoid metabolic process,4,Compara
IEA,GO_REF:0000107,GO:0009650,UV protection,4,Compara
IEA,GO_REF:0000107,GO:0032703,negative regulation of interleukin-2 production,4,Compara
IEA,GO_REF:0000107,GO:1901796,regulation of signal transduction by p53 class mediator,4,Compara
IEA,GO_REF:0000107,GO:0019852,L-ascorbic acid metabolic process,4,Compara
IEA,GO_REF:0000107,GO:0021797,forebrain anterior/posterior pattern specification,4,Compara
IEA,GO_REF:0000107,GO:0021859,pyramidal neuron differentiation,4,Compara
IEA,GO_REF:0000107,GO:0021952,central nervous system projection neuron axonogenesis,4,Compara
IEA,GO_REF:0000107,GO:0033630,positive regulation of cell adhesion mediated by integrin,4,Compara
IEA,GO_REF:0000107,GO:0072091,regulation of stem cell proliferation,4,Compara
IEA,GO_REF:0000107,GO:0036293,response to decreased oxygen levels,4,Compara
IEA,GO_REF:0000107,GO:0001706,endoderm formation,4,Compara
IEA,GO_REF:0000107,GO:0001547,antral ovarian follicle growth,4,Compara
IEA,GO_REF:0000107,GO:0001966,thigmotaxis,4,Compara
IEA,GO_REF:0000107,GO:0098815,modulation of excitatory postsynaptic potential,4,Compara
IEA,GO_REF:0000107,GO:0044292,dendrite terminus,4,Compara
IEA,GO_REF:0000107,GO:0042073,intraciliary transport,4,Compara
IEA,GO_REF:0000107,GO:0045667,regulation of osteoblast differentiation,4,Compara
IEA,GO_REF:0000107,GO:0030643,intracellular phosphate ion homeostasis,4,Compara
IEA,GO_REF:0000107,GO:0098944,postsynaptic recycling endosome membrane,4,Compara
IEA,GO_REF:0000107,GO:0051492,regulation of stress fiber assembly,4,Compara
IEA,GO_REF:0000107,GO:0060426,lung vasculature development,4,Compara
IEA,GO_REF:0000107,GO:0060982,coronary artery morphogenesis,4,Compara
IEA,GO_REF:0000107,GO:0002934,desmosome organization,4,Compara
IEA,GO_REF:0000107,GO:0003283,atrial septum development,4,Compara
IEA,GO_REF:0000107,GO:0010447,response to acidic pH,4,Compara
IEA,GO_REF:0000107,GO:0070372,regulation of ERK1 and ERK2 cascade,4,Compara
IEA,GO_REF:0000107,GO:0010586,miRNA metabolic process,4,Compara
IEA,GO_REF:0000107,GO:0010592,positive regulation of lamellipodium assembly,4,Compara
IEA,GO_REF:0000107,GO:1903238,positive regulation of leukocyte tethering or rolling,4,Compara
IEA,GO_REF:0000107,GO:1904000,positive regulation of eating behavior,4,Compara
IEA,GO_REF:0000107,GO:0005681,spliceosomal complex,4,Compara
IEA,GO_REF:0000107,GO:0007249,canonical NF-kappaB signal transduction,4,Compara
IEA,GO_REF:0000107,GO:0007296,vitellogenesis,4,Compara
IEA,GO_REF:0000107,GO:0009229,thiamine diphosphate biosynthetic process,4,Compara
IEA,GO_REF:0000107,GO:0010038,response to metal ion,4,Compara
IEA,GO_REF:0000107,GO:1901379,regulation of potassium ion transmembrane transport,4,Compara
IEA,GO_REF:0000107,GO:1902231,positive regulation of intrinsic apoptotic signaling pathway in response to DNA damage,4,Compara
IEA,GO_REF:0000107,GO:0061975,articular cartilage development,4,Compara
IEA,GO_REF:0000107,GO:0002438,acute inflammatory response to antigenic stimulus,3,Compara
IEA,GO_REF:0000107,GO:0097374,sensory neuron axon guidance,3,Compara
IEA,GO_REF:0000107,GO:0001946,lymphangiogenesis,3,Compara
IEA,GO_REF:0000107,GO:0002051,osteoblast fate commitment,3,Compara
IEA,GO_REF:0000107,GO:0002730,regulation of dendritic cell cytokine production,3,Compara
IEA,GO_REF:0000107,GO:0090306,meiotic spindle assembly,3,Compara
IEA,GO_REF:0000107,GO:0097499,protein localization to non-motile cilium,3,Compara
IEA,GO_REF:0000107,GO:0120338,radial spoke head 3,3,Compara
IEA,GO_REF:0000107,GO:0042592,homeostatic process,3,Compara
IEA,GO_REF:0000107,GO:0043068,positive regulation of programmed cell death,3,Compara
IEA,GO_REF:0000107,GO:0043687,post-translational protein modification,3,Compara
IEA,GO_REF:0000107,GO:0019369,arachidonate metabolic process,3,Compara
IEA,GO_REF:0000107,GO:0045132,meiotic chromosome segregation,3,Compara
IEA,GO_REF:0000107,GO:0031369,translation initiation factor binding,3,Compara
IEA,GO_REF:0000107,GO:1990079,cartilage homeostasis,3,Compara
IEA,GO_REF:0000107,GO:2000320,negative regulation of T-helper 17 cell differentiation,3,Compara
IEA,GO_REF:0000107,GO:2001206,positive regulation of osteoclast development,3,Compara
IEA,GO_REF:0000107,GO:0048066,developmental pigmentation,3,Compara
IEA,GO_REF:0000107,GO:0048105,establishment of body hair planar orientation,3,Compara
IEA,GO_REF:0000107,GO:0048730,epidermis morphogenesis,3,Compara
IEA,GO_REF:0000107,GO:0061591,calcium activated galactosylceramide scrambling,3,Compara
IEA,GO_REF:0000107,GO:0050891,multicellular organismal-level water homeostasis,3,Compara
IEA,GO_REF:0000107,GO:0050960,detection of temperature stimulus involved in thermoception,3,Compara
IEA,GO_REF:0000107,GO:0051154,negative regulation of striated muscle cell differentiation,3,Compara
IEA,GO_REF:0000107,GO:0051155,positive regulation of striated muscle cell differentiation,3,Compara
IEA,GO_REF:0000107,GO:0051491,positive regulation of filopodium assembly,3,Compara
IEA,GO_REF:0000107,GO:0060043,regulation of cardiac muscle cell proliferation,3,Compara
IEA,GO_REF:0000107,GO:0060364,frontal suture morphogenesis,3,Compara
IEA,GO_REF:0000107,GO:0060623,regulation of chromosome condensation,3,Compara
IEA,GO_REF:0000107,GO:0060916,mesenchymal cell proliferation involved in lung development,3,Compara
IEA,GO_REF:0000107,GO:0003148,outflow tract septum morphogenesis,3,Compara
IEA,GO_REF:0000107,GO:1904975,response to bleomycin,3,Compara
IEA,GO_REF:0000107,GO:0016595,glutamate binding,3,Compara
IEA,GO_REF:0000107,GO:0017075,syntaxin-1 binding,3,Compara
IEA,GO_REF:0000107,GO:1903926,cellular response to bisphenol A,3,Compara
IEA,GO_REF:0000107,GO:1903955,positive regulation of protein targeting to mitochondrion,3,Compara
IEA,GO_REF:0000107,GO:0017025,TBP-class protein binding,3,Compara
IEA,GO_REF:0000107,GO:0033504,floor plate development,3,Compara
IEA,GO_REF:0000107,GO:0006417,regulation of translation,3,Compara
IEA,GO_REF:0000107,GO:0033265,choline binding,3,Compara
IEA,GO_REF:0000107,GO:0006883,intracellular sodium ion homeostasis,3,Compara
IEA,GO_REF:0000107,GO:0035091,phosphatidylinositol binding,3,Compara
IEA,GO_REF:0000107,GO:0033153,T cell receptor V(D)J recombination,3,Compara
IEA,GO_REF:0000107,GO:0008582,regulation of synaptic assembly at neuromuscular junction,3,Compara
IEA,GO_REF:0000107,GO:0010042,response to manganese ion,3,Compara
IEA,GO_REF:0000107,GO:0072144,glomerular mesangial cell development,3,Compara
IEA,GO_REF:0000107,GO:0021747,cochlear nucleus development,3,Compara
IEA,GO_REF:0000107,GO:0030835,negative regulation of actin filament depolymerization,3,Compara
IEA,GO_REF:0000107,GO:0030858,positive regulation of epithelial cell differentiation,3,Compara
IEA,GO_REF:0000107,GO:0070885,negative regulation of calcineurin-NFAT signaling cascade,3,Compara
IEA,GO_REF:0000107,GO:0071459,"protein localization to chromosome, centromeric region",3,Compara
IEA,GO_REF:0000107,GO:0071541,"eukaryotic translation initiation factor 3 complex, eIF3m",3,Compara
IEA,GO_REF:0000107,GO:0071895,odontoblast differentiation,3,Compara
IEA,GO_REF:0000107,GO:0072553,terminal button organization,3,Compara
IEA,GO_REF:0000107,GO:0035240,dopamine binding,3,Compara
IEA,GO_REF:0000107,GO:0035886,vascular associated smooth muscle cell differentiation,3,Compara
IEA,GO_REF:0000107,GO:1903010,regulation of bone development,3,Compara
IEA,GO_REF:0000107,GO:0038135,ERBB2-ERBB4 signaling pathway,3,Compara
IEA,GO_REF:0000107,GO:0150054,regulation of postsynaptic neurotransmitter receptor diffusion trapping,3,Compara
IEA,GO_REF:0000107,GO:0006888,endoplasmic reticulum to Golgi vesicle-mediated transport,3,Compara
IEA,GO_REF:0000107,GO:0002067,glandular epithelial cell differentiation,3,Compara
IEA,GO_REF:0000107,GO:0002224,toll-like receptor signaling pathway,3,Compara
IEA,GO_REF:0000107,GO:0099179,regulation of synaptic membrane adhesion,3,Compara
IEA,GO_REF:0000107,GO:0042631,cellular response to water deprivation,3,Compara
IEA,GO_REF:0000107,GO:0014034,neural crest cell fate commitment,3,Compara
IEA,GO_REF:0000107,GO:0045656,negative regulation of monocyte differentiation,3,Compara
IEA,GO_REF:0000107,GO:0045682,regulation of epidermis development,3,Compara
IEA,GO_REF:0000107,GO:0030521,androgen receptor signaling pathway,3,Compara
IEA,GO_REF:0000107,GO:0046032,ADP catabolic process,3,Compara
IEA,GO_REF:0000107,GO:0046328,regulation of JNK cascade,3,Compara
IEA,GO_REF:0000107,GO:1990089,response to nerve growth factor,3,Compara
IEA,GO_REF:0000107,GO:2000146,negative regulation of cell motility,3,Compara
IEA,GO_REF:0000107,GO:0030510,regulation of BMP signaling pathway,3,Compara
IEA,GO_REF:0000107,GO:2001224,positive regulation of neuron migration,3,Compara
IEA,GO_REF:0000107,GO:0010880,regulation of release of sequestered calcium ion into cytosol by sarcoplasmic reticulum,3,Compara
IEA,GO_REF:0000107,GO:0061684,chaperone-mediated autophagy,3,Compara
IEA,GO_REF:0000107,GO:0050869,negative regulation of B cell activation,3,Compara
IEA,GO_REF:0000107,GO:0050954,sensory perception of mechanical stimulus,3,Compara
IEA,GO_REF:0000107,GO:0051026,chiasma assembly,3,Compara
IEA,GO_REF:0000107,GO:0051250,negative regulation of lymphocyte activation,3,Compara
IEA,GO_REF:0000107,GO:0030203,glycosaminoglycan metabolic process,3,Compara
IEA,GO_REF:0000107,GO:0060428,lung epithelium development,3,Compara
IEA,GO_REF:0000107,GO:0061470,T follicular helper cell differentiation,3,Compara
IEA,GO_REF:0000107,GO:0021543,pallium development,3,Compara
IEA,GO_REF:0000107,GO:0010155,regulation of proton transport,3,Compara
IEA,GO_REF:0000107,GO:0032099,negative regulation of appetite,3,Compara
IEA,GO_REF:0000107,GO:0016081,synaptic vesicle docking,3,Compara
IEA,GO_REF:0000107,GO:0030140,trans-Golgi network transport vesicle,3,Compara
IEA,GO_REF:0000107,GO:0019886,antigen processing and presentation of exogenous peptide antigen via MHC class II,3,Compara
IEA,GO_REF:0000107,GO:0005777,peroxisome,3,Compara
IEA,GO_REF:0000107,GO:1905564,positive regulation of vascular endothelial cell proliferation,3,Compara
IEA,GO_REF:0000107,GO:0010046,response to mycotoxin,3,Compara
IEA,GO_REF:0000107,GO:1902494,catalytic complex,3,Compara
IEA,GO_REF:0000107,GO:0007271,"synaptic transmission, cholinergic",3,Compara
IEA,GO_REF:0000107,GO:0031143,pseudopodium,3,Compara
IEA,GO_REF:0000107,GO:0021529,spinal cord oligodendrocyte cell differentiation,3,Compara
IEA,GO_REF:0000107,GO:0030574,collagen catabolic process,3,Compara
IEA,GO_REF:0000107,GO:0031223,auditory behavior,3,Compara
IEA,GO_REF:0000107,GO:0032494,response to peptidoglycan,3,Compara
IEA,GO_REF:0000107,GO:0070309,lens fiber cell morphogenesis,3,Compara
IEA,GO_REF:0000107,GO:0071287,cellular response to manganese ion,3,Compara
IEA,GO_REF:0000107,GO:0033234,negative regulation of protein sumoylation,3,Compara
IEA,GO_REF:0000107,GO:0000153,cytoplasmic ubiquitin ligase complex,3,Compara
IEA,GO_REF:0000107,GO:0090724,central region of growth cone,3,Compara
IEA,GO_REF:0000107,GO:0098749,cerebellar neuron development,3,Compara
IEA,GO_REF:0000107,GO:0002316,follicular B cell differentiation,3,Compara
IEA,GO_REF:0000107,GO:0090136,epithelial cell-cell adhesion,3,Compara
IEA,GO_REF:0000107,GO:0090151,establishment of protein localization to mitochondrial membrane,3,Compara
IEA,GO_REF:0000107,GO:0090162,establishment of epithelial cell polarity,3,Compara
IEA,GO_REF:0000107,GO:0098894,extrinsic component of presynaptic endocytic zone membrane,3,Compara
IEA,GO_REF:0000107,GO:0003413,chondrocyte differentiation involved in endochondral bone morphogenesis,3,Compara
IEA,GO_REF:0000107,GO:0043276,anoikis,3,Compara
IEA,GO_REF:0000107,GO:0043367,"CD4-positive, alpha-beta T cell differentiation",3,Compara
IEA,GO_REF:0000107,GO:0045591,positive regulation of regulatory T cell differentiation,3,Compara
IEA,GO_REF:0000107,GO:0045899,positive regulation of RNA polymerase II transcription preinitiation complex assembly,3,Compara
IEA,GO_REF:0000107,GO:0046579,positive regulation of Ras protein signal transduction,3,Compara
IEA,GO_REF:0000107,GO:1990910,response to hypobaric hypoxia,3,Compara
IEA,GO_REF:0000107,GO:2000110,negative regulation of macrophage apoptotic process,3,Compara
IEA,GO_REF:0000107,GO:0006107,oxaloacetate metabolic process,3,Compara
IEA,GO_REF:0000107,GO:0005980,glycogen catabolic process,3,Compara
IEA,GO_REF:0000107,GO:0031904,endosome lumen,3,Compara
IEA,GO_REF:0000107,GO:0071897,DNA biosynthetic process,3,Compara
IEA,GO_REF:0000107,GO:0009653,anatomical structure morphogenesis,3,Compara
IEA,GO_REF:0000107,GO:0097352,autophagosome maturation,3,Compara
IEA,GO_REF:0000107,GO:0019843,rRNA binding,3,Compara
IEA,GO_REF:0000107,GO:0048029,monosaccharide binding,3,Compara
IEA,GO_REF:0000107,GO:0048156,tau protein binding,3,Compara
IEA,GO_REF:0000107,GO:0051701,biological process involved in interaction with host,3,Compara
IEA,GO_REF:0000107,GO:0050930,induction of positive chemotaxis,3,Compara
IEA,GO_REF:0000107,GO:0002793,positive regulation of peptide secretion,3,Compara
IEA,GO_REF:0000107,GO:0061308,cardiac neural crest cell development involved in heart development,3,Compara
IEA,GO_REF:0000107,GO:0005149,interleukin-1 receptor binding,3,Compara
IEA,GO_REF:0000107,GO:0003012,muscle system process,3,Compara
IEA,GO_REF:0000107,GO:0003228,atrial cardiac muscle tissue development,3,Compara
IEA,GO_REF:0000107,GO:1904349,positive regulation of small intestine smooth muscle contraction,3,Compara
IEA,GO_REF:0000107,GO:0006639,acylglycerol metabolic process,3,Compara
IEA,GO_REF:0000107,GO:0019230,proprioception,3,Compara
IEA,GO_REF:0000107,GO:0010719,negative regulation of epithelial to mesenchymal transition,3,Compara
IEA,GO_REF:0000107,GO:0006983,ER overload response,3,Compara
IEA,GO_REF:0000107,GO:1902896,terminal web assembly,3,Compara
IEA,GO_REF:0000107,GO:0006362,transcription elongation by RNA polymerase I,3,Compara
IEA,GO_REF:0000107,GO:0006929,substrate-dependent cell migration,3,Compara
IEA,GO_REF:0000107,GO:0050688,regulation of defense response to virus,3,Compara
IEA,GO_REF:0000107,GO:0014854,response to inactivity,3,Compara
IEA,GO_REF:0000107,GO:0007043,cell-cell junction assembly,3,Compara
IEA,GO_REF:0000107,GO:0007215,glutamate receptor signaling pathway,3,Compara
IEA,GO_REF:0000107,GO:0030048,actin filament-based movement,3,Compara
IEA,GO_REF:0000107,GO:0031102,neuron projection regeneration,3,Compara
IEA,GO_REF:0000107,GO:0021523,somatic motor neuron differentiation,3,Compara
IEA,GO_REF:0000107,GO:0021782,glial cell development,3,Compara
IEA,GO_REF:0000107,GO:0021853,cerebral cortex GABAergic interneuron migration,3,Compara
IEA,GO_REF:0000107,GO:0032532,regulation of microvillus length,3,Compara
IEA,GO_REF:0000107,GO:0032795,heterotrimeric G-protein binding,3,Compara
IEA,GO_REF:0000107,GO:0032930,positive regulation of superoxide anion generation,3,Compara
IEA,GO_REF:0000107,GO:0070300,phosphatidic acid binding,3,Compara
IEA,GO_REF:0000107,GO:0071475,cellular hyperosmotic salinity response,3,Compara
IEA,GO_REF:0000107,GO:0072282,metanephric nephron tubule morphogenesis,3,Compara
IEA,GO_REF:0000107,GO:0006878,intracellular copper ion homeostasis,3,Compara
IEA,GO_REF:0000107,GO:0030234,enzyme regulator activity,3,Compara
IEA,GO_REF:0000107,GO:0034244,negative regulation of transcription elongation by RNA polymerase II,3,Compara
IEA,GO_REF:0000107,GO:0035003,subapical complex,3,Compara
IEA,GO_REF:0000107,GO:0035313,"wound healing, spreading of epidermal cells",3,Compara
IEA,GO_REF:0000107,GO:0038026,reelin-mediated signaling pathway,3,Compara
IEA,GO_REF:0000107,GO:0140249,protein catabolic process at postsynapse,3,Compara
IEA,GO_REF:0000107,GO:0000723,telomere maintenance,3,Compara
IEA,GO_REF:0000107,GO:0002322,B cell proliferation involved in immune response,3,Compara
IEA,GO_REF:0000107,GO:0002677,negative regulation of chronic inflammatory response,3,Compara
IEA,GO_REF:0000107,GO:0098837,postsynaptic recycling endosome,3,Compara
IEA,GO_REF:0000107,GO:0099565,"chemical synaptic transmission, postsynaptic",3,Compara
IEA,GO_REF:0000107,GO:0099576,"regulation of protein catabolic process at postsynapse, modulating synaptic transmission",3,Compara
IEA,GO_REF:0000107,GO:0120193,tight junction organization,3,Compara
IEA,GO_REF:0000107,GO:0120336,radial spoke head 1,3,Compara
IEA,GO_REF:0000107,GO:0044309,neuron spine,3,Compara
IEA,GO_REF:0000107,GO:0042310,vasoconstriction,3,Compara
IEA,GO_REF:0000107,GO:0042421,norepinephrine biosynthetic process,3,Compara
IEA,GO_REF:0000107,GO:0043149,stress fiber assembly,3,Compara
IEA,GO_REF:0000107,GO:0046530,photoreceptor cell differentiation,3,Compara
IEA,GO_REF:0000107,GO:1990909,Wnt signalosome,3,Compara
IEA,GO_REF:0000107,GO:2000404,regulation of T cell migration,3,Compara
IEA,GO_REF:0000107,GO:2000675,negative regulation of type B pancreatic cell apoptotic process,3,Compara
IEA,GO_REF:0000107,GO:2000987,positive regulation of behavioral fear response,3,Compara
IEA,GO_REF:0000107,GO:0047496,vesicle transport along microtubule,3,Compara
IEA,GO_REF:0000107,GO:1904313,response to methamphetamine hydrochloride,3,Compara
IEA,GO_REF:0000107,GO:0048711,positive regulation of astrocyte differentiation,3,Compara
IEA,GO_REF:0000107,GO:0000922,spindle pole,3,Compara
IEA,GO_REF:0000107,GO:0060231,mesenchymal to epithelial transition,3,Compara
IEA,GO_REF:0000107,GO:0050709,negative regulation of protein secretion,3,Compara
IEA,GO_REF:0000107,GO:0050863,regulation of T cell activation,3,Compara
IEA,GO_REF:0000107,GO:0007218,neuropeptide signaling pathway,3,Compara
IEA,GO_REF:0000107,GO:0051059,NF-kappaB binding,3,Compara
IEA,GO_REF:0000107,GO:0003338,metanephros morphogenesis,3,Compara
IEA,GO_REF:0000107,GO:0060026,convergent extension,3,Compara
IEA,GO_REF:0000107,GO:0060100,"positive regulation of phagocytosis, engulfment",3,Compara
IEA,GO_REF:0000107,GO:0003266,regulation of secondary heart field cardioblast proliferation,3,Compara
IEA,GO_REF:0000107,GO:0060665,regulation of branching involved in salivary gland morphogenesis by mesenchymal-epithelial signaling,3,Compara
IEA,GO_REF:0000107,GO:0060717,chorion development,3,Compara
IEA,GO_REF:0000107,GO:0003219,cardiac right ventricle formation,3,Compara
IEA,GO_REF:0000107,GO:1905517,macrophage migration,3,Compara
IEA,GO_REF:0000107,GO:1905665,positive regulation of calcium ion import across plasma membrane,3,Compara
IEA,GO_REF:0000107,GO:0016321,female meiosis chromosome segregation,3,Compara
IEA,GO_REF:0000107,GO:0010458,exit from mitosis,3,Compara
IEA,GO_REF:0000107,GO:0055038,recycling endosome membrane,3,Compara
IEA,GO_REF:0000107,GO:0002906,negative regulation of mature B cell apoptotic process,3,Compara
IEA,GO_REF:0000107,GO:0060124,positive regulation of growth hormone secretion,3,Compara
IEA,GO_REF:0000107,GO:0060044,negative regulation of cardiac muscle cell proliferation,3,Compara
IEA,GO_REF:0000107,GO:0006493,protein O-linked glycosylation,3,Compara
IEA,GO_REF:0000107,GO:0006695,cholesterol biosynthetic process,3,Compara
IEA,GO_REF:0000107,GO:0008035,high-density lipoprotein particle binding,3,Compara
IEA,GO_REF:0000107,GO:0008179,adenylate cyclase binding,3,Compara
IEA,GO_REF:0000107,GO:0061304,retinal blood vessel morphogenesis,3,Compara
IEA,GO_REF:0000107,GO:0009414,response to water deprivation,3,Compara
IEA,GO_REF:0000107,GO:0006007,glucose catabolic process,3,Compara
IEA,GO_REF:0000107,GO:0061049,cell growth involved in cardiac muscle cell development,3,Compara
IEA,GO_REF:0000107,GO:0006531,aspartate metabolic process,3,Compara
IEA,GO_REF:0000107,GO:0061005,cell differentiation involved in kidney development,3,Compara
IEA,GO_REF:0000107,GO:0022849,glutamate-gated calcium ion channel activity,3,Compara
IEA,GO_REF:0000107,GO:0021892,cerebral cortex GABAergic interneuron differentiation,3,Compara
IEA,GO_REF:0000107,GO:0060008,Sertoli cell differentiation,3,Compara
IEA,GO_REF:0000107,GO:0060741,prostate gland stromal morphogenesis,3,Compara
IEA,GO_REF:0000107,GO:0030718,germ-line stem cell population maintenance,3,Compara
IEA,GO_REF:0000107,GO:0060748,tertiary branching involved in mammary gland duct morphogenesis,3,Compara
IEA,GO_REF:0000107,GO:0060742,epithelial cell differentiation involved in prostate gland development,3,Compara
IEA,GO_REF:0000107,GO:0032754,positive regulation of interleukin-5 production,3,Compara
IEA,GO_REF:0000107,GO:0070086,ubiquitin-dependent endocytosis,3,Compara
IEA,GO_REF:0000107,GO:0070201,regulation of establishment of protein localization,3,Compara
IEA,GO_REF:0000107,GO:0070673,response to interleukin-18,3,Compara
IEA,GO_REF:0000107,GO:0072673,lamellipodium morphogenesis,3,Compara
IEA,GO_REF:0000107,GO:0060575,intestinal epithelial cell differentiation,3,Compara
IEA,GO_REF:0000107,GO:0035497,cAMP response element binding,3,Compara
IEA,GO_REF:0000107,GO:0035633,maintenance of blood-brain barrier,3,Compara
IEA,GO_REF:0000107,GO:0035686,sperm fibrous sheath,3,Compara
IEA,GO_REF:0000107,GO:0150037,regulation of calcium-dependent activation of synaptic vesicle fusion,3,Compara
IEA,GO_REF:0000107,GO:0160112,axonemal B tubule inner sheath,3,Compara
IEA,GO_REF:0000107,GO:0051365,cellular response to potassium ion starvation,3,Compara
IEA,GO_REF:0000107,GO:0060406,positive regulation of penile erection,3,Compara
IEA,GO_REF:0000107,GO:0000077,DNA damage checkpoint signaling,3,Compara
IEA,GO_REF:0000107,GO:0002457,T cell antigen processing and presentation,3,Compara
IEA,GO_REF:0000107,GO:0097433,dense body,3,Compara
IEA,GO_REF:0000107,GO:0006119,oxidative phosphorylation,3,Compara
IEA,GO_REF:0000107,GO:0060081,membrane hyperpolarization,3,Compara
IEA,GO_REF:0000107,GO:0051018,protein kinase A binding,3,Compara
IEA,GO_REF:0000107,GO:0050871,positive regulation of B cell activation,3,Compara
IEA,GO_REF:0000107,GO:0090201,negative regulation of release of cytochrome c from mitochondria,3,Compara
IEA,GO_REF:0000107,GO:0097027,ubiquitin-protein transferase activator activity,3,Compara
IEA,GO_REF:0000107,GO:0097062,dendritic spine maintenance,3,Compara
IEA,GO_REF:0000107,GO:0097151,positive regulation of inhibitory postsynaptic potential,3,Compara
IEA,GO_REF:0000107,GO:0099612,protein localization to axon,3,Compara
IEA,GO_REF:0000107,GO:0046209,nitric oxide metabolic process,3,Compara
IEA,GO_REF:0000107,GO:0040038,polar body extrusion after meiotic divisions,3,Compara
IEA,GO_REF:0000107,GO:0043219,lateral loop,3,Compara
IEA,GO_REF:0000107,GO:0043353,enucleate erythrocyte differentiation,3,Compara
IEA,GO_REF:0000107,GO:0043415,positive regulation of skeletal muscle tissue regeneration,3,Compara
IEA,GO_REF:0000107,GO:0045348,positive regulation of MHC class II biosynthetic process,3,Compara
IEA,GO_REF:0000107,GO:0050916,sensory perception of sweet taste,3,Compara
IEA,GO_REF:0000107,GO:0045629,negative regulation of T-helper 2 cell differentiation,3,Compara
IEA,GO_REF:0000107,GO:0045717,negative regulation of fatty acid biosynthetic process,3,Compara
IEA,GO_REF:0000107,GO:0045780,positive regulation of bone resorption,3,Compara
IEA,GO_REF:0000107,GO:0046013,regulation of T cell homeostatic proliferation,3,Compara
IEA,GO_REF:0000107,GO:0046466,membrane lipid catabolic process,3,Compara
IEA,GO_REF:0000107,GO:0046545,development of primary female sexual characteristics,3,Compara
IEA,GO_REF:0000107,GO:2001055,positive regulation of mesenchymal cell apoptotic process,3,Compara
IEA,GO_REF:0000107,GO:0046718,symbiont entry into host cell,3,Compara
IEA,GO_REF:0000107,GO:0051882,mitochondrial depolarization,3,Compara
IEA,GO_REF:0000107,GO:0050691,regulation of defense response to virus by host,3,Compara
IEA,GO_REF:0000107,GO:0051248,negative regulation of protein metabolic process,3,Compara
IEA,GO_REF:0000107,GO:0060005,vestibular reflex,3,Compara
IEA,GO_REF:0000107,GO:0060129,thyroid-stimulating hormone-secreting cell differentiation,3,Compara
IEA,GO_REF:0000107,GO:0060480,lung goblet cell differentiation,3,Compara
IEA,GO_REF:0000107,GO:0060512,prostate gland morphogenesis,3,Compara
IEA,GO_REF:0000107,GO:0061344,regulation of cell adhesion involved in heart morphogenesis,3,Compara
IEA,GO_REF:0000107,GO:0061535,"glutamate secretion, neurotransmission",3,Compara
IEA,GO_REF:0000107,GO:0051902,negative regulation of mitochondrial depolarization,3,Compara
IEA,GO_REF:0000107,GO:0042908,xenobiotic transport,3,Compara
IEA,GO_REF:0000107,GO:0008610,lipid biosynthetic process,3,Compara
IEA,GO_REF:0000107,GO:0003341,cilium movement,3,Compara
IEA,GO_REF:0000107,GO:0003415,chondrocyte hypertrophy,3,Compara
IEA,GO_REF:0000107,GO:0010875,positive regulation of cholesterol efflux,3,Compara
IEA,GO_REF:0000107,GO:0014048,regulation of glutamate secretion,3,Compara
IEA,GO_REF:0000107,GO:0014829,vascular associated smooth muscle contraction,3,Compara
IEA,GO_REF:0000107,GO:0046822,regulation of nucleocytoplasmic transport,3,Compara
IEA,GO_REF:0000107,GO:0048278,vesicle docking,3,Compara
IEA,GO_REF:0000107,GO:0031077,post-embryonic camera-type eye development,3,Compara
IEA,GO_REF:0000107,GO:0031404,chloride ion binding,3,Compara
IEA,GO_REF:0000107,GO:0021817,nucleokinesis involved in cell motility in cerebral cortex radial glia guided migration,3,Compara
IEA,GO_REF:0000107,GO:0021930,cerebellar granule cell precursor proliferation,3,Compara
IEA,GO_REF:0000107,GO:0031702,type 1 angiotensin receptor binding,3,Compara
IEA,GO_REF:0000107,GO:0032224,"positive regulation of synaptic transmission, cholinergic",3,Compara
IEA,GO_REF:0000107,GO:0032354,response to follicle-stimulating hormone,3,Compara
IEA,GO_REF:0000107,GO:0032714,negative regulation of interleukin-5 production,3,Compara
IEA,GO_REF:0000107,GO:0070315,G1 to G0 transition involved in cell differentiation,3,Compara
IEA,GO_REF:0000107,GO:0071494,cellular response to UV-C,3,Compara
IEA,GO_REF:0000107,GO:0033595,response to genistein,3,Compara
IEA,GO_REF:0000107,GO:0038020,insulin receptor recycling,3,Compara
IEA,GO_REF:0000107,GO:0038166,angiotensin-activated signaling pathway,3,Compara
IEA,GO_REF:0000107,GO:2000353,positive regulation of endothelial cell apoptotic process,3,Compara
IEA,GO_REF:0000107,GO:1990737,response to manganese-induced endoplasmic reticulum stress,3,Compara
IEA,GO_REF:0000107,GO:0000480,"endonucleolytic cleavage in 5'-ETS of tricistronic rRNA transcript (SSU-rRNA, 5.8S rRNA, LSU-rRNA)",3,Compara
IEA,GO_REF:0000107,GO:0002155,regulation of thyroid hormone receptor signaling pathway,3,Compara
IEA,GO_REF:0000107,GO:0048874,host-mediated modulation of intestinal microbiota composition,3,Compara
IEA,GO_REF:0000107,GO:0000320,re-entry into mitotic cell cycle,3,Compara
IEA,GO_REF:0000107,GO:2000253,positive regulation of feeding behavior,3,Compara
IEA,GO_REF:0000107,GO:1990963,establishment of blood-retinal barrier,3,Compara
IEA,GO_REF:0000107,GO:0001937,negative regulation of endothelial cell proliferation,3,Compara
IEA,GO_REF:0000107,GO:0001953,negative regulation of cell-matrix adhesion,3,Compara
IEA,GO_REF:0000107,GO:0090303,positive regulation of wound healing,3,Compara
IEA,GO_REF:0000107,GO:0098727,maintenance of cell number,3,Compara
IEA,GO_REF:0000107,GO:0048845,venous blood vessel morphogenesis,3,Compara
IEA,GO_REF:0000107,GO:0042923,neuropeptide binding,3,Compara
IEA,GO_REF:0000107,GO:1990405,protein antigen binding,3,Compara
IEA,GO_REF:0000107,GO:0045964,positive regulation of dopamine metabolic process,3,Compara
IEA,GO_REF:0000107,GO:0045906,negative regulation of vasoconstriction,3,Compara
IEA,GO_REF:0000107,GO:1901222,regulation of non-canonical NF-kappaB signal transduction,3,Compara
IEA,GO_REF:0000107,GO:0048681,negative regulation of axon regeneration,3,Compara
IEA,GO_REF:0000107,GO:0045725,positive regulation of glycogen biosynthetic process,3,Compara
IEA,GO_REF:0000107,GO:0000070,mitotic sister chromatid segregation,3,Compara
IEA,GO_REF:0000107,GO:0045637,regulation of myeloid cell differentiation,3,Compara
IEA,GO_REF:0000107,GO:0042867,pyruvate catabolic process,3,Compara
IEA,GO_REF:0000107,GO:2000252,negative regulation of feeding behavior,3,Compara
IEA,GO_REF:0000107,GO:0051149,positive regulation of muscle cell differentiation,3,Compara
IEA,GO_REF:0000107,GO:0043201,response to L-leucine,3,Compara
IEA,GO_REF:0000107,GO:0060743,epithelial cell maturation involved in prostate gland development,3,Compara
IEA,GO_REF:0000107,GO:0060907,positive regulation of macrophage cytokine production,3,Compara
IEA,GO_REF:0000107,GO:0042306,regulation of protein import into nucleus,3,Compara
IEA,GO_REF:0000107,GO:0040036,regulation of fibroblast growth factor receptor signaling pathway,3,Compara
IEA,GO_REF:0000107,GO:0005262,calcium channel activity,3,Compara
IEA,GO_REF:0000107,GO:0005547,"phosphatidylinositol-3,4,5-trisphosphate binding",3,Compara
IEA,GO_REF:0000107,GO:0003157,endocardium development,3,Compara
IEA,GO_REF:0000107,GO:0003179,heart valve morphogenesis,3,Compara
IEA,GO_REF:0000107,GO:0003220,left ventricular cardiac muscle tissue morphogenesis,3,Compara
IEA,GO_REF:0000107,GO:1904751,positive regulation of protein localization to nucleolus,3,Compara
IEA,GO_REF:0000107,GO:0043303,mast cell degranulation,3,Compara
IEA,GO_REF:0000107,GO:0018894,dibenzo-p-dioxin metabolic process,3,Compara
IEA,GO_REF:0000107,GO:0010700,negative regulation of norepinephrine secretion,3,Compara
IEA,GO_REF:0000107,GO:0010812,negative regulation of cell-substrate adhesion,3,Compara
IEA,GO_REF:0000107,GO:0014051,gamma-aminobutyric acid secretion,3,Compara
IEA,GO_REF:0000107,GO:1903298,negative regulation of hypoxia-induced intrinsic apoptotic signaling pathway,3,Compara
IEA,GO_REF:0000107,GO:1904019,epithelial cell apoptotic process,3,Compara
IEA,GO_REF:0000107,GO:0006687,glycosphingolipid metabolic process,3,Compara
IEA,GO_REF:0000107,GO:0010159,specification of animal organ position,3,Compara
IEA,GO_REF:0000107,GO:0005875,microtubule associated complex,3,Compara
IEA,GO_REF:0000107,GO:0006002,fructose 6-phosphate metabolic process,3,Compara
IEA,GO_REF:0000107,GO:0002513,tolerance induction to self antigen,3,Compara
IEA,GO_REF:0000107,GO:0006939,smooth muscle contraction,3,Compara
IEA,GO_REF:0000107,GO:0010032,meiotic chromosome condensation,3,Compara
IEA,GO_REF:0000107,GO:1990911,response to psychosocial stress,3,Compara
IEA,GO_REF:0000107,GO:0000302,response to reactive oxygen species,3,Compara
IEA,GO_REF:0000107,GO:0030134,COPII-coated ER to Golgi transport vesicle,3,Compara
IEA,GO_REF:0000107,GO:0001805,positive regulation of type III hypersensitivity,3,Compara
IEA,GO_REF:0000107,GO:0031406,carboxylic acid binding,3,Compara
IEA,GO_REF:0000107,GO:0031434,mitogen-activated protein kinase kinase binding,3,Compara
IEA,GO_REF:0000107,GO:0022007,convergent extension involved in neural plate elongation,3,Compara
IEA,GO_REF:0000107,GO:0030886,negative regulation of myeloid dendritic cell activation,3,Compara
IEA,GO_REF:0000107,GO:0031649,heat generation,3,Compara
IEA,GO_REF:0000107,GO:0032288,myelin assembly,3,Compara
IEA,GO_REF:0000107,GO:0016540,protein autoprocessing,3,Compara
IEA,GO_REF:0000107,GO:0070231,T cell apoptotic process,3,Compara
IEA,GO_REF:0000107,GO:0071476,cellular hypotonic response,3,Compara
IEA,GO_REF:0000107,GO:0071800,podosome assembly,3,Compara
IEA,GO_REF:0000107,GO:0071872,cellular response to epinephrine stimulus,3,Compara
IEA,GO_REF:0000107,GO:0072044,collecting duct development,3,Compara
IEA,GO_REF:0000107,GO:0034638,phosphatidylcholine catabolic process,3,Compara
IEA,GO_REF:0000107,GO:0035284,brain segmentation,3,Compara
IEA,GO_REF:0000107,GO:0035426,extracellular matrix-cell signaling,3,Compara
IEA,GO_REF:0000107,GO:0035773,insulin secretion involved in cellular response to glucose stimulus,3,Compara
IEA,GO_REF:0000107,GO:0035880,embryonic nail plate morphogenesis,3,Compara
IEA,GO_REF:0000107,GO:0036520,astrocyte-dopaminergic neuron signaling,3,Compara
IEA,GO_REF:0000107,GO:1900244,positive regulation of synaptic vesicle endocytosis,3,Compara
IEA,GO_REF:0000107,GO:0000720,pyrimidine dimer repair by nucleotide-excision repair,3,Compara
IEA,GO_REF:0000107,GO:0002102,podosome,3,Compara
IEA,GO_REF:0000107,GO:0001775,cell activation,3,Compara
IEA,GO_REF:0000107,GO:0001839,neural plate morphogenesis,3,Compara
IEA,GO_REF:0000107,GO:0001955,blood vessel maturation,3,Compara
IEA,GO_REF:0000107,GO:0001960,negative regulation of cytokine-mediated signaling pathway,3,Compara
IEA,GO_REF:0000107,GO:0002001,renin secretion into blood stream,3,Compara
IEA,GO_REF:0000107,GO:0045836,positive regulation of meiotic nuclear division,3,Compara
IEA,GO_REF:0000107,GO:0002735,positive regulation of myeloid dendritic cell cytokine production,3,Compara
IEA,GO_REF:0000107,GO:0095500,acetylcholine receptor signaling pathway,3,Compara
IEA,GO_REF:0000107,GO:0097194,execution phase of apoptosis,3,Compara
IEA,GO_REF:0000107,GO:0098884,postsynaptic neurotransmitter receptor internalization,3,Compara
IEA,GO_REF:0000107,GO:0099150,regulation of postsynaptic specialization assembly,3,Compara
IEA,GO_REF:0000107,GO:0042119,neutrophil activation,3,Compara
IEA,GO_REF:0000107,GO:0043266,regulation of potassium ion transport,3,Compara
IEA,GO_REF:0000107,GO:0043589,skin morphogenesis,3,Compara
IEA,GO_REF:0000107,GO:0045499,chemorepellent activity,3,Compara
IEA,GO_REF:0000107,GO:0045577,regulation of B cell differentiation,3,Compara
IEA,GO_REF:0000107,GO:0045838,positive regulation of membrane potential,3,Compara
IEA,GO_REF:0000107,GO:0045925,positive regulation of female receptivity,3,Compara
IEA,GO_REF:0000107,GO:0046010,"positive regulation of circadian sleep/wake cycle, non-REM sleep",3,Compara
IEA,GO_REF:0000107,GO:1990023,mitotic spindle midzone,3,Compara
IEA,GO_REF:0000107,GO:0035878,nail development,3,Compara
IEA,GO_REF:0000107,GO:0042974,nuclear retinoic acid receptor binding,3,Compara
IEA,GO_REF:0000107,GO:0033278,cell proliferation in midbrain,3,Compara
IEA,GO_REF:0000107,GO:0045179,apical cortex,3,Compara
IEA,GO_REF:0000107,GO:2000648,positive regulation of stem cell proliferation,3,Compara
IEA,GO_REF:0000107,GO:0045089,positive regulation of innate immune response,3,Compara
IEA,GO_REF:0000107,GO:0060596,mammary placode formation,3,Compara
IEA,GO_REF:0000107,GO:0033601,positive regulation of mammary gland epithelial cell proliferation,3,Compara
IEA,GO_REF:0000107,GO:0072718,response to cisplatin,3,Compara
IEA,GO_REF:0000107,GO:0003056,regulation of vascular associated smooth muscle contraction,3,Compara
IEA,GO_REF:0000107,GO:0003278,apoptotic process involved in heart morphogenesis,3,Compara
IEA,GO_REF:0000107,GO:0003357,noradrenergic neuron differentiation,3,Compara
IEA,GO_REF:0000107,GO:0071359,cellular response to dsRNA,3,Compara
IEA,GO_REF:0000107,GO:0016447,somatic recombination of immunoglobulin gene segments,3,Compara
IEA,GO_REF:0000107,GO:0071871,response to epinephrine,3,Compara
IEA,GO_REF:0000107,GO:0010575,positive regulation of vascular endothelial growth factor production,3,Compara
IEA,GO_REF:0000107,GO:0010831,positive regulation of myotube differentiation,3,Compara
IEA,GO_REF:0000107,GO:0010955,negative regulation of protein processing,3,Compara
IEA,GO_REF:0000107,GO:1901223,negative regulation of non-canonical NF-kappaB signal transduction,3,Compara
IEA,GO_REF:0000107,GO:0071316,cellular response to nicotine,3,Compara
IEA,GO_REF:0000107,GO:0060429,epithelium development,3,Compara
IEA,GO_REF:0000107,GO:0006649,phospholipid transfer to membrane,3,Compara
IEA,GO_REF:0000107,GO:1901492,positive regulation of lymphangiogenesis,3,Compara
IEA,GO_REF:0000107,GO:0008078,mesodermal cell migration,3,Compara
IEA,GO_REF:0000107,GO:0007057,spindle assembly involved in female meiosis I,3,Compara
IEA,GO_REF:0000107,GO:0032692,negative regulation of interleukin-1 production,3,Compara
IEA,GO_REF:0000107,GO:0022839,monoatomic ion-gated channel activity,3,Compara
IEA,GO_REF:0000107,GO:0021884,forebrain neuron development,3,Compara
IEA,GO_REF:0000107,GO:0030728,ovulation,3,Compara
IEA,GO_REF:0000107,GO:0042301,phosphate ion binding,3,Compara
IEA,GO_REF:0000107,GO:0032469,endoplasmic reticulum calcium ion homeostasis,3,Compara
IEA,GO_REF:0000107,GO:0032651,regulation of interleukin-1 beta production,3,Compara
IEA,GO_REF:0000107,GO:0062072,histone H3K9me2/3 reader activity,3,Compara
IEA,GO_REF:0000107,GO:0070670,response to interleukin-4,3,Compara
IEA,GO_REF:0000107,GO:0070946,neutrophil-mediated killing of gram-positive bacterium,3,Compara
IEA,GO_REF:0000107,GO:0071284,cellular response to lead ion,3,Compara
IEA,GO_REF:0000107,GO:0071360,cellular response to exogenous dsRNA,3,Compara
IEA,GO_REF:0000107,GO:0072137,condensed mesenchymal cell proliferation,3,Compara
IEA,GO_REF:0000107,GO:0072178,nephric duct morphogenesis,3,Compara
IEA,GO_REF:0000107,GO:0072201,negative regulation of mesenchymal cell proliferation,3,Compara
IEA,GO_REF:0000107,GO:0072210,metanephric nephron development,3,Compara
IEA,GO_REF:0000107,GO:0072576,liver morphogenesis,3,Compara
IEA,GO_REF:0000107,GO:0033602,negative regulation of dopamine secretion,3,Compara
IEA,GO_REF:0000107,GO:0033028,myeloid cell apoptotic process,3,Compara
IEA,GO_REF:0000107,GO:0035254,glutamate receptor binding,3,Compara
IEA,GO_REF:0000107,GO:0035989,tendon development,3,Compara
IEA,GO_REF:0000107,GO:0019902,phosphatase binding,3,Compara
IEA,GO_REF:0000107,GO:0030133,transport vesicle,3,Compara
IEA,GO_REF:0000107,GO:0030209,dermatan sulfate proteoglycan catabolic process,3,Compara
IEA,GO_REF:0000107,GO:0031901,early endosome membrane,3,Compara
IEA,GO_REF:0000107,GO:0150048,cerebellar granule cell to Purkinje cell synapse,3,Compara
IEA,GO_REF:0000107,GO:0001798,positive regulation of type IIa hypersensitivity,3,Compara
IEA,GO_REF:0000107,GO:0001891,phagocytic cup,3,Compara
IEA,GO_REF:0000107,GO:0030261,chromosome condensation,3,Compara
IEA,GO_REF:0000107,GO:0001972,retinoic acid binding,3,Compara
IEA,GO_REF:0000107,GO:0002068,glandular epithelial cell development,3,Compara
IEA,GO_REF:0000107,GO:0099183,"trans-synaptic signaling by BDNF, modulating synaptic transmission",3,Compara
IEA,GO_REF:0000107,GO:0042752,regulation of circadian rhythm,3,Compara
IEA,GO_REF:0000107,GO:0043009,chordate embryonic development,3,Compara
IEA,GO_REF:0000107,GO:0043325,"phosphatidylinositol-3,4-bisphosphate binding",3,Compara
IEA,GO_REF:0000107,GO:0043615,astrocyte cell migration,3,Compara
IEA,GO_REF:0000107,GO:0021869,forebrain ventricular zone progenitor cell division,3,Compara
IEA,GO_REF:0000107,GO:0045618,positive regulation of keratinocyte differentiation,3,Compara
IEA,GO_REF:0000107,GO:0045955,negative regulation of calcium ion-dependent exocytosis,3,Compara
IEA,GO_REF:0000107,GO:0045986,negative regulation of smooth muscle contraction,3,Compara
IEA,GO_REF:0000107,GO:0046074,dTMP catabolic process,3,Compara
IEA,GO_REF:0000107,GO:0048023,positive regulation of melanin biosynthetic process,3,Compara
IEA,GO_REF:0000107,GO:0048368,lateral mesoderm development,3,Compara
IEA,GO_REF:0000107,GO:0021562,vestibulocochlear nerve development,3,Compara
IEA,GO_REF:0000107,GO:0030101,natural killer cell activation,3,Compara
IEA,GO_REF:0000107,GO:0042904,9-cis-retinoic acid biosynthetic process,3,Compara
IEA,GO_REF:0000107,GO:0055064,chloride ion homeostasis,3,Compara
IEA,GO_REF:0000107,GO:0061534,"gamma-aminobutyric acid secretion, neurotransmission",3,Compara
IEA,GO_REF:0000107,GO:0061551,trigeminal ganglion development,3,Compara
IEA,GO_REF:0000107,GO:0061590,calcium activated phosphatidylcholine scrambling,3,Compara
IEA,GO_REF:0000107,GO:0061635,regulation of protein complex stability,3,Compara
IEA,GO_REF:0000107,GO:0030431,sleep,3,Compara
IEA,GO_REF:0000107,GO:0060019,radial glial cell differentiation,3,Compara
IEA,GO_REF:0000107,GO:0060672,epithelial cell morphogenesis involved in placental branching,3,Compara
IEA,GO_REF:0000107,GO:1902237,positive regulation of endoplasmic reticulum stress-induced intrinsic apoptotic signaling pathway,3,Compara
IEA,GO_REF:0000107,GO:1904862,inhibitory synapse assembly,3,Compara
IEA,GO_REF:0000107,GO:1902916,positive regulation of protein polyubiquitination,3,Compara
IEA,GO_REF:0000107,GO:0005798,Golgi-associated vesicle,3,Compara
IEA,GO_REF:0000107,GO:0006778,porphyrin-containing compound metabolic process,3,Compara
IEA,GO_REF:0000107,GO:1902230,negative regulation of intrinsic apoptotic signaling pathway in response to DNA damage,3,Compara
IEA,GO_REF:0000107,GO:1902414,protein localization to cell junction,3,Compara
IEA,GO_REF:0000107,GO:0019887,protein kinase regulator activity,3,Compara
IEA,GO_REF:0000107,GO:0021530,spinal cord oligodendrocyte cell fate specification,3,Compara
IEA,GO_REF:0000107,GO:0021955,central nervous system neuron axonogenesis,3,Compara
IEA,GO_REF:0000107,GO:0032695,negative regulation of interleukin-12 production,3,Compara
IEA,GO_REF:0000107,GO:0070254,mucus secretion,3,Compara
IEA,GO_REF:0000107,GO:0070257,positive regulation of mucus secretion,3,Compara
IEA,GO_REF:0000107,GO:0070314,G1 to G0 transition,3,Compara
IEA,GO_REF:0000107,GO:0070541,response to platinum ion,3,Compara
IEA,GO_REF:0000107,GO:0070836,caveola assembly,3,Compara
IEA,GO_REF:0000107,GO:0071642,positive regulation of macrophage inflammatory protein 1 alpha production,3,Compara
IEA,GO_REF:0000107,GO:0072376,protein activation cascade,3,Compara
IEA,GO_REF:0000107,GO:0090050,positive regulation of cell migration involved in sprouting angiogenesis,3,Compara
IEA,GO_REF:0000107,GO:0097197,tetraspanin-enriched microdomain,3,Compara
IEA,GO_REF:0000107,GO:1904045,cellular response to aldosterone,3,Compara
IEA,GO_REF:0000107,GO:0035166,post-embryonic hemopoiesis,3,Compara
IEA,GO_REF:0000107,GO:0140892,"sodium,bicarbonate:chloride antiporter activity",3,Compara
IEA,GO_REF:0000107,GO:0035613,RNA stem-loop binding,3,Compara
IEA,GO_REF:0000107,GO:0035630,bone mineralization involved in bone maturation,3,Compara
IEA,GO_REF:0000107,GO:0035799,ureter maturation,3,Compara
IEA,GO_REF:0000107,GO:0006457,protein folding,3,Compara
IEA,GO_REF:0000107,GO:0006284,base-excision repair,3,Compara
IEA,GO_REF:0000107,GO:0097021,lymphocyte migration into lymphoid organs,3,Compara
IEA,GO_REF:0000107,GO:0097350,neutrophil clearance,3,Compara
IEA,GO_REF:0000107,GO:0097441,basal dendrite,3,Compara
IEA,GO_REF:0000107,GO:1902617,response to fluoride,3,Compara
IEA,GO_REF:0000107,GO:0090461,intracellular glutamate homeostasis,3,Compara
IEA,GO_REF:0000107,GO:0002318,myeloid progenitor cell differentiation,3,Compara
IEA,GO_REF:0000107,GO:0002320,lymphoid progenitor cell differentiation,3,Compara
IEA,GO_REF:0000107,GO:0099537,trans-synaptic signaling,3,Compara
IEA,GO_REF:0000107,GO:1904017,cellular response to Thyroglobulin triiodothyronine,3,Compara
IEA,GO_REF:0000107,GO:0005815,microtubule organizing center,3,Compara
IEA,GO_REF:0000107,GO:0019346,transsulfuration,3,Compara
IEA,GO_REF:0000107,GO:0006741,NADP+ biosynthetic process,3,Compara
IEA,GO_REF:0000107,GO:0005795,Golgi stack,3,Compara
IEA,GO_REF:0000107,GO:0044546,NLRP3 inflammasome complex assembly,3,Compara
IEA,GO_REF:0000107,GO:0042670,retinal cone cell differentiation,3,Compara
IEA,GO_REF:0000107,GO:0045651,positive regulation of macrophage differentiation,3,Compara
IEA,GO_REF:0000107,GO:0045686,negative regulation of glial cell differentiation,3,Compara
IEA,GO_REF:0000107,GO:2000114,regulation of establishment of cell polarity,3,Compara
IEA,GO_REF:0000107,GO:2000822,regulation of behavioral fear response,3,Compara
IEA,GO_REF:0000107,GO:0046881,positive regulation of follicle-stimulating hormone secretion,3,Compara
IEA,GO_REF:0000107,GO:0048302,regulation of isotype switching to IgG isotypes,3,Compara
IEA,GO_REF:0000107,GO:0048755,branching morphogenesis of a nerve,3,Compara
IEA,GO_REF:0000107,GO:0051893,regulation of focal adhesion assembly,3,Compara
IEA,GO_REF:0000107,GO:0050921,positive regulation of chemotaxis,3,Compara
IEA,GO_REF:0000107,GO:0060017,parathyroid gland development,3,Compara
IEA,GO_REF:0000107,GO:0060046,regulation of acrosome reaction,3,Compara
IEA,GO_REF:0000107,GO:0060166,olfactory pit development,3,Compara
IEA,GO_REF:0000107,GO:0060492,lung induction,3,Compara
IEA,GO_REF:0000107,GO:0060769,positive regulation of epithelial cell proliferation involved in prostate gland development,3,Compara
IEA,GO_REF:0000107,GO:0061009,common bile duct development,3,Compara
IEA,GO_REF:0000107,GO:0061113,pancreas morphogenesis,3,Compara
IEA,GO_REF:0000107,GO:0002292,T cell differentiation involved in immune response,3,Compara
IEA,GO_REF:0000107,GO:0002162,dystroglycan binding,3,Compara
IEA,GO_REF:0000107,GO:0002790,peptide secretion,3,Compara
IEA,GO_REF:0000107,GO:0001951,intestinal D-glucose absorption,3,Compara
IEA,GO_REF:0000107,GO:0015943,formate biosynthetic process,3,Compara
IEA,GO_REF:0000107,GO:0046513,ceramide biosynthetic process,3,Compara
IEA,GO_REF:0000107,GO:0010561,negative regulation of glycoprotein biosynthetic process,3,Compara
IEA,GO_REF:0000107,GO:0001763,morphogenesis of a branching structure,3,Compara
IEA,GO_REF:0000107,GO:0012501,programmed cell death,3,Compara
IEA,GO_REF:0000107,GO:0016242,negative regulation of macroautophagy,3,Compara
IEA,GO_REF:0000107,GO:1904036,negative regulation of epithelial cell apoptotic process,3,Compara
IEA,GO_REF:0000107,GO:0008053,mitochondrial fusion,3,Compara
IEA,GO_REF:0000107,GO:0001562,response to protozoan,3,Compara
IEA,GO_REF:0000107,GO:0005921,gap junction,3,Compara
IEA,GO_REF:0000107,GO:1904614,response to biphenyl,3,Compara
IEA,GO_REF:0000107,GO:0009957,epidermal cell fate specification,3,Compara
IEA,GO_REF:0000107,GO:0005610,laminin-5 complex,3,Compara
IEA,GO_REF:0000107,GO:0004175,endopeptidase activity,3,Compara
IEA,GO_REF:0000107,GO:0003823,antigen binding,3,Compara
IEA,GO_REF:0000107,GO:0021697,cerebellar cortex formation,3,Compara
IEA,GO_REF:0000107,GO:0030836,positive regulation of actin filament depolymerization,3,Compara
IEA,GO_REF:0000107,GO:0031624,ubiquitin conjugating enzyme binding,3,Compara
IEA,GO_REF:0000107,GO:0032229,"negative regulation of synaptic transmission, GABAergic",3,Compara
IEA,GO_REF:0000107,GO:0032275,luteinizing hormone secretion,3,Compara
IEA,GO_REF:0000107,GO:0061072,iris morphogenesis,3,Compara
IEA,GO_REF:0000107,GO:0032713,negative regulation of interleukin-4 production,3,Compara
IEA,GO_REF:0000107,GO:0070723,response to cholesterol,3,Compara
IEA,GO_REF:0000107,GO:0071396,cellular response to lipid,3,Compara
IEA,GO_REF:0000107,GO:0072015,podocyte development,3,Compara
IEA,GO_REF:0000107,GO:0033563,dorsal/ventral axon guidance,3,Compara
IEA,GO_REF:0000107,GO:0033033,negative regulation of myeloid cell apoptotic process,3,Compara
IEA,GO_REF:0000107,GO:0140506,endoplasmic reticulum-autophagosome adaptor activity,3,Compara
IEA,GO_REF:0000107,GO:0099054,presynapse assembly,3,Compara
IEA,GO_REF:0000107,GO:0060574,intestinal epithelial cell maturation,3,Compara
IEA,GO_REF:0000107,GO:0001919,regulation of receptor recycling,3,Compara
IEA,GO_REF:0000107,GO:0001922,B-1 B cell homeostasis,3,Compara
IEA,GO_REF:0000107,GO:0097226,sperm mitochondrial sheath,3,Compara
IEA,GO_REF:0000107,GO:0043654,recognition of apoptotic cell,3,Compara
IEA,GO_REF:0000107,GO:0044331,cell-cell adhesion mediated by cadherin,3,Compara
IEA,GO_REF:0000107,GO:0060452,positive regulation of cardiac muscle contraction,3,Compara
IEA,GO_REF:0000107,GO:0060411,cardiac septum morphogenesis,3,Compara
IEA,GO_REF:0000107,GO:0060350,endochondral bone morphogenesis,3,Compara
IEA,GO_REF:0000107,GO:0043292,contractile muscle fiber,3,Compara
IEA,GO_REF:0000107,GO:0045061,thymic T cell selection,3,Compara
IEA,GO_REF:0000107,GO:0046533,negative regulation of photoreceptor cell differentiation,3,Compara
IEA,GO_REF:0000107,GO:1990086,lens fiber cell apoptotic process,3,Compara
IEA,GO_REF:0000107,GO:2000096,"positive regulation of Wnt signaling pathway, planar cell polarity pathway",3,Compara
IEA,GO_REF:0000107,GO:0048013,ephrin receptor signaling pathway,3,Compara
IEA,GO_REF:0000107,GO:0048170,positive regulation of long-term neuronal synaptic plasticity,3,Compara
IEA,GO_REF:0000107,GO:0002685,regulation of leukocyte migration,3,Compara
IEA,GO_REF:0000107,GO:0048743,positive regulation of skeletal muscle fiber development,3,Compara
IEA,GO_REF:0000107,GO:0051900,regulation of mitochondrial depolarization,3,Compara
IEA,GO_REF:0000107,GO:0050777,negative regulation of immune response,3,Compara
IEA,GO_REF:0000107,GO:0050904,diapedesis,3,Compara
IEA,GO_REF:0000107,GO:0051170,import into nucleus,3,Compara
IEA,GO_REF:0000107,GO:0051138,positive regulation of NK T cell differentiation,3,Compara
IEA,GO_REF:0000107,GO:0051383,kinetochore organization,3,Compara
IEA,GO_REF:0000107,GO:0051409,response to nitrosative stress,3,Compara
IEA,GO_REF:0000107,GO:0051923,sulfation,3,Compara
IEA,GO_REF:0000107,GO:0060379,cardiac muscle cell myoblast differentiation,3,Compara
IEA,GO_REF:0000107,GO:0060684,epithelial-mesenchymal cell signaling,3,Compara
IEA,GO_REF:0000107,GO:0060763,mammary duct terminal end bud growth,3,Compara
IEA,GO_REF:0000107,GO:0061045,negative regulation of wound healing,3,Compara
IEA,GO_REF:0000107,GO:0061713,anterior neural tube closure,3,Compara
IEA,GO_REF:0000107,GO:0061762,CAMKK-AMPK signaling cascade,3,Compara
IEA,GO_REF:0000107,GO:0051124,synaptic assembly at neuromuscular junction,3,Compara
IEA,GO_REF:0000107,GO:0003150,muscular septum morphogenesis,3,Compara
IEA,GO_REF:0000107,GO:0003181,atrioventricular valve morphogenesis,3,Compara
IEA,GO_REF:0000107,GO:1900271,regulation of long-term synaptic potentiation,3,Compara
IEA,GO_REF:0000107,GO:1904845,cellular response to L-glutamine,3,Compara
IEA,GO_REF:0000107,GO:0010454,negative regulation of cell fate commitment,3,Compara
IEA,GO_REF:0000107,GO:0014908,myotube differentiation involved in skeletal muscle regeneration,3,Compara
IEA,GO_REF:0000107,GO:0048936,peripheral nervous system neuron axonogenesis,3,Compara
IEA,GO_REF:0000107,GO:0141038,phosphatidylinositol 3-kinase activator activity,3,Compara
IEA,GO_REF:0000107,GO:0010855,adenylate cyclase inhibitor activity,3,Compara
IEA,GO_REF:0000107,GO:0038202,TORC1 signaling,3,Compara
IEA,GO_REF:0000107,GO:0046929,negative regulation of neurotransmitter secretion,3,Compara
IEA,GO_REF:0000107,GO:0050778,positive regulation of immune response,3,Compara
IEA,GO_REF:0000107,GO:0048512,circadian behavior,3,Compara
IEA,GO_REF:0000107,GO:0010498,proteasomal protein catabolic process,3,Compara
IEA,GO_REF:0000107,GO:0005774,vacuolar membrane,3,Compara
IEA,GO_REF:0000107,GO:0007617,mating behavior,3,Compara
IEA,GO_REF:0000107,GO:0008266,poly(U) RNA binding,3,Compara
IEA,GO_REF:0000107,GO:0048022,negative regulation of melanin biosynthetic process,3,Compara
IEA,GO_REF:0000107,GO:0007006,mitochondrial membrane organization,3,Compara
IEA,GO_REF:0000107,GO:0007191,adenylate cyclase-activating dopamine receptor signaling pathway,3,Compara
IEA,GO_REF:0000107,GO:0009100,glycoprotein metabolic process,3,Compara
IEA,GO_REF:0000107,GO:2000821,regulation of grooming behavior,3,Compara
IEA,GO_REF:0000107,GO:0031800,type 3 metabotropic glutamate receptor binding,3,Compara
IEA,GO_REF:0000107,GO:0021631,optic nerve morphogenesis,3,Compara
IEA,GO_REF:0000107,GO:0021943,formation of radial glial scaffolds,3,Compara
IEA,GO_REF:0000107,GO:0030849,autosome,3,Compara
IEA,GO_REF:0000107,GO:0032279,asymmetric synapse,3,Compara
IEA,GO_REF:0000107,GO:2000171,negative regulation of dendrite development,3,Compara
IEA,GO_REF:0000107,GO:0032727,positive regulation of interferon-alpha production,3,Compara
IEA,GO_REF:0000107,GO:0032819,positive regulation of natural killer cell proliferation,3,Compara
IEA,GO_REF:0000107,GO:0071248,cellular response to metal ion,3,Compara
IEA,GO_REF:0000107,GO:0071461,cellular response to redox state,3,Compara
IEA,GO_REF:0000107,GO:0072011,glomerular endothelium development,3,Compara
IEA,GO_REF:0000107,GO:0072051,juxtaglomerular apparatus development,3,Compara
IEA,GO_REF:0000107,GO:0072577,endothelial cell apoptotic process,3,Compara
IEA,GO_REF:0000107,GO:0034113,heterotypic cell-cell adhesion,3,Compara
IEA,GO_REF:0000107,GO:0035811,negative regulation of urine volume,3,Compara
IEA,GO_REF:0000107,GO:0036367,light adaption,3,Compara
IEA,GO_REF:0000107,GO:0046544,development of secondary male sexual characteristics,3,Compara
IEA,GO_REF:0000107,GO:0045843,negative regulation of striated muscle tissue development,3,Compara
IEA,GO_REF:0000107,GO:0140494,migrasome,3,Compara
IEA,GO_REF:0000107,GO:0045576,mast cell activation,3,Compara
IEA,GO_REF:0000107,GO:0090571,RNA polymerase II transcription repressor complex,3,Compara
IEA,GO_REF:0000107,GO:0097598,sperm cytoplasmic droplet,3,Compara
IEA,GO_REF:0000107,GO:0002283,neutrophil activation involved in immune response,3,Compara
IEA,GO_REF:0000107,GO:0098698,postsynaptic specialization assembly,3,Compara
IEA,GO_REF:0000107,GO:0098828,modulation of inhibitory postsynaptic potential,3,Compara
IEA,GO_REF:0000107,GO:0098887,"neurotransmitter receptor transport, endosome to postsynaptic membrane",3,Compara
IEA,GO_REF:0000107,GO:0098963,dendritic transport of messenger ribonucleoprotein complex,3,Compara
IEA,GO_REF:0000107,GO:0043069,negative regulation of programmed cell death,3,Compara
IEA,GO_REF:0000107,GO:0043045,epigenetic programming of gene expression,3,Compara
IEA,GO_REF:0000107,GO:0043296,apical junction complex,3,Compara
IEA,GO_REF:0000107,GO:0043366,beta selection,3,Compara
IEA,GO_REF:0000107,GO:0045143,homologous chromosome segregation,3,Compara
IEA,GO_REF:0000107,GO:0043305,negative regulation of mast cell degranulation,3,Compara
IEA,GO_REF:0000107,GO:0045742,positive regulation of epidermal growth factor receptor signaling pathway,3,Compara
IEA,GO_REF:0000107,GO:0046324,regulation of D-glucose import,3,Compara
IEA,GO_REF:0000107,GO:0048671,negative regulation of collateral sprouting,3,Compara
IEA,GO_REF:0000107,GO:0000462,"maturation of SSU-rRNA from tricistronic rRNA transcript (SSU-rRNA, 5.8S rRNA, LSU-rRNA)",3,Compara
IEA,GO_REF:0000107,GO:0050878,regulation of body fluid levels,3,Compara
IEA,GO_REF:0000107,GO:0050975,sensory perception of touch,3,Compara
IEA,GO_REF:0000107,GO:0051258,protein polymerization,3,Compara
IEA,GO_REF:0000107,GO:0060059,embryonic retina morphogenesis in camera-type eye,3,Compara
IEA,GO_REF:0000107,GO:0060528,secretory columnal luminar epithelial cell differentiation involved in prostate glandular acinus development,3,Compara
IEA,GO_REF:0000107,GO:0003006,developmental process involved in reproduction,3,Compara
IEA,GO_REF:0000107,GO:0034138,toll-like receptor 3 signaling pathway,3,Compara
IEA,GO_REF:0000107,GO:0010389,regulation of G2/M transition of mitotic cell cycle,3,Compara
IEA,GO_REF:0000107,GO:0000981,"DNA-binding transcription factor activity, RNA polymerase II-specific",3,Compara
IEA,GO_REF:0000107,GO:0010881,regulation of cardiac muscle contraction by regulation of the release of sequestered calcium ion,3,Compara
IEA,GO_REF:0000107,GO:0032587,ruffle membrane,3,Compara
IEA,GO_REF:0000107,GO:0032584,growth cone membrane,3,Compara
IEA,GO_REF:0000107,GO:0140928,inhibition of non-skeletal tissue mineralization,3,Compara
IEA,GO_REF:0000107,GO:0032060,bleb assembly,3,Compara
IEA,GO_REF:0000107,GO:0008202,steroid metabolic process,3,Compara
IEA,GO_REF:0000107,GO:0033628,regulation of cell adhesion mediated by integrin,3,Compara
IEA,GO_REF:0000107,GO:0006750,glutathione biosynthetic process,3,Compara
IEA,GO_REF:0000107,GO:0007127,meiosis I,3,Compara
IEA,GO_REF:0000107,GO:0086003,cardiac muscle cell contraction,3,Compara
IEA,GO_REF:0000107,GO:0007212,G protein-coupled dopamine receptor signaling pathway,3,Compara
IEA,GO_REF:0000107,GO:0007269,neurotransmitter secretion,3,Compara
IEA,GO_REF:0000107,GO:1901380,negative regulation of potassium ion transmembrane transport,3,Compara
IEA,GO_REF:0000107,GO:1901524,regulation of mitophagy,3,Compara
IEA,GO_REF:0000107,GO:0042587,glycogen granule,3,Compara
IEA,GO_REF:0000107,GO:0039689,negative stranded viral RNA replication,3,Compara
IEA,GO_REF:0000107,GO:0021759,globus pallidus development,3,Compara
IEA,GO_REF:0000107,GO:0021861,forebrain radial glial cell differentiation,3,Compara
IEA,GO_REF:0000107,GO:0030331,nuclear estrogen receptor binding,3,Compara
IEA,GO_REF:0000107,GO:0031672,A band,3,Compara
IEA,GO_REF:0000107,GO:0032007,negative regulation of TOR signaling,3,Compara
IEA,GO_REF:0000107,GO:0032474,otolith morphogenesis,3,Compara
IEA,GO_REF:0000107,GO:0072539,T-helper 17 cell differentiation,3,Compara
IEA,GO_REF:0000107,GO:0071224,cellular response to peptidoglycan,3,Compara
IEA,GO_REF:0000107,GO:0072089,stem cell proliferation,3,Compara
IEA,GO_REF:0000107,GO:0072513,positive regulation of secondary heart field cardioblast proliferation,3,Compara
IEA,GO_REF:0000107,GO:0072574,hepatocyte proliferation,3,Compara
IEA,GO_REF:0000107,GO:0033564,anterior/posterior axon guidance,3,Compara
IEA,GO_REF:0000107,GO:0034696,response to prostaglandin F,3,Compara
IEA,GO_REF:0000107,GO:0034021,response to silicon dioxide,3,Compara
IEA,GO_REF:0000107,GO:0098919,structural constituent of postsynaptic density,3,Compara
IEA,GO_REF:0000107,GO:0036486,ventral trunk neural crest cell migration,3,Compara
IEA,GO_REF:0000107,GO:0140252,regulation protein catabolic process at postsynapse,3,Compara
IEA,GO_REF:0000107,GO:0141156,cAMP/PKA signal transduction,3,Compara
IEA,GO_REF:0000107,GO:0141212,phospholipase C/protein kinase C signal transduction,3,Compara
IEA,GO_REF:0000107,GO:0000432,positive regulation of transcription from RNA polymerase II promoter by glucose,3,Compara
IEA,GO_REF:0000107,GO:0002118,aggressive behavior,3,Compara
IEA,GO_REF:0000107,GO:0097696,cell surface receptor signaling pathway via STAT,3,Compara
IEA,GO_REF:0000107,GO:0001828,inner cell mass cellular morphogenesis,3,Compara
IEA,GO_REF:0000107,GO:0001956,positive regulation of neurotransmitter secretion,3,Compara
IEA,GO_REF:0000107,GO:0098880,maintenance of postsynaptic specialization structure,3,Compara
IEA,GO_REF:0000107,GO:0099578,"regulation of translation at postsynapse, modulating synaptic transmission",3,Compara
IEA,GO_REF:0000107,GO:0006884,cell volume homeostasis,3,Compara
IEA,GO_REF:0000107,GO:0097157,pre-mRNA intronic binding,3,Compara
IEA,GO_REF:0000107,GO:0000502,proteasome complex,3,Compara
IEA,GO_REF:0000107,GO:0002326,B cell lineage commitment,3,Compara
IEA,GO_REF:0000107,GO:0002248,connective tissue replacement involved in inflammatory response wound healing,3,Compara
IEA,GO_REF:0000107,GO:0071638,negative regulation of monocyte chemotactic protein-1 production,3,Compara
IEA,GO_REF:0000107,GO:0002033,angiotensin-mediated vasodilation involved in regulation of systemic arterial blood pressure,3,Compara
IEA,GO_REF:0000107,GO:0042416,dopamine biosynthetic process,3,Compara
IEA,GO_REF:0000107,GO:0042448,progesterone metabolic process,3,Compara
IEA,GO_REF:0000107,GO:0042490,mechanoreceptor differentiation,3,Compara
IEA,GO_REF:0000107,GO:0042731,PH domain binding,3,Compara
IEA,GO_REF:0000107,GO:0045063,T-helper 1 cell differentiation,3,Compara
IEA,GO_REF:0000107,GO:1990926,short-term synaptic potentiation,3,Compara
IEA,GO_REF:0000107,GO:1990959,eosinophil homeostasis,3,Compara
IEA,GO_REF:0000107,GO:0046654,tetrahydrofolate biosynthetic process,3,Compara
IEA,GO_REF:0000107,GO:0046960,sensitization,3,Compara
IEA,GO_REF:0000107,GO:0048240,sperm capacitation,3,Compara
IEA,GO_REF:0000107,GO:0051707,response to other organism,3,Compara
IEA,GO_REF:0000107,GO:0001757,somite specification,3,Compara
IEA,GO_REF:0000107,GO:0050672,negative regulation of lymphocyte proliferation,3,Compara
IEA,GO_REF:0000107,GO:0050687,negative regulation of defense response to virus,3,Compara
IEA,GO_REF:0000107,GO:0051480,regulation of cytosolic calcium ion concentration,3,Compara
IEA,GO_REF:0000107,GO:0051489,regulation of filopodium assembly,3,Compara
IEA,GO_REF:0000107,GO:0060664,epithelial cell proliferation involved in salivary gland morphogenesis,3,Compara
IEA,GO_REF:0000107,GO:0060686,negative regulation of prostatic bud formation,3,Compara
IEA,GO_REF:0000107,GO:0071243,cellular response to arsenic-containing substance,3,Compara
IEA,GO_REF:0000107,GO:0097300,programmed necrotic cell death,3,Compara
IEA,GO_REF:0000107,GO:0002827,positive regulation of T-helper 1 type immune response,3,Compara
IEA,GO_REF:0000107,GO:0003383,apical constriction,3,Compara
IEA,GO_REF:0000107,GO:0001661,conditioned taste aversion,3,Compara
IEA,GO_REF:0000107,GO:0070295,renal water absorption,3,Compara
IEA,GO_REF:0000107,GO:0000118,histone deacetylase complex,3,Compara
IEA,GO_REF:0000107,GO:0014904,myotube cell development,3,Compara
IEA,GO_REF:0000107,GO:0010314,phosphatidylinositol-5-phosphate binding,3,Compara
IEA,GO_REF:0000107,GO:0014037,Schwann cell differentiation,3,Compara
IEA,GO_REF:0000107,GO:0016048,detection of temperature stimulus,3,Compara
IEA,GO_REF:0000107,GO:0019370,leukotriene biosynthetic process,3,Compara
IEA,GO_REF:0000107,GO:0005796,Golgi lumen,3,Compara
IEA,GO_REF:0000107,GO:0038024,cargo receptor activity,3,Compara
IEA,GO_REF:0000107,GO:0036057,slit diaphragm,3,Compara
IEA,GO_REF:0000107,GO:0006686,sphingomyelin biosynthetic process,3,Compara
IEA,GO_REF:0000107,GO:0006930,"substrate-dependent cell migration, cell extension",3,Compara
IEA,GO_REF:0000107,GO:0034766,negative regulation of monoatomic ion transmembrane transport,3,Compara
IEA,GO_REF:0000107,GO:0034378,chylomicron assembly,3,Compara
IEA,GO_REF:0000107,GO:0034374,low-density lipoprotein particle remodeling,3,Compara
IEA,GO_REF:0000107,GO:0033292,T-tubule organization,3,Compara
IEA,GO_REF:0000107,GO:0007088,regulation of mitotic nuclear division,3,Compara
IEA,GO_REF:0000107,GO:0007178,cell surface receptor protein serine/threonine kinase signaling pathway,3,Compara
IEA,GO_REF:0000107,GO:1902263,apoptotic process involved in embryonic digit morphogenesis,3,Compara
IEA,GO_REF:0000107,GO:0035024,negative regulation of Rho protein signal transduction,3,Compara
IEA,GO_REF:0000107,GO:0030949,positive regulation of vascular endothelial growth factor receptor signaling pathway,3,Compara
IEA,GO_REF:0000107,GO:0032421,stereocilium bundle,3,Compara
IEA,GO_REF:0000107,GO:0071107,response to parathyroid hormone,3,Compara
IEA,GO_REF:0000107,GO:0031669,cellular response to nutrient levels,3,Compara
IEA,GO_REF:0000107,GO:0031597,cytosolic proteasome complex,3,Compara
IEA,GO_REF:0000107,GO:0031666,positive regulation of lipopolysaccharide-mediated signaling pathway,3,Compara
IEA,GO_REF:0000107,GO:0032827,negative regulation of natural killer cell differentiation involved in immune response,3,Compara
IEA,GO_REF:0000107,GO:0070273,phosphatidylinositol-4-phosphate binding,3,Compara
IEA,GO_REF:0000107,GO:0071453,cellular response to oxygen levels,3,Compara
IEA,GO_REF:0000107,GO:0033173,calcineurin-NFAT signaling cascade,3,Compara
IEA,GO_REF:0000107,GO:0033685,negative regulation of luteinizing hormone secretion,3,Compara
IEA,GO_REF:0000107,GO:0035925,mRNA 3'-UTR AU-rich region binding,3,Compara
IEA,GO_REF:0000107,GO:1900039,positive regulation of cellular response to hypoxia,3,Compara
IEA,GO_REF:0000107,GO:0000423,mitophagy,3,Compara
IEA,GO_REF:0000107,GO:0001516,prostaglandin biosynthetic process,3,Compara
IEA,GO_REF:0000107,GO:0090651,apical cytoplasm,3,Compara
IEA,GO_REF:0000107,GO:0099626,voltage-gated calcium channel activity involved in regulation of presynaptic cytosolic calcium levels,3,Compara
IEA,GO_REF:0000107,GO:0001827,inner cell mass cell fate commitment,3,Compara
IEA,GO_REF:0000107,GO:0001931,uropod,3,Compara
IEA,GO_REF:0000107,GO:0002040,sprouting angiogenesis,3,Compara
IEA,GO_REF:0000107,GO:0002158,osteoclast proliferation,3,Compara
IEA,GO_REF:0000107,GO:0002230,positive regulation of defense response to virus by host,3,Compara
IEA,GO_REF:0000107,GO:0090402,oncogene-induced cell senescence,3,Compara
IEA,GO_REF:0000107,GO:0072177,mesonephric duct development,3,Compara
IEA,GO_REF:0000107,GO:0098977,inhibitory chemical synaptic transmission,3,Compara
IEA,GO_REF:0000107,GO:0099562,maintenance of postsynaptic density structure,3,Compara
IEA,GO_REF:0000107,GO:0099610,action potential initiation,3,Compara
IEA,GO_REF:0000107,GO:0043653,mitochondrial fragmentation involved in apoptotic process,3,Compara
IEA,GO_REF:0000107,GO:0072164,mesonephric tubule development,3,Compara
IEA,GO_REF:0000107,GO:0043008,ATP-dependent protein binding,3,Compara
IEA,GO_REF:0000107,GO:0072070,loop of Henle development,3,Compara
IEA,GO_REF:0000107,GO:0072006,nephron development,3,Compara
IEA,GO_REF:0000107,GO:0045636,positive regulation of melanocyte differentiation,3,Compara
IEA,GO_REF:0000107,GO:0045824,negative regulation of innate immune response,3,Compara
IEA,GO_REF:0000107,GO:2000045,regulation of G1/S transition of mitotic cell cycle,3,Compara
IEA,GO_REF:0000107,GO:2000491,positive regulation of hepatic stellate cell activation,3,Compara
IEA,GO_REF:0000107,GO:2000736,regulation of stem cell differentiation,3,Compara
IEA,GO_REF:0000107,GO:0071418,cellular response to amine stimulus,3,Compara
IEA,GO_REF:0000107,GO:0071394,cellular response to testosterone stimulus,3,Compara
IEA,GO_REF:0000107,GO:0001836,release of cytochrome c from mitochondria,3,Compara
IEA,GO_REF:0000107,GO:0043408,regulation of MAPK cascade,3,Compara
IEA,GO_REF:0000107,GO:0048294,negative regulation of isotype switching to IgE isotypes,3,Compara
IEA,GO_REF:0000107,GO:0048877,homeostasis of number of retina cells,3,Compara
IEA,GO_REF:0000107,GO:0061621,canonical glycolysis,3,Compara
IEA,GO_REF:0000107,GO:0051653,spindle localization,3,Compara
IEA,GO_REF:0000107,GO:0051964,negative regulation of synapse assembly,3,Compara
IEA,GO_REF:0000107,GO:0060339,negative regulation of type I interferon-mediated signaling pathway,3,Compara
IEA,GO_REF:0000107,GO:0060486,club cell differentiation,3,Compara
IEA,GO_REF:0000107,GO:0022029,telencephalon cell migration,3,Compara
IEA,GO_REF:0000107,GO:0005104,fibroblast growth factor receptor binding,3,Compara
IEA,GO_REF:0000107,GO:0005109,frizzled binding,3,Compara
IEA,GO_REF:0000107,GO:0005164,tumor necrosis factor receptor binding,3,Compara
IEA,GO_REF:0000107,GO:0005525,GTP binding,3,Compara
IEA,GO_REF:0000107,GO:0003350,pulmonary myocardium development,3,Compara
IEA,GO_REF:0000107,GO:0016528,sarcoplasm,3,Compara
IEA,GO_REF:0000107,GO:0010961,intracellular magnesium ion homeostasis,3,Compara
IEA,GO_REF:0000107,GO:1902897,regulation of postsynaptic density protein 95 clustering,3,Compara
IEA,GO_REF:0000107,GO:0061028,establishment of endothelial barrier,3,Compara
IEA,GO_REF:0000107,GO:0006346,DNA methylation-dependent constitutive heterochromatin formation,3,Compara
IEA,GO_REF:0000107,GO:0030301,cholesterol transport,3,Compara
IEA,GO_REF:0000107,GO:0007442,hindgut morphogenesis,3,Compara
IEA,GO_REF:0000107,GO:0007632,visual behavior,3,Compara
IEA,GO_REF:0000107,GO:0022409,positive regulation of cell-cell adhesion,3,Compara
IEA,GO_REF:0000107,GO:0006089,lactate metabolic process,3,Compara
IEA,GO_REF:0000107,GO:0006171,cAMP biosynthetic process,3,Compara
IEA,GO_REF:0000107,GO:0021986,habenula development,3,Compara
IEA,GO_REF:0000107,GO:1901029,negative regulation of mitochondrial outer membrane permeabilization involved in apoptotic signaling pathway,3,Compara
IEA,GO_REF:0000107,GO:0030070,insulin processing,3,Compara
IEA,GO_REF:0000107,GO:0080025,"phosphatidylinositol-3,5-bisphosphate binding",3,Compara
IEA,GO_REF:0000107,GO:0006364,rRNA processing,2,Compara
IEA,GO_REF:0000107,GO:0032732,positive regulation of interleukin-1 production,2,Compara
IEA,GO_REF:0000107,GO:1900745,positive regulation of p38MAPK cascade,2,Compara
IEA,GO_REF:0000107,GO:0002086,diaphragm contraction,2,Compara
IEA,GO_REF:0000107,GO:0097325,melanocyte proliferation,2,Compara
IEA,GO_REF:0000107,GO:0002035,brain renin-angiotensin system,2,Compara
IEA,GO_REF:0000107,GO:0002315,marginal zone B cell differentiation,2,Compara
IEA,GO_REF:0000107,GO:0002540,leukotriene production involved in inflammatory response,2,Compara
IEA,GO_REF:0000107,GO:0002675,positive regulation of acute inflammatory response,2,Compara
IEA,GO_REF:0000107,GO:0002710,negative regulation of T cell mediated immunity,2,Compara
IEA,GO_REF:0000107,GO:0090204,protein localization to nuclear pore,2,Compara
IEA,GO_REF:0000107,GO:0090324,negative regulation of oxidative phosphorylation,2,Compara
IEA,GO_REF:0000107,GO:0098937,anterograde dendritic transport,2,Compara
IEA,GO_REF:0000107,GO:0099527,postsynapse to nucleus signaling pathway,2,Compara
IEA,GO_REF:0000107,GO:0120058,positive regulation of small intestinal transit,2,Compara
IEA,GO_REF:0000107,GO:0120302,background adaptation,2,Compara
IEA,GO_REF:0000107,GO:0042117,monocyte activation,2,Compara
IEA,GO_REF:0000107,GO:0042166,acetylcholine binding,2,Compara
IEA,GO_REF:0000107,GO:0042275,error-free postreplication DNA repair,2,Compara
IEA,GO_REF:0000107,GO:0043320,natural killer cell degranulation,2,Compara
IEA,GO_REF:0000107,GO:0030247,polysaccharide binding,2,Compara
IEA,GO_REF:0000107,GO:0045047,protein targeting to ER,2,Compara
IEA,GO_REF:0000107,GO:0045124,regulation of bone resorption,2,Compara
IEA,GO_REF:0000107,GO:0045621,positive regulation of lymphocyte differentiation,2,Compara
IEA,GO_REF:0000107,GO:0045639,positive regulation of myeloid cell differentiation,2,Compara
IEA,GO_REF:0000107,GO:0045835,negative regulation of meiotic nuclear division,2,Compara
IEA,GO_REF:0000107,GO:0046050,UMP catabolic process,2,Compara
IEA,GO_REF:0000107,GO:0046340,diacylglycerol catabolic process,2,Compara
IEA,GO_REF:0000107,GO:1990026,hippocampal mossy fiber expansion,2,Compara
IEA,GO_REF:0000107,GO:1990414,replication-born double-strand break repair via sister chromatid exchange,2,Compara
IEA,GO_REF:0000107,GO:1990794,basolateral part of cell,2,Compara
IEA,GO_REF:0000107,GO:2000343,positive regulation of chemokine (C-X-C motif) ligand 2 production,2,Compara
IEA,GO_REF:0000107,GO:2000726,negative regulation of cardiac muscle cell differentiation,2,Compara
IEA,GO_REF:0000107,GO:2000786,positive regulation of autophagosome assembly,2,Compara
IEA,GO_REF:0000107,GO:2000810,regulation of bicellular tight junction assembly,2,Compara
IEA,GO_REF:0000107,GO:2000981,negative regulation of inner ear receptor cell differentiation,2,Compara
IEA,GO_REF:0000107,GO:2001013,epithelial cell proliferation involved in renal tubule morphogenesis,2,Compara
IEA,GO_REF:0000107,GO:2001034,positive regulation of double-strand break repair via nonhomologous end joining,2,Compara
IEA,GO_REF:0000107,GO:0048172,regulation of short-term neuronal synaptic plasticity,2,Compara
IEA,GO_REF:0000107,GO:0048333,mesodermal cell differentiation,2,Compara
IEA,GO_REF:0000107,GO:0048499,synaptic vesicle membrane organization,2,Compara
IEA,GO_REF:0000107,GO:0048850,hypophysis morphogenesis,2,Compara
IEA,GO_REF:0000107,GO:0017147,Wnt-protein binding,2,Compara
IEA,GO_REF:0000107,GO:0042645,mitochondrial nucleoid,2,Compara
IEA,GO_REF:0000107,GO:0006833,water transport,2,Compara
IEA,GO_REF:0000107,GO:0061520,Langerhans cell differentiation,2,Compara
IEA,GO_REF:0000107,GO:0050786,RAGE receptor binding,2,Compara
IEA,GO_REF:0000107,GO:0051019,mitogen-activated protein kinase binding,2,Compara
IEA,GO_REF:0000107,GO:0006270,DNA replication initiation,2,Compara
IEA,GO_REF:0000107,GO:0051493,regulation of cytoskeleton organization,2,Compara
IEA,GO_REF:0000107,GO:0051580,regulation of neurotransmitter uptake,2,Compara
IEA,GO_REF:0000107,GO:0051603,proteolysis involved in protein catabolic process,2,Compara
IEA,GO_REF:0000107,GO:0051645,Golgi localization,2,Compara
IEA,GO_REF:0000107,GO:0051660,establishment of centrosome localization,2,Compara
IEA,GO_REF:0000107,GO:0060402,calcium ion transport into cytosol,2,Compara
IEA,GO_REF:0000107,GO:0060434,bronchus morphogenesis,2,Compara
IEA,GO_REF:0000107,GO:0060513,prostatic bud formation,2,Compara
IEA,GO_REF:0000107,GO:0060973,cell migration involved in heart development,2,Compara
IEA,GO_REF:0000107,GO:0004190,aspartic-type endopeptidase activity,2,Compara
IEA,GO_REF:0000107,GO:0004679,AMP-activated protein kinase activity,2,Compara
IEA,GO_REF:0000107,GO:0160025,sensory perception of itch,2,Compara
IEA,GO_REF:0000107,GO:0003017,lymph circulation,2,Compara
IEA,GO_REF:0000107,GO:0003203,endocardial cushion morphogenesis,2,Compara
IEA,GO_REF:0000107,GO:0005004,GPI-linked ephrin receptor activity,2,Compara
IEA,GO_REF:0000107,GO:0140311,protein sequestering activity,2,Compara
IEA,GO_REF:0000107,GO:1905069,allantois development,2,Compara
IEA,GO_REF:0000107,GO:0035368,selenocysteine insertion sequence binding,2,Compara
IEA,GO_REF:0000107,GO:0038138,ERBB4-ERBB4 signaling pathway,2,Compara
IEA,GO_REF:0000107,GO:0038094,Fc-gamma receptor signaling pathway,2,Compara
IEA,GO_REF:0000107,GO:0010817,regulation of hormone levels,2,Compara
IEA,GO_REF:0000107,GO:0010884,positive regulation of lipid storage,2,Compara
IEA,GO_REF:0000107,GO:0014028,notochord formation,2,Compara
IEA,GO_REF:0000107,GO:0014031,mesenchymal cell development,2,Compara
IEA,GO_REF:0000107,GO:0014053,negative regulation of gamma-aminobutyric acid secretion,2,Compara
IEA,GO_REF:0000107,GO:0015705,iodide transport,2,Compara
IEA,GO_REF:0000107,GO:0015723,bilirubin transport,2,Compara
IEA,GO_REF:0000107,GO:0015810,aspartate transmembrane transport,2,Compara
IEA,GO_REF:0000107,GO:0008307,structural constituent of muscle,2,Compara
IEA,GO_REF:0000107,GO:1903849,positive regulation of aorta morphogenesis,2,Compara
IEA,GO_REF:0000107,GO:1903826,L-arginine transmembrane transport,2,Compara
IEA,GO_REF:0000107,GO:0034162,toll-like receptor 9 signaling pathway,2,Compara
IEA,GO_REF:0000107,GO:0033689,negative regulation of osteoblast proliferation,2,Compara
IEA,GO_REF:0000107,GO:0006903,vesicle targeting,2,Compara
IEA,GO_REF:0000107,GO:0010226,response to lithium ion,2,Compara
IEA,GO_REF:0000107,GO:0072563,endothelial microparticle,2,Compara
IEA,GO_REF:0000107,GO:0008594,photoreceptor cell morphogenesis,2,Compara
IEA,GO_REF:0000107,GO:0008628,hormone-mediated apoptotic signaling pathway,2,Compara
IEA,GO_REF:0000107,GO:1902110,positive regulation of mitochondrial membrane permeability involved in apoptotic process,2,Compara
IEA,GO_REF:0000107,GO:1902238,regulation of intrinsic apoptotic signaling pathway in response to osmotic stress by p53 class mediator,2,Compara
IEA,GO_REF:0000107,GO:0019725,cellular homeostasis,2,Compara
IEA,GO_REF:0000107,GO:0030162,regulation of proteolysis,2,Compara
IEA,GO_REF:0000107,GO:0030478,actin cap,2,Compara
IEA,GO_REF:0000107,GO:0021526,medial motor column neuron differentiation,2,Compara
IEA,GO_REF:0000107,GO:0021535,cell migration in hindbrain,2,Compara
IEA,GO_REF:0000107,GO:0021722,superior olivary nucleus maturation,2,Compara
IEA,GO_REF:0000107,GO:0021800,cerebral cortex tangential migration,2,Compara
IEA,GO_REF:0000107,GO:0021852,pyramidal neuron migration to cerebral cortex,2,Compara
IEA,GO_REF:0000107,GO:0021885,forebrain cell migration,2,Compara
IEA,GO_REF:0000107,GO:0071813,lipoprotein particle binding,2,Compara
IEA,GO_REF:0000107,GO:0031687,A2A adenosine receptor binding,2,Compara
IEA,GO_REF:0000107,GO:0032226,"positive regulation of synaptic transmission, dopaminergic",2,Compara
IEA,GO_REF:0000107,GO:0032259,methylation,2,Compara
IEA,GO_REF:0000107,GO:0071585,detoxification of cadmium ion,2,Compara
IEA,GO_REF:0000107,GO:0032528,microvillus organization,2,Compara
IEA,GO_REF:0000107,GO:0032736,positive regulation of interleukin-13 production,2,Compara
IEA,GO_REF:0000107,GO:0032916,positive regulation of transforming growth factor beta3 production,2,Compara
IEA,GO_REF:0000107,GO:0070051,fibrinogen binding,2,Compara
IEA,GO_REF:0000107,GO:0070341,fat cell proliferation,2,Compara
IEA,GO_REF:0000107,GO:0070573,metallodipeptidase activity,2,Compara
IEA,GO_REF:0000107,GO:0071621,granulocyte chemotaxis,2,Compara
IEA,GO_REF:0000107,GO:0071918,urea transmembrane transport,2,Compara
IEA,GO_REF:0000107,GO:0071941,nitrogen cycle metabolic process,2,Compara
IEA,GO_REF:0000107,GO:0071965,multicellular organismal locomotion,2,Compara
IEA,GO_REF:0000107,GO:0072033,renal vesicle formation,2,Compara
IEA,GO_REF:0000107,GO:0072181,mesonephric duct formation,2,Compara
IEA,GO_REF:0000107,GO:0072284,metanephric S-shaped body morphogenesis,2,Compara
IEA,GO_REF:0000107,GO:0072675,osteoclast fusion,2,Compara
IEA,GO_REF:0000107,GO:0034711,inhibin binding,2,Compara
IEA,GO_REF:0000107,GO:0033026,negative regulation of mast cell apoptotic process,2,Compara
IEA,GO_REF:0000107,GO:0033326,cerebrospinal fluid secretion,2,Compara
IEA,GO_REF:0000107,GO:0033552,response to vitamin B3,2,Compara
IEA,GO_REF:0000107,GO:0036159,inner dynein arm assembly,2,Compara
IEA,GO_REF:0000107,GO:0036175,"ribonucleoside-diphosphate reductase activity, glutaredoxin disulfide as acceptor",2,Compara
IEA,GO_REF:0000107,GO:0036335,intestinal stem cell homeostasis,2,Compara
IEA,GO_REF:0000107,GO:0038145,macrophage colony-stimulating factor signaling pathway,2,Compara
IEA,GO_REF:0000107,GO:1902952,positive regulation of dendritic spine maintenance,2,Compara
IEA,GO_REF:0000107,GO:0140677,molecular function activator activity,2,Compara
IEA,GO_REF:0000107,GO:1900038,negative regulation of cellular response to hypoxia,2,Compara
IEA,GO_REF:0000107,GO:0000722,telomere maintenance via recombination,2,Compara
IEA,GO_REF:0000107,GO:0002091,negative regulation of receptor internalization,2,Compara
IEA,GO_REF:0000107,GO:0097345,mitochondrial outer membrane permeabilization,2,Compara
IEA,GO_REF:0000107,GO:0006309,apoptotic DNA fragmentation,2,Compara
IEA,GO_REF:0000107,GO:0032794,GTPase activating protein binding,2,Compara
IEA,GO_REF:0000107,GO:0007021,tubulin complex assembly,2,Compara
IEA,GO_REF:0000107,GO:0015734,taurine transmembrane transport,2,Compara
IEA,GO_REF:0000107,GO:0032473,cytoplasmic side of mitochondrial outer membrane,2,Compara
IEA,GO_REF:0000107,GO:0032341,aldosterone metabolic process,2,Compara
IEA,GO_REF:0000107,GO:0000805,X chromosome,2,Compara
IEA,GO_REF:0000107,GO:0001573,ganglioside metabolic process,2,Compara
IEA,GO_REF:0000107,GO:0001866,NK T cell proliferation,2,Compara
IEA,GO_REF:0000107,GO:0002333,transitional one stage B cell differentiation,2,Compara
IEA,GO_REF:0000107,GO:0002720,positive regulation of cytokine production involved in immune response,2,Compara
IEA,GO_REF:0000107,GO:0097451,glial limiting end-foot,2,Compara
IEA,GO_REF:0000107,GO:0098544,maintenance of protein complex location,2,Compara
IEA,GO_REF:0000107,GO:0098908,regulation of neuronal action potential,2,Compara
IEA,GO_REF:0000107,GO:0098957,anterograde axonal transport of mitochondrion,2,Compara
IEA,GO_REF:0000107,GO:0106070,regulation of adenylate cyclase-activating G protein-coupled receptor signaling pathway,2,Compara
IEA,GO_REF:0000107,GO:0014707,branchiomeric skeletal muscle development,2,Compara
IEA,GO_REF:0000107,GO:0014050,negative regulation of glutamate secretion,2,Compara
IEA,GO_REF:0000107,GO:0014046,dopamine secretion,2,Compara
IEA,GO_REF:0000107,GO:0042629,mast cell granule,2,Compara
IEA,GO_REF:0000107,GO:0043030,regulation of macrophage activation,2,Compara
IEA,GO_REF:0000107,GO:0014014,negative regulation of gliogenesis,2,Compara
IEA,GO_REF:0000107,GO:0043372,"positive regulation of CD4-positive, alpha-beta T cell differentiation",2,Compara
IEA,GO_REF:0000107,GO:0044091,membrane biogenesis,2,Compara
IEA,GO_REF:0000107,GO:0030274,LIM domain binding,2,Compara
IEA,GO_REF:0000107,GO:2000120,positive regulation of sodium-dependent phosphate transport,2,Compara
IEA,GO_REF:0000107,GO:2000278,regulation of DNA biosynthetic process,2,Compara
IEA,GO_REF:0000107,GO:0048007,"antigen processing and presentation, exogenous lipid antigen via MHC class Ib",2,Compara
IEA,GO_REF:0000107,GO:0046825,regulation of protein export from nucleus,2,Compara
IEA,GO_REF:0000107,GO:0047497,mitochondrion transport along microtubule,2,Compara
IEA,GO_REF:0000107,GO:0048320,axial mesoderm formation,2,Compara
IEA,GO_REF:0000107,GO:0048489,synaptic vesicle transport,2,Compara
IEA,GO_REF:0000107,GO:0061371,determination of heart left/right asymmetry,2,Compara
IEA,GO_REF:0000107,GO:0061624,fructose catabolic process to hydroxyacetone phosphate and glyceraldehyde-3-phosphate,2,Compara
IEA,GO_REF:0000107,GO:0050654,chondroitin sulfate proteoglycan metabolic process,2,Compara
IEA,GO_REF:0000107,GO:0050968,detection of chemical stimulus involved in sensory perception of pain,2,Compara
IEA,GO_REF:0000107,GO:0050996,positive regulation of lipid catabolic process,2,Compara
IEA,GO_REF:0000107,GO:0051055,negative regulation of lipid biosynthetic process,2,Compara
IEA,GO_REF:0000107,GO:0051290,protein heterotetramerization,2,Compara
IEA,GO_REF:0000107,GO:0052923,all-trans-nonaprenyl-diphosphate synthase (geranyl-diphosphate specific) activity,2,Compara
IEA,GO_REF:0000107,GO:0021985,neurohypophysis development,2,Compara
IEA,GO_REF:0000107,GO:0061000,negative regulation of dendritic spine development,2,Compara
IEA,GO_REF:0000107,GO:0061002,negative regulation of dendritic spine morphogenesis,2,Compara
IEA,GO_REF:0000107,GO:0003422,growth plate cartilage morphogenesis,2,Compara
IEA,GO_REF:0000107,GO:0032045,guanyl-nucleotide exchange factor complex,2,Compara
IEA,GO_REF:0000107,GO:0001778,plasma membrane repair,2,Compara
IEA,GO_REF:0000107,GO:0021546,rhombomere development,2,Compara
IEA,GO_REF:0000107,GO:0060091,kinocilium,2,Compara
IEA,GO_REF:0000107,GO:0072757,cellular response to camptothecin,2,Compara
IEA,GO_REF:0000107,GO:0032434,regulation of proteasomal ubiquitin-dependent protein catabolic process,2,Compara
IEA,GO_REF:0000107,GO:0002904,positive regulation of B cell apoptotic process,2,Compara
IEA,GO_REF:0000107,GO:0003254,regulation of membrane depolarization,2,Compara
IEA,GO_REF:0000107,GO:0003344,pericardium morphogenesis,2,Compara
IEA,GO_REF:0000107,GO:0003358,noradrenergic neuron development,2,Compara
IEA,GO_REF:0000107,GO:0003846,2-acylglycerol O-acyltransferase activity,2,Compara
IEA,GO_REF:0000107,GO:0017134,fibroblast growth factor binding,2,Compara
IEA,GO_REF:0000107,GO:1904389,rod bipolar cell differentiation,2,Compara
IEA,GO_REF:0000107,GO:1905312,positive regulation of cardiac neural crest cell migration involved in outflow tract morphogenesis,2,Compara
IEA,GO_REF:0000107,GO:1905539,regulation of postsynapse to nucleus signaling pathway,2,Compara
IEA,GO_REF:0000107,GO:1905671,regulation of lysosome organization,2,Compara
IEA,GO_REF:0000107,GO:0010818,T cell chemotaxis,2,Compara
IEA,GO_REF:0000107,GO:0014041,regulation of neuron maturation,2,Compara
IEA,GO_REF:0000107,GO:0016036,cellular response to phosphate starvation,2,Compara
IEA,GO_REF:0000107,GO:0016188,synaptic vesicle maturation,2,Compara
IEA,GO_REF:0000107,GO:1903348,positive regulation of bicellular tight junction assembly,2,Compara
IEA,GO_REF:0000107,GO:1903378,positive regulation of oxidative stress-induced neuron intrinsic apoptotic signaling pathway,2,Compara
IEA,GO_REF:0000107,GO:1903828,negative regulation of protein localization,2,Compara
IEA,GO_REF:0000107,GO:0030421,defecation,2,Compara
IEA,GO_REF:0000107,GO:0006664,glycolipid metabolic process,2,Compara
IEA,GO_REF:0000107,GO:0006808,regulation of nitrogen utilization,2,Compara
IEA,GO_REF:0000107,GO:0006509,membrane protein ectodomain proteolysis,2,Compara
IEA,GO_REF:0000107,GO:0009649,entrainment of circadian clock,2,Compara
IEA,GO_REF:0000107,GO:0005856,cytoskeleton,2,Compara
IEA,GO_REF:0000107,GO:0030061,mitochondrial crista,2,Compara
IEA,GO_REF:0000107,GO:0006970,response to osmotic stress,2,Compara
IEA,GO_REF:0000107,GO:0007263,nitric oxide mediated signal transduction,2,Compara
IEA,GO_REF:0000107,GO:1902037,negative regulation of hematopoietic stem cell differentiation,2,Compara
IEA,GO_REF:0000107,GO:1902219,negative regulation of intrinsic apoptotic signaling pathway in response to osmotic stress,2,Compara
IEA,GO_REF:0000107,GO:0019884,antigen processing and presentation of exogenous antigen,2,Compara
IEA,GO_REF:0000107,GO:0030122,AP-2 adaptor complex,2,Compara
IEA,GO_REF:0000107,GO:0071168,protein localization to chromatin,2,Compara
IEA,GO_REF:0000107,GO:0019550,L-glutamate catabolic process to aspartate,2,Compara
IEA,GO_REF:0000107,GO:0021628,olfactory nerve formation,2,Compara
IEA,GO_REF:0000107,GO:0021750,vestibular nucleus development,2,Compara
IEA,GO_REF:0000107,GO:1904956,regulation of midbrain dopaminergic neuron differentiation,2,Compara
IEA,GO_REF:0000107,GO:0032873,negative regulation of stress-activated MAPK cascade,2,Compara
IEA,GO_REF:0000107,GO:0032929,negative regulation of superoxide anion generation,2,Compara
IEA,GO_REF:0000107,GO:0070268,cornification,2,Compara
IEA,GO_REF:0000107,GO:0070562,regulation of vitamin D receptor signaling pathway,2,Compara
IEA,GO_REF:0000107,GO:0071604,transforming growth factor beta production,2,Compara
IEA,GO_REF:0000107,GO:0072079,nephron tubule formation,2,Compara
IEA,GO_REF:0000107,GO:0072134,nephrogenic mesenchyme morphogenesis,2,Compara
IEA,GO_REF:0000107,GO:0033590,response to cobalamin,2,Compara
IEA,GO_REF:0000107,GO:0033599,regulation of mammary gland epithelial cell proliferation,2,Compara
IEA,GO_REF:0000107,GO:0035112,genitalia morphogenesis,2,Compara
IEA,GO_REF:0000107,GO:0033092,positive regulation of immature T cell proliferation in thymus,2,Compara
IEA,GO_REF:0000107,GO:0033273,response to vitamin,2,Compara
IEA,GO_REF:0000107,GO:0035282,segmentation,2,Compara
IEA,GO_REF:0000107,GO:0035545,determination of left/right asymmetry in nervous system,2,Compara
IEA,GO_REF:0000107,GO:0035815,positive regulation of renal sodium excretion,2,Compara
IEA,GO_REF:0000107,GO:0150036,"regulation of trans-synaptic signaling by endocannabinoid, modulating synaptic transmission",2,Compara
IEA,GO_REF:0000107,GO:1900454,positive regulation of long-term synaptic depression,2,Compara
IEA,GO_REF:0000107,GO:1904681,response to 3-methylcholanthrene,2,Compara
IEA,GO_REF:0000107,GO:0002096,polkadots,2,Compara
IEA,GO_REF:0000107,GO:0002432,granuloma formation,2,Compara
IEA,GO_REF:0000107,GO:0002507,tolerance induction,2,Compara
IEA,GO_REF:0000107,GO:0097442,CA3 pyramidal cell dendrite,2,Compara
IEA,GO_REF:0000107,GO:0106015,negative regulation of inflammatory response to wounding,2,Compara
IEA,GO_REF:0000107,GO:0001880,Mullerian duct regression,2,Compara
IEA,GO_REF:0000107,GO:0001923,B-1 B cell differentiation,2,Compara
IEA,GO_REF:0000107,GO:0002031,G protein-coupled receptor internalization,2,Compara
IEA,GO_REF:0000107,GO:0006739,NADP+ metabolic process,2,Compara
IEA,GO_REF:0000107,GO:0002291,T cell activation via T cell receptor contact with antigen bound to MHC molecule on antigen presenting cell,2,Compara
IEA,GO_REF:0000107,GO:0090245,axis elongation involved in somitogenesis,2,Compara
IEA,GO_REF:0000107,GO:0090316,positive regulation of intracellular protein transport,2,Compara
IEA,GO_REF:0000107,GO:0097453,mesaxon,2,Compara
IEA,GO_REF:0000107,GO:0099505,regulation of presynaptic membrane potential,2,Compara
IEA,GO_REF:0000107,GO:0006740,NADPH regeneration,2,Compara
IEA,GO_REF:0000107,GO:0042760,very long-chain fatty acid catabolic process,2,Compara
IEA,GO_REF:0000107,GO:0042770,signal transduction in response to DNA damage,2,Compara
IEA,GO_REF:0000107,GO:0043932,ossification involved in bone remodeling,2,Compara
IEA,GO_REF:0000107,GO:0044209,AMP salvage,2,Compara
IEA,GO_REF:0000107,GO:0042309,homoiothermy,2,Compara
IEA,GO_REF:0000107,GO:0042481,regulation of odontogenesis,2,Compara
IEA,GO_REF:0000107,GO:0042866,pyruvate biosynthetic process,2,Compara
IEA,GO_REF:0000107,GO:0009437,carnitine metabolic process,2,Compara
IEA,GO_REF:0000107,GO:0045347,negative regulation of MHC class II biosynthetic process,2,Compara
IEA,GO_REF:0000107,GO:0046166,glyceraldehyde-3-phosphate biosynthetic process,2,Compara
IEA,GO_REF:0000107,GO:0046548,retinal rod cell development,2,Compara
IEA,GO_REF:0000107,GO:1990790,response to glial cell derived neurotrophic factor,2,Compara
IEA,GO_REF:0000107,GO:0032154,cleavage furrow,2,Compara
IEA,GO_REF:0000107,GO:0003329,pancreatic PP cell fate commitment,2,Compara
IEA,GO_REF:0000107,GO:0003209,cardiac atrium morphogenesis,2,Compara
IEA,GO_REF:0000107,GO:1990837,sequence-specific double-stranded DNA binding,2,Compara
IEA,GO_REF:0000107,GO:0008356,asymmetric cell division,2,Compara
IEA,GO_REF:0000107,GO:0008177,succinate dehydrogenase (quinone) activity,2,Compara
IEA,GO_REF:0000107,GO:0008154,actin polymerization or depolymerization,2,Compara
IEA,GO_REF:0000107,GO:2000121,regulation of removal of superoxide radicals,2,Compara
IEA,GO_REF:0000107,GO:2000369,regulation of clathrin-dependent endocytosis,2,Compara
IEA,GO_REF:0000107,GO:0046889,positive regulation of lipid biosynthetic process,2,Compara
IEA,GO_REF:0000107,GO:0046826,negative regulation of protein export from nucleus,2,Compara
IEA,GO_REF:0000107,GO:0003138,primary heart field specification,2,Compara
IEA,GO_REF:0000107,GO:0048145,regulation of fibroblast proliferation,2,Compara
IEA,GO_REF:0000107,GO:0048619,embryonic hindgut morphogenesis,2,Compara
IEA,GO_REF:0000107,GO:0048713,regulation of oligodendrocyte differentiation,2,Compara
IEA,GO_REF:0000107,GO:0055009,atrial cardiac muscle tissue morphogenesis,2,Compara
IEA,GO_REF:0000107,GO:0007635,chemosensory behavior,2,Compara
IEA,GO_REF:0000107,GO:0061357,positive regulation of Wnt protein secretion,2,Compara
IEA,GO_REF:0000107,GO:0051445,regulation of meiotic cell cycle,2,Compara
IEA,GO_REF:0000107,GO:0060058,positive regulation of apoptotic process involved in mammary gland involution,2,Compara
IEA,GO_REF:0000107,GO:0060073,micturition,2,Compara
IEA,GO_REF:0000107,GO:0060187,cell pole,2,Compara
IEA,GO_REF:0000107,GO:0060392,negative regulation of SMAD protein signal transduction,2,Compara
IEA,GO_REF:0000107,GO:0060437,lung growth,2,Compara
IEA,GO_REF:0000107,GO:0060481,lobar bronchus epithelium development,2,Compara
IEA,GO_REF:0000107,GO:0060685,regulation of prostatic bud formation,2,Compara
IEA,GO_REF:0000107,GO:0061030,epithelial cell differentiation involved in mammary gland alveolus development,2,Compara
IEA,GO_REF:0000107,GO:0061145,lung smooth muscle development,2,Compara
IEA,GO_REF:0000107,GO:0061146,Peyer's patch morphogenesis,2,Compara
IEA,GO_REF:0000107,GO:0061153,trachea gland development,2,Compara
IEA,GO_REF:0000107,GO:0061326,renal tubule development,2,Compara
IEA,GO_REF:0000107,GO:0005652,nuclear lamina,2,Compara
IEA,GO_REF:0000107,GO:0005159,insulin-like growth factor receptor binding,2,Compara
IEA,GO_REF:0000107,GO:0002826,negative regulation of T-helper 1 type immune response,2,Compara
IEA,GO_REF:0000107,GO:0006825,copper ion transport,2,Compara
IEA,GO_REF:0000107,GO:1904339,negative regulation of dopaminergic neuron differentiation,2,Compara
IEA,GO_REF:0000107,GO:1904580,regulation of intracellular mRNA localization,2,Compara
IEA,GO_REF:0000107,GO:1904738,vascular associated smooth muscle cell migration,2,Compara
IEA,GO_REF:0000107,GO:0015271,outward rectifier potassium channel activity,2,Compara
IEA,GO_REF:0000107,GO:0006693,prostaglandin metabolic process,2,Compara
IEA,GO_REF:0000107,GO:0017098,sulfonylurea receptor binding,2,Compara
IEA,GO_REF:0000107,GO:0010266,response to vitamin B1,2,Compara
IEA,GO_REF:0000107,GO:0010760,negative regulation of macrophage chemotaxis,2,Compara
IEA,GO_REF:0000107,GO:0005334,norepinephrine:sodium symporter activity,2,Compara
IEA,GO_REF:0000107,GO:0005216,monoatomic ion channel activity,2,Compara
IEA,GO_REF:0000107,GO:0046661,male sex differentiation,2,Compara
IEA,GO_REF:0000107,GO:0006638,neutral lipid metabolic process,2,Compara
IEA,GO_REF:0000107,GO:0055117,regulation of cardiac muscle contraction,2,Compara
IEA,GO_REF:0000107,GO:0005811,lipid droplet,2,Compara
IEA,GO_REF:0000107,GO:0005536,D-glucose binding,2,Compara
IEA,GO_REF:0000107,GO:0016936,galactoside binding,2,Compara
IEA,GO_REF:0000107,GO:0006851,mitochondrial calcium ion transmembrane transport,2,Compara
IEA,GO_REF:0000107,GO:1904058,positive regulation of sensory perception of pain,2,Compara
IEA,GO_REF:0000107,GO:0008228,opsonization,2,Compara
IEA,GO_REF:0000107,GO:0010225,response to UV-C,2,Compara
IEA,GO_REF:0000107,GO:0006020,inositol metabolic process,2,Compara
IEA,GO_REF:0000107,GO:0006103,2-oxoglutarate metabolic process,2,Compara
IEA,GO_REF:0000107,GO:0006177,GMP biosynthetic process,2,Compara
IEA,GO_REF:0000107,GO:0006550,L-isoleucine catabolic process,2,Compara
IEA,GO_REF:0000107,GO:0016236,macroautophagy,2,Compara
IEA,GO_REF:0000107,GO:1902631,negative regulation of membrane hyperpolarization,2,Compara
IEA,GO_REF:0000107,GO:0007096,regulation of exit from mitosis,2,Compara
IEA,GO_REF:0000107,GO:0022617,extracellular matrix disassembly,2,Compara
IEA,GO_REF:0000107,GO:0030098,lymphocyte differentiation,2,Compara
IEA,GO_REF:0000107,GO:0030947,regulation of vascular endothelial growth factor receptor signaling pathway,2,Compara
IEA,GO_REF:0000107,GO:0031113,regulation of microtubule polymerization,2,Compara
IEA,GO_REF:0000107,GO:0031115,negative regulation of microtubule polymerization,2,Compara
IEA,GO_REF:0000107,GO:0021525,lateral motor column neuron differentiation,2,Compara
IEA,GO_REF:0000107,GO:0061309,cardiac neural crest cell development involved in outflow tract morphogenesis,2,Compara
IEA,GO_REF:0000107,GO:0021801,cerebral cortex radial glia-guided migration,2,Compara
IEA,GO_REF:0000107,GO:0021941,negative regulation of cerebellar granule cell precursor proliferation,2,Compara
IEA,GO_REF:0000107,GO:0021942,radial glia guided migration of Purkinje cell,2,Compara
IEA,GO_REF:0000107,GO:0030200,heparan sulfate proteoglycan catabolic process,2,Compara
IEA,GO_REF:0000107,GO:0061156,pulmonary artery morphogenesis,2,Compara
IEA,GO_REF:0000107,GO:0030659,cytoplasmic vesicle membrane,2,Compara
IEA,GO_REF:0000107,GO:0032471,negative regulation of endoplasmic reticulum calcium ion concentration,2,Compara
IEA,GO_REF:0000107,GO:0032696,negative regulation of interleukin-13 production,2,Compara
IEA,GO_REF:0000107,GO:0032836,glomerular basement membrane development,2,Compara
IEA,GO_REF:0000107,GO:0032964,collagen biosynthetic process,2,Compara
IEA,GO_REF:0000107,GO:0071371,cellular response to gonadotropin stimulus,2,Compara
IEA,GO_REF:0000107,GO:0071439,clathrin complex,2,Compara
IEA,GO_REF:0000107,GO:0071532,ankyrin repeat binding,2,Compara
IEA,GO_REF:0000107,GO:0071707,immunoglobulin heavy chain V-D-J recombination,2,Compara
IEA,GO_REF:0000107,GO:0071874,cellular response to norepinephrine stimulus,2,Compara
IEA,GO_REF:0000107,GO:0072046,establishment of planar polarity involved in nephron morphogenesis,2,Compara
IEA,GO_REF:0000107,GO:0010992,ubiquitin recycling,2,Compara
IEA,GO_REF:0000107,GO:0010310,regulation of hydrogen peroxide metabolic process,2,Compara
IEA,GO_REF:0000107,GO:0034447,very-low-density lipoprotein particle clearance,2,Compara
IEA,GO_REF:0000107,GO:0035924,cellular response to vascular endothelial growth factor stimulus,2,Compara
IEA,GO_REF:0000107,GO:0036119,response to platelet-derived growth factor,2,Compara
IEA,GO_REF:0000107,GO:0038134,ERBB2-EGFR signaling pathway,2,Compara
IEA,GO_REF:0000107,GO:0140412,zinc:bicarbonate symporter activity,2,Compara
IEA,GO_REF:0000107,GO:0141162,negative regulation of cAMP/PKA signal transduction,2,Compara
IEA,GO_REF:0000107,GO:1900029,positive regulation of ruffle assembly,2,Compara
IEA,GO_REF:0000107,GO:1900924,negative regulation of glycine import across plasma membrane,2,Compara
IEA,GO_REF:0000107,GO:0016482,cytosolic transport,2,Compara
IEA,GO_REF:0000107,GO:0097411,hypoxia-inducible factor-1alpha signaling pathway,2,Compara
IEA,GO_REF:0000107,GO:0140031,phosphorylation-dependent protein binding,2,Compara
IEA,GO_REF:0000107,GO:0014910,regulation of smooth muscle cell migration,2,Compara
IEA,GO_REF:0000107,GO:0002692,negative regulation of cellular extravasation,2,Compara
IEA,GO_REF:0000107,GO:0090152,establishment of protein localization to mitochondrial membrane involved in mitochondrial fission,2,Compara
IEA,GO_REF:0000107,GO:0090272,negative regulation of fibroblast growth factor production,2,Compara
IEA,GO_REF:0000107,GO:0097061,dendritic spine organization,2,Compara
IEA,GO_REF:0000107,GO:0097067,cellular response to thyroid hormone stimulus,2,Compara
IEA,GO_REF:0000107,GO:0014912,negative regulation of smooth muscle cell migration,2,Compara
IEA,GO_REF:0000107,GO:0060460,left lung morphogenesis,2,Compara
IEA,GO_REF:0000107,GO:0043652,engulfment of apoptotic cell,2,Compara
IEA,GO_REF:0000107,GO:0060443,mammary gland morphogenesis,2,Compara
IEA,GO_REF:0000107,GO:0040040,thermosensory behavior,2,Compara
IEA,GO_REF:0000107,GO:0042059,negative regulation of epidermal growth factor receptor signaling pathway,2,Compara
IEA,GO_REF:0000107,GO:0043369,"CD4-positive or CD8-positive, alpha-beta T cell lineage commitment",2,Compara
IEA,GO_REF:0000107,GO:0043522,leucine zipper domain binding,2,Compara
IEA,GO_REF:0000107,GO:0045654,positive regulation of megakaryocyte differentiation,2,Compara
IEA,GO_REF:0000107,GO:0045661,regulation of myoblast differentiation,2,Compara
IEA,GO_REF:0000107,GO:0045821,positive regulation of glycolytic process,2,Compara
IEA,GO_REF:0000107,GO:0046058,cAMP metabolic process,2,Compara
IEA,GO_REF:0000107,GO:0046059,dAMP catabolic process,2,Compara
IEA,GO_REF:0000107,GO:1905461,positive regulation of vascular associated smooth muscle cell apoptotic process,2,Compara
IEA,GO_REF:0000107,GO:1990268,response to gold nanoparticle,2,Compara
IEA,GO_REF:0000107,GO:1990447,U2 snRNP binding,2,Compara
IEA,GO_REF:0000107,GO:2000001,regulation of DNA damage checkpoint,2,Compara
IEA,GO_REF:0000107,GO:2000850,negative regulation of glucocorticoid secretion,2,Compara
IEA,GO_REF:0000107,GO:0048697,positive regulation of collateral sprouting in absence of injury,2,Compara
IEA,GO_REF:0000107,GO:0048842,positive regulation of axon extension involved in axon guidance,2,Compara
IEA,GO_REF:0000107,GO:1905037,autophagosome organization,2,Compara
IEA,GO_REF:0000107,GO:1904835,dorsal root ganglion morphogenesis,2,Compara
IEA,GO_REF:0000107,GO:1904694,negative regulation of vascular associated smooth muscle contraction,2,Compara
IEA,GO_REF:0000107,GO:0050994,regulation of lipid catabolic process,2,Compara
IEA,GO_REF:0000107,GO:0051457,maintenance of protein location in nucleus,2,Compara
IEA,GO_REF:0000107,GO:0060066,oviduct development,2,Compara
IEA,GO_REF:0000107,GO:0060535,trachea cartilage morphogenesis,2,Compara
IEA,GO_REF:0000107,GO:0061073,ciliary body morphogenesis,2,Compara
IEA,GO_REF:0000107,GO:0003309,type B pancreatic cell differentiation,2,Compara
IEA,GO_REF:0000107,GO:0003326,pancreatic A cell fate commitment,2,Compara
IEA,GO_REF:0000107,GO:0003342,proepicardium development,2,Compara
IEA,GO_REF:0000107,GO:1904377,positive regulation of protein localization to cell periphery,2,Compara
IEA,GO_REF:0000107,GO:1904881,cellular response to hydrogen sulfide,2,Compara
IEA,GO_REF:0000107,GO:0016600,flotillin complex,2,Compara
IEA,GO_REF:0000107,GO:0010837,regulation of keratinocyte proliferation,2,Compara
IEA,GO_REF:0000107,GO:0014042,positive regulation of neuron maturation,2,Compara
IEA,GO_REF:0000107,GO:1903243,negative regulation of cardiac muscle hypertrophy in response to stress,2,Compara
IEA,GO_REF:0000107,GO:1903935,response to sodium arsenite,2,Compara
IEA,GO_REF:0000107,GO:1904117,cellular response to vasopressin,2,Compara
IEA,GO_REF:0000107,GO:0060126,somatotropin secreting cell differentiation,2,Compara
IEA,GO_REF:0000107,GO:0006821,chloride transport,2,Compara
IEA,GO_REF:0000107,GO:0008089,anterograde axonal transport,2,Compara
IEA,GO_REF:0000107,GO:0003431,growth plate cartilage chondrocyte development,2,Compara
IEA,GO_REF:0000107,GO:0009644,response to high light intensity,2,Compara
IEA,GO_REF:0000107,GO:0061055,myotome development,2,Compara
IEA,GO_REF:0000107,GO:0005981,regulation of glycogen catabolic process,2,Compara
IEA,GO_REF:0000107,GO:0007354,"zygotic determination of anterior/posterior axis, embryo",2,Compara
IEA,GO_REF:0000107,GO:0007431,salivary gland development,2,Compara
IEA,GO_REF:0000107,GO:0008595,"anterior/posterior axis specification, embryo",2,Compara
IEA,GO_REF:0000107,GO:0010041,response to iron(III) ion,2,Compara
IEA,GO_REF:0000107,GO:1901532,regulation of hematopoietic progenitor cell differentiation,2,Compara
IEA,GO_REF:0000107,GO:1901696,cannabinoid biosynthetic process,2,Compara
IEA,GO_REF:0000107,GO:1902109,negative regulation of mitochondrial membrane permeability involved in apoptotic process,2,Compara
IEA,GO_REF:0000107,GO:1902728,positive regulation of growth factor dependent skeletal muscle satellite cell proliferation,2,Compara
IEA,GO_REF:0000107,GO:0060998,regulation of dendritic spine development,2,Compara
IEA,GO_REF:0000107,GO:0060914,heart formation,2,Compara
IEA,GO_REF:0000107,GO:0031334,positive regulation of protein-containing complex assembly,2,Compara
IEA,GO_REF:0000107,GO:0060903,positive regulation of meiosis I,2,Compara
IEA,GO_REF:0000107,GO:0021514,ventral spinal cord interneuron differentiation,2,Compara
IEA,GO_REF:0000107,GO:0021570,rhombomere 4 development,2,Compara
IEA,GO_REF:0000107,GO:0021691,cerebellar Purkinje cell layer maturation,2,Compara
IEA,GO_REF:0000107,GO:0021934,hindbrain tangential cell migration,2,Compara
IEA,GO_REF:0000107,GO:0031005,filamin binding,2,Compara
IEA,GO_REF:0000107,GO:0031547,brain-derived neurotrophic factor receptor signaling pathway,2,Compara
IEA,GO_REF:0000107,GO:0031571,mitotic G1 DNA damage checkpoint signaling,2,Compara
IEA,GO_REF:0000107,GO:0032252,secretory granule localization,2,Compara
IEA,GO_REF:0000107,GO:0032649,regulation of type II interferon production,2,Compara
IEA,GO_REF:0000107,GO:0032849,positive regulation of cellular pH reduction,2,Compara
IEA,GO_REF:0000107,GO:0062028,regulation of stress granule assembly,2,Compara
IEA,GO_REF:0000107,GO:0070936,protein K48-linked ubiquitination,2,Compara
IEA,GO_REF:0000107,GO:0071386,cellular response to corticosterone stimulus,2,Compara
IEA,GO_REF:0000107,GO:0071878,negative regulation of adenylate cyclase-activating adrenergic receptor signaling pathway,2,Compara
IEA,GO_REF:0000107,GO:0072203,cell proliferation involved in metanephros development,2,Compara
IEA,GO_REF:0000107,GO:0086080,protein binding involved in heterotypic cell-cell adhesion,2,Compara
IEA,GO_REF:0000107,GO:0033151,V(D)J recombination,2,Compara
IEA,GO_REF:0000107,GO:0033206,meiotic cytokinesis,2,Compara
IEA,GO_REF:0000107,GO:0060369,positive regulation of Fc receptor mediated stimulatory signaling pathway,2,Compara
IEA,GO_REF:0000107,GO:0033004,negative regulation of mast cell activation,2,Compara
IEA,GO_REF:0000107,GO:0033962,P-body assembly,2,Compara
IEA,GO_REF:0000107,GO:0035425,autocrine signaling,2,Compara
IEA,GO_REF:0000107,GO:0035473,lipase binding,2,Compara
IEA,GO_REF:0000107,GO:0036195,muscle cell projection membrane,2,Compara
IEA,GO_REF:0000107,GO:0036435,K48-linked polyubiquitin modification-dependent protein binding,2,Compara
IEA,GO_REF:0000107,GO:0060391,positive regulation of SMAD protein signal transduction,2,Compara
IEA,GO_REF:0000107,GO:0000381,"regulation of alternative mRNA splicing, via spliceosome",2,Compara
IEA,GO_REF:0000107,GO:0002455,humoral immune response mediated by circulating immunoglobulin,2,Compara
IEA,GO_REF:0000107,GO:0002481,"antigen processing and presentation of exogenous protein antigen via MHC class Ib, TAP-dependent",2,Compara
IEA,GO_REF:0000107,GO:0090648,response to environmental enrichment,2,Compara
IEA,GO_REF:0000107,GO:0097413,Lewy body,2,Compara
IEA,GO_REF:0000107,GO:0051309,female meiosis chromosome separation,2,Compara
IEA,GO_REF:0000107,GO:0051387,negative regulation of neurotrophin TRK receptor signaling pathway,2,Compara
IEA,GO_REF:0000107,GO:0005871,kinesin complex,2,Compara
IEA,GO_REF:0000107,GO:0051969,regulation of transmission of nerve impulse,2,Compara
IEA,GO_REF:0000107,GO:0051560,mitochondrial calcium ion homeostasis,2,Compara
IEA,GO_REF:0000107,GO:0051549,positive regulation of keratinocyte migration,2,Compara
IEA,GO_REF:0000107,GO:0051430,corticotropin-releasing hormone receptor 1 binding,2,Compara
IEA,GO_REF:0000107,GO:0008270,zinc ion binding,2,Compara
IEA,GO_REF:0000107,GO:0001840,neural plate development,2,Compara
IEA,GO_REF:0000107,GO:0001915,negative regulation of T cell mediated cytotoxicity,2,Compara
IEA,GO_REF:0000107,GO:0002215,defense response to nematode,2,Compara
IEA,GO_REF:0000107,GO:0002251,organ or tissue specific immune response,2,Compara
IEA,GO_REF:0000107,GO:0002536,respiratory burst involved in inflammatory response,2,Compara
IEA,GO_REF:0000107,GO:0090336,positive regulation of brown fat cell differentiation,2,Compara
IEA,GO_REF:0000107,GO:0098576,lumenal side of membrane,2,Compara
IEA,GO_REF:0000107,GO:0050746,regulation of lipoprotein metabolic process,2,Compara
IEA,GO_REF:0000107,GO:0098968,neurotransmitter receptor transport postsynaptic membrane to endosome,2,Compara
IEA,GO_REF:0000107,GO:0098987,"regulation of modification of synapse structure, modulating synaptic transmission",2,Compara
IEA,GO_REF:0000107,GO:0099178,regulation of retrograde trans-synaptic signaling by endocanabinoid,2,Compara
IEA,GO_REF:0000107,GO:0099553,"trans-synaptic signaling by endocannabinoid, modulating synaptic transmission",2,Compara
IEA,GO_REF:0000107,GO:0120199,cone photoreceptor outer segment,2,Compara
IEA,GO_REF:0000107,GO:0120317,sperm mitochondrial sheath assembly,2,Compara
IEA,GO_REF:0000107,GO:0042249,establishment of planar polarity of embryonic epithelium,2,Compara
IEA,GO_REF:0000107,GO:0042834,peptidoglycan binding,2,Compara
IEA,GO_REF:0000107,GO:0050901,leukocyte tethering or rolling,2,Compara
IEA,GO_REF:0000107,GO:0043218,compact myelin,2,Compara
IEA,GO_REF:0000107,GO:0043304,regulation of mast cell degranulation,2,Compara
IEA,GO_REF:0000107,GO:0051022,Rho GDP-dissociation inhibitor binding,2,Compara
IEA,GO_REF:0000107,GO:0045606,positive regulation of epidermal cell differentiation,2,Compara
IEA,GO_REF:0000107,GO:0045627,positive regulation of T-helper 1 cell differentiation,2,Compara
IEA,GO_REF:0000107,GO:0045721,negative regulation of gluconeogenesis,2,Compara
IEA,GO_REF:0000107,GO:1990756,ubiquitin-like ligase-substrate adaptor activity,2,Compara
IEA,GO_REF:0000107,GO:2000020,positive regulation of male gonad development,2,Compara
IEA,GO_REF:0000107,GO:2000348,regulation of CD40 signaling pathway,2,Compara
IEA,GO_REF:0000107,GO:2000391,positive regulation of neutrophil extravasation,2,Compara
IEA,GO_REF:0000107,GO:0048010,vascular endothelial growth factor receptor signaling pathway,2,Compara
IEA,GO_REF:0000107,GO:0048340,paraxial mesoderm morphogenesis,2,Compara
IEA,GO_REF:0000107,GO:0048388,endosomal lumen acidification,2,Compara
IEA,GO_REF:0000107,GO:0048633,positive regulation of skeletal muscle tissue growth,2,Compara
IEA,GO_REF:0000107,GO:0050436,microfibril binding,2,Compara
IEA,GO_REF:0000107,GO:0055003,cardiac myofibril assembly,2,Compara
IEA,GO_REF:0000107,GO:0051310,metaphase chromosome alignment,2,Compara
IEA,GO_REF:0000107,GO:0051446,positive regulation of meiotic cell cycle,2,Compara
IEA,GO_REF:0000107,GO:0051546,keratinocyte migration,2,Compara
IEA,GO_REF:0000107,GO:0060219,camera-type eye photoreceptor cell differentiation,2,Compara
IEA,GO_REF:0000107,GO:0007567,parturition,2,Compara
IEA,GO_REF:0000107,GO:0060427,lung connective tissue development,2,Compara
IEA,GO_REF:0000107,GO:0060491,regulation of cell projection assembly,2,Compara
IEA,GO_REF:0000107,GO:0060971,embryonic heart tube left/right pattern formation,2,Compara
IEA,GO_REF:0000107,GO:0061474,phagolysosome membrane,2,Compara
IEA,GO_REF:0000107,GO:0005638,lamin filament,2,Compara
IEA,GO_REF:0000107,GO:0002865,negative regulation of acute inflammatory response to antigenic stimulus,2,Compara
IEA,GO_REF:0000107,GO:0002876,positive regulation of chronic inflammatory response to antigenic stimulus,2,Compara
IEA,GO_REF:0000107,GO:0016340,calcium-dependent cell-matrix adhesion,2,Compara
IEA,GO_REF:0000107,GO:0017126,nucleologenesis,2,Compara
IEA,GO_REF:0000107,GO:0010721,negative regulation of cell development,2,Compara
IEA,GO_REF:0000107,GO:0015694,mercury ion transport,2,Compara
IEA,GO_REF:0000107,GO:0015872,dopamine transport,2,Compara
IEA,GO_REF:0000107,GO:1903545,cellular response to butyrate,2,Compara
IEA,GO_REF:0000107,GO:1903575,cornified envelope assembly,2,Compara
IEA,GO_REF:0000107,GO:0042101,T cell receptor complex,2,Compara
IEA,GO_REF:0000107,GO:0048840,otolith development,2,Compara
IEA,GO_REF:0000107,GO:0005791,rough endoplasmic reticulum,2,Compara
IEA,GO_REF:0000107,GO:0007603,"phototransduction, visible light",2,Compara
IEA,GO_REF:0000107,GO:0008090,retrograde axonal transport,2,Compara
IEA,GO_REF:0000107,GO:0007290,spermatid nucleus elongation,2,Compara
IEA,GO_REF:0000107,GO:0007589,body fluid secretion,2,Compara
IEA,GO_REF:0000107,GO:0009303,rRNA transcription,2,Compara
IEA,GO_REF:0000107,GO:1901874,negative regulation of post-translational protein modification,2,Compara
IEA,GO_REF:0000107,GO:0048237,rough endoplasmic reticulum lumen,2,Compara
IEA,GO_REF:0000107,GO:0022625,cytosolic large ribosomal subunit,2,Compara
IEA,GO_REF:0000107,GO:0031116,positive regulation of microtubule polymerization,2,Compara
IEA,GO_REF:0000107,GO:0065004,protein-DNA complex assembly,2,Compara
IEA,GO_REF:0000107,GO:0021524,visceral motor neuron differentiation,2,Compara
IEA,GO_REF:0000107,GO:0021754,facial nucleus development,2,Compara
IEA,GO_REF:0000107,GO:0021871,forebrain regionalization,2,Compara
IEA,GO_REF:0000107,GO:0021965,spinal cord ventral commissure morphogenesis,2,Compara
IEA,GO_REF:0000107,GO:0022604,regulation of cell morphogenesis,2,Compara
IEA,GO_REF:0000107,GO:2000973,regulation of pro-B cell differentiation,2,Compara
IEA,GO_REF:0000107,GO:0071283,cellular response to iron(III) ion,2,Compara
IEA,GO_REF:0000107,GO:0071321,cellular response to cGMP,2,Compara
IEA,GO_REF:0000107,GO:0071559,response to transforming growth factor beta,2,Compara
IEA,GO_REF:0000107,GO:0071674,mononuclear cell migration,2,Compara
IEA,GO_REF:0000107,GO:0072307,regulation of metanephric nephron tubule epithelial cell differentiation,2,Compara
IEA,GO_REF:0000107,GO:0033262,regulation of nuclear cell cycle DNA replication,2,Compara
IEA,GO_REF:0000107,GO:0033366,protein localization to secretory granule,2,Compara
IEA,GO_REF:0000107,GO:0035962,response to interleukin-13,2,Compara
IEA,GO_REF:0000107,GO:0140251,regulation protein catabolic process at presynapse,2,Compara
IEA,GO_REF:0000107,GO:0140588,chromatin looping,2,Compara
IEA,GO_REF:0000107,GO:0140693,molecular condensate scaffold activity,2,Compara
IEA,GO_REF:0000107,GO:1900744,regulation of p38MAPK cascade,2,Compara
IEA,GO_REF:0000107,GO:1900864,mitochondrial RNA modification,2,Compara
IEA,GO_REF:0000107,GO:2000354,regulation of ovarian follicle development,2,Compara
IEA,GO_REF:0000107,GO:0099638,endosome to plasma membrane protein transport,2,Compara
IEA,GO_REF:0000107,GO:0000806,Y chromosome,2,Compara
IEA,GO_REF:0000107,GO:0001549,cumulus cell differentiation,2,Compara
IEA,GO_REF:0000107,GO:2000049,positive regulation of cell-cell adhesion mediated by cadherin,2,Compara
IEA,GO_REF:0000107,GO:0001821,histamine secretion,2,Compara
IEA,GO_REF:0000107,GO:0001831,trophectodermal cellular morphogenesis,2,Compara
IEA,GO_REF:0000107,GO:0001838,embryonic epithelial tube formation,2,Compara
IEA,GO_REF:0000107,GO:0002225,positive regulation of antimicrobial peptide production,2,Compara
IEA,GO_REF:0000107,GO:0090281,negative regulation of calcium ion import,2,Compara
IEA,GO_REF:0000107,GO:0097152,mesenchymal cell apoptotic process,2,Compara
IEA,GO_REF:0000107,GO:0140002,histone H3K4me3 reader activity,2,Compara
IEA,GO_REF:0000107,GO:0042641,actomyosin,2,Compara
IEA,GO_REF:0000107,GO:0044294,dendritic growth cone,2,Compara
IEA,GO_REF:0000107,GO:0045188,"regulation of circadian sleep/wake cycle, non-REM sleep",2,Compara
IEA,GO_REF:0000107,GO:0046546,development of primary male sexual characteristics,2,Compara
IEA,GO_REF:0000107,GO:1902017,regulation of cilium assembly,2,Compara
IEA,GO_REF:0000107,GO:0045822,negative regulation of heart contraction,2,Compara
IEA,GO_REF:0000107,GO:0048642,negative regulation of skeletal muscle tissue development,2,Compara
IEA,GO_REF:0000107,GO:0001618,virus receptor activity,2,Compara
IEA,GO_REF:0000107,GO:0045123,cellular extravasation,2,Compara
IEA,GO_REF:0000107,GO:0042482,positive regulation of odontogenesis,2,Compara
IEA,GO_REF:0000107,GO:0044752,response to human chorionic gonadotropin,2,Compara
IEA,GO_REF:0000107,GO:0043422,protein kinase B binding,2,Compara
IEA,GO_REF:0000107,GO:0043495,protein-membrane adaptor activity,2,Compara
IEA,GO_REF:0000107,GO:0045088,regulation of innate immune response,2,Compara
IEA,GO_REF:0000107,GO:0048378,regulation of lateral mesodermal cell fate specification,2,Compara
IEA,GO_REF:0000107,GO:1990711,beta-catenin-ICAT complex,2,Compara
IEA,GO_REF:0000107,GO:2000035,regulation of stem cell division,2,Compara
IEA,GO_REF:0000107,GO:2001288,positive regulation of caveolin-mediated endocytosis,2,Compara
IEA,GO_REF:0000107,GO:0055025,positive regulation of cardiac muscle tissue development,2,Compara
IEA,GO_REF:0000107,GO:0043207,response to external biotic stimulus,2,Compara
IEA,GO_REF:0000107,GO:0051787,misfolded protein binding,2,Compara
IEA,GO_REF:0000107,GO:0051935,glutamate reuptake,2,Compara
IEA,GO_REF:0000107,GO:0055081,monoatomic anion homeostasis,2,Compara
IEA,GO_REF:0000107,GO:0060128,corticotropin hormone secreting cell differentiation,2,Compara
IEA,GO_REF:0000107,GO:0060215,primitive hemopoiesis,2,Compara
IEA,GO_REF:0000107,GO:0060591,chondroblast differentiation,2,Compara
IEA,GO_REF:0000107,GO:0060768,regulation of epithelial cell proliferation involved in prostate gland development,2,Compara
IEA,GO_REF:0000107,GO:0061042,vascular wound healing,2,Compara
IEA,GO_REF:0000107,GO:0061092,positive regulation of phospholipid translocation,2,Compara
IEA,GO_REF:0000107,GO:0061144,alveolar secondary septum development,2,Compara
IEA,GO_REF:0000107,GO:0003430,growth plate cartilage chondrocyte growth,2,Compara
IEA,GO_REF:0000107,GO:0042471,ear morphogenesis,2,Compara
IEA,GO_REF:0000107,GO:0042178,xenobiotic catabolic process,2,Compara
IEA,GO_REF:0000107,GO:0005158,insulin receptor binding,2,Compara
IEA,GO_REF:0000107,GO:0005712,chiasma,2,Compara
IEA,GO_REF:0000107,GO:0046626,regulation of insulin receptor signaling pathway,2,Compara
IEA,GO_REF:0000107,GO:0016339,calcium-dependent cell-cell adhesion via plasma membrane cell adhesion molecules,2,Compara
IEA,GO_REF:0000107,GO:1990825,sequence-specific mRNA binding,2,Compara
IEA,GO_REF:0000107,GO:0043114,regulation of vascular permeability,2,Compara
IEA,GO_REF:0000107,GO:2000774,positive regulation of cellular senescence,2,Compara
IEA,GO_REF:0000107,GO:0042759,long-chain fatty acid biosynthetic process,2,Compara
IEA,GO_REF:0000107,GO:0010626,negative regulation of Schwann cell proliferation,2,Compara
IEA,GO_REF:0000107,GO:0010750,positive regulation of nitric oxide mediated signal transduction,2,Compara
IEA,GO_REF:0000107,GO:0014061,regulation of norepinephrine secretion,2,Compara
IEA,GO_REF:0000107,GO:0014842,regulation of skeletal muscle satellite cell proliferation,2,Compara
IEA,GO_REF:0000107,GO:0014870,response to muscle inactivity,2,Compara
IEA,GO_REF:0000107,GO:0015760,glucose-6-phosphate transport,2,Compara
IEA,GO_REF:0000107,GO:0016080,synaptic vesicle targeting,2,Compara
IEA,GO_REF:0000107,GO:1903375,facioacoustic ganglion development,2,Compara
IEA,GO_REF:0000107,GO:1903444,negative regulation of brown fat cell differentiation,2,Compara
IEA,GO_REF:0000107,GO:2000195,negative regulation of female gonad development,2,Compara
IEA,GO_REF:0000107,GO:0098921,retrograde trans-synaptic signaling by endocannabinoid,2,Compara
IEA,GO_REF:0000107,GO:1904179,positive regulation of adipose tissue development,2,Compara
IEA,GO_REF:0000107,GO:1904238,pericyte cell differentiation,2,Compara
IEA,GO_REF:0000107,GO:2000194,regulation of female gonad development,2,Compara
IEA,GO_REF:0000107,GO:0001845,phagolysosome assembly,2,Compara
IEA,GO_REF:0000107,GO:0006855,xenobiotic transmembrane transport,2,Compara
IEA,GO_REF:0000107,GO:0090325,regulation of locomotion involved in locomotory behavior,2,Compara
IEA,GO_REF:0000107,GO:0006551,L-leucine metabolic process,2,Compara
IEA,GO_REF:0000107,GO:0007147,female meiosis II,2,Compara
IEA,GO_REF:0000107,GO:0007320,insemination,2,Compara
IEA,GO_REF:0000107,GO:0009912,auditory receptor cell fate commitment,2,Compara
IEA,GO_REF:0000107,GO:1901327,response to tacrolimus,2,Compara
IEA,GO_REF:0000107,GO:0030103,vasopressin secretion,2,Compara
IEA,GO_REF:0000107,GO:0001712,ectodermal cell fate commitment,2,Compara
IEA,GO_REF:0000107,GO:0031489,myosin V binding,2,Compara
IEA,GO_REF:0000107,GO:0070033,synaptobrevin 2-SNAP-25-syntaxin-1a-complexin II complex,2,Compara
IEA,GO_REF:0000107,GO:0021612,facial nerve structural organization,2,Compara
IEA,GO_REF:0000107,GO:0021678,third ventricle development,2,Compara
IEA,GO_REF:0000107,GO:0022037,metencephalon development,2,Compara
IEA,GO_REF:0000107,GO:0030641,regulation of cellular pH,2,Compara
IEA,GO_REF:0000107,GO:0031639,plasminogen activation,2,Compara
IEA,GO_REF:0000107,GO:0032571,response to vitamin K,2,Compara
IEA,GO_REF:0000107,GO:0032801,receptor catabolic process,2,Compara
IEA,GO_REF:0000107,GO:0006812,monoatomic cation transport,2,Compara
IEA,GO_REF:0000107,GO:0030033,microvillus assembly,2,Compara
IEA,GO_REF:0000107,GO:0030136,clathrin-coated vesicle,2,Compara
IEA,GO_REF:0000107,GO:0097332,response to antipsychotic drug,2,Compara
IEA,GO_REF:0000107,GO:0046511,sphinganine biosynthetic process,2,Compara
IEA,GO_REF:0000107,GO:0002448,mast cell mediated immunity,2,Compara
IEA,GO_REF:0000107,GO:0062029,positive regulation of stress granule assembly,2,Compara
IEA,GO_REF:0000107,GO:0070671,response to interleukin-12,2,Compara
IEA,GO_REF:0000107,GO:0070849,response to epidermal growth factor,2,Compara
IEA,GO_REF:0000107,GO:0070878,primary miRNA binding,2,Compara
IEA,GO_REF:0000107,GO:0071486,cellular response to high light intensity,2,Compara
IEA,GO_REF:0000107,GO:0072049,comma-shaped body morphogenesis,2,Compara
IEA,GO_REF:0000107,GO:0072193,ureter smooth muscle cell differentiation,2,Compara
IEA,GO_REF:0000107,GO:0072578,neurotransmitter-gated ion channel clustering,2,Compara
IEA,GO_REF:0000107,GO:0034698,response to gonadotropin,2,Compara
IEA,GO_REF:0000107,GO:0035020,regulation of Rac protein signal transduction,2,Compara
IEA,GO_REF:0000107,GO:0033211,adiponectin-activated signaling pathway,2,Compara
IEA,GO_REF:0000107,GO:0034014,response to triglyceride,2,Compara
IEA,GO_REF:0000107,GO:0034284,response to monosaccharide,2,Compara
IEA,GO_REF:0000107,GO:0000712,resolution of meiotic recombination intermediates,2,Compara
IEA,GO_REF:0000107,GO:0035701,hematopoietic stem cell migration,2,Compara
IEA,GO_REF:0000107,GO:0035728,response to hepatocyte growth factor,2,Compara
IEA,GO_REF:0000107,GO:0036344,platelet morphogenesis,2,Compara
IEA,GO_REF:0000107,GO:0140965,secondary piRNA processing,2,Compara
IEA,GO_REF:0000107,GO:0000149,SNARE binding,2,Compara
IEA,GO_REF:0000107,GO:1900272,negative regulation of long-term synaptic potentiation,2,Compara
IEA,GO_REF:0000107,GO:0000421,autophagosome membrane,2,Compara
IEA,GO_REF:0000107,GO:0000578,embryonic axis specification,2,Compara
IEA,GO_REF:0000107,GO:0002125,maternal aggressive behavior,2,Compara
IEA,GO_REF:0000107,GO:0097623,potassium ion export across plasma membrane,2,Compara
IEA,GO_REF:0000107,GO:0046038,GMP catabolic process,2,Compara
IEA,GO_REF:0000107,GO:1900006,positive regulation of dendrite development,2,Compara
IEA,GO_REF:0000107,GO:0002175,protein localization to paranode region of axon,2,Compara
IEA,GO_REF:0000107,GO:0002522,leukocyte migration involved in immune response,2,Compara
IEA,GO_REF:0000107,GO:0002636,positive regulation of germinal center formation,2,Compara
IEA,GO_REF:0000107,GO:0002729,positive regulation of natural killer cell cytokine production,2,Compara
IEA,GO_REF:0000107,GO:0090370,negative regulation of cholesterol efflux,2,Compara
IEA,GO_REF:0000107,GO:0097017,renal protein absorption,2,Compara
IEA,GO_REF:0000107,GO:0097500,receptor localization to non-motile cilium,2,Compara
IEA,GO_REF:0000107,GO:0098939,dendritic transport of mitochondrion,2,Compara
IEA,GO_REF:0000107,GO:0098970,postsynaptic neurotransmitter receptor diffusion trapping,2,Compara
IEA,GO_REF:0000107,GO:0099154,serotonergic synapse,2,Compara
IEA,GO_REF:0000107,GO:0044241,lipid digestion,2,Compara
IEA,GO_REF:0000107,GO:0042975,peroxisome proliferator activated receptor binding,2,Compara
IEA,GO_REF:0000107,GO:0043001,Golgi to plasma membrane protein transport,2,Compara
IEA,GO_REF:0000107,GO:0038180,nerve growth factor signaling pathway,2,Compara
IEA,GO_REF:0000107,GO:0043199,sulfate binding,2,Compara
IEA,GO_REF:0000107,GO:0043237,laminin-1 binding,2,Compara
IEA,GO_REF:0000107,GO:0035934,corticosterone secretion,2,Compara
IEA,GO_REF:0000107,GO:1990913,sperm head plasma membrane,2,Compara
IEA,GO_REF:0000107,GO:2001032,regulation of double-strand break repair via nonhomologous end joining,2,Compara
IEA,GO_REF:0000107,GO:0046898,response to cycloheximide,2,Compara
IEA,GO_REF:0000107,GO:0045743,positive regulation of fibroblast growth factor receptor signaling pathway,2,Compara
IEA,GO_REF:0000107,GO:0048387,negative regulation of retinoic acid receptor signaling pathway,2,Compara
IEA,GO_REF:0000107,GO:0035846,oviduct epithelium development,2,Compara
IEA,GO_REF:0000107,GO:0034067,protein localization to Golgi apparatus,2,Compara
IEA,GO_REF:0000107,GO:0032984,protein-containing complex disassembly,2,Compara
IEA,GO_REF:0000107,GO:0034451,centriolar satellite,2,Compara
IEA,GO_REF:0000107,GO:0061368,behavioral response to formalin induced pain,2,Compara
IEA,GO_REF:0000107,GO:0050798,activated T cell proliferation,2,Compara
IEA,GO_REF:0000107,GO:0051148,negative regulation of muscle cell differentiation,2,Compara
IEA,GO_REF:0000107,GO:0051525,NFAT protein binding,2,Compara
IEA,GO_REF:0000107,GO:0051647,nucleus localization,2,Compara
IEA,GO_REF:0000107,GO:0051764,actin crosslink formation,2,Compara
IEA,GO_REF:0000107,GO:0051797,regulation of hair follicle development,2,Compara
IEA,GO_REF:0000107,GO:0051938,L-glutamate import,2,Compara
IEA,GO_REF:0000107,GO:0034185,apolipoprotein binding,2,Compara
IEA,GO_REF:0000107,GO:0060159,regulation of dopamine receptor signaling pathway,2,Compara
IEA,GO_REF:0000107,GO:0060229,lipase activator activity,2,Compara
IEA,GO_REF:0000107,GO:0060390,regulation of SMAD protein signal transduction,2,Compara
IEA,GO_REF:0000107,GO:0060713,labyrinthine layer morphogenesis,2,Compara
IEA,GO_REF:0000107,GO:0060715,syncytiotrophoblast cell differentiation involved in labyrinthine layer development,2,Compara
IEA,GO_REF:0000107,GO:0003680,minor groove of adenine-thymine-rich DNA binding,2,Compara
IEA,GO_REF:0000107,GO:0090026,positive regulation of monocyte chemotaxis,2,Compara
IEA,GO_REF:0000107,GO:0005124,scavenger receptor binding,2,Compara
IEA,GO_REF:0000107,GO:0005134,interleukin-2 receptor binding,2,Compara
IEA,GO_REF:0000107,GO:0072697,protein localization to cell cortex,2,Compara
IEA,GO_REF:0000107,GO:0005507,copper ion binding,2,Compara
IEA,GO_REF:0000107,GO:0005726,perichromatin fibrils,2,Compara
IEA,GO_REF:0000107,GO:0003208,cardiac ventricle morphogenesis,2,Compara
IEA,GO_REF:0000107,GO:1904717,regulation of AMPA glutamate receptor clustering,2,Compara
IEA,GO_REF:0000107,GO:1904880,response to hydrogen sulfide,2,Compara
IEA,GO_REF:0000107,GO:1905243,"cellular response to 3,3',5-triiodo-L-thyronine",2,Compara
IEA,GO_REF:0000107,GO:1905653,positive regulation of artery morphogenesis,2,Compara
IEA,GO_REF:0000107,GO:0043398,HLH domain binding,2,Compara
IEA,GO_REF:0000107,GO:0014807,regulation of somitogenesis,2,Compara
IEA,GO_REF:0000107,GO:0071635,negative regulation of transforming growth factor beta production,2,Compara
IEA,GO_REF:0000107,GO:0071503,response to heparin,2,Compara
IEA,GO_REF:0000107,GO:1902937,inward rectifier potassium channel complex,2,Compara
IEA,GO_REF:0000107,GO:1903944,negative regulation of hepatocyte apoptotic process,2,Compara
IEA,GO_REF:0000107,GO:1904016,response to Thyroglobulin triiodothyronine,2,Compara
IEA,GO_REF:0000107,GO:0050861,positive regulation of B cell receptor signaling pathway,2,Compara
IEA,GO_REF:0000107,GO:0071344,diphosphate metabolic process,2,Compara
IEA,GO_REF:0000107,GO:0070253,somatostatin secretion,2,Compara
IEA,GO_REF:0000107,GO:0070197,meiotic attachment of telomere to nuclear envelope,2,Compara
IEA,GO_REF:0000107,GO:0070194,synaptonemal complex disassembly,2,Compara
IEA,GO_REF:0000107,GO:0006906,vesicle fusion,2,Compara
IEA,GO_REF:0000107,GO:0008039,synaptic target recognition,2,Compara
IEA,GO_REF:0000107,GO:0008430,selenium binding,2,Compara
IEA,GO_REF:0000107,GO:0062094,stomach development,2,Compara
IEA,GO_REF:0000107,GO:0061870,positive regulation of hepatic stellate cell migration,2,Compara
IEA,GO_REF:0000107,GO:0010157,response to chlorate,2,Compara
IEA,GO_REF:0000107,GO:0032933,SREBP signaling pathway,2,Compara
IEA,GO_REF:0000107,GO:0005876,spindle microtubule,2,Compara
IEA,GO_REF:0000107,GO:0042574,retinal metabolic process,2,Compara
IEA,GO_REF:0000107,GO:0008608,attachment of spindle microtubules to kinetochore,2,Compara
IEA,GO_REF:0000107,GO:0032725,positive regulation of granulocyte macrophage colony-stimulating factor production,2,Compara
IEA,GO_REF:0000107,GO:0009313,oligosaccharide catabolic process,2,Compara
IEA,GO_REF:0000107,GO:1901166,neural crest cell migration involved in autonomic nervous system development,2,Compara
IEA,GO_REF:0000107,GO:1902177,positive regulation of oxidative stress-induced intrinsic apoptotic signaling pathway,2,Compara
IEA,GO_REF:0000107,GO:1902268,negative regulation of polyamine transmembrane transport,2,Compara
IEA,GO_REF:0000107,GO:0070742,C2H2 zinc finger domain binding,2,Compara
IEA,GO_REF:0000107,GO:0019865,immunoglobulin binding,2,Compara
IEA,GO_REF:0000107,GO:0032280,symmetric synapse,2,Compara
IEA,GO_REF:0000107,GO:0030159,signaling receptor complex adaptor activity,2,Compara
IEA,GO_REF:0000107,GO:0030911,TPR domain binding,2,Compara
IEA,GO_REF:0000107,GO:0031748,D1 dopamine receptor binding,2,Compara
IEA,GO_REF:0000107,GO:0031914,negative regulation of synaptic plasticity,2,Compara
IEA,GO_REF:0000107,GO:0019677,NAD+ catabolic process,2,Compara
IEA,GO_REF:0000107,GO:0021508,floor plate formation,2,Compara
IEA,GO_REF:0000107,GO:0021575,hindbrain morphogenesis,2,Compara
IEA,GO_REF:0000107,GO:0021769,orbitofrontal cortex development,2,Compara
IEA,GO_REF:0000107,GO:0070585,protein localization to mitochondrion,2,Compara
IEA,GO_REF:0000107,GO:0070944,neutrophil-mediated killing of bacterium,2,Compara
IEA,GO_REF:0000107,GO:0071253,connexin binding,2,Compara
IEA,GO_REF:0000107,GO:0071482,cellular response to light stimulus,2,Compara
IEA,GO_REF:0000107,GO:0071926,endocannabinoid signaling pathway,2,Compara
IEA,GO_REF:0000107,GO:0072050,S-shaped body morphogenesis,2,Compara
IEA,GO_REF:0000107,GO:0035173,histone kinase activity,2,Compara
IEA,GO_REF:0000107,GO:0035493,SNARE complex assembly,2,Compara
IEA,GO_REF:0000107,GO:0035622,intrahepatic bile duct development,2,Compara
IEA,GO_REF:0000107,GO:0035869,ciliary transition zone,2,Compara
IEA,GO_REF:0000107,GO:0035987,endodermal cell differentiation,2,Compara
IEA,GO_REF:0000107,GO:0036297,interstrand cross-link repair,2,Compara
IEA,GO_REF:0000107,GO:0036503,ERAD pathway,2,Compara
IEA,GO_REF:0000107,GO:0010008,endosome membrane,2,Compara
IEA,GO_REF:0000107,GO:0140448,signaling receptor ligand precursor processing,2,Compara
IEA,GO_REF:0000107,GO:0140713,histone chaperone activity,2,Compara
IEA,GO_REF:0000107,GO:0160111,axonemal A tubule inner sheath,2,Compara
IEA,GO_REF:0000107,GO:1900452,regulation of long-term synaptic depression,2,Compara
IEA,GO_REF:0000107,GO:1990357,terminal web,2,Compara
IEA,GO_REF:0000107,GO:0000266,mitochondrial fission,2,Compara
IEA,GO_REF:0000107,GO:0002121,inter-male aggressive behavior,2,Compara
IEA,GO_REF:0000107,GO:0001970,positive regulation of activation of membrane attack complex,2,Compara
IEA,GO_REF:0000107,GO:0002361,"CD4-positive, CD25-positive, alpha-beta regulatory T cell differentiation",2,Compara
IEA,GO_REF:0000107,GO:0002666,positive regulation of T cell tolerance induction,2,Compara
IEA,GO_REF:0000107,GO:0002674,negative regulation of acute inflammatory response,2,Compara
IEA,GO_REF:0000107,GO:0090177,establishment of planar polarity involved in neural tube closure,2,Compara
IEA,GO_REF:0000107,GO:0090326,positive regulation of locomotion involved in locomotory behavior,2,Compara
IEA,GO_REF:0000107,GO:0098879,structural constituent of postsynaptic specialization,2,Compara
IEA,GO_REF:0000107,GO:0098926,postsynaptic signal transduction,2,Compara
IEA,GO_REF:0000107,GO:0099579,G protein-coupled neurotransmitter receptor activity involved in regulation of postsynaptic membrane potential,2,Compara
IEA,GO_REF:0000107,GO:0044565,dendritic cell proliferation,2,Compara
IEA,GO_REF:0000107,GO:0110012,protein localization to P-body,2,Compara
IEA,GO_REF:0000107,GO:0120170,intraciliary transport particle B binding,2,Compara
IEA,GO_REF:0000107,GO:0120225,coenzyme A binding,2,Compara
IEA,GO_REF:0000107,GO:0042805,actinin binding,2,Compara
IEA,GO_REF:0000107,GO:1990834,response to odorant,2,Compara
IEA,GO_REF:0000107,GO:0040019,positive regulation of embryonic development,2,Compara
IEA,GO_REF:0000107,GO:0042043,neurexin family protein binding,2,Compara
IEA,GO_REF:0000107,GO:0021877,forebrain neuron fate commitment,2,Compara
IEA,GO_REF:0000107,GO:0045645,positive regulation of eosinophil differentiation,2,Compara
IEA,GO_REF:0000107,GO:0046321,positive regulation of fatty acid oxidation,2,Compara
IEA,GO_REF:0000107,GO:0046415,urate metabolic process,2,Compara
IEA,GO_REF:0000107,GO:2000011,regulation of adaxial/abaxial pattern formation,2,Compara
IEA,GO_REF:0000107,GO:2000301,negative regulation of synaptic vesicle exocytosis,2,Compara
IEA,GO_REF:0000107,GO:2000409,positive regulation of T cell extravasation,2,Compara
IEA,GO_REF:0000107,GO:2001236,regulation of extrinsic apoptotic signaling pathway,2,Compara
IEA,GO_REF:0000107,GO:0021831,embryonic olfactory bulb interneuron precursor migration,2,Compara
IEA,GO_REF:0000107,GO:0046835,carbohydrate phosphorylation,2,Compara
IEA,GO_REF:0000107,GO:0048087,positive regulation of developmental pigmentation,2,Compara
IEA,GO_REF:0000107,GO:0048371,lateral mesodermal cell differentiation,2,Compara
IEA,GO_REF:0000107,GO:0043697,cell dedifferentiation,2,Compara
IEA,GO_REF:0000107,GO:0019966,interleukin-1 binding,2,Compara
IEA,GO_REF:0000107,GO:0032098,regulation of appetite,2,Compara
IEA,GO_REF:0000107,GO:0030913,paranodal junction assembly,2,Compara
IEA,GO_REF:0000107,GO:1901797,negative regulation of signal transduction by p53 class mediator,2,Compara
IEA,GO_REF:0000107,GO:0061676,importin-alpha family protein binding,2,Compara
IEA,GO_REF:0000107,GO:0051280,negative regulation of release of sequestered calcium ion into cytosol,2,Compara
IEA,GO_REF:0000107,GO:0051782,negative regulation of cell division,2,Compara
IEA,GO_REF:0000107,GO:0051823,regulation of synapse structural plasticity,2,Compara
IEA,GO_REF:0000107,GO:0060296,regulation of cilium beat frequency involved in ciliary motility,2,Compara
IEA,GO_REF:0000107,GO:0060502,epithelial cell proliferation involved in lung morphogenesis,2,Compara
IEA,GO_REF:0000107,GO:0060532,bronchus cartilage development,2,Compara
IEA,GO_REF:0000107,GO:0060594,mammary gland specification,2,Compara
IEA,GO_REF:0000107,GO:0060669,embryonic placenta morphogenesis,2,Compara
IEA,GO_REF:0000107,GO:0060693,regulation of branching involved in salivary gland morphogenesis,2,Compara
IEA,GO_REF:0000107,GO:0060800,regulation of cell differentiation involved in embryonic placenta development,2,Compara
IEA,GO_REF:0000107,GO:0061035,regulation of cartilage development,2,Compara
IEA,GO_REF:0000107,GO:0061159,establishment of bipolar cell polarity involved in cell morphogenesis,2,Compara
IEA,GO_REF:0000107,GO:1902722,positive regulation of prolactin secretion,2,Compara
IEA,GO_REF:0000107,GO:0004722,protein serine/threonine phosphatase activity,2,Compara
IEA,GO_REF:0000107,GO:1902254,negative regulation of intrinsic apoptotic signaling pathway by p53 class mediator,2,Compara
IEA,GO_REF:0000107,GO:0005324,long-chain fatty acid transmembrane transporter activity,2,Compara
IEA,GO_REF:0000107,GO:0002830,positive regulation of type 2 immune response,2,Compara
IEA,GO_REF:0000107,GO:0002903,negative regulation of B cell apoptotic process,2,Compara
IEA,GO_REF:0000107,GO:1905333,regulation of gastric motility,2,Compara
IEA,GO_REF:0000107,GO:0015093,ferrous iron transmembrane transporter activity,2,Compara
IEA,GO_REF:0000107,GO:0016799,"hydrolase activity, hydrolyzing N-glycosyl compounds",2,Compara
IEA,GO_REF:0000107,GO:0110088,hippocampal neuron apoptotic process,2,Compara
IEA,GO_REF:0000107,GO:0010640,regulation of platelet-derived growth factor receptor signaling pathway,2,Compara
IEA,GO_REF:0000107,GO:0014732,skeletal muscle atrophy,2,Compara
IEA,GO_REF:0000107,GO:1903251,multi-ciliated epithelial cell differentiation,2,Compara
IEA,GO_REF:0000107,GO:1903265,positive regulation of tumor necrosis factor-mediated signaling pathway,2,Compara
IEA,GO_REF:0000107,GO:1903351,cellular response to dopamine,2,Compara
IEA,GO_REF:0000107,GO:1903522,regulation of blood circulation,2,Compara
IEA,GO_REF:0000107,GO:1903925,response to bisphenol A,2,Compara
IEA,GO_REF:0000107,GO:1903929,primary palate development,2,Compara
IEA,GO_REF:0000107,GO:0009786,regulation of asymmetric cell division,2,Compara
IEA,GO_REF:0000107,GO:0009181,purine ribonucleoside diphosphate catabolic process,2,Compara
IEA,GO_REF:0000107,GO:0006334,nucleosome assembly,2,Compara
IEA,GO_REF:0000107,GO:0007159,leukocyte cell-cell adhesion,2,Compara
IEA,GO_REF:0000107,GO:0006672,ceramide metabolic process,2,Compara
IEA,GO_REF:0000107,GO:0007000,nucleolus organization,2,Compara
IEA,GO_REF:0000107,GO:0006998,nuclear envelope organization,2,Compara
IEA,GO_REF:0000107,GO:0007168,receptor guanylyl cyclase signaling pathway,2,Compara
IEA,GO_REF:0000107,GO:0005978,glycogen biosynthetic process,2,Compara
IEA,GO_REF:0000107,GO:0010045,response to nickel cation,2,Compara
IEA,GO_REF:0000107,GO:1901798,positive regulation of signal transduction by p53 class mediator,2,Compara
IEA,GO_REF:0000107,GO:1902746,regulation of lens fiber cell differentiation,2,Compara
IEA,GO_REF:0000107,GO:0030123,AP-3 adaptor complex,2,Compara
IEA,GO_REF:0000107,GO:0009449,gamma-aminobutyric acid biosynthetic process,2,Compara
IEA,GO_REF:0000107,GO:0032156,septin cytoskeleton,2,Compara
IEA,GO_REF:0000107,GO:0019542,propionate biosynthetic process,2,Compara
IEA,GO_REF:0000107,GO:0020037,heme binding,2,Compara
IEA,GO_REF:0000107,GO:0021553,olfactory nerve development,2,Compara
IEA,GO_REF:0000107,GO:0021568,rhombomere 2 development,2,Compara
IEA,GO_REF:0000107,GO:0032915,positive regulation of transforming growth factor beta2 production,2,Compara
IEA,GO_REF:0000107,GO:0062100,positive regulation of programmed necrotic cell death,2,Compara
IEA,GO_REF:0000107,GO:0070269,pyroptotic inflammatory response,2,Compara
IEA,GO_REF:0000107,GO:0070482,response to oxygen levels,2,Compara
IEA,GO_REF:0000107,GO:0070830,bicellular tight junction assembly,2,Compara
IEA,GO_REF:0000107,GO:0071218,cellular response to misfolded protein,2,Compara
IEA,GO_REF:0000107,GO:0071673,positive regulation of smooth muscle cell chemotaxis,2,Compara
IEA,GO_REF:0000107,GO:0071866,negative regulation of apoptotic process in bone marrow cell,2,Compara
IEA,GO_REF:0000107,GO:0072237,metanephric proximal tubule development,2,Compara
IEA,GO_REF:0000107,GO:0072498,embryonic skeletal joint development,2,Compara
IEA,GO_REF:0000107,GO:0035128,post-embryonic forelimb morphogenesis,2,Compara
IEA,GO_REF:0000107,GO:0033108,mitochondrial respiratory chain complex assembly,2,Compara
IEA,GO_REF:0000107,GO:0006814,sodium ion transport,2,Compara
IEA,GO_REF:0000107,GO:0006661,phosphatidylinositol biosynthetic process,2,Compara
IEA,GO_REF:0000107,GO:0140353,lipid export from cell,2,Compara
IEA,GO_REF:0000107,GO:0140678,molecular function inhibitor activity,2,Compara
IEA,GO_REF:0000107,GO:0097028,dendritic cell differentiation,2,Compara
IEA,GO_REF:0000107,GO:0000228,nuclear chromosome,2,Compara
IEA,GO_REF:0000107,GO:0000447,"endonucleolytic cleavage in ITS1 to separate SSU-rRNA from 5.8S rRNA and LSU-rRNA from tricistronic rRNA transcript (SSU-rRNA, 5.8S rRNA, LSU-rRNA)",2,Compara
IEA,GO_REF:0000107,GO:0090594,inflammatory response to wounding,2,Compara
IEA,GO_REF:0000107,GO:0001544,initiation of primordial ovarian follicle growth,2,Compara
IEA,GO_REF:0000107,GO:0002029,desensitization of G protein-coupled receptor signaling pathway,2,Compara
IEA,GO_REF:0000107,GO:0002296,T-helper 1 cell lineage commitment,2,Compara
IEA,GO_REF:0000107,GO:0002327,immature B cell differentiation,2,Compara
IEA,GO_REF:0000107,GO:0002523,leukocyte migration involved in inflammatory response,2,Compara
IEA,GO_REF:0000107,GO:0016197,endosomal transport,2,Compara
IEA,GO_REF:0000107,GO:0097543,ciliary inversin compartment,2,Compara
IEA,GO_REF:0000107,GO:0097729,9+2 motile cilium,2,Compara
IEA,GO_REF:0000107,GO:0098683,cochlear hair cell ribbon synapse,2,Compara
IEA,GO_REF:0000107,GO:0098835,presynaptic endocytic zone membrane,2,Compara
IEA,GO_REF:0000107,GO:0106106,cold-induced thermogenesis,2,Compara
IEA,GO_REF:0000107,GO:1903937,response to acrylamide,2,Compara
IEA,GO_REF:0000107,GO:1903539,protein localization to postsynaptic membrane,2,Compara
IEA,GO_REF:0000107,GO:1903296,"positive regulation of glutamate secretion, neurotransmission",2,Compara
IEA,GO_REF:0000107,GO:0016056,G protein-coupled opsin signaling pathway,2,Compara
IEA,GO_REF:0000107,GO:0014839,myoblast migration involved in skeletal muscle regeneration,2,Compara
IEA,GO_REF:0000107,GO:0090261,positive regulation of inclusion body assembly,2,Compara
IEA,GO_REF:0000107,GO:0014054,positive regulation of gamma-aminobutyric acid secretion,2,Compara
IEA,GO_REF:0000107,GO:0010898,positive regulation of triglyceride catabolic process,2,Compara
IEA,GO_REF:0000107,GO:0002554,serotonin secretion by platelet,2,Compara
IEA,GO_REF:0000107,GO:0010463,mesenchymal cell proliferation,2,Compara
IEA,GO_REF:0000107,GO:1990823,response to leukemia inhibitory factor,2,Compara
IEA,GO_REF:0000107,GO:0040013,negative regulation of locomotion,2,Compara
IEA,GO_REF:0000107,GO:0042092,type 2 immune response,2,Compara
IEA,GO_REF:0000107,GO:0042488,positive regulation of odontogenesis of dentin-containing tooth,2,Compara
IEA,GO_REF:0000107,GO:0042489,negative regulation of odontogenesis of dentin-containing tooth,2,Compara
IEA,GO_REF:0000107,GO:0042541,hemoglobin biosynthetic process,2,Compara
IEA,GO_REF:0000107,GO:0043569,negative regulation of insulin-like growth factor receptor signaling pathway,2,Compara
IEA,GO_REF:0000107,GO:0002385,mucosal immune response,2,Compara
IEA,GO_REF:0000107,GO:0045830,positive regulation of isotype switching,2,Compara
IEA,GO_REF:0000107,GO:0002337,B-1a B cell differentiation,2,Compara
IEA,GO_REF:0000107,GO:1990075,periciliary membrane compartment,2,Compara
IEA,GO_REF:0000107,GO:1990637,response to prolactin,2,Compara
IEA,GO_REF:0000107,GO:1990760,osmolarity-sensing monoatomic cation channel activity,2,Compara
IEA,GO_REF:0000107,GO:2000341,regulation of chemokine (C-X-C motif) ligand 2 production,2,Compara
IEA,GO_REF:0000107,GO:2000556,positive regulation of T-helper 1 cell cytokine production,2,Compara
IEA,GO_REF:0000107,GO:2000809,positive regulation of synaptic vesicle clustering,2,Compara
IEA,GO_REF:0000107,GO:0046642,negative regulation of alpha-beta T cell proliferation,2,Compara
IEA,GO_REF:0000107,GO:0046671,negative regulation of retinal cell programmed cell death,2,Compara
IEA,GO_REF:0000107,GO:0048260,positive regulation of receptor-mediated endocytosis,2,Compara
IEA,GO_REF:0000107,GO:0048343,paraxial mesodermal cell fate commitment,2,Compara
IEA,GO_REF:0000107,GO:0002305,"CD8-positive, gamma-delta intraepithelial T cell differentiation",2,Compara
IEA,GO_REF:0000107,GO:0051311,meiotic metaphase chromosome alignment,2,Compara
IEA,GO_REF:0000107,GO:0060164,regulation of timing of neuron differentiation,2,Compara
IEA,GO_REF:0000107,GO:0060376,positive regulation of mast cell differentiation,2,Compara
IEA,GO_REF:0000107,GO:0060435,bronchiole development,2,Compara
IEA,GO_REF:0000107,GO:0060599,lateral sprouting involved in mammary gland duct morphogenesis,2,Compara
IEA,GO_REF:0000107,GO:0060789,hair follicle placode formation,2,Compara
IEA,GO_REF:0000107,GO:0061469,regulation of type B pancreatic cell proliferation,2,Compara
IEA,GO_REF:0000107,GO:0005200,structural constituent of cytoskeleton,2,Compara
IEA,GO_REF:0000107,GO:0001997,positive regulation of the force of heart contraction by epinephrine-norepinephrine,2,Compara
IEA,GO_REF:0000107,GO:0003057,regulation of the force of heart contraction by chemical signal,2,Compara
IEA,GO_REF:0000107,GO:0003183,mitral valve morphogenesis,2,Compara
IEA,GO_REF:0000107,GO:0003337,mesenchymal to epithelial transition involved in metanephros morphogenesis,2,Compara
IEA,GO_REF:0000107,GO:0048511,rhythmic process,2,Compara
IEA,GO_REF:0000107,GO:0004712,protein serine/threonine/tyrosine kinase activity,2,Compara
IEA,GO_REF:0000107,GO:0005068,transmembrane receptor protein tyrosine kinase adaptor activity,2,Compara
IEA,GO_REF:0000107,GO:1905030,voltage-gated monoatomic ion channel activity involved in regulation of postsynaptic membrane potential,2,Compara
IEA,GO_REF:0000107,GO:1905403,"negative regulation of activated CD8-positive, alpha-beta T cell apoptotic process",2,Compara
IEA,GO_REF:0000107,GO:0051287,NAD binding,2,Compara
IEA,GO_REF:0000107,GO:1902630,regulation of membrane hyperpolarization,2,Compara
IEA,GO_REF:0000107,GO:0001865,NK T cell differentiation,2,Compara
IEA,GO_REF:0000107,GO:0048018,receptor ligand activity,2,Compara
IEA,GO_REF:0000107,GO:0001808,negative regulation of type IV hypersensitivity,2,Compara
IEA,GO_REF:0000107,GO:0016791,phosphatase activity,2,Compara
IEA,GO_REF:0000107,GO:0010820,positive regulation of T cell chemotaxis,2,Compara
IEA,GO_REF:0000107,GO:0014057,"positive regulation of acetylcholine secretion, neurotransmission",2,Compara
IEA,GO_REF:0000107,GO:0016051,carbohydrate biosynthetic process,2,Compara
IEA,GO_REF:0000107,GO:0019413,acetate biosynthetic process,2,Compara
IEA,GO_REF:0000107,GO:1903055,positive regulation of extracellular matrix organization,2,Compara
IEA,GO_REF:0000107,GO:1903382,negative regulation of endoplasmic reticulum stress-induced neuron intrinsic apoptotic signaling pathway,2,Compara
IEA,GO_REF:0000107,GO:1903898,negative regulation of PERK-mediated unfolded protein response,2,Compara
IEA,GO_REF:0000107,GO:0006597,spermine biosynthetic process,2,Compara
IEA,GO_REF:0000107,GO:1904674,positive regulation of somatic stem cell population maintenance,2,Compara
IEA,GO_REF:0000107,GO:0006925,inflammatory cell apoptotic process,2,Compara
IEA,GO_REF:0000107,GO:0009590,detection of gravity,2,Compara
IEA,GO_REF:0000107,GO:0006157,deoxyadenosine catabolic process,2,Compara
IEA,GO_REF:0000107,GO:0004864,protein phosphatase inhibitor activity,2,Compara
IEA,GO_REF:0000107,GO:0006707,cholesterol catabolic process,2,Compara
IEA,GO_REF:0000107,GO:0000290,deadenylation-dependent decapping of nuclear-transcribed mRNA,2,Compara
IEA,GO_REF:0000107,GO:0007051,spindle organization,2,Compara
IEA,GO_REF:0000107,GO:1902667,regulation of axon guidance,2,Compara
IEA,GO_REF:0000107,GO:0019811,cocaine binding,2,Compara
IEA,GO_REF:0000107,GO:0010825,positive regulation of centrosome duplication,2,Compara
IEA,GO_REF:0000107,GO:0006099,tricarboxylic acid cycle,2,Compara
IEA,GO_REF:0000107,GO:0031256,leading edge membrane,2,Compara
IEA,GO_REF:0000107,GO:0032432,actin filament bundle,2,Compara
IEA,GO_REF:0000107,GO:0032456,endocytic recycling,2,Compara
IEA,GO_REF:0000107,GO:0072740,cellular response to anisomycin,2,Compara
IEA,GO_REF:0000107,GO:0021610,facial nerve morphogenesis,2,Compara
IEA,GO_REF:0000107,GO:0021694,cerebellar Purkinje cell layer formation,2,Compara
IEA,GO_REF:0000107,GO:0021888,hypothalamus gonadotrophin-releasing hormone neuron development,2,Compara
IEA,GO_REF:0000107,GO:0021903,rostrocaudal neural tube patterning,2,Compara
IEA,GO_REF:0000107,GO:0022028,tangential migration from the subventricular zone to the olfactory bulb,2,Compara
IEA,GO_REF:0000107,GO:0030275,LRR domain binding,2,Compara
IEA,GO_REF:0000107,GO:0031208,POZ domain binding,2,Compara
IEA,GO_REF:0000107,GO:0031536,positive regulation of exit from mitosis,2,Compara
IEA,GO_REF:0000107,GO:0032185,septin cytoskeleton organization,2,Compara
IEA,GO_REF:0000107,GO:0070093,negative regulation of glucagon secretion,2,Compara
IEA,GO_REF:0000107,GO:0070460,thyroid-stimulating hormone secretion,2,Compara
IEA,GO_REF:0000107,GO:0070472,regulation of uterine smooth muscle contraction,2,Compara
IEA,GO_REF:0000107,GO:0070543,response to linoleic acid,2,Compara
IEA,GO_REF:0000107,GO:0070841,inclusion body assembly,2,Compara
IEA,GO_REF:0000107,GO:0033144,negative regulation of intracellular steroid hormone receptor signaling pathway,2,Compara
IEA,GO_REF:0000107,GO:0034465,response to carbon monoxide,2,Compara
IEA,GO_REF:0000107,GO:0035148,tube formation,2,Compara
IEA,GO_REF:0000107,GO:0035809,regulation of urine volume,2,Compara
IEA,GO_REF:0000107,GO:0038092,nodal signaling pathway,2,Compara
IEA,GO_REF:0000107,GO:0097601,retina blood vessel maintenance,2,Compara
IEA,GO_REF:0000107,GO:0140651,futile creatine cycle,2,Compara
IEA,GO_REF:0000107,GO:0160093,chordate pharynx development,2,Compara
IEA,GO_REF:0000107,GO:0000028,ribosomal small subunit assembly,2,Compara
IEA,GO_REF:0000107,GO:0060746,parental behavior,2,Compara
IEA,GO_REF:0000107,GO:0002456,T cell mediated immunity,2,Compara
IEA,GO_REF:0000107,GO:0097069,cellular response to thyroxine stimulus,2,Compara
IEA,GO_REF:0000107,GO:0001823,mesonephros development,2,Compara
IEA,GO_REF:0000107,GO:0002232,leukocyte chemotaxis involved in inflammatory response,2,Compara
IEA,GO_REF:0000107,GO:0002268,follicular dendritic cell differentiation,2,Compara
IEA,GO_REF:0000107,GO:0002358,B cell homeostatic proliferation,2,Compara
IEA,GO_REF:0000107,GO:0002679,respiratory burst involved in defense response,2,Compara
IEA,GO_REF:0000107,GO:0060523,prostate epithelial cord elongation,2,Compara
IEA,GO_REF:0000107,GO:0090141,positive regulation of mitochondrial fission,2,Compara
IEA,GO_REF:0000107,GO:0097720,calcineurin-mediated signaling,2,Compara
IEA,GO_REF:0000107,GO:0097744,renal urate salt excretion,2,Compara
IEA,GO_REF:0000107,GO:0120200,rod photoreceptor outer segment,2,Compara
IEA,GO_REF:0000107,GO:0120206,photoreceptor distal connecting cilium,2,Compara
IEA,GO_REF:0000107,GO:0097068,response to thyroxine,2,Compara
IEA,GO_REF:0000107,GO:0044308,axonal spine,2,Compara
IEA,GO_REF:0000107,GO:0044346,fibroblast apoptotic process,2,Compara
IEA,GO_REF:0000107,GO:0045199,maintenance of epithelial cell apical/basal polarity,2,Compara
IEA,GO_REF:0000107,GO:0042254,ribosome biogenesis,2,Compara
IEA,GO_REF:0000107,GO:0042982,amyloid precursor protein metabolic process,2,Compara
IEA,GO_REF:0000107,GO:0060327,cytoplasmic actin-based contraction involved in cell motility,2,Compara
IEA,GO_REF:0000107,GO:0043368,positive T cell selection,2,Compara
IEA,GO_REF:0000107,GO:0043587,tongue morphogenesis,2,Compara
IEA,GO_REF:0000107,GO:0044726,epigenetic programing of female pronucleus,2,Compara
IEA,GO_REF:0000107,GO:0046488,phosphatidylinositol metabolic process,2,Compara
IEA,GO_REF:0000107,GO:0046543,development of secondary female sexual characteristics,2,Compara
IEA,GO_REF:0000107,GO:2000095,"regulation of Wnt signaling pathway, planar cell polarity pathway",2,Compara
IEA,GO_REF:0000107,GO:2000860,positive regulation of aldosterone secretion,2,Compara
IEA,GO_REF:0000107,GO:0002095,caveolar macromolecular signaling complex,2,Compara
IEA,GO_REF:0000107,GO:0060244,negative regulation of cell proliferation involved in contact inhibition,2,Compara
IEA,GO_REF:0000107,GO:0042304,regulation of fatty acid biosynthetic process,2,Compara
IEA,GO_REF:0000107,GO:0051799,negative regulation of hair follicle development,2,Compara
IEA,GO_REF:0000107,GO:0001504,neurotransmitter uptake,2,Compara
IEA,GO_REF:0000107,GO:0000049,tRNA binding,2,Compara
IEA,GO_REF:0000107,GO:0051301,cell division,2,Compara
IEA,GO_REF:0000107,GO:0001222,transcription corepressor binding,2,Compara
IEA,GO_REF:0000107,GO:0051583,dopamine uptake involved in synaptic transmission,2,Compara
IEA,GO_REF:0000107,GO:0060023,soft palate development,2,Compara
IEA,GO_REF:0000107,GO:0060060,post-embryonic retina morphogenesis in camera-type eye,2,Compara
IEA,GO_REF:0000107,GO:0060083,smooth muscle contraction involved in micturition,2,Compara
IEA,GO_REF:0000107,GO:0060157,urinary bladder development,2,Compara
IEA,GO_REF:0000107,GO:0060287,epithelial cilium movement involved in determination of left/right asymmetry,2,Compara
IEA,GO_REF:0000107,GO:0060675,ureteric bud morphogenesis,2,Compara
IEA,GO_REF:0000107,GO:0060977,coronary vasculature morphogenesis,2,Compara
IEA,GO_REF:0000107,GO:0003433,chondrocyte development involved in endochondral bone morphogenesis,2,Compara
IEA,GO_REF:0000107,GO:0050708,regulation of protein secretion,2,Compara
IEA,GO_REF:0000107,GO:0003062,regulation of heart rate by chemical signal,2,Compara
IEA,GO_REF:0000107,GO:0003215,cardiac right ventricle morphogenesis,2,Compara
IEA,GO_REF:0000107,GO:0003401,axis elongation,2,Compara
IEA,GO_REF:0000107,GO:0061430,bone trabecula morphogenesis,2,Compara
IEA,GO_REF:0000107,GO:1904643,response to curcumin,2,Compara
IEA,GO_REF:0000107,GO:1904878,negative regulation of calcium ion transmembrane transport via high voltage-gated calcium channel,2,Compara
IEA,GO_REF:0000107,GO:0015012,heparan sulfate proteoglycan biosynthetic process,2,Compara
IEA,GO_REF:0000107,GO:0051885,positive regulation of timing of anagen,2,Compara
IEA,GO_REF:0000107,GO:0048864,stem cell development,2,Compara
IEA,GO_REF:0000107,GO:0150047,G protein-coupled neurotransmitter receptor activity involved in regulation of presynaptic membrane potential,2,Compara
IEA,GO_REF:0000107,GO:0016504,peptidase activator activity,2,Compara
IEA,GO_REF:0000107,GO:0048732,gland development,2,Compara
IEA,GO_REF:0000107,GO:0019287,"isopentenyl diphosphate biosynthetic process, mevalonate pathway",2,Compara
IEA,GO_REF:0000107,GO:0051013,microtubule severing,2,Compara
IEA,GO_REF:0000107,GO:0005212,structural constituent of eye lens,2,Compara
IEA,GO_REF:0000107,GO:0005640,nuclear outer membrane,2,Compara
IEA,GO_REF:0000107,GO:0046668,regulation of retinal cell programmed cell death,2,Compara
IEA,GO_REF:0000107,GO:0006779,porphyrin-containing compound biosynthetic process,2,Compara
IEA,GO_REF:0000107,GO:0006826,iron ion transport,2,Compara
IEA,GO_REF:0000107,GO:0006931,"substrate-dependent cell migration, cell attachment to substrate",2,Compara
IEA,GO_REF:0000107,GO:0007493,endodermal cell fate determination,2,Compara
IEA,GO_REF:0000107,GO:0007622,rhythmic behavior,2,Compara
IEA,GO_REF:0000107,GO:0007638,mechanosensory behavior,2,Compara
IEA,GO_REF:0000107,GO:0009648,photoperiodism,2,Compara
IEA,GO_REF:0000107,GO:0005883,neurofilament,2,Compara
IEA,GO_REF:0000107,GO:0007042,lysosomal lumen acidification,2,Compara
IEA,GO_REF:0000107,GO:0007292,female gamete generation,2,Compara
IEA,GO_REF:0000107,GO:2000854,positive regulation of corticosterone secretion,2,Compara
IEA,GO_REF:0000107,GO:1901986,response to ketamine,2,Compara
IEA,GO_REF:0000107,GO:1902463,protein localization to cell leading edge,2,Compara
IEA,GO_REF:0000107,GO:1902691,respiratory basal cell differentiation,2,Compara
IEA,GO_REF:0000107,GO:2000345,regulation of hepatocyte proliferation,2,Compara
IEA,GO_REF:0000107,GO:0031430,M band,2,Compara
IEA,GO_REF:0000107,GO:0061939,c-di-GMP signaling,2,Compara
IEA,GO_REF:0000107,GO:0021569,rhombomere 3 development,2,Compara
IEA,GO_REF:0000107,GO:0021589,cerebellum structural organization,2,Compara
IEA,GO_REF:0000107,GO:0032298,positive regulation of DNA-templated DNA replication initiation,2,Compara
IEA,GO_REF:0000107,GO:0032556,pyrimidine deoxyribonucleotide binding,2,Compara
IEA,GO_REF:0000107,GO:0032741,positive regulation of interleukin-18 production,2,Compara
IEA,GO_REF:0000107,GO:0032782,bile acid secretion,2,Compara
IEA,GO_REF:0000107,GO:0070342,brown fat cell proliferation,2,Compara
IEA,GO_REF:0000107,GO:0070664,negative regulation of leukocyte proliferation,2,Compara
IEA,GO_REF:0000107,GO:0070779,D-aspartate import across plasma membrane,2,Compara
IEA,GO_REF:0000107,GO:0071400,cellular response to oleic acid,2,Compara
IEA,GO_REF:0000107,GO:0071474,cellular hyperosmotic response,2,Compara
IEA,GO_REF:0000107,GO:0072017,distal tubule development,2,Compara
IEA,GO_REF:0000107,GO:0072104,glomerular capillary formation,2,Compara
IEA,GO_REF:0000107,GO:0072174,metanephric tubule formation,2,Compara
IEA,GO_REF:0000107,GO:0072224,metanephric glomerulus development,2,Compara
IEA,GO_REF:0000107,GO:0072537,fibroblast activation,2,Compara
IEA,GO_REF:0000107,GO:0033687,osteoblast proliferation,2,Compara
IEA,GO_REF:0000107,GO:1990791,dorsal root ganglion development,2,Compara
IEA,GO_REF:0000107,GO:0034276,kynurenic acid biosynthetic process,2,Compara
IEA,GO_REF:0000107,GO:0035315,hair cell differentiation,2,Compara
IEA,GO_REF:0000107,GO:1990603,dark adaptation,2,Compara
IEA,GO_REF:0000107,GO:1990573,potassium ion import across plasma membrane,2,Compara
IEA,GO_REF:0000107,GO:0032591,dendritic spine membrane,2,Compara
IEA,GO_REF:0000107,GO:0045759,negative regulation of action potential,2,Compara
IEA,GO_REF:0000107,GO:0035435,phosphate ion transmembrane transport,2,Compara
IEA,GO_REF:0000107,GO:0006412,translation,2,Compara
IEA,GO_REF:0000107,GO:0038001,paracrine signaling,2,Compara
IEA,GO_REF:0000107,GO:0150035,"regulation of trans-synaptic signaling by BDNF, modulating synaptic transmission",2,Compara
IEA,GO_REF:0000107,GO:0160045,TMEM240-body,2,Compara
IEA,GO_REF:0000107,GO:0002082,regulation of oxidative phosphorylation,2,Compara
IEA,GO_REF:0000107,GO:0097410,hippocampal interneuron differentiation,2,Compara
IEA,GO_REF:0000107,GO:0001555,oocyte growth,2,Compara
IEA,GO_REF:0000107,GO:0001580,detection of chemical stimulus involved in sensory perception of bitter taste,2,Compara
IEA,GO_REF:0000107,GO:0045472,response to ether,2,Compara
IEA,GO_REF:0000107,GO:0001812,positive regulation of type I hypersensitivity,2,Compara
IEA,GO_REF:0000107,GO:0002520,immune system development,2,Compara
IEA,GO_REF:0000107,GO:0090209,negative regulation of triglyceride metabolic process,2,Compara
IEA,GO_REF:0000107,GO:0090497,mesenchymal cell migration,2,Compara
IEA,GO_REF:0000107,GO:0098958,retrograde axonal transport of mitochondrion,2,Compara
IEA,GO_REF:0000107,GO:0042599,lamellar body,2,Compara
IEA,GO_REF:0000107,GO:0045136,development of secondary sexual characteristics,2,Compara
IEA,GO_REF:0000107,GO:0042044,fluid transport,2,Compara
IEA,GO_REF:0000107,GO:0043516,"regulation of DNA damage response, signal transduction by p53 class mediator",2,Compara
IEA,GO_REF:0000107,GO:0043622,cortical microtubule organization,2,Compara
IEA,GO_REF:0000107,GO:0044772,mitotic cell cycle phase transition,2,Compara
IEA,GO_REF:0000107,GO:0045109,intermediate filament organization,2,Compara
IEA,GO_REF:0000107,GO:0045602,negative regulation of endothelial cell differentiation,2,Compara
IEA,GO_REF:0000107,GO:0045806,negative regulation of endocytosis,2,Compara
IEA,GO_REF:0000107,GO:0046085,adenosine metabolic process,2,Compara
IEA,GO_REF:0000107,GO:1905913,negative regulation of calcium ion export across plasma membrane,2,Compara
IEA,GO_REF:0000107,GO:2000009,negative regulation of protein localization to cell surface,2,Compara
IEA,GO_REF:0000107,GO:2001135,regulation of endocytic recycling,2,Compara
IEA,GO_REF:0000107,GO:0008083,growth factor activity,2,Compara
IEA,GO_REF:0000107,GO:0046655,folic acid metabolic process,2,Compara
IEA,GO_REF:0000107,GO:0006636,unsaturated fatty acid biosynthetic process,2,Compara
IEA,GO_REF:0000107,GO:0048878,chemical homeostasis,2,Compara
IEA,GO_REF:0000107,GO:0042352,GDP-L-fucose salvage,2,Compara
IEA,GO_REF:0000107,GO:0031915,positive regulation of synaptic plasticity,2,Compara
IEA,GO_REF:0000107,GO:0042056,chemoattractant activity,2,Compara
IEA,GO_REF:0000107,GO:0051599,response to hydrostatic pressure,2,Compara
IEA,GO_REF:0000107,GO:1990845,adaptive thermogenesis,2,Compara
IEA,GO_REF:0000107,GO:0051646,mitochondrion localization,2,Compara
IEA,GO_REF:0000107,GO:0055082,intracellular chemical homeostasis,2,Compara
IEA,GO_REF:0000107,GO:0060598,dichotomous subdivision of terminal units involved in mammary gland duct morphogenesis,2,Compara
IEA,GO_REF:0000107,GO:0060837,blood vessel endothelial cell differentiation,2,Compara
IEA,GO_REF:0000107,GO:0060997,dendritic spine morphogenesis,2,Compara
IEA,GO_REF:0000107,GO:0061325,cell proliferation involved in outflow tract morphogenesis,2,Compara
IEA,GO_REF:0000107,GO:0035898,parathyroid hormone secretion,2,Compara
IEA,GO_REF:0000107,GO:0035861,site of double-strand break,2,Compara
IEA,GO_REF:0000107,GO:1904321,response to forskolin,2,Compara
IEA,GO_REF:0000107,GO:1904567,response to wortmannin,2,Compara
IEA,GO_REF:0000107,GO:0033484,intracellular nitric oxide homeostasis,2,Compara
IEA,GO_REF:0000107,GO:0014873,response to muscle activity involved in regulation of muscle adaptation,2,Compara
IEA,GO_REF:0000107,GO:0015824,proline transport,2,Compara
IEA,GO_REF:0000107,GO:0016071,mRNA metabolic process,2,Compara
IEA,GO_REF:0000107,GO:1902902,negative regulation of autophagosome assembly,2,Compara
IEA,GO_REF:0000107,GO:0033093,Weibel-Palade body,2,Compara
IEA,GO_REF:0000107,GO:0033058,directional locomotion,2,Compara
IEA,GO_REF:0000107,GO:0019825,oxygen binding,2,Compara
IEA,GO_REF:0000107,GO:0006924,activation-induced cell death of T cells,2,Compara
IEA,GO_REF:0000107,GO:0008065,establishment of blood-nerve barrier,2,Compara
IEA,GO_REF:0000107,GO:0008366,axon ensheathment,2,Compara
IEA,GO_REF:0000107,GO:0072711,cellular response to hydroxyurea,2,Compara
IEA,GO_REF:0000107,GO:0009003,signal peptidase activity,2,Compara
IEA,GO_REF:0000107,GO:1902166,negative regulation of intrinsic apoptotic signaling pathway in response to DNA damage by p53 class mediator,2,Compara
IEA,GO_REF:0000107,GO:1902618,cellular response to fluoride,2,Compara
IEA,GO_REF:0000107,GO:0019724,B cell mediated immunity,2,Compara
IEA,GO_REF:0000107,GO:0120551,2-oxoglutarate decarboxylation to succinyl-CoA,2,Compara
IEA,GO_REF:0000107,GO:0031394,positive regulation of prostaglandin biosynthetic process,2,Compara
IEA,GO_REF:0000107,GO:0021545,cranial nerve development,2,Compara
IEA,GO_REF:0000107,GO:0021893,cerebral cortex GABAergic interneuron fate commitment,2,Compara
IEA,GO_REF:0000107,GO:0030219,megakaryocyte differentiation,2,Compara
IEA,GO_REF:0000107,GO:0072674,multinuclear osteoclast differentiation,2,Compara
IEA,GO_REF:0000107,GO:0030837,negative regulation of actin filament polymerization,2,Compara
IEA,GO_REF:0000107,GO:0032233,positive regulation of actin filament bundle assembly,2,Compara
IEA,GO_REF:0000107,GO:0032675,regulation of interleukin-6 production,2,Compara
IEA,GO_REF:0000107,GO:0032922,circadian regulation of gene expression,2,Compara
IEA,GO_REF:0000107,GO:0070317,negative regulation of G0 to G1 transition,2,Compara
IEA,GO_REF:0000107,GO:0070459,prolactin secretion,2,Compara
IEA,GO_REF:0000107,GO:0071477,cellular hypotonic salinity response,2,Compara
IEA,GO_REF:0000107,GO:0086006,voltage-gated sodium channel activity involved in cardiac muscle cell action potential,2,Compara
IEA,GO_REF:0000107,GO:0033622,integrin activation,2,Compara
IEA,GO_REF:0000107,GO:0034201,response to oleic acid,2,Compara
IEA,GO_REF:0000107,GO:0034704,calcium channel complex,2,Compara
IEA,GO_REF:0000107,GO:0098942,retrograde trans-synaptic signaling by trans-synaptic protein complex,2,Compara
IEA,GO_REF:0000107,GO:0033218,amide binding,2,Compara
IEA,GO_REF:0000107,GO:0034333,adherens junction assembly,2,Compara
IEA,GO_REF:0000107,GO:0035483,gastric emptying,2,Compara
IEA,GO_REF:0000107,GO:0035502,metanephric part of ureteric bud development,2,Compara
IEA,GO_REF:0000107,GO:0035685,helper T cell diapedesis,2,Compara
IEA,GO_REF:0000107,GO:0035907,dorsal aorta development,2,Compara
IEA,GO_REF:0000107,GO:0072189,ureter development,2,Compara
IEA,GO_REF:0000107,GO:0036446,myofibroblast differentiation,2,Compara
IEA,GO_REF:0000107,GO:0140454,protein aggregate center assembly,2,Compara
IEA,GO_REF:0000107,GO:0141124,intracellular signaling cassette,2,Compara
IEA,GO_REF:0000107,GO:1900194,negative regulation of oocyte maturation,2,Compara
IEA,GO_REF:0000107,GO:0098631,cell adhesion mediator activity,2,Compara
IEA,GO_REF:0000107,GO:0120045,stereocilium maintenance,2,Compara
IEA,GO_REF:0000107,GO:0001961,positive regulation of cytokine-mediated signaling pathway,2,Compara
IEA,GO_REF:0000107,GO:0002002,regulation of angiotensin levels in blood,2,Compara
IEA,GO_REF:0000107,GO:0002780,antibacterial peptide biosynthetic process,2,Compara
IEA,GO_REF:0000107,GO:0090238,positive regulation of arachidonate secretion,2,Compara
IEA,GO_REF:0000107,GO:0097038,perinuclear endoplasmic reticulum,2,Compara
IEA,GO_REF:0000107,GO:0097512,cardiac myofibril,2,Compara
IEA,GO_REF:0000107,GO:0098895,postsynaptic endosome membrane,2,Compara
IEA,GO_REF:0000107,GO:0099536,synaptic signaling,2,Compara
IEA,GO_REF:0000107,GO:0097195,pilomotor reflex,2,Compara
IEA,GO_REF:0000107,GO:0071887,leukocyte apoptotic process,2,Compara
IEA,GO_REF:0000107,GO:0031314,extrinsic component of mitochondrial inner membrane,2,Compara
IEA,GO_REF:0000107,GO:0032482,Rab protein signal transduction,2,Compara
IEA,GO_REF:0000107,GO:0032968,positive regulation of transcription elongation by RNA polymerase II,2,Compara
IEA,GO_REF:0000107,GO:0071805,potassium ion transmembrane transport,2,Compara
IEA,GO_REF:0000107,GO:0002352,B cell negative selection,2,Compara
IEA,GO_REF:0000107,GO:0035198,miRNA binding,2,Compara
IEA,GO_REF:0000107,GO:0034121,regulation of toll-like receptor signaling pathway,2,Compara
IEA,GO_REF:0000107,GO:0036066,protein O-linked glycosylation via fucose,2,Compara
IEA,GO_REF:0000107,GO:0071651,positive regulation of chemokine (C-C motif) ligand 5 production,2,Compara
IEA,GO_REF:0000107,GO:0002344,B cell affinity maturation,2,Compara
IEA,GO_REF:0000107,GO:0071468,cellular response to acidic pH,2,Compara
IEA,GO_REF:0000107,GO:0071403,cellular response to high density lipoprotein particle stimulus,2,Compara
IEA,GO_REF:0000107,GO:0120181,focal adhesion disassembly,2,Compara
IEA,GO_REF:0000107,GO:0071393,cellular response to progesterone stimulus,2,Compara
IEA,GO_REF:0000107,GO:0044389,ubiquitin-like protein ligase binding,2,Compara
IEA,GO_REF:0000107,GO:0042321,"negative regulation of circadian sleep/wake cycle, sleep",2,Compara
IEA,GO_REF:0000107,GO:0042407,cristae formation,2,Compara
IEA,GO_REF:0000107,GO:0001973,G protein-coupled adenosine receptor signaling pathway,2,Compara
IEA,GO_REF:0000107,GO:0043476,pigment accumulation,2,Compara
IEA,GO_REF:0000107,GO:0043523,regulation of neuron apoptotic process,2,Compara
IEA,GO_REF:0000107,GO:0043536,positive regulation of blood vessel endothelial cell migration,2,Compara
IEA,GO_REF:0000107,GO:0044790,suppression of viral release by host,2,Compara
IEA,GO_REF:0000107,GO:0045070,positive regulation of viral genome replication,2,Compara
IEA,GO_REF:0000107,GO:0045428,regulation of nitric oxide biosynthetic process,2,Compara
IEA,GO_REF:0000107,GO:0045619,regulation of lymphocyte differentiation,2,Compara
IEA,GO_REF:0000107,GO:0045650,negative regulation of macrophage differentiation,2,Compara
IEA,GO_REF:0000107,GO:0045724,positive regulation of cilium assembly,2,Compara
IEA,GO_REF:0000107,GO:0045950,negative regulation of mitotic recombination,2,Compara
IEA,GO_REF:0000107,GO:0045989,positive regulation of striated muscle contraction,2,Compara
IEA,GO_REF:0000107,GO:1990030,pericellular basket,2,Compara
IEA,GO_REF:0000107,GO:1990769,proximal neuron projection,2,Compara
IEA,GO_REF:0000107,GO:1990785,response to water-immersion restraint stress,2,Compara
IEA,GO_REF:0000107,GO:2000490,negative regulation of hepatic stellate cell activation,2,Compara
IEA,GO_REF:0000107,GO:2000819,regulation of nucleotide-excision repair,2,Compara
IEA,GO_REF:0000107,GO:0048483,autonomic nervous system development,2,Compara
IEA,GO_REF:0000107,GO:0048630,skeletal muscle tissue growth,2,Compara
IEA,GO_REF:0000107,GO:0048660,regulation of smooth muscle cell proliferation,2,Compara
IEA,GO_REF:0000107,GO:0001785,prostaglandin J receptor activity,2,Compara
IEA,GO_REF:0000107,GO:0071389,cellular response to mineralocorticoid stimulus,2,Compara
IEA,GO_REF:0000107,GO:0055008,cardiac muscle tissue morphogenesis,2,Compara
IEA,GO_REF:0000107,GO:0061670,evoked neurotransmitter secretion,2,Compara
IEA,GO_REF:0000107,GO:0050820,positive regulation of coagulation,2,Compara
IEA,GO_REF:0000107,GO:0051127,positive regulation of actin nucleation,2,Compara
IEA,GO_REF:0000107,GO:0051150,regulation of smooth muscle cell differentiation,2,Compara
IEA,GO_REF:0000107,GO:0051403,stress-activated MAPK cascade,2,Compara
IEA,GO_REF:0000107,GO:0051431,corticotropin-releasing hormone receptor 2 binding,2,Compara
IEA,GO_REF:0000107,GO:0051561,positive regulation of mitochondrial calcium ion concentration,2,Compara
IEA,GO_REF:0000107,GO:0060123,regulation of growth hormone secretion,2,Compara
IEA,GO_REF:0000107,GO:0060163,subpallium neuron fate commitment,2,Compara
IEA,GO_REF:0000107,GO:0060537,muscle tissue development,2,Compara
IEA,GO_REF:0000107,GO:0060689,cell differentiation involved in salivary gland development,2,Compara
IEA,GO_REF:0000107,GO:0060732,positive regulation of inositol phosphate biosynthetic process,2,Compara
IEA,GO_REF:0000107,GO:0061010,gallbladder development,2,Compara
IEA,GO_REF:0000107,GO:0120001,apical plasma membrane urothelial plaque,2,Compara
IEA,GO_REF:0000107,GO:0005245,voltage-gated calcium channel activity,2,Compara
IEA,GO_REF:0000107,GO:0097444,spine apparatus,2,Compara
IEA,GO_REF:0000107,GO:0003093,regulation of glomerular filtration,2,Compara
IEA,GO_REF:0000107,GO:0003096,renal sodium ion transport,2,Compara
IEA,GO_REF:0000107,GO:0003143,embryonic heart tube morphogenesis,2,Compara
IEA,GO_REF:0000107,GO:0061370,testosterone biosynthetic process,2,Compara
IEA,GO_REF:0000107,GO:0050661,NADP binding,2,Compara
IEA,GO_REF:0000107,GO:0050795,regulation of behavior,2,Compara
IEA,GO_REF:0000107,GO:0001664,G protein-coupled receptor binding,2,Compara
IEA,GO_REF:0000107,GO:0001652,granular component,2,Compara
IEA,GO_REF:0000107,GO:1900425,negative regulation of defense response to bacterium,2,Compara
IEA,GO_REF:0000107,GO:1904719,positive regulation of AMPA glutamate receptor clustering,2,Compara
IEA,GO_REF:0000107,GO:0010455,positive regulation of cell fate commitment,2,Compara
IEA,GO_REF:0000107,GO:0016344,meiotic chromosome movement towards spindle pole,2,Compara
IEA,GO_REF:0000107,GO:0062197,cellular response to chemical stress,2,Compara
IEA,GO_REF:0000107,GO:0019079,viral genome replication,2,Compara
IEA,GO_REF:0000107,GO:0019218,regulation of steroid metabolic process,2,Compara
IEA,GO_REF:0000107,GO:0010725,regulation of primitive erythrocyte differentiation,2,Compara
IEA,GO_REF:0000107,GO:0010824,regulation of centrosome duplication,2,Compara
IEA,GO_REF:0000107,GO:0016079,synaptic vesicle exocytosis,2,Compara
IEA,GO_REF:0000107,GO:1903077,negative regulation of protein localization to plasma membrane,2,Compara
IEA,GO_REF:0000107,GO:1903210,podocyte apoptotic process,2,Compara
IEA,GO_REF:0000107,GO:1904015,cellular response to serotonin,2,Compara
IEA,GO_REF:0000107,GO:0006225,UDP biosynthetic process,2,Compara
IEA,GO_REF:0000107,GO:0006401,RNA catabolic process,2,Compara
IEA,GO_REF:0000107,GO:0008050,female courtship behavior,2,Compara
IEA,GO_REF:0000107,GO:0008064,regulation of actin polymerization or depolymerization,2,Compara
IEA,GO_REF:0000107,GO:0035305,negative regulation of dephosphorylation,2,Compara
IEA,GO_REF:0000107,GO:0006161,deoxyguanosine catabolic process,2,Compara
IEA,GO_REF:0000107,GO:0007599,hemostasis,2,Compara
IEA,GO_REF:0000107,GO:0009913,epidermal cell differentiation,2,Compara
IEA,GO_REF:0000107,GO:1902257,negative regulation of apoptotic process involved in outflow tract morphogenesis,2,Compara
IEA,GO_REF:0000107,GO:1902533,positive regulation of intracellular signal transduction,2,Compara
IEA,GO_REF:0000107,GO:0033235,positive regulation of protein sumoylation,2,Compara
IEA,GO_REF:0000107,GO:0035197,siRNA binding,2,Compara
IEA,GO_REF:0000107,GO:0006071,glycerol metabolic process,2,Compara
IEA,GO_REF:0000107,GO:0032374,regulation of cholesterol transport,2,Compara
IEA,GO_REF:0000107,GO:0006508,proteolysis,2,Compara
IEA,GO_REF:0000107,GO:0061966,establishment of left/right asymmetry,2,Compara
IEA,GO_REF:0000107,GO:0032350,regulation of hormone metabolic process,2,Compara
IEA,GO_REF:0000107,GO:0019640,D-glucuronate catabolic process to D-xylulose 5-phosphate,2,Compara
IEA,GO_REF:0000107,GO:0021571,rhombomere 5 development,2,Compara
IEA,GO_REF:0000107,GO:0021894,cerebral cortex GABAergic interneuron development,2,Compara
IEA,GO_REF:0000107,GO:0021988,olfactory lobe development,2,Compara
IEA,GO_REF:0000107,GO:0022009,central nervous system vasculogenesis,2,Compara
IEA,GO_REF:0000107,GO:0030262,apoptotic nuclear changes,2,Compara
IEA,GO_REF:0000107,GO:0031527,filopodium membrane,2,Compara
IEA,GO_REF:0000107,GO:0032642,regulation of chemokine production,2,Compara
IEA,GO_REF:0000107,GO:0032730,positive regulation of interleukin-1 alpha production,2,Compara
IEA,GO_REF:0000107,GO:0032927,positive regulation of activin receptor signaling pathway,2,Compara
IEA,GO_REF:0000107,GO:0032959,inositol trisphosphate biosynthetic process,2,Compara
IEA,GO_REF:0000107,GO:0071322,cellular response to carbohydrate stimulus,2,Compara
IEA,GO_REF:0000107,GO:0072221,metanephric distal convoluted tubule development,2,Compara
IEA,GO_REF:0000107,GO:0033146,regulation of intracellular estrogen receptor signaling pathway,2,Compara
IEA,GO_REF:0000107,GO:0072719,cellular response to cisplatin,2,Compara
IEA,GO_REF:0000107,GO:0034145,positive regulation of toll-like receptor 4 signaling pathway,2,Compara
IEA,GO_REF:0000107,GO:0035269,protein O-linked glycosylation via mannose,2,Compara
IEA,GO_REF:0000107,GO:0180011,cytosolic mRNA polyadenylation,2,Compara
IEA,GO_REF:0000107,GO:0072595,maintenance of protein localization in organelle,2,Compara
IEA,GO_REF:0000107,GO:0002446,neutrophil mediated immunity,2,Compara
IEA,GO_REF:0000107,GO:0097371,MDM2/MDM4 family protein binding,2,Compara
IEA,GO_REF:0000107,GO:0120044,stereocilium base,2,Compara
IEA,GO_REF:0000107,GO:0001546,preantral ovarian follicle growth,2,Compara
IEA,GO_REF:0000107,GO:0072272,proximal/distal pattern formation involved in metanephric nephron development,2,Compara
IEA,GO_REF:0000107,GO:0001887,selenium compound metabolic process,2,Compara
IEA,GO_REF:0000107,GO:0090244,Wnt signaling pathway involved in somitogenesis,2,Compara
IEA,GO_REF:0000107,GO:0090327,negative regulation of locomotion involved in locomotory behavior,2,Compara
IEA,GO_REF:0000107,GO:0090427,activation of meiosis,2,Compara
IEA,GO_REF:0000107,GO:0097154,GABAergic neuron differentiation,2,Compara
IEA,GO_REF:0000107,GO:0097477,lateral motor column neuron migration,2,Compara
IEA,GO_REF:0000107,GO:0030853,negative regulation of granulocyte differentiation,2,Compara
IEA,GO_REF:0000107,GO:0120223,larynx morphogenesis,2,Compara
IEA,GO_REF:0000107,GO:0043052,thermotaxis,2,Compara
IEA,GO_REF:0000107,GO:0044323,retinoic acid-responsive element binding,2,Compara
IEA,GO_REF:0000107,GO:0045187,"regulation of circadian sleep/wake cycle, sleep",2,Compara
IEA,GO_REF:0000107,GO:0042986,positive regulation of amyloid precursor protein biosynthetic process,2,Compara
IEA,GO_REF:0000107,GO:0072133,metanephric mesenchyme morphogenesis,2,Compara
IEA,GO_REF:0000107,GO:0043268,positive regulation of potassium ion transport,2,Compara
IEA,GO_REF:0000107,GO:0044751,cellular response to human chorionic gonadotropin stimulus,2,Compara
IEA,GO_REF:0000107,GO:0045542,positive regulation of cholesterol biosynthetic process,2,Compara
IEA,GO_REF:0000107,GO:0045586,regulation of gamma-delta T cell differentiation,2,Compara
IEA,GO_REF:0000107,GO:0045819,positive regulation of glycogen catabolic process,2,Compara
IEA,GO_REF:0000107,GO:1990227,paranodal junction maintenance,2,Compara
IEA,GO_REF:0000107,GO:2000727,positive regulation of cardiac muscle cell differentiation,2,Compara
IEA,GO_REF:0000107,GO:2001214,positive regulation of vasculogenesis,2,Compara
IEA,GO_REF:0000107,GO:2001247,positive regulation of phosphatidylcholine biosynthetic process,2,Compara
IEA,GO_REF:0000107,GO:0046625,sphingolipid binding,2,Compara
IEA,GO_REF:0000107,GO:0071598,neuronal ribonucleoprotein granule,2,Compara
IEA,GO_REF:0000107,GO:0031507,heterochromatin formation,2,Compara
IEA,GO_REF:0000107,GO:0030695,GTPase regulator activity,2,Compara
IEA,GO_REF:0000107,GO:0048312,intracellular distribution of mitochondria,2,Compara
IEA,GO_REF:0000107,GO:0048822,enucleate erythrocyte development,2,Compara
IEA,GO_REF:0000107,GO:0048866,stem cell fate specification,2,Compara
IEA,GO_REF:0000107,GO:0050435,amyloid-beta metabolic process,2,Compara
IEA,GO_REF:0000107,GO:0050699,WW domain binding,2,Compara
IEA,GO_REF:0000107,GO:0051654,establishment of mitochondrion localization,2,Compara
IEA,GO_REF:0000107,GO:0051661,maintenance of centrosome location,2,Compara
IEA,GO_REF:0000107,GO:0030210,heparin proteoglycan biosynthetic process,2,Compara
IEA,GO_REF:0000107,GO:0060307,regulation of ventricular cardiac muscle cell membrane repolarization,2,Compara
IEA,GO_REF:0000107,GO:0060335,positive regulation of type II interferon-mediated signaling pathway,2,Compara
IEA,GO_REF:0000107,GO:0060438,trachea development,2,Compara
IEA,GO_REF:0000107,GO:0070256,negative regulation of mucus secretion,2,Compara
IEA,GO_REF:0000107,GO:0070947,neutrophil-mediated killing of fungus,2,Compara
IEA,GO_REF:0000107,GO:0003785,actin monomer binding,2,Compara
IEA,GO_REF:0000107,GO:0070445,regulation of oligodendrocyte progenitor proliferation,2,Compara
IEA,GO_REF:0000107,GO:0014901,satellite cell activation involved in skeletal muscle regeneration,2,Compara
IEA,GO_REF:0000107,GO:0070376,regulation of ERK5 cascade,2,Compara
IEA,GO_REF:0000107,GO:0019237,centromeric DNA binding,2,Compara
IEA,GO_REF:0000107,GO:0010643,cell communication by chemical coupling,2,Compara
IEA,GO_REF:0000107,GO:0010766,negative regulation of sodium ion transport,2,Compara
IEA,GO_REF:0000107,GO:0010897,negative regulation of triglyceride catabolic process,2,Compara
IEA,GO_REF:0000107,GO:0014858,positive regulation of skeletal muscle cell proliferation,2,Compara
IEA,GO_REF:0000107,GO:0014894,response to denervation involved in regulation of muscle adaptation,2,Compara
IEA,GO_REF:0000107,GO:1903980,positive regulation of microglial cell activation,2,Compara
IEA,GO_REF:0000107,GO:1904263,positive regulation of TORC1 signaling,2,Compara
IEA,GO_REF:0000107,GO:0021873,forebrain neuroblast division,2,Compara
IEA,GO_REF:0000107,GO:0032796,uropod organization,2,Compara
IEA,GO_REF:0000107,GO:0016556,mRNA modification,2,Compara
IEA,GO_REF:0000107,GO:0031573,mitotic intra-S DNA damage checkpoint signaling,2,Compara
IEA,GO_REF:0000107,GO:0021780,glial cell fate specification,2,Compara
IEA,GO_REF:0000107,GO:0021707,cerebellar granule cell differentiation,2,Compara
IEA,GO_REF:0000107,GO:0022407,regulation of cell-cell adhesion,2,Compara
IEA,GO_REF:0000107,GO:0006120,"mitochondrial electron transport, NADH to ubiquinone",2,Compara
IEA,GO_REF:0000107,GO:0006544,glycine metabolic process,2,Compara
IEA,GO_REF:0000107,GO:0006933,negative regulation of cell adhesion involved in substrate-bound cell migration,2,Compara
IEA,GO_REF:0000107,GO:0007056,spindle assembly involved in female meiosis,2,Compara
IEA,GO_REF:0000107,GO:0021740,principal sensory nucleus of trigeminal nerve development,2,Compara
IEA,GO_REF:0000107,GO:0021555,midbrain-hindbrain boundary morphogenesis,2,Compara
IEA,GO_REF:0000107,GO:0008528,G protein-coupled peptide receptor activity,2,Compara
IEA,GO_REF:0000107,GO:0010044,response to aluminum ion,2,Compara
IEA,GO_REF:0000107,GO:1902512,positive regulation of apoptotic DNA fragmentation,2,Compara
IEA,GO_REF:0000107,GO:0021649,vestibulocochlear nerve structural organization,2,Compara
IEA,GO_REF:0000107,GO:0030072,peptide hormone secretion,2,Compara
IEA,GO_REF:0000107,GO:0070032,synaptobrevin 2-SNAP-25-syntaxin-1a-complexin I complex,2,Compara
IEA,GO_REF:0000107,GO:0019661,glucose catabolic process to lactate via pyruvate,1,Compara
IEA,GO_REF:0000107,GO:1902531,regulation of intracellular signal transduction,1,Compara
IEA,GO_REF:0000107,GO:1900047,negative regulation of hemostasis,1,Compara
IEA,GO_REF:0000107,GO:1900125,regulation of hyaluronan biosynthetic process,1,Compara
IEA,GO_REF:0000107,GO:1900210,positive regulation of cardiolipin metabolic process,1,Compara
IEA,GO_REF:0000107,GO:1900826,negative regulation of membrane depolarization during cardiac muscle cell action potential,1,Compara
IEA,GO_REF:0000107,GO:0000407,phagophore assembly site,1,Compara
IEA,GO_REF:0000107,GO:0001179,RNA polymerase I general transcription initiation factor binding,1,Compara
IEA,GO_REF:0000107,GO:0002134,UTP binding,1,Compara
IEA,GO_REF:0000107,GO:0090673,endothelial cell-matrix adhesion,1,Compara
IEA,GO_REF:0000107,GO:0097327,response to antineoplastic agent,1,Compara
IEA,GO_REF:0000107,GO:0097603,temperature-gated ion channel activity,1,Compara
IEA,GO_REF:0000107,GO:0098595,perivitelline space,1,Compara
IEA,GO_REF:0000107,GO:0006620,post-translational protein targeting to endoplasmic reticulum membrane,1,Compara
IEA,GO_REF:0000107,GO:0001895,retina homeostasis,1,Compara
IEA,GO_REF:0000107,GO:0002285,lymphocyte activation involved in immune response,1,Compara
IEA,GO_REF:0000107,GO:0002353,plasma kallikrein-kinin cascade,1,Compara
IEA,GO_REF:0000107,GO:0002537,nitric oxide production involved in inflammatory response,1,Compara
IEA,GO_REF:0000107,GO:0002538,arachidonate metabolite production involved in inflammatory response,1,Compara
IEA,GO_REF:0000107,GO:0002552,serotonin secretion by mast cell,1,Compara
IEA,GO_REF:0000107,GO:0002690,positive regulation of leukocyte chemotaxis,1,Compara
IEA,GO_REF:0000107,GO:0090140,regulation of mitochondrial fission,1,Compara
IEA,GO_REF:0000107,GO:0006658,phosphatidylserine metabolic process,1,Compara
IEA,GO_REF:0000107,GO:0090206,negative regulation of cholesterol metabolic process,1,Compara
IEA,GO_REF:0000107,GO:0090290,positive regulation of osteoclast proliferation,1,Compara
IEA,GO_REF:0000107,GO:0090340,positive regulation of secretion of lysosomal enzymes,1,Compara
IEA,GO_REF:0000107,GO:0097473,retinal rod cell apoptotic process,1,Compara
IEA,GO_REF:0000107,GO:0098969,neurotransmitter receptor transport to postsynaptic membrane,1,Compara
IEA,GO_REF:0000107,GO:0099611,regulation of action potential firing threshold,1,Compara
IEA,GO_REF:0000107,GO:0120249,lateral wall of outer hair cell,1,Compara
IEA,GO_REF:0000107,GO:0006700,C21-steroid hormone biosynthetic process,1,Compara
IEA,GO_REF:0000107,GO:0043084,penile erection,1,Compara
IEA,GO_REF:0000107,GO:0044224,juxtaparanode region of axon,1,Compara
IEA,GO_REF:0000107,GO:0044380,protein localization to cytoskeleton,1,Compara
IEA,GO_REF:0000107,GO:0042168,heme metabolic process,1,Compara
IEA,GO_REF:0000107,GO:0042262,DNA protection,1,Compara
IEA,GO_REF:0000107,GO:0042701,progesterone secretion,1,Compara
IEA,GO_REF:0000107,GO:0030286,dynein complex,1,Compara
IEA,GO_REF:0000107,GO:0043313,regulation of neutrophil degranulation,1,Compara
IEA,GO_REF:0000107,GO:0045105,intermediate filament polymerization or depolymerization,1,Compara
IEA,GO_REF:0000107,GO:0045162,clustering of voltage-gated sodium channels,1,Compara
IEA,GO_REF:0000107,GO:0045345,positive regulation of MHC class I biosynthetic process,1,Compara
IEA,GO_REF:0000107,GO:0045769,negative regulation of asymmetric cell division,1,Compara
IEA,GO_REF:0000107,GO:0045823,positive regulation of heart contraction,1,Compara
IEA,GO_REF:0000107,GO:0006811,monoatomic ion transport,1,Compara
IEA,GO_REF:0000107,GO:0045923,positive regulation of fatty acid metabolic process,1,Compara
IEA,GO_REF:0000107,GO:0046463,acylglycerol biosynthetic process,1,Compara
IEA,GO_REF:0000107,GO:0046499,S-adenosylmethioninamine metabolic process,1,Compara
IEA,GO_REF:0000107,GO:1905832,positive regulation of spindle assembly,1,Compara
IEA,GO_REF:0000107,GO:1905897,regulation of response to endoplasmic reticulum stress,1,Compara
IEA,GO_REF:0000107,GO:1990430,extracellular matrix protein binding,1,Compara
IEA,GO_REF:0000107,GO:1990523,bone regeneration,1,Compara
IEA,GO_REF:0000107,GO:1990544,mitochondrial ATP transmembrane transport,1,Compara
IEA,GO_REF:0000107,GO:1990953,intramanchette transport,1,Compara
IEA,GO_REF:0000107,GO:1990960,basophil homeostasis,1,Compara
IEA,GO_REF:0000107,GO:2000124,regulation of endocannabinoid signaling pathway,1,Compara
IEA,GO_REF:0000107,GO:2000397,positive regulation of ubiquitin-dependent endocytosis,1,Compara
IEA,GO_REF:0000107,GO:2000637,positive regulation of miRNA-mediated gene silencing,1,Compara
IEA,GO_REF:0000107,GO:2000646,positive regulation of receptor catabolic process,1,Compara
IEA,GO_REF:0000107,GO:2000729,positive regulation of mesenchymal cell proliferation involved in ureter development,1,Compara
IEA,GO_REF:0000107,GO:2000807,regulation of synaptic vesicle clustering,1,Compara
IEA,GO_REF:0000107,GO:2001205,negative regulation of osteoclast development,1,Compara
IEA,GO_REF:0000107,GO:0048015,phosphatidylinositol-mediated signaling,1,Compara
IEA,GO_REF:0000107,GO:0046811,histone deacetylase inhibitor activity,1,Compara
IEA,GO_REF:0000107,GO:0007156,homophilic cell adhesion via plasma membrane adhesion molecules,1,Compara
IEA,GO_REF:0000107,GO:0048486,parasympathetic nervous system development,1,Compara
IEA,GO_REF:0000107,GO:0048627,myoblast development,1,Compara
IEA,GO_REF:0000107,GO:0048792,spontaneous exocytosis of neurotransmitter,1,Compara
IEA,GO_REF:0000107,GO:0050433,regulation of catecholamine secretion,1,Compara
IEA,GO_REF:0000107,GO:0001671,ATPase activator activity,1,Compara
IEA,GO_REF:0000107,GO:0045010,actin nucleation,1,Compara
IEA,GO_REF:0000107,GO:0007342,fusion of sperm to egg plasma membrane involved in single fertilization,1,Compara
IEA,GO_REF:0000107,GO:0045862,positive regulation of proteolysis,1,Compara
IEA,GO_REF:0000107,GO:0051729,"germline cell cycle switching, mitotic to meiotic cell cycle",1,Compara
IEA,GO_REF:0000107,GO:0055014,atrial cardiac muscle cell development,1,Compara
IEA,GO_REF:0000107,GO:0061582,intestinal epithelial cell migration,1,Compara
IEA,GO_REF:0000107,GO:0006895,Golgi to endosome transport,1,Compara
IEA,GO_REF:0000107,GO:0061628,histone H3K27me3 reader activity,1,Compara
IEA,GO_REF:0000107,GO:0006907,pinocytosis,1,Compara
IEA,GO_REF:0000107,GO:0007500,mesodermal cell fate determination,1,Compara
IEA,GO_REF:0000107,GO:0050812,regulation of acyl-CoA biosynthetic process,1,Compara
IEA,GO_REF:0000107,GO:0050897,cobalt ion binding,1,Compara
IEA,GO_REF:0000107,GO:0050982,detection of mechanical stimulus,1,Compara
IEA,GO_REF:0000107,GO:0051650,establishment of vesicle localization,1,Compara
IEA,GO_REF:0000107,GO:0060094,"positive regulation of synaptic transmission, glycinergic",1,Compara
IEA,GO_REF:0000107,GO:0060249,anatomical structure homeostasis,1,Compara
IEA,GO_REF:0000107,GO:0060309,elastin catabolic process,1,Compara
IEA,GO_REF:0000107,GO:0060345,spleen trabecula formation,1,Compara
IEA,GO_REF:0000107,GO:0060450,positive regulation of hindgut contraction,1,Compara
IEA,GO_REF:0000107,GO:0060455,negative regulation of gastric acid secretion,1,Compara
IEA,GO_REF:0000107,GO:0060458,right lung development,1,Compara
IEA,GO_REF:0000107,GO:0060459,left lung development,1,Compara
IEA,GO_REF:0000107,GO:0060929,atrioventricular node cell fate commitment,1,Compara
IEA,GO_REF:0000107,GO:0061081,positive regulation of myeloid leukocyte cytokine production involved in immune response,1,Compara
IEA,GO_REF:0000107,GO:0061441,renal artery morphogenesis,1,Compara
IEA,GO_REF:0000107,GO:0038171,cannabinoid signaling pathway,1,Compara
IEA,GO_REF:0000107,GO:0005776,autophagosome,1,Compara
IEA,GO_REF:0000107,GO:0004958,prostaglandin F receptor activity,1,Compara
IEA,GO_REF:0000107,GO:0005126,cytokine receptor binding,1,Compara
IEA,GO_REF:0000107,GO:0005135,interleukin-3 receptor binding,1,Compara
IEA,GO_REF:0000107,GO:0005161,platelet-derived growth factor receptor binding,1,Compara
IEA,GO_REF:0000107,GO:0005253,monoatomic anion channel activity,1,Compara
IEA,GO_REF:0000107,GO:0005261,monoatomic cation channel activity,1,Compara
IEA,GO_REF:0000107,GO:0150153,positive regulation of interleukin-17A production,1,Compara
IEA,GO_REF:0000107,GO:0005330,dopamine:sodium symporter activity,1,Compara
IEA,GO_REF:0000107,GO:0005385,zinc ion transmembrane transporter activity,1,Compara
IEA,GO_REF:0000107,GO:0141008,transposable element silencing by mRNA destabilization,1,Compara
IEA,GO_REF:0000107,GO:0005686,U2 snRNP,1,Compara
IEA,GO_REF:0000107,GO:0003097,renal water transport,1,Compara
IEA,GO_REF:0000107,GO:0003199,endocardial cushion to mesenchymal transition involved in heart valve formation,1,Compara
IEA,GO_REF:0000107,GO:0003289,atrial septum primum morphogenesis,1,Compara
IEA,GO_REF:0000107,GO:0004016,adenylate cyclase activity,1,Compara
IEA,GO_REF:0000107,GO:0141006,transposable element silencing by piRNA-mediated heterochromatin formation,1,Compara
IEA,GO_REF:0000107,GO:0004667,prostaglandin-D synthase activity,1,Compara
IEA,GO_REF:0000107,GO:0004861,cyclin-dependent protein serine/threonine kinase inhibitor activity,1,Compara
IEA,GO_REF:0000107,GO:0140882,zinc export across plasma membrane,1,Compara
IEA,GO_REF:0000107,GO:1904330,positive regulation of myofibroblast contraction,1,Compara
IEA,GO_REF:0000107,GO:1904346,positive regulation of gastric mucosal blood circulation,1,Compara
IEA,GO_REF:0000107,GO:1904586,cellular response to putrescine,1,Compara
IEA,GO_REF:0000107,GO:1905070,anterior visceral endoderm cell migration,1,Compara
IEA,GO_REF:0000107,GO:1905445,positive regulation of clathrin coat assembly,1,Compara
IEA,GO_REF:0000107,GO:1905592,negative regulation of optical nerve axon regeneration,1,Compara
IEA,GO_REF:0000107,GO:0015373,monoatomic anion:sodium symporter activity,1,Compara
IEA,GO_REF:0000107,GO:0015935,small ribosomal subunit,1,Compara
IEA,GO_REF:0000107,GO:0016338,calcium-independent cell-cell adhesion via plasma membrane cell-adhesion molecules,1,Compara
IEA,GO_REF:0000107,GO:0016480,negative regulation of transcription by RNA polymerase III,1,Compara
IEA,GO_REF:0000107,GO:0038002,endocrine signaling,1,Compara
IEA,GO_REF:0000107,GO:0019102,male somatic sex determination,1,Compara
IEA,GO_REF:0000107,GO:0036515,serotonergic neuron axon guidance,1,Compara
IEA,GO_REF:0000107,GO:0010657,muscle cell apoptotic process,1,Compara
IEA,GO_REF:0000107,GO:0010866,regulation of triglyceride biosynthetic process,1,Compara
IEA,GO_REF:0000107,GO:0055085,transmembrane transport,1,Compara
IEA,GO_REF:0000107,GO:0014886,transition between slow and fast fiber,1,Compara
IEA,GO_REF:0000107,GO:0015671,oxygen transport,1,Compara
IEA,GO_REF:0000107,GO:0015747,urate transport,1,Compara
IEA,GO_REF:0000107,GO:0015755,fructose transmembrane transport,1,Compara
IEA,GO_REF:0000107,GO:0016175,superoxide-generating NAD(P)H oxidase activity,1,Compara
IEA,GO_REF:0000107,GO:0016182,synaptic vesicle budding from endosome,1,Compara
IEA,GO_REF:0000107,GO:0016247,channel regulator activity,1,Compara
IEA,GO_REF:0000107,GO:0016929,deSUMOylase activity,1,Compara
IEA,GO_REF:0000107,GO:0019341,dibenzo-p-dioxin catabolic process,1,Compara
IEA,GO_REF:0000107,GO:0036445,neuronal stem cell division,1,Compara
IEA,GO_REF:0000107,GO:1903367,positive regulation of fear response,1,Compara
IEA,GO_REF:0000107,GO:1903578,regulation of ATP metabolic process,1,Compara
IEA,GO_REF:0000107,GO:1903729,regulation of plasma membrane organization,1,Compara
IEA,GO_REF:0000107,GO:1903883,positive regulation of interleukin-17-mediated signaling pathway,1,Compara
IEA,GO_REF:0000107,GO:1903910,negative regulation of receptor clustering,1,Compara
IEA,GO_REF:0000107,GO:1904050,positive regulation of spontaneous neurotransmitter secretion,1,Compara
IEA,GO_REF:0000107,GO:1904056,positive regulation of cholangiocyte proliferation,1,Compara
IEA,GO_REF:0000107,GO:1904205,negative regulation of skeletal muscle hypertrophy,1,Compara
IEA,GO_REF:0000107,GO:0036019,endolysosome,1,Compara
IEA,GO_REF:0000107,GO:0035912,dorsal aorta morphogenesis,1,Compara
IEA,GO_REF:0000107,GO:0035841,new growing cell tip,1,Compara
IEA,GO_REF:0000107,GO:0035716,chemokine (C-C motif) ligand 12 binding,1,Compara
IEA,GO_REF:0000107,GO:0035372,protein localization to microtubule,1,Compara
IEA,GO_REF:0000107,GO:0034139,regulation of toll-like receptor 3 signaling pathway,1,Compara
IEA,GO_REF:0000107,GO:1904037,positive regulation of epithelial cell apoptotic process,1,Compara
IEA,GO_REF:0000107,GO:0034383,low-density lipoprotein particle clearance,1,Compara
IEA,GO_REF:0000107,GO:0034342,response to type III interferon,1,Compara
IEA,GO_REF:0000107,GO:1902936,phosphatidylinositol bisphosphate binding,1,Compara
IEA,GO_REF:0000107,GO:0034285,response to disaccharide,1,Compara
IEA,GO_REF:0000107,GO:0072179,nephric duct formation,1,Compara
IEA,GO_REF:0000107,GO:1903780,negative regulation of cardiac conduction,1,Compara
IEA,GO_REF:0000107,GO:0006591,ornithine metabolic process,1,Compara
IEA,GO_REF:0000107,GO:0006828,manganese ion transport,1,Compara
IEA,GO_REF:0000107,GO:1903751,negative regulation of intrinsic apoptotic signaling pathway in response to hydrogen peroxide,1,Compara
IEA,GO_REF:0000107,GO:0140888,interferon-mediated signaling pathway,1,Compara
IEA,GO_REF:0000107,GO:0009415,response to water,1,Compara
IEA,GO_REF:0000107,GO:0005954,calcium- and calmodulin-dependent protein kinase complex,1,Compara
IEA,GO_REF:0000107,GO:0006114,glycerol biosynthetic process,1,Compara
IEA,GO_REF:0000107,GO:0006552,L-leucine catabolic process,1,Compara
IEA,GO_REF:0000107,GO:0006706,steroid catabolic process,1,Compara
IEA,GO_REF:0000107,GO:0086091,regulation of heart rate by cardiac conduction,1,Compara
IEA,GO_REF:0000107,GO:0007174,epidermal growth factor catabolic process,1,Compara
IEA,GO_REF:0000107,GO:0072542,protein phosphatase activator activity,1,Compara
IEA,GO_REF:0000107,GO:0072320,volume-sensitive chloride channel activity,1,Compara
IEA,GO_REF:0000107,GO:0008474,palmitoyl-(protein) hydrolase activity,1,Compara
IEA,GO_REF:0000107,GO:0008941,nitric oxide dioxygenase NAD(P)H activity,1,Compara
IEA,GO_REF:0000107,GO:1903573,negative regulation of response to endoplasmic reticulum stress,1,Compara
IEA,GO_REF:0000107,GO:0009032,thymidine phosphorylase activity,1,Compara
IEA,GO_REF:0000107,GO:0071593,lymphocyte aggregation,1,Compara
IEA,GO_REF:0000107,GO:1901373,lipid hydroperoxide transport,1,Compara
IEA,GO_REF:0000107,GO:1902151,regulation of response to DNA integrity checkpoint signaling,1,Compara
IEA,GO_REF:0000107,GO:1902165,regulation of intrinsic apoptotic signaling pathway in response to DNA damage by p53 class mediator,1,Compara
IEA,GO_REF:0000107,GO:1902305,regulation of sodium ion transmembrane transport,1,Compara
IEA,GO_REF:0000107,GO:1902682,protein localization to pericentric heterochromatin,1,Compara
IEA,GO_REF:0000107,GO:0022834,ligand-gated channel activity,1,Compara
IEA,GO_REF:0000107,GO:0030042,actin filament depolymerization,1,Compara
IEA,GO_REF:0000107,GO:0030492,hemoglobin binding,1,Compara
IEA,GO_REF:0000107,GO:0030984,kininogen binding,1,Compara
IEA,GO_REF:0000107,GO:0032008,positive regulation of TOR signaling,1,Compara
IEA,GO_REF:0000107,GO:0032048,cardiolipin metabolic process,1,Compara
IEA,GO_REF:0000107,GO:0032451,demethylase activity,1,Compara
IEA,GO_REF:0000107,GO:0019482,beta-alanine metabolic process,1,Compara
IEA,GO_REF:0000107,GO:0019530,taurine metabolic process,1,Compara
IEA,GO_REF:0000107,GO:0019674,NAD+ metabolic process,1,Compara
IEA,GO_REF:0000107,GO:0021503,neural fold bending,1,Compara
IEA,GO_REF:0000107,GO:0021779,oligodendrocyte cell fate commitment,1,Compara
IEA,GO_REF:0000107,GO:0030215,semaphorin receptor binding,1,Compara
IEA,GO_REF:0000107,GO:0030239,myofibril assembly,1,Compara
IEA,GO_REF:0000107,GO:0030578,PML body organization,1,Compara
IEA,GO_REF:0000107,GO:0071680,response to indole-3-methanol,1,Compara
IEA,GO_REF:0000107,GO:0031034,myosin filament assembly,1,Compara
IEA,GO_REF:0000107,GO:0031943,regulation of glucocorticoid metabolic process,1,Compara
IEA,GO_REF:0000107,GO:0032006,regulation of TOR signaling,1,Compara
IEA,GO_REF:0000107,GO:0032183,SUMO binding,1,Compara
IEA,GO_REF:0000107,GO:0032480,negative regulation of type I interferon production,1,Compara
IEA,GO_REF:0000107,GO:0032740,positive regulation of interleukin-17 production,1,Compara
IEA,GO_REF:0000107,GO:0071547,piP-body,1,Compara
IEA,GO_REF:0000107,GO:0032872,regulation of stress-activated MAPK cascade,1,Compara
IEA,GO_REF:0000107,GO:0032934,sterol binding,1,Compara
IEA,GO_REF:0000107,GO:1903056,regulation of melanosome organization,1,Compara
IEA,GO_REF:0000107,GO:0070230,positive regulation of lymphocyte apoptotic process,1,Compara
IEA,GO_REF:0000107,GO:0070245,positive regulation of thymocyte apoptotic process,1,Compara
IEA,GO_REF:0000107,GO:0070318,positive regulation of G0 to G1 transition,1,Compara
IEA,GO_REF:0000107,GO:0071545,inositol phosphate catabolic process,1,Compara
IEA,GO_REF:0000107,GO:0071409,cellular response to cycloheximide,1,Compara
IEA,GO_REF:0000107,GO:0071454,cellular response to anoxia,1,Compara
IEA,GO_REF:0000107,GO:0071464,cellular response to hydrostatic pressure,1,Compara
IEA,GO_REF:0000107,GO:0071478,cellular response to radiation,1,Compara
IEA,GO_REF:0000107,GO:0071444,cellular response to pheromone,1,Compara
IEA,GO_REF:0000107,GO:0071550,death-inducing signaling complex assembly,1,Compara
IEA,GO_REF:0000107,GO:0072529,pyrimidine-containing compound catabolic process,1,Compara
IEA,GO_REF:0000107,GO:0080154,regulation of fertilization,1,Compara
IEA,GO_REF:0000107,GO:0080184,response to phenylpropanoid,1,Compara
IEA,GO_REF:0000107,GO:0033605,positive regulation of catecholamine secretion,1,Compara
IEA,GO_REF:0000107,GO:0034243,regulation of transcription elongation by RNA polymerase II,1,Compara
IEA,GO_REF:0000107,GO:0034502,protein localization to chromosome,1,Compara
IEA,GO_REF:0000107,GO:0034584,piRNA binding,1,Compara
IEA,GO_REF:0000107,GO:0035036,sperm-egg recognition,1,Compara
IEA,GO_REF:0000107,GO:0070661,leukocyte proliferation,1,Compara
IEA,GO_REF:0000107,GO:0034154,toll-like receptor 7 signaling pathway,1,Compara
IEA,GO_REF:0000107,GO:0034379,very-low-density lipoprotein particle assembly,1,Compara
IEA,GO_REF:0000107,GO:0034384,high-density lipoprotein particle clearance,1,Compara
IEA,GO_REF:0000107,GO:0035325,Toll-like receptor binding,1,Compara
IEA,GO_REF:0000107,GO:0035357,peroxisome proliferator activated receptor signaling pathway,1,Compara
IEA,GO_REF:0000107,GO:0071391,cellular response to estrogen stimulus,1,Compara
IEA,GO_REF:0000107,GO:0035727,lysophosphatidic acid binding,1,Compara
IEA,GO_REF:0000107,GO:0035751,regulation of lysosomal lumen pH,1,Compara
IEA,GO_REF:0000107,GO:0035849,nephric duct elongation,1,Compara
IEA,GO_REF:0000107,GO:0036321,ghrelin secretion,1,Compara
IEA,GO_REF:0000107,GO:0071286,cellular response to magnesium ion,1,Compara
IEA,GO_REF:0000107,GO:0038178,complement component C5a signaling pathway,1,Compara
IEA,GO_REF:0000107,GO:0038179,neurotrophin signaling pathway,1,Compara
IEA,GO_REF:0000107,GO:0140296,general transcription initiation factor binding,1,Compara
IEA,GO_REF:0000107,GO:0140318,protein transporter activity,1,Compara
IEA,GO_REF:0000107,GO:1902908,regulation of melanosome transport,1,Compara
IEA,GO_REF:0000107,GO:0141067,intracellular nitrogen homeostasis,1,Compara
IEA,GO_REF:0000107,GO:0070886,positive regulation of calcineurin-NFAT signaling cascade,1,Compara
IEA,GO_REF:0000107,GO:0016926,protein desumoylation,1,Compara
IEA,GO_REF:0000107,GO:0000422,autophagy of mitochondrion,1,Compara
IEA,GO_REF:0000107,GO:0000454,snoRNA guided rRNA pseudouridine synthesis,1,Compara
IEA,GO_REF:0000107,GO:0001650,fibrillar center,1,Compara
IEA,GO_REF:0000107,GO:0070701,mucus layer,1,Compara
IEA,GO_REF:0000107,GO:0002149,hypochlorous acid biosynthetic process,1,Compara
IEA,GO_REF:0000107,GO:0002443,leukocyte mediated immunity,1,Compara
IEA,GO_REF:0000107,GO:0090732,cofilin-actin rod,1,Compara
IEA,GO_REF:0000107,GO:0097132,cyclin D2-CDK6 complex,1,Compara
IEA,GO_REF:0000107,GO:0097322,7SK snRNA binding,1,Compara
IEA,GO_REF:0000107,GO:0031234,extrinsic component of cytoplasmic side of plasma membrane,1,Compara
IEA,GO_REF:0000107,GO:0098743,cell aggregation,1,Compara
IEA,GO_REF:0000107,GO:0070570,regulation of neuron projection regeneration,1,Compara
IEA,GO_REF:0000107,GO:0070508,cholesterol import,1,Compara
IEA,GO_REF:0000107,GO:0120013,lipid transfer activity,1,Compara
IEA,GO_REF:0000107,GO:0070493,thrombin-activated receptor signaling pathway,1,Compara
IEA,GO_REF:0000107,GO:0070442,integrin alphaIIb-beta3 complex,1,Compara
IEA,GO_REF:0000107,GO:0070367,negative regulation of hepatocyte differentiation,1,Compara
IEA,GO_REF:0000107,GO:0062099,negative regulation of programmed necrotic cell death,1,Compara
IEA,GO_REF:0000107,GO:0032803,regulation of low-density lipoprotein particle receptor catabolic process,1,Compara
IEA,GO_REF:0000107,GO:0009593,detection of chemical stimulus,1,Compara
IEA,GO_REF:0000107,GO:0032588,trans-Golgi network membrane,1,Compara
IEA,GO_REF:0000107,GO:0032479,regulation of type I interferon production,1,Compara
IEA,GO_REF:0000107,GO:0015718,monocarboxylic acid transport,1,Compara
IEA,GO_REF:0000107,GO:0032225,"regulation of synaptic transmission, dopaminergic",1,Compara
IEA,GO_REF:0000107,GO:0070988,demethylation,1,Compara
IEA,GO_REF:0000107,GO:0031998,regulation of fatty acid beta-oxidation,1,Compara
IEA,GO_REF:0000107,GO:0099012,neuronal dense core vesicle membrane,1,Compara
IEA,GO_REF:0000107,GO:0031630,regulation of synaptic vesicle fusion to presynaptic active zone membrane,1,Compara
IEA,GO_REF:0000107,GO:0031579,membrane raft organization,1,Compara
IEA,GO_REF:0000107,GO:0031210,phosphatidylcholine binding,1,Compara
IEA,GO_REF:0000107,GO:0015636,short-chain fatty acid transmembrane transporter activity,1,Compara
IEA,GO_REF:0000107,GO:0000289,nuclear-transcribed mRNA poly(A) tail shortening,1,Compara
IEA,GO_REF:0000107,GO:0014719,skeletal muscle satellite cell activation,1,Compara
IEA,GO_REF:0000107,GO:0001949,sebaceous gland cell differentiation,1,Compara
IEA,GO_REF:0000107,GO:0002016,regulation of blood volume by renin-angiotensin,1,Compara
IEA,GO_REF:0000107,GO:0002282,microglial cell activation involved in immune response,1,Compara
IEA,GO_REF:0000107,GO:0002548,monocyte chemotaxis,1,Compara
IEA,GO_REF:0000107,GO:0002644,negative regulation of tolerance induction,1,Compara
IEA,GO_REF:0000107,GO:0002727,regulation of natural killer cell cytokine production,1,Compara
IEA,GO_REF:0000107,GO:0002728,negative regulation of natural killer cell cytokine production,1,Compara
IEA,GO_REF:0000107,GO:0090156,intracellular sphingolipid homeostasis,1,Compara
IEA,GO_REF:0000107,GO:0090178,regulation of establishment of planar polarity involved in neural tube closure,1,Compara
IEA,GO_REF:0000107,GO:0090258,negative regulation of mitochondrial fission,1,Compara
IEA,GO_REF:0000107,GO:0097485,neuron projection guidance,1,Compara
IEA,GO_REF:0000107,GO:0097494,regulation of vesicle size,1,Compara
IEA,GO_REF:0000107,GO:0098681,synaptic ribbon,1,Compara
IEA,GO_REF:0000107,GO:0098953,receptor diffusion trapping,1,Compara
IEA,GO_REF:0000107,GO:0098954,presynaptic endosome membrane,1,Compara
IEA,GO_REF:0000107,GO:0098973,structural constituent of postsynaptic actin cytoskeleton,1,Compara
IEA,GO_REF:0000107,GO:0099189,postsynaptic spectrin-associated cytoskeleton,1,Compara
IEA,GO_REF:0000107,GO:0099575,"regulation of protein catabolic process at presynapse, modulating synaptic transmission",1,Compara
IEA,GO_REF:0000107,GO:0120136,dUMP kinase activity,1,Compara
IEA,GO_REF:0000107,GO:0042590,antigen processing and presentation of exogenous peptide antigen via MHC class I,1,Compara
IEA,GO_REF:0000107,GO:0044299,C-fiber,1,Compara
IEA,GO_REF:0000107,GO:0042498,diacyl lipopeptide binding,1,Compara
IEA,GO_REF:0000107,GO:0042538,hyperosmotic salinity response,1,Compara
IEA,GO_REF:0000107,GO:0042572,retinol metabolic process,1,Compara
IEA,GO_REF:0000107,GO:0042987,amyloid precursor protein catabolic process,1,Compara
IEA,GO_REF:0000107,GO:0043152,induction of bacterial agglutination,1,Compara
IEA,GO_REF:0000107,GO:0043178,alcohol binding,1,Compara
IEA,GO_REF:0000107,GO:0043438,acetoacetic acid metabolic process,1,Compara
IEA,GO_REF:0000107,GO:0043518,"negative regulation of DNA damage response, signal transduction by p53 class mediator",1,Compara
IEA,GO_REF:0000107,GO:0043519,regulation of myosin II filament organization,1,Compara
IEA,GO_REF:0000107,GO:0046016,positive regulation of transcription by glucose,1,Compara
IEA,GO_REF:0000107,GO:0046054,dGMP metabolic process,1,Compara
IEA,GO_REF:0000107,GO:1990408,calcitonin gene-related peptide receptor signaling pathway,1,Compara
IEA,GO_REF:0000107,GO:1990459,transferrin receptor binding,1,Compara
IEA,GO_REF:0000107,GO:1990535,neuron projection maintenance,1,Compara
IEA,GO_REF:0000107,GO:1990599,3' overhang single-stranded DNA endodeoxyribonuclease activity,1,Compara
IEA,GO_REF:0000107,GO:1990718,axonemal central pair projection,1,Compara
IEA,GO_REF:0000107,GO:2000172,regulation of branching morphogenesis of a nerve,1,Compara
IEA,GO_REF:0000107,GO:2000187,positive regulation of phosphate transmembrane transport,1,Compara
IEA,GO_REF:0000107,GO:2000386,positive regulation of ovarian follicle development,1,Compara
IEA,GO_REF:0000107,GO:2000521,negative regulation of immunological synapse formation,1,Compara
IEA,GO_REF:0000107,GO:2000785,regulation of autophagosome assembly,1,Compara
IEA,GO_REF:0000107,GO:2000977,regulation of forebrain neuron differentiation,1,Compara
IEA,GO_REF:0000107,GO:0048073,regulation of eye pigmentation,1,Compara
IEA,GO_REF:0000107,GO:0046630,gamma-delta T cell proliferation,1,Compara
IEA,GO_REF:0000107,GO:0006625,protein targeting to peroxisome,1,Compara
IEA,GO_REF:0000107,GO:0046666,retinal cell programmed cell death,1,Compara
IEA,GO_REF:0000107,GO:0030323,respiratory tube development,1,Compara
IEA,GO_REF:0000107,GO:0048243,norepinephrine secretion,1,Compara
IEA,GO_REF:0000107,GO:0048572,short-day photoperiodism,1,Compara
IEA,GO_REF:0000107,GO:0048621,post-embryonic digestive tract morphogenesis,1,Compara
IEA,GO_REF:0000107,GO:0048710,regulation of astrocyte differentiation,1,Compara
IEA,GO_REF:0000107,GO:0021855,hypothalamus cell migration,1,Compara
IEA,GO_REF:0000107,GO:0051895,negative regulation of focal adhesion assembly,1,Compara
IEA,GO_REF:0000107,GO:0061373,mammillary axonal complex development,1,Compara
IEA,GO_REF:0000107,GO:0061431,cellular response to methionine,1,Compara
IEA,GO_REF:0000107,GO:0061690,lipoamidase activity,1,Compara
IEA,GO_REF:0000107,GO:0050961,detection of temperature stimulus involved in sensory perception,1,Compara
IEA,GO_REF:0000107,GO:0051205,protein insertion into membrane,1,Compara
IEA,GO_REF:0000107,GO:0051235,maintenance of location,1,Compara
IEA,GO_REF:0000107,GO:0010742,macrophage derived foam cell differentiation,1,Compara
IEA,GO_REF:0000107,GO:0051282,regulation of sequestering of calcium ion,1,Compara
IEA,GO_REF:0000107,GO:0051385,response to mineralocorticoid,1,Compara
IEA,GO_REF:0000107,GO:0051490,negative regulation of filopodium assembly,1,Compara
IEA,GO_REF:0000107,GO:0051920,peroxiredoxin activity,1,Compara
IEA,GO_REF:0000107,GO:0010730,negative regulation of hydrogen peroxide biosynthetic process,1,Compara
IEA,GO_REF:0000107,GO:0060112,generation of ovulation cycle rhythm,1,Compara
IEA,GO_REF:0000107,GO:0060436,bronchiole morphogenesis,1,Compara
IEA,GO_REF:0000107,GO:0060516,primary prostatic bud elongation,1,Compara
IEA,GO_REF:0000107,GO:0060602,branch elongation of an epithelium,1,Compara
IEA,GO_REF:0000107,GO:0060753,regulation of mast cell chemotaxis,1,Compara
IEA,GO_REF:0000107,GO:0060809,mesodermal to mesenchymal transition involved in gastrulation,1,Compara
IEA,GO_REF:0000107,GO:0060922,atrioventricular node cell differentiation,1,Compara
IEA,GO_REF:0000107,GO:0060989,lipid tube assembly involved in organelle fusion,1,Compara
IEA,GO_REF:0000107,GO:0061001,regulation of dendritic spine morphogenesis,1,Compara
IEA,GO_REF:0000107,GO:0061157,mRNA destabilization,1,Compara
IEA,GO_REF:0000107,GO:0061709,reticulophagy,1,Compara
IEA,GO_REF:0000107,GO:0010717,regulation of epithelial to mesenchymal transition,1,Compara
IEA,GO_REF:0000107,GO:0021773,striatal medium spiny neuron differentiation,1,Compara
IEA,GO_REF:0000107,GO:0043262,ADP phosphatase activity,1,Compara
IEA,GO_REF:0000107,GO:0021692,cerebellar Purkinje cell layer morphogenesis,1,Compara
IEA,GO_REF:0000107,GO:0010523,negative regulation of calcium ion transport into cytosol,1,Compara
IEA,GO_REF:0000107,GO:0021572,rhombomere 6 development,1,Compara
IEA,GO_REF:0000107,GO:0004468,"L-lysine N-acetyltransferase activity, acting on acetyl phosphate as donor",1,Compara
IEA,GO_REF:0000107,GO:0005163,nerve growth factor receptor binding,1,Compara
IEA,GO_REF:0000107,GO:0005549,odorant binding,1,Compara
IEA,GO_REF:0000107,GO:0010189,vitamin E biosynthetic process,1,Compara
IEA,GO_REF:0000107,GO:0017143,insecticide metabolic process,1,Compara
IEA,GO_REF:0000107,GO:0002902,regulation of B cell apoptotic process,1,Compara
IEA,GO_REF:0000107,GO:0003127,detection of nodal flow,1,Compara
IEA,GO_REF:0000107,GO:0003264,regulation of cardioblast proliferation,1,Compara
IEA,GO_REF:0000107,GO:0003273,cell migration involved in endocardial cushion formation,1,Compara
IEA,GO_REF:0000107,GO:0003310,pancreatic A cell differentiation,1,Compara
IEA,GO_REF:0000107,GO:1904307,response to desipramine,1,Compara
IEA,GO_REF:0000107,GO:1904465,negative regulation of matrix metallopeptidase secretion,1,Compara
IEA,GO_REF:0000107,GO:1904936,interneuron migration,1,Compara
IEA,GO_REF:0000107,GO:1905237,response to cyclosporin A,1,Compara
IEA,GO_REF:0000107,GO:1905477,positive regulation of protein localization to membrane,1,Compara
IEA,GO_REF:0000107,GO:1905528,positive regulation of Golgi lumen acidification,1,Compara
IEA,GO_REF:0000107,GO:1905553,regulation of blood vessel branching,1,Compara
IEA,GO_REF:0000107,GO:1905631,cellular response to glyceraldehyde,1,Compara
IEA,GO_REF:0000107,GO:0016444,somatic cell DNA recombination,1,Compara
IEA,GO_REF:0000107,GO:0032027,myosin light chain binding,1,Compara
IEA,GO_REF:0000107,GO:0017080,sodium channel regulator activity,1,Compara
IEA,GO_REF:0000107,GO:0010559,regulation of glycoprotein biosynthetic process,1,Compara
IEA,GO_REF:0000107,GO:0010649,regulation of cell communication by electrical coupling,1,Compara
IEA,GO_REF:0000107,GO:0010650,positive regulation of cell communication by electrical coupling,1,Compara
IEA,GO_REF:0000107,GO:0010652,positive regulation of cell communication by chemical coupling,1,Compara
IEA,GO_REF:0000107,GO:0010867,positive regulation of triglyceride biosynthetic process,1,Compara
IEA,GO_REF:0000107,GO:0014043,negative regulation of neuron maturation,1,Compara
IEA,GO_REF:0000107,GO:0015706,nitrate transmembrane transport,1,Compara
IEA,GO_REF:0000107,GO:0016005,phospholipase A2 activator activity,1,Compara
IEA,GO_REF:0000107,GO:1903402,regulation of renal phosphate excretion,1,Compara
IEA,GO_REF:0000107,GO:1903442,response to lipoic acid,1,Compara
IEA,GO_REF:0000107,GO:1903445,protein transport from ciliary membrane to plasma membrane,1,Compara
IEA,GO_REF:0000107,GO:1903749,positive regulation of establishment of protein localization to mitochondrion,1,Compara
IEA,GO_REF:0000107,GO:0006044,N-acetylglucosamine metabolic process,1,Compara
IEA,GO_REF:0000107,GO:0031124,mRNA 3'-end processing,1,Compara
IEA,GO_REF:0000107,GO:0006403,RNA localization,1,Compara
IEA,GO_REF:0000107,GO:0006413,translational initiation,1,Compara
IEA,GO_REF:0000107,GO:0006154,adenosine catabolic process,1,Compara
IEA,GO_REF:0000107,GO:0006576,biogenic amine metabolic process,1,Compara
IEA,GO_REF:0000107,GO:1901568,fatty acid derivative metabolic process,1,Compara
IEA,GO_REF:0000107,GO:0006637,acyl-CoA metabolic process,1,Compara
IEA,GO_REF:0000107,GO:0008250,oligosaccharyltransferase complex,1,Compara
IEA,GO_REF:0000107,GO:0009637,response to blue light,1,Compara
IEA,GO_REF:0000107,GO:0005847,mRNA cleavage and polyadenylation specificity factor complex,1,Compara
IEA,GO_REF:0000107,GO:0006108,malate metabolic process,1,Compara
IEA,GO_REF:0000107,GO:0019826,oxygen sensor activity,1,Compara
IEA,GO_REF:0000107,GO:0007066,female meiosis sister chromatid cohesion,1,Compara
IEA,GO_REF:0000107,GO:0007146,meiotic recombination nodule assembly,1,Compara
IEA,GO_REF:0000107,GO:0007158,neuron cell-cell adhesion,1,Compara
IEA,GO_REF:0000107,GO:0007161,calcium-independent cell-matrix adhesion,1,Compara
IEA,GO_REF:0000107,GO:0016445,somatic diversification of immunoglobulins,1,Compara
IEA,GO_REF:0000107,GO:0007181,transforming growth factor beta receptor complex assembly,1,Compara
IEA,GO_REF:0000107,GO:0009048,dosage compensation by inactivation of X chromosome,1,Compara
IEA,GO_REF:0000107,GO:0005096,GTPase activator activity,1,Compara
IEA,GO_REF:0000107,GO:1902808,positive regulation of cell cycle G1/S phase transition,1,Compara
IEA,GO_REF:0000107,GO:0005608,laminin-3 complex,1,Compara
IEA,GO_REF:0000107,GO:1902742,apoptotic process involved in development,1,Compara
IEA,GO_REF:0000107,GO:1902730,positive regulation of proteoglycan biosynthetic process,1,Compara
IEA,GO_REF:0000107,GO:1902723,negative regulation of skeletal muscle satellite cell proliferation,1,Compara
IEA,GO_REF:0000107,GO:1902669,positive regulation of axon guidance,1,Compara
IEA,GO_REF:0000107,GO:0016787,hydrolase activity,1,Compara
IEA,GO_REF:0000107,GO:1902476,chloride transmembrane transport,1,Compara
IEA,GO_REF:0000107,GO:0006710,androgen catabolic process,1,Compara
IEA,GO_REF:0000107,GO:1901740,negative regulation of myoblast fusion,1,Compara
IEA,GO_REF:0000107,GO:0015234,thiamine transmembrane transporter activity,1,Compara
IEA,GO_REF:0000107,GO:0015125,bile acid transmembrane transporter activity,1,Compara
IEA,GO_REF:0000107,GO:1901491,negative regulation of lymphangiogenesis,1,Compara
IEA,GO_REF:0000107,GO:1901201,regulation of extracellular matrix assembly,1,Compara
IEA,GO_REF:0000107,GO:1905694,negative regulation of phosphatidic acid biosynthetic process,1,Compara
IEA,GO_REF:0000107,GO:0009956,radial pattern formation,1,Compara
IEA,GO_REF:0000107,GO:0009798,axis specification,1,Compara
IEA,GO_REF:0000107,GO:0009081,branched-chain amino acid metabolic process,1,Compara
IEA,GO_REF:0000107,GO:0009826,unidimensional cell growth,1,Compara
IEA,GO_REF:0000107,GO:0009891,positive regulation of biosynthetic process,1,Compara
IEA,GO_REF:0000107,GO:1905456,regulation of lymphoid progenitor cell differentiation,1,Compara
IEA,GO_REF:0000107,GO:1901030,positive regulation of mitochondrial outer membrane permeabilization involved in apoptotic signaling pathway,1,Compara
IEA,GO_REF:0000107,GO:1901081,negative regulation of relaxation of smooth muscle,1,Compara
IEA,GO_REF:0000107,GO:1901148,gene expression involved in extracellular matrix organization,1,Compara
IEA,GO_REF:0000107,GO:1901159,D-xylulose 5-phosphate biosynthetic process,1,Compara
IEA,GO_REF:0000107,GO:1901554,response to paracetamol,1,Compara
IEA,GO_REF:0000107,GO:1901647,positive regulation of synoviocyte proliferation,1,Compara
IEA,GO_REF:0000107,GO:1901805,beta-glucoside catabolic process,1,Compara
IEA,GO_REF:0000107,GO:1901991,negative regulation of mitotic cell cycle phase transition,1,Compara
IEA,GO_REF:0000107,GO:1902035,positive regulation of hematopoietic stem cell proliferation,1,Compara
IEA,GO_REF:0000107,GO:1905327,tracheoesophageal septum formation,1,Compara
IEA,GO_REF:0000107,GO:0030148,sphingolipid biosynthetic process,1,Compara
IEA,GO_REF:0000107,GO:0007213,G protein-coupled acetylcholine receptor signaling pathway,1,Compara
IEA,GO_REF:0000107,GO:0007208,phospholipase C-activating serotonin receptor signaling pathway,1,Compara
IEA,GO_REF:0000107,GO:0032053,ciliary basal body organization,1,Compara
IEA,GO_REF:0000107,GO:0007100,mitotic centrosome separation,1,Compara
IEA,GO_REF:0000107,GO:0072736,cellular response to tert-butyl hydroperoxide,1,Compara
IEA,GO_REF:0000107,GO:0021512,spinal cord anterior/posterior patterning,1,Compara
IEA,GO_REF:0000107,GO:0021642,trochlear nerve formation,1,Compara
IEA,GO_REF:0000107,GO:0021703,locus ceruleus development,1,Compara
IEA,GO_REF:0000107,GO:0021870,Cajal-Retzius cell differentiation,1,Compara
IEA,GO_REF:0000107,GO:0030311,poly-N-acetyllactosamine biosynthetic process,1,Compara
IEA,GO_REF:0000107,GO:0030346,protein phosphatase 2B binding,1,Compara
IEA,GO_REF:0000107,GO:0031681,G-protein beta-subunit binding,1,Compara
IEA,GO_REF:0000107,GO:0032227,"negative regulation of synaptic transmission, dopaminergic",1,Compara
IEA,GO_REF:0000107,GO:0032264,IMP salvage,1,Compara
IEA,GO_REF:0000107,GO:0032349,positive regulation of aldosterone biosynthetic process,1,Compara
IEA,GO_REF:0000107,GO:1904879,positive regulation of calcium ion transmembrane transport via high voltage-gated calcium channel,1,Compara
IEA,GO_REF:0000107,GO:0061886,negative regulation of mini excitatory postsynaptic potential,1,Compara
IEA,GO_REF:0000107,GO:1904854,proteasome core complex binding,1,Compara
IEA,GO_REF:0000107,GO:0070232,regulation of T cell apoptotic process,1,Compara
IEA,GO_REF:0000107,GO:0070236,negative regulation of activation-induced cell death of T cells,1,Compara
IEA,GO_REF:0000107,GO:0070237,positive regulation of activation-induced cell death of T cells,1,Compara
IEA,GO_REF:0000107,GO:0070447,positive regulation of oligodendrocyte progenitor proliferation,1,Compara
IEA,GO_REF:0000107,GO:0070522,ERCC4-ERCC1 complex,1,Compara
IEA,GO_REF:0000107,GO:0070700,BMP receptor binding,1,Compara
IEA,GO_REF:0000107,GO:0070891,lipoteichoic acid binding,1,Compara
IEA,GO_REF:0000107,GO:0006968,cellular defense response,1,Compara
IEA,GO_REF:0000107,GO:0071987,WD40-repeat domain binding,1,Compara
IEA,GO_REF:0000107,GO:0072047,proximal/distal pattern formation involved in nephron development,1,Compara
IEA,GO_REF:0000107,GO:0072218,metanephric ascending thin limb development,1,Compara
IEA,GO_REF:0000107,GO:0072249,metanephric podocyte development,1,Compara
IEA,GO_REF:0000107,GO:0072350,tricarboxylic acid metabolic process,1,Compara
IEA,GO_REF:0000107,GO:0072383,plus-end-directed vesicle transport along microtubule,1,Compara
IEA,GO_REF:0000107,GO:0072583,clathrin-dependent endocytosis,1,Compara
IEA,GO_REF:0000107,GO:0086005,ventricular cardiac muscle cell action potential,1,Compara
IEA,GO_REF:0000107,GO:0033143,regulation of intracellular steroid hormone receptor signaling pathway,1,Compara
IEA,GO_REF:0000107,GO:0034592,synaptic vesicle lumen,1,Compara
IEA,GO_REF:0000107,GO:0034677,integrin alpha7-beta1 complex,1,Compara
IEA,GO_REF:0000107,GO:0034751,aryl hydrocarbon receptor complex,1,Compara
IEA,GO_REF:0000107,GO:0035034,histone acetyltransferase regulator activity,1,Compara
IEA,GO_REF:0000107,GO:0033499,"galactose catabolic process via UDP-galactose, Leloir pathway",1,Compara
IEA,GO_REF:0000107,GO:0034107,negative regulation of erythrocyte clearance,1,Compara
IEA,GO_REF:0000107,GO:0006566,threonine metabolic process,1,Compara
IEA,GO_REF:0000107,GO:0034382,chylomicron remnant clearance,1,Compara
IEA,GO_REF:0000107,GO:0034392,negative regulation of smooth muscle cell apoptotic process,1,Compara
IEA,GO_REF:0000107,GO:0035717,chemokine (C-C motif) ligand 7 binding,1,Compara
IEA,GO_REF:0000107,GO:0036179,osteoclast maturation,1,Compara
IEA,GO_REF:0000107,GO:0036339,lymphocyte adhesion to endothelial cell of high endothelial venule,1,Compara
IEA,GO_REF:0000107,GO:0038203,TORC2 signaling,1,Compara
IEA,GO_REF:0000107,GO:0140463,chromatin-protein adaptor activity,1,Compara
IEA,GO_REF:0000107,GO:0140778,microtubule stabilizing activity,1,Compara
IEA,GO_REF:0000107,GO:1904692,positive regulation of type B pancreatic cell proliferation,1,Compara
IEA,GO_REF:0000107,GO:0140958,target-directed miRNA degradation,1,Compara
IEA,GO_REF:0000107,GO:1900239,regulation of phenotypic switching,1,Compara
IEA,GO_REF:0000107,GO:1900409,positive regulation of cellular response to oxidative stress,1,Compara
IEA,GO_REF:0000107,GO:1904627,response to phorbol 13-acetate 12-myristate,1,Compara
IEA,GO_REF:0000107,GO:0000512,lncRNA-mediated post-transcriptional gene silencing,1,Compara
IEA,GO_REF:0000107,GO:0005085,guanyl-nucleotide exchange factor activity,1,Compara
IEA,GO_REF:0000107,GO:0097377,spinal cord interneuron axon guidance,1,Compara
IEA,GO_REF:0000107,GO:0006768,biotin metabolic process,1,Compara
IEA,GO_REF:0000107,GO:0098810,neurotransmitter reuptake,1,Compara
IEA,GO_REF:0000107,GO:0140069,histone butyryltransferase activity,1,Compara
IEA,GO_REF:0000107,GO:0005078,MAP-kinase scaffold activity,1,Compara
IEA,GO_REF:0000107,GO:0005030,neurotrophin receptor activity,1,Compara
IEA,GO_REF:0000107,GO:0001994,norepinephrine-epinephrine vasoconstriction involved in regulation of systemic arterial blood pressure,1,Compara
IEA,GO_REF:0000107,GO:0002014,vasoconstriction of artery involved in ischemic response to lowering of systemic arterial blood pressure,1,Compara
IEA,GO_REF:0000107,GO:0002036,regulation of L-glutamate import across plasma membrane,1,Compara
IEA,GO_REF:0000107,GO:0002043,blood vessel endothelial cell proliferation involved in sprouting angiogenesis,1,Compara
IEA,GO_REF:0000107,GO:0002253,activation of immune response,1,Compara
IEA,GO_REF:0000107,GO:0002395,immune response in nasopharyngeal-associated lymphoid tissue,1,Compara
IEA,GO_REF:0000107,GO:0002408,myeloid dendritic cell chemotaxis,1,Compara
IEA,GO_REF:0000107,GO:0002718,regulation of cytokine production involved in immune response,1,Compara
IEA,GO_REF:0000107,GO:0090183,regulation of kidney development,1,Compara
IEA,GO_REF:0000107,GO:0090271,positive regulation of fibroblast growth factor production,1,Compara
IEA,GO_REF:0000107,GO:0090276,regulation of peptide hormone secretion,1,Compara
IEA,GO_REF:0000107,GO:0097540,axonemal central pair,1,Compara
IEA,GO_REF:0000107,GO:0097677,STAT family protein binding,1,Compara
IEA,GO_REF:0000107,GO:0099152,"regulation of neurotransmitter receptor transport, endosome to postsynaptic membrane",1,Compara
IEA,GO_REF:0000107,GO:0110090,positive regulation of hippocampal neuron apoptotic process,1,Compara
IEA,GO_REF:0000107,GO:0004151,dihydroorotase activity,1,Compara
IEA,GO_REF:0000107,GO:0004096,catalase activity,1,Compara
IEA,GO_REF:0000107,GO:0006555,methionine metabolic process,1,Compara
IEA,GO_REF:0000107,GO:0044301,climbing fiber,1,Compara
IEA,GO_REF:0000107,GO:0044302,dentate gyrus mossy fiber,1,Compara
IEA,GO_REF:0000107,GO:0044304,main axon,1,Compara
IEA,GO_REF:0000107,GO:0045254,pyruvate dehydrogenase complex,1,Compara
IEA,GO_REF:0000107,GO:0046203,spermidine catabolic process,1,Compara
IEA,GO_REF:0000107,GO:0042105,alpha-beta T cell receptor complex,1,Compara
IEA,GO_REF:0000107,GO:0042147,"retrograde transport, endosome to Golgi",1,Compara
IEA,GO_REF:0000107,GO:0042573,retinoic acid metabolic process,1,Compara
IEA,GO_REF:0000107,GO:0042883,cysteine transport,1,Compara
IEA,GO_REF:0000107,GO:0043271,negative regulation of monoatomic ion transport,1,Compara
IEA,GO_REF:0000107,GO:0043314,negative regulation of neutrophil degranulation,1,Compara
IEA,GO_REF:0000107,GO:0043380,regulation of memory T cell differentiation,1,Compara
IEA,GO_REF:0000107,GO:0043812,phosphatidylinositol-4-phosphate phosphatase activity,1,Compara
IEA,GO_REF:0000107,GO:0045163,clustering of voltage-gated potassium channels,1,Compara
IEA,GO_REF:0000107,GO:0045605,negative regulation of epidermal cell differentiation,1,Compara
IEA,GO_REF:0000107,GO:0045933,positive regulation of muscle contraction,1,Compara
IEA,GO_REF:0000107,GO:1905867,epididymis development,1,Compara
IEA,GO_REF:0000107,GO:1990009,retinal cell apoptotic process,1,Compara
IEA,GO_REF:0000107,GO:1990044,protein localization to lipid droplet,1,Compara
IEA,GO_REF:0000107,GO:1990166,protein localization to site of double-strand break,1,Compara
IEA,GO_REF:0000107,GO:0006538,L-glutamate catabolic process,1,Compara
IEA,GO_REF:0000107,GO:1990757,ubiquitin ligase activator activity,1,Compara
IEA,GO_REF:0000107,GO:2000017,positive regulation of determination of dorsal identity,1,Compara
IEA,GO_REF:0000107,GO:0019834,phospholipase A2 inhibitor activity,1,Compara
IEA,GO_REF:0000107,GO:0019955,cytokine binding,1,Compara
IEA,GO_REF:0000107,GO:0003214,cardiac left ventricle morphogenesis,1,Compara
IEA,GO_REF:0000107,GO:0034354,'de novo' NAD+ biosynthetic process from L-tryptophan,1,Compara
IEA,GO_REF:0000107,GO:0042744,hydrogen peroxide catabolic process,1,Compara
IEA,GO_REF:0000107,GO:2000271,positive regulation of fibroblast apoptotic process,1,Compara
IEA,GO_REF:0000107,GO:2000318,positive regulation of T-helper 17 type immune response,1,Compara
IEA,GO_REF:0000107,GO:2000389,regulation of neutrophil extravasation,1,Compara
IEA,GO_REF:0000107,GO:2000508,regulation of dendritic cell chemotaxis,1,Compara
IEA,GO_REF:0000107,GO:2000529,positive regulation of myeloid dendritic cell chemotaxis,1,Compara
IEA,GO_REF:0000107,GO:2000562,"negative regulation of CD4-positive, alpha-beta T cell proliferation",1,Compara
IEA,GO_REF:0000107,GO:2000623,"negative regulation of nuclear-transcribed mRNA catabolic process, nonsense-mediated decay",1,Compara
IEA,GO_REF:0000107,GO:2000638,regulation of SREBP signaling pathway,1,Compara
IEA,GO_REF:0000107,GO:2000830,positive regulation of parathyroid hormone secretion,1,Compara
IEA,GO_REF:0000107,GO:0048021,regulation of melanin biosynthetic process,1,Compara
IEA,GO_REF:0000107,GO:0003195,tricuspid valve formation,1,Compara
IEA,GO_REF:0000107,GO:0046834,lipid phosphorylation,1,Compara
IEA,GO_REF:0000107,GO:0047939,L-glucuronate reductase activity,1,Compara
IEA,GO_REF:0000107,GO:0048263,determination of dorsal identity,1,Compara
IEA,GO_REF:0000107,GO:0048327,axial mesodermal cell fate specification,1,Compara
IEA,GO_REF:0000107,GO:0048532,anatomical structure arrangement,1,Compara
IEA,GO_REF:0000107,GO:0048611,embryonic ectodermal digestive tract development,1,Compara
IEA,GO_REF:0000107,GO:0048692,negative regulation of axon extension involved in regeneration,1,Compara
IEA,GO_REF:0000107,GO:0051861,glycolipid binding,1,Compara
IEA,GO_REF:0000107,GO:0055002,striated muscle cell development,1,Compara
IEA,GO_REF:0000107,GO:0050750,low-density lipoprotein particle receptor binding,1,Compara
IEA,GO_REF:0000107,GO:0050779,RNA destabilization,1,Compara
IEA,GO_REF:0000107,GO:0003105,negative regulation of glomerular filtration,1,Compara
IEA,GO_REF:0000107,GO:0003070,regulation of systemic arterial blood pressure by neurotransmitter,1,Compara
IEA,GO_REF:0000107,GO:0051045,negative regulation of membrane protein ectodomain proteolysis,1,Compara
IEA,GO_REF:0000107,GO:0051262,protein tetramerization,1,Compara
IEA,GO_REF:0000107,GO:0051294,establishment of spindle orientation,1,Compara
IEA,GO_REF:0000107,GO:0051595,response to methylglyoxal,1,Compara
IEA,GO_REF:0000107,GO:0051630,acetylcholine uptake,1,Compara
IEA,GO_REF:0000107,GO:0060158,phospholipase C-activating dopamine receptor signaling pathway,1,Compara
IEA,GO_REF:0000107,GO:0060177,regulation of angiotensin metabolic process,1,Compara
IEA,GO_REF:0000107,GO:0060282,positive regulation of oocyte development,1,Compara
IEA,GO_REF:0000107,GO:0060313,negative regulation of blood vessel remodeling,1,Compara
IEA,GO_REF:0000107,GO:0060375,regulation of mast cell differentiation,1,Compara
IEA,GO_REF:0000107,GO:0060606,tube closure,1,Compara
IEA,GO_REF:0000107,GO:0060677,ureteric bud elongation,1,Compara
IEA,GO_REF:0000107,GO:0060873,anterior semicircular canal development,1,Compara
IEA,GO_REF:0000107,GO:0060915,mesenchymal cell differentiation involved in lung development,1,Compara
IEA,GO_REF:0000107,GO:0060947,cardiac vascular smooth muscle cell differentiation,1,Compara
IEA,GO_REF:0000107,GO:0061738,late endosomal microautophagy,1,Compara
IEA,GO_REF:0000107,GO:0061772,xenobiotic transport across blood-nerve barrier,1,Compara
IEA,GO_REF:0000107,GO:0007509,mesoderm migration involved in gastrulation,1,Compara
IEA,GO_REF:0000107,GO:0003882,CDP-diacylglycerol-serine O-phosphatidyltransferase activity,1,Compara
IEA,GO_REF:0000107,GO:0004505,phenylalanine 4-monooxygenase activity,1,Compara
IEA,GO_REF:0000107,GO:0004623,phospholipase A2 activity,1,Compara
IEA,GO_REF:0000107,GO:0004693,cyclin-dependent protein serine/threonine kinase activity,1,Compara
IEA,GO_REF:0000107,GO:0005128,erythropoietin receptor binding,1,Compara
IEA,GO_REF:0000107,GO:0005227,calcium-activated cation channel activity,1,Compara
IEA,GO_REF:0000107,GO:0005326,neurotransmitter transmembrane transporter activity,1,Compara
IEA,GO_REF:0000107,GO:0006691,leukotriene metabolic process,1,Compara
IEA,GO_REF:0000107,GO:0005740,mitochondrial envelope,1,Compara
IEA,GO_REF:0000107,GO:0002863,positive regulation of inflammatory response to antigenic stimulus,1,Compara
IEA,GO_REF:0000107,GO:0003026,regulation of systemic arterial blood pressure by aortic arch baroreceptor feedback,1,Compara
IEA,GO_REF:0000107,GO:0003032,detection of oxygen,1,Compara
IEA,GO_REF:0000107,GO:1904515,positive regulation of TORC2 signaling,1,Compara
IEA,GO_REF:0000107,GO:1904583,response to polyamine macromolecule,1,Compara
IEA,GO_REF:0000107,GO:1904645,response to amyloid-beta,1,Compara
IEA,GO_REF:0000107,GO:1905040,otic placode development,1,Compara
IEA,GO_REF:0000107,GO:1905453,regulation of myeloid progenitor cell differentiation,1,Compara
IEA,GO_REF:0000107,GO:1905460,negative regulation of vascular associated smooth muscle cell apoptotic process,1,Compara
IEA,GO_REF:0000107,GO:1905686,positive regulation of plasma membrane repair,1,Compara
IEA,GO_REF:0000107,GO:0010453,regulation of cell fate commitment,1,Compara
IEA,GO_REF:0000107,GO:0005504,fatty acid binding,1,Compara
IEA,GO_REF:0000107,GO:0015498,pantothenate:sodium symporter activity,1,Compara
IEA,GO_REF:0000107,GO:0015914,phospholipid transport,1,Compara
IEA,GO_REF:0000107,GO:0016251,RNA polymerase II general transcription initiation factor activity,1,Compara
IEA,GO_REF:0000107,GO:0016505,peptidase activator activity involved in apoptotic process,1,Compara
IEA,GO_REF:0000107,GO:0006785,heme B biosynthetic process,1,Compara
IEA,GO_REF:0000107,GO:0018958,phenol-containing compound metabolic process,1,Compara
IEA,GO_REF:0000107,GO:0018963,phthalate metabolic process,1,Compara
IEA,GO_REF:0000107,GO:0010248,establishment or maintenance of transmembrane electrochemical gradient,1,Compara
IEA,GO_REF:0000107,GO:0010272,response to silver ion,1,Compara
IEA,GO_REF:0000107,GO:0010633,negative regulation of epithelial cell migration,1,Compara
IEA,GO_REF:0000107,GO:0010793,regulation of mRNA export from nucleus,1,Compara
IEA,GO_REF:0000107,GO:0010888,negative regulation of lipid storage,1,Compara
IEA,GO_REF:0000107,GO:0014045,establishment of endothelial blood-brain barrier,1,Compara
IEA,GO_REF:0000107,GO:0014062,regulation of serotonin secretion,1,Compara
IEA,GO_REF:0000107,GO:0014722,regulation of skeletal muscle contraction by calcium ion signaling,1,Compara
IEA,GO_REF:0000107,GO:0014723,regulation of skeletal muscle contraction by modulation of calcium ion sensitivity of myofibril,1,Compara
IEA,GO_REF:0000107,GO:0014813,skeletal muscle satellite cell commitment,1,Compara
IEA,GO_REF:0000107,GO:0015774,polysaccharide transport,1,Compara
IEA,GO_REF:0000107,GO:0015871,choline transport,1,Compara
IEA,GO_REF:0000107,GO:1903886,positive regulation of chemokine (C-C motif) ligand 20 production,1,Compara
IEA,GO_REF:0000107,GO:0006582,melanin metabolic process,1,Compara
IEA,GO_REF:0000107,GO:0006402,mRNA catabolic process,1,Compara
IEA,GO_REF:0000107,GO:0005113,patched binding,1,Compara
IEA,GO_REF:0000107,GO:0006335,DNA replication-dependent chromatin assembly,1,Compara
IEA,GO_REF:0000107,GO:0006303,double-strand break repair via nonhomologous end joining,1,Compara
IEA,GO_REF:0000107,GO:0005092,GDP-dissociation inhibitor activity,1,Compara
IEA,GO_REF:0000107,GO:0005778,peroxisomal membrane,1,Compara
IEA,GO_REF:0000107,GO:0005244,voltage-gated monoatomic ion channel activity,1,Compara
IEA,GO_REF:0000107,GO:0016651,"oxidoreductase activity, acting on NAD(P)H",1,Compara
IEA,GO_REF:0000107,GO:0015074,DNA integration,1,Compara
IEA,GO_REF:0000107,GO:0018729,propionate CoA-transferase activity,1,Compara
IEA,GO_REF:0000107,GO:0019372,lipoxygenase pathway,1,Compara
IEA,GO_REF:0000107,GO:1902957,"negative regulation of mitochondrial electron transport, NADH to ubiquinone",1,Compara
IEA,GO_REF:0000107,GO:1903119,protein localization to actin cytoskeleton,1,Compara
IEA,GO_REF:0000107,GO:1903317,regulation of protein maturation,1,Compara
IEA,GO_REF:0000107,GO:1903416,response to glycoside,1,Compara
IEA,GO_REF:0000107,GO:1903566,positive regulation of protein localization to cilium,1,Compara
IEA,GO_REF:0000107,GO:1903924,estradiol binding,1,Compara
IEA,GO_REF:0000107,GO:1904115,axon cytoplasm,1,Compara
IEA,GO_REF:0000107,GO:1904161,DNA synthesis involved in UV-damage excision repair,1,Compara
IEA,GO_REF:0000107,GO:0007052,mitotic spindle organization,1,Compara
IEA,GO_REF:0000107,GO:0007089,traversing start control point of mitotic cell cycle,1,Compara
IEA,GO_REF:0000107,GO:0003676,nucleic acid binding,1,Compara
IEA,GO_REF:0000107,GO:0005868,cytoplasmic dynein complex,1,Compara
IEA,GO_REF:0000107,GO:0005915,zonula adherens,1,Compara
IEA,GO_REF:0000107,GO:0006001,fructose catabolic process,1,Compara
IEA,GO_REF:0000107,GO:1903598,positive regulation of gap junction assembly,1,Compara
IEA,GO_REF:0000107,GO:0006127,glycerol-3-phosphate shuttle,1,Compara
IEA,GO_REF:0000107,GO:1903043,positive regulation of chondrocyte hypertrophy,1,Compara
IEA,GO_REF:0000107,GO:0006196,AMP catabolic process,1,Compara
IEA,GO_REF:0000107,GO:0006949,syncytium formation,1,Compara
IEA,GO_REF:0000107,GO:0004407,histone deacetylase activity,1,Compara
IEA,GO_REF:0000107,GO:0007094,mitotic spindle assembly checkpoint signaling,1,Compara
IEA,GO_REF:0000107,GO:1903012,positive regulation of bone development,1,Compara
IEA,GO_REF:0000107,GO:1902866,regulation of retina development in camera-type eye,1,Compara
IEA,GO_REF:0000107,GO:0007221,positive regulation of transcription of Notch receptor target,1,Compara
IEA,GO_REF:0000107,GO:0007231,osmosensory signaling pathway,1,Compara
IEA,GO_REF:0000107,GO:0016231,beta-N-acetylglucosaminidase activity,1,Compara
IEA,GO_REF:0000107,GO:0008732,L-allo-threonine aldolase activity,1,Compara
IEA,GO_REF:0000107,GO:0009994,oocyte differentiation,1,Compara
IEA,GO_REF:0000107,GO:1901143,insulin catabolic process,1,Compara
IEA,GO_REF:0000107,GO:1902070,positive regulation of sphingolipid mediated signaling pathway,1,Compara
IEA,GO_REF:0000107,GO:1902170,cellular response to reactive nitrogen species,1,Compara
IEA,GO_REF:0000107,GO:1902749,regulation of cell cycle G2/M phase transition,1,Compara
IEA,GO_REF:0000107,GO:0019789,SUMO transferase activity,1,Compara
IEA,GO_REF:0000107,GO:0030043,actin filament fragmentation,1,Compara
IEA,GO_REF:0000107,GO:0061767,negative regulation of lung blood pressure,1,Compara
IEA,GO_REF:0000107,GO:0031254,cell trailing edge,1,Compara
IEA,GO_REF:0000107,GO:0016189,synaptic vesicle to endosome fusion,1,Compara
IEA,GO_REF:0000107,GO:0031465,Cul4B-RING E3 ubiquitin ligase complex,1,Compara
IEA,GO_REF:0000107,GO:0031802,type 5 metabotropic glutamate receptor binding,1,Compara
IEA,GO_REF:0000107,GO:0032173,septin collar,1,Compara
IEA,GO_REF:0000107,GO:0032394,MHC class Ib receptor activity,1,Compara
IEA,GO_REF:0000107,GO:0014016,neuroblast differentiation,1,Compara
IEA,GO_REF:0000107,GO:0070009,serine-type aminopeptidase activity,1,Compara
IEA,GO_REF:0000107,GO:0080007,S-nitrosoglutathione reductase (NADH) activity,1,Compara
IEA,GO_REF:0000107,GO:0021658,rhombomere 3 morphogenesis,1,Compara
IEA,GO_REF:0000107,GO:0021666,rhombomere 5 formation,1,Compara
IEA,GO_REF:0000107,GO:0021781,glial cell fate commitment,1,Compara
IEA,GO_REF:0000107,GO:0021872,forebrain generation of neurons,1,Compara
IEA,GO_REF:0000107,GO:0021891,olfactory bulb interneuron development,1,Compara
IEA,GO_REF:0000107,GO:0030546,signaling receptor activator activity,1,Compara
IEA,GO_REF:0000107,GO:0014835,myoblast differentiation involved in skeletal muscle regeneration,1,Compara
IEA,GO_REF:0000107,GO:0031985,Golgi cisterna,1,Compara
IEA,GO_REF:0000107,GO:0032197,retrotransposition,1,Compara
IEA,GO_REF:0000107,GO:0032290,peripheral nervous system myelin formation,1,Compara
IEA,GO_REF:0000107,GO:0032648,regulation of interferon-beta production,1,Compara
IEA,GO_REF:0000107,GO:0061845,neuron projection branch point,1,Compara
IEA,GO_REF:0000107,GO:0061847,response to cholecystokinin,1,Compara
IEA,GO_REF:0000107,GO:0061885,positive regulation of mini excitatory postsynaptic potential,1,Compara
IEA,GO_REF:0000107,GO:0062036,sensory perception of hot stimulus,1,Compara
IEA,GO_REF:0000107,GO:0070200,establishment of protein localization to telomere,1,Compara
IEA,GO_REF:0000107,GO:0070402,NADPH binding,1,Compara
IEA,GO_REF:0000107,GO:0014804,terminal cisterna lumen,1,Compara
IEA,GO_REF:0000107,GO:0070858,negative regulation of bile acid biosynthetic process,1,Compara
IEA,GO_REF:0000107,GO:0071259,cellular response to magnetism,1,Compara
IEA,GO_REF:0000107,GO:0071288,cellular response to mercury ion,1,Compara
IEA,GO_REF:0000107,GO:0071335,hair follicle cell proliferation,1,Compara
IEA,GO_REF:0000107,GO:0071383,cellular response to steroid hormone stimulus,1,Compara
IEA,GO_REF:0000107,GO:0071565,nBAF complex,1,Compara
IEA,GO_REF:0000107,GO:0071797,LUBAC complex,1,Compara
IEA,GO_REF:0000107,GO:0071896,protein localization to adherens junction,1,Compara
IEA,GO_REF:0000107,GO:0072038,mesenchymal stem cell maintenance involved in nephron morphogenesis,1,Compara
IEA,GO_REF:0000107,GO:0072229,metanephric proximal convoluted tubule development,1,Compara
IEA,GO_REF:0000107,GO:0072678,T cell migration,1,Compara
IEA,GO_REF:0000107,GO:0072715,cellular response to selenite ion,1,Compara
IEA,GO_REF:0000107,GO:0090032,negative regulation of steroid hormone biosynthetic process,1,Compara
IEA,GO_REF:0000107,GO:0033600,negative regulation of mammary gland epithelial cell proliferation,1,Compara
IEA,GO_REF:0000107,GO:0061100,lung neuroendocrine cell differentiation,1,Compara
IEA,GO_REF:0000107,GO:0006281,DNA repair,1,Compara
IEA,GO_REF:0000107,GO:0014013,regulation of gliogenesis,1,Compara
IEA,GO_REF:0000107,GO:0010972,negative regulation of G2/M transition of mitotic cell cycle,1,Compara
IEA,GO_REF:0000107,GO:1902774,late endosome to lysosome transport,1,Compara
IEA,GO_REF:0000107,GO:0010815,bradykinin catabolic process,1,Compara
IEA,GO_REF:0000107,GO:0030050,vesicle transport along actin filament,1,Compara
IEA,GO_REF:0000107,GO:0010751,negative regulation of nitric oxide mediated signal transduction,1,Compara
IEA,GO_REF:0000107,GO:0010698,acetyltransferase activator activity,1,Compara
IEA,GO_REF:0000107,GO:0060896,neural plate pattern specification,1,Compara
IEA,GO_REF:0000107,GO:0060875,lateral semicircular canal development,1,Compara
IEA,GO_REF:0000107,GO:0070449,elongin complex,1,Compara
IEA,GO_REF:0000107,GO:0070897,transcription preinitiation complex assembly,1,Compara
IEA,GO_REF:0000107,GO:0060751,branch elongation involved in mammary gland duct branching,1,Compara
IEA,GO_REF:0000107,GO:0019100,male germ-line sex determination,1,Compara
IEA,GO_REF:0000107,GO:0033627,cell adhesion mediated by integrin,1,Compara
IEA,GO_REF:0000107,GO:0034190,apolipoprotein receptor binding,1,Compara
IEA,GO_REF:0000107,GO:0034478,phosphatidylglycerol catabolic process,1,Compara
IEA,GO_REF:0000107,GO:0035021,negative regulation of Rac protein signal transduction,1,Compara
IEA,GO_REF:0000107,GO:0032989,cellular anatomical entity morphogenesis,1,Compara
IEA,GO_REF:0000107,GO:0033120,positive regulation of RNA splicing,1,Compara
IEA,GO_REF:0000107,GO:0034158,toll-like receptor 8 signaling pathway,1,Compara
IEA,GO_REF:0000107,GO:0034391,regulation of smooth muscle cell apoptotic process,1,Compara
IEA,GO_REF:0000107,GO:0035691,macrophage migration inhibitory factor signaling pathway,1,Compara
IEA,GO_REF:0000107,GO:0035718,macrophage migration inhibitory factor binding,1,Compara
IEA,GO_REF:0000107,GO:0035801,adrenal cortex development,1,Compara
IEA,GO_REF:0000107,GO:0036228,protein localization to nuclear inner membrane,1,Compara
IEA,GO_REF:0000107,GO:0036285,SAGA complex assembly,1,Compara
IEA,GO_REF:0000107,GO:0036359,renal potassium excretion,1,Compara
IEA,GO_REF:0000107,GO:0140206,dipeptide import across plasma membrane,1,Compara
IEA,GO_REF:0000107,GO:0060661,submandibular salivary gland formation,1,Compara
IEA,GO_REF:0000107,GO:0060658,nipple morphogenesis,1,Compara
IEA,GO_REF:0000107,GO:0016711,flavonoid 3'-monooxygenase activity,1,Compara
IEA,GO_REF:0000107,GO:0060615,mammary gland bud formation,1,Compara
IEA,GO_REF:0000107,GO:0150063,visual system development,1,Compara
IEA,GO_REF:0000107,GO:1900223,positive regulation of amyloid-beta clearance,1,Compara
IEA,GO_REF:0000107,GO:1900747,negative regulation of vascular endothelial growth factor signaling pathway,1,Compara
IEA,GO_REF:0000107,GO:0000182,rDNA binding,1,Compara
IEA,GO_REF:0000107,GO:0001217,DNA-binding transcription repressor activity,1,Compara
IEA,GO_REF:0000107,GO:0001651,dense fibrillar component,1,Compara
IEA,GO_REF:0000107,GO:0002460,adaptive immune response based on somatic recombination of immune receptors built from immunoglobulin superfamily domains,1,Compara
IEA,GO_REF:0000107,GO:0090676,calcium ion transmembrane transport via low voltage-gated calcium channel,1,Compara
IEA,GO_REF:0000107,GO:0097112,gamma-aminobutyric acid receptor clustering,1,Compara
IEA,GO_REF:0000107,GO:0099629,postsynaptic specialization of symmetric synapse,1,Compara
IEA,GO_REF:0000107,GO:0120003,hinge region between urothelial plaques of apical plasma membrane,1,Compara
IEA,GO_REF:0000107,GO:0015150,fucose transmembrane transporter activity,1,Compara
IEA,GO_REF:0000107,GO:0001543,ovarian follicle rupture,1,Compara
IEA,GO_REF:0000107,GO:0001711,endodermal cell fate commitment,1,Compara
IEA,GO_REF:0000107,GO:0001996,positive regulation of heart rate by epinephrine-norepinephrine,1,Compara
IEA,GO_REF:0000107,GO:0002566,somatic diversification of immune receptors via somatic mutation,1,Compara
IEA,GO_REF:0000107,GO:0097054,L-glutamate biosynthetic process,1,Compara
IEA,GO_REF:0000107,GO:0097211,cellular response to gonadotropin-releasing hormone,1,Compara
IEA,GO_REF:0000107,GO:0097227,sperm annulus,1,Compara
IEA,GO_REF:0000107,GO:0097535,lymphoid lineage cell migration into thymus,1,Compara
IEA,GO_REF:0000107,GO:0097536,thymus epithelium morphogenesis,1,Compara
IEA,GO_REF:0000107,GO:0098711,iron ion import across plasma membrane,1,Compara
IEA,GO_REF:0000107,GO:0098902,regulation of membrane depolarization during action potential,1,Compara
IEA,GO_REF:0000107,GO:0060587,regulation of lipoprotein lipid oxidation,1,Compara
IEA,GO_REF:0000107,GO:0015129,lactate transmembrane transporter activity,1,Compara
IEA,GO_REF:0000107,GO:0099567,calcium ion binding involved in regulation of postsynaptic cytosolic calcium ion concentration,1,Compara
IEA,GO_REF:0000107,GO:0106121,positive regulation of cobalamin metabolic process,1,Compara
IEA,GO_REF:0000107,GO:0060489,planar dichotomous subdivision of terminal units involved in lung branching morphogenesis,1,Compara
IEA,GO_REF:0000107,GO:0120168,detection of hot stimulus involved in thermoception,1,Compara
IEA,GO_REF:0000107,GO:0120229,protein localization to motile cilium,1,Compara
IEA,GO_REF:0000107,GO:0140008,histone H4 reader activity,1,Compara
IEA,GO_REF:0000107,GO:0042743,hydrogen peroxide metabolic process,1,Compara
IEA,GO_REF:0000107,GO:0042800,histone H3K4 methyltransferase activity,1,Compara
IEA,GO_REF:0000107,GO:0043112,receptor metabolic process,1,Compara
IEA,GO_REF:0000107,GO:0042063,gliogenesis,1,Compara
IEA,GO_REF:0000107,GO:1905235,response to quercetin,1,Compara
IEA,GO_REF:0000107,GO:0042667,auditory receptor cell fate specification,1,Compara
IEA,GO_REF:0000107,GO:0042668,auditory receptor cell fate determination,1,Compara
IEA,GO_REF:0000107,GO:0043143,regulation of translation by machinery localization,1,Compara
IEA,GO_REF:0000107,GO:0043375,"CD8-positive, alpha-beta T cell lineage commitment",1,Compara
IEA,GO_REF:0000107,GO:0043501,skeletal muscle adaptation,1,Compara
IEA,GO_REF:0000107,GO:0044070,regulation of monoatomic anion transport,1,Compara
IEA,GO_REF:0000107,GO:0045066,regulatory T cell differentiation,1,Compara
IEA,GO_REF:0000107,GO:0060359,response to ammonium ion,1,Compara
IEA,GO_REF:0000107,GO:1905809,negative regulation of synapse organization,1,Compara
IEA,GO_REF:0000107,GO:0045624,positive regulation of T-helper cell differentiation,1,Compara
IEA,GO_REF:0000107,GO:0045772,positive regulation of autophagosome size,1,Compara
IEA,GO_REF:0000107,GO:0045947,negative regulation of translational initiation,1,Compara
IEA,GO_REF:0000107,GO:1905607,negative regulation of presynapse assembly,1,Compara
IEA,GO_REF:0000107,GO:0046070,dGTP metabolic process,1,Compara
IEA,GO_REF:0000107,GO:0046086,adenosine biosynthetic process,1,Compara
IEA,GO_REF:0000107,GO:0046092,deoxycytidine metabolic process,1,Compara
IEA,GO_REF:0000107,GO:1905912,regulation of calcium ion export across plasma membrane,1,Compara
IEA,GO_REF:0000107,GO:0060333,type II interferon-mediated signaling pathway,1,Compara
IEA,GO_REF:0000107,GO:0060332,positive regulation of response to type II interferon,1,Compara
IEA,GO_REF:0000107,GO:1990442,intrinsic apoptotic signaling pathway in response to nitrosative stress,1,Compara
IEA,GO_REF:0000107,GO:1905349,ciliary transition zone assembly,1,Compara
IEA,GO_REF:0000107,GO:2000051,negative regulation of non-canonical Wnt signaling pathway,1,Compara
IEA,GO_REF:0000107,GO:2000143,negative regulation of DNA-templated transcription initiation,1,Compara
IEA,GO_REF:0000107,GO:2000224,regulation of testosterone biosynthetic process,1,Compara
IEA,GO_REF:0000107,GO:2000317,negative regulation of T-helper 17 type immune response,1,Compara
IEA,GO_REF:0000107,GO:2000329,negative regulation of T-helper 17 cell lineage commitment,1,Compara
IEA,GO_REF:0000107,GO:2000553,positive regulation of T-helper 2 cell cytokine production,1,Compara
IEA,GO_REF:0000107,GO:2001040,positive regulation of cellular response to drug,1,Compara
IEA,GO_REF:0000107,GO:0046902,regulation of mitochondrial membrane permeability,1,Compara
IEA,GO_REF:0000107,GO:0046966,nuclear thyroid hormone receptor binding,1,Compara
IEA,GO_REF:0000107,GO:0060280,negative regulation of ovulation,1,Compara
IEA,GO_REF:0000107,GO:1905166,negative regulation of lysosomal protein catabolic process,1,Compara
IEA,GO_REF:0000107,GO:0048174,negative regulation of short-term neuronal synaptic plasticity,1,Compara
IEA,GO_REF:0000107,GO:0048313,Golgi inheritance,1,Compara
IEA,GO_REF:0000107,GO:0048524,positive regulation of viral process,1,Compara
IEA,GO_REF:0000107,GO:0048680,positive regulation of axon regeneration,1,Compara
IEA,GO_REF:0000107,GO:1905090,negative regulation of type 2 mitophagy,1,Compara
IEA,GO_REF:0000107,GO:1904948,midbrain dopaminergic neuron differentiation,1,Compara
IEA,GO_REF:0000107,GO:0045171,intercellular bridge,1,Compara
IEA,GO_REF:0000107,GO:1904693,midbrain morphogenesis,1,Compara
IEA,GO_REF:0000107,GO:0060220,camera-type eye photoreceptor cell fate commitment,1,Compara
IEA,GO_REF:0000107,GO:0055006,cardiac cell development,1,Compara
IEA,GO_REF:0000107,GO:1904421,response to D-galactosamine,1,Compara
IEA,GO_REF:0000107,GO:0061367,behavioral response to acetic acid induced pain,1,Compara
IEA,GO_REF:0000107,GO:0061548,ganglion development,1,Compara
IEA,GO_REF:0000107,GO:1904411,positive regulation of secretory granule organization,1,Compara
IEA,GO_REF:0000107,GO:0050780,dopamine receptor binding,1,Compara
IEA,GO_REF:0000107,GO:0050787,detoxification of mercury ion,1,Compara
IEA,GO_REF:0000107,GO:0051048,negative regulation of secretion,1,Compara
IEA,GO_REF:0000107,GO:0051174,regulation of phosphorus metabolic process,1,Compara
IEA,GO_REF:0000107,GO:0051208,sequestering of calcium ion,1,Compara
IEA,GO_REF:0000107,GO:0051307,meiotic chromosome separation,1,Compara
IEA,GO_REF:0000107,GO:0051378,serotonin binding,1,Compara
IEA,GO_REF:0000107,GO:0051447,negative regulation of meiotic cell cycle,1,Compara
IEA,GO_REF:0000107,GO:0003335,corneocyte development,1,Compara
IEA,GO_REF:0000107,GO:0055092,sterol homeostasis,1,Compara
IEA,GO_REF:0000107,GO:0060024,rhythmic synaptic transmission,1,Compara
IEA,GO_REF:0000107,GO:0060217,hemangioblast cell differentiation,1,Compara
IEA,GO_REF:0000107,GO:0060251,regulation of glial cell proliferation,1,Compara
IEA,GO_REF:0000107,GO:0060306,regulation of membrane repolarization,1,Compara
IEA,GO_REF:0000107,GO:0060354,negative regulation of cell adhesion molecule production,1,Compara
IEA,GO_REF:0000107,GO:0060366,lambdoid suture morphogenesis,1,Compara
IEA,GO_REF:0000107,GO:0060407,negative regulation of penile erection,1,Compara
IEA,GO_REF:0000107,GO:0060490,lateral sprouting involved in lung morphogenesis,1,Compara
IEA,GO_REF:0000107,GO:0060792,sweat gland development,1,Compara
IEA,GO_REF:0000107,GO:0060936,cardiac fibroblast cell development,1,Compara
IEA,GO_REF:0000107,GO:0061017,hepatoblast differentiation,1,Compara
IEA,GO_REF:0000107,GO:0061108,seminal vesicle epithelium development,1,Compara
IEA,GO_REF:0000107,GO:0061459,L-arginine transmembrane transporter activity,1,Compara
IEA,GO_REF:0000107,GO:0003207,cardiac chamber formation,1,Compara
IEA,GO_REF:0000107,GO:0003188,heart valve formation,1,Compara
IEA,GO_REF:0000107,GO:0005375,copper ion transmembrane transporter activity,1,Compara
IEA,GO_REF:0000107,GO:0005664,nuclear origin of replication recognition complex,1,Compara
IEA,GO_REF:0000107,GO:0005715,late recombination nodule,1,Compara
IEA,GO_REF:0000107,GO:0002809,negative regulation of antibacterial peptide biosynthetic process,1,Compara
IEA,GO_REF:0000107,GO:0002920,regulation of humoral immune response,1,Compara
IEA,GO_REF:0000107,GO:0002924,negative regulation of humoral immune response mediated by circulating immunoglobulin,1,Compara
IEA,GO_REF:0000107,GO:0002936,bradykinin biosynthetic process,1,Compara
IEA,GO_REF:0000107,GO:0003106,negative regulation of glomerular filtration by angiotensin,1,Compara
IEA,GO_REF:0000107,GO:0003226,right ventricular compact myocardium morphogenesis,1,Compara
IEA,GO_REF:0000107,GO:0003857,(3S)-3-hydroxyacyl-CoA dehydrogenase (NAD+) activity,1,Compara
IEA,GO_REF:0000107,GO:0004438,phosphatidylinositol-3-phosphate phosphatase activity,1,Compara
IEA,GO_REF:0000107,GO:1904401,cellular response to Thyroid stimulating hormone,1,Compara
IEA,GO_REF:0000107,GO:1904440,positive regulation of iron ion import across plasma membrane,1,Compara
IEA,GO_REF:0000107,GO:1904472,positive regulation of endothelin production,1,Compara
IEA,GO_REF:0000107,GO:1905555,positive regulation of blood vessel branching,1,Compara
IEA,GO_REF:0000107,GO:1905672,negative regulation of lysosome organization,1,Compara
IEA,GO_REF:0000107,GO:0003081,regulation of systemic arterial blood pressure by renin-angiotensin,1,Compara
IEA,GO_REF:0000107,GO:0015911,long-chain fatty acid import across plasma membrane,1,Compara
IEA,GO_REF:0000107,GO:0060143,positive regulation of syncytium formation by plasma membrane fusion,1,Compara
IEA,GO_REF:0000107,GO:0016679,"oxidoreductase activity, acting on diphenols and related substances as donors",1,Compara
IEA,GO_REF:0000107,GO:0019002,GMP binding,1,Compara
IEA,GO_REF:0000107,GO:0019098,reproductive behavior,1,Compara
IEA,GO_REF:0000107,GO:0010370,perinucleolar chromocenter,1,Compara
IEA,GO_REF:0000107,GO:0010729,positive regulation of hydrogen peroxide biosynthetic process,1,Compara
IEA,GO_REF:0000107,GO:0010754,negative regulation of cGMP-mediated signaling,1,Compara
IEA,GO_REF:0000107,GO:0015811,L-cystine transport,1,Compara
IEA,GO_REF:0000107,GO:0015990,electron transport coupled proton transport,1,Compara
IEA,GO_REF:0000107,GO:0016004,phospholipase activator activity,1,Compara
IEA,GO_REF:0000107,GO:0002923,regulation of humoral immune response mediated by circulating immunoglobulin,1,Compara
IEA,GO_REF:0000107,GO:0016199,axon midline choice point recognition,1,Compara
IEA,GO_REF:0000107,GO:0019322,pentose biosynthetic process,1,Compara
IEA,GO_REF:0000107,GO:0019402,galactitol metabolic process,1,Compara
IEA,GO_REF:0000107,GO:1902855,regulation of non-motile cilium assembly,1,Compara
IEA,GO_REF:0000107,GO:1903108,regulation of mitochondrial transcription,1,Compara
IEA,GO_REF:0000107,GO:1903181,positive regulation of dopamine biosynthetic process,1,Compara
IEA,GO_REF:0000107,GO:1903214,regulation of protein targeting to mitochondrion,1,Compara
IEA,GO_REF:0000107,GO:1903350,response to dopamine,1,Compara
IEA,GO_REF:0000107,GO:1903463,regulation of mitotic cell cycle DNA replication,1,Compara
IEA,GO_REF:0000107,GO:1903701,substantia propria of cornea development,1,Compara
IEA,GO_REF:0000107,GO:1903707,negative regulation of hemopoiesis,1,Compara
IEA,GO_REF:0000107,GO:1903709,uterine gland development,1,Compara
IEA,GO_REF:0000107,GO:1904120,positive regulation of otic vesicle morphogenesis,1,Compara
IEA,GO_REF:0000107,GO:1904237,"positive regulation of substrate-dependent cell migration, cell attachment to substrate",1,Compara
IEA,GO_REF:0000107,GO:0051382,kinetochore assembly,1,Compara
IEA,GO_REF:0000107,GO:0002851,positive regulation of peripheral T cell tolerance induction,1,Compara
IEA,GO_REF:0000107,GO:0005523,tropomyosin binding,1,Compara
IEA,GO_REF:0000107,GO:0005497,androgen binding,1,Compara
IEA,GO_REF:0000107,GO:0005369,taurine:sodium symporter activity,1,Compara
IEA,GO_REF:0000107,GO:0006287,"base-excision repair, gap-filling",1,Compara
IEA,GO_REF:0000107,GO:0005248,voltage-gated sodium channel activity,1,Compara
IEA,GO_REF:0000107,GO:0006600,creatine metabolic process,1,Compara
IEA,GO_REF:0000107,GO:0006610,ribosomal protein import into nucleus,1,Compara
IEA,GO_REF:0000107,GO:0006642,triglyceride mobilization,1,Compara
IEA,GO_REF:0000107,GO:0006668,sphinganine-1-phosphate metabolic process,1,Compara
IEA,GO_REF:0000107,GO:0006820,monoatomic anion transport,1,Compara
IEA,GO_REF:0000107,GO:0004711,ribosomal protein S6 kinase activity,1,Compara
IEA,GO_REF:0000107,GO:0004707,MAP kinase activity,1,Compara
IEA,GO_REF:0000107,GO:0004563,beta-N-acetylhexosaminidase activity,1,Compara
IEA,GO_REF:0000107,GO:0061026,cardiac muscle tissue regeneration,1,Compara
IEA,GO_REF:0000107,GO:0008200,ion channel inhibitor activity,1,Compara
IEA,GO_REF:0000107,GO:0008379,thioredoxin peroxidase activity,1,Compara
IEA,GO_REF:0000107,GO:0006012,galactose metabolic process,1,Compara
IEA,GO_REF:0000107,GO:0006027,glycosaminoglycan catabolic process,1,Compara
IEA,GO_REF:0000107,GO:0006067,ethanol metabolic process,1,Compara
IEA,GO_REF:0000107,GO:0006084,acetyl-CoA metabolic process,1,Compara
IEA,GO_REF:0000107,GO:0061040,female gonad morphogenesis,1,Compara
IEA,GO_REF:0000107,GO:0006971,hypotonic response,1,Compara
IEA,GO_REF:0000107,GO:0061033,secretion by lung epithelial cell involved in lung growth,1,Compara
IEA,GO_REF:0000107,GO:0061025,membrane fusion,1,Compara
IEA,GO_REF:0000107,GO:0009249,protein lipoylation,1,Compara
IEA,GO_REF:0000107,GO:1901299,negative regulation of hydrogen peroxide-mediated programmed cell death,1,Compara
IEA,GO_REF:0000107,GO:1901879,regulation of protein depolymerization,1,Compara
IEA,GO_REF:0000107,GO:1901978,positive regulation of cell cycle checkpoint,1,Compara
IEA,GO_REF:0000107,GO:1902176,negative regulation of oxidative stress-induced intrinsic apoptotic signaling pathway,1,Compara
IEA,GO_REF:0000107,GO:1902213,positive regulation of prolactin signaling pathway,1,Compara
IEA,GO_REF:0000107,GO:1902396,protein localization to bicellular tight junction,1,Compara
IEA,GO_REF:0000107,GO:0060032,notochord regression,1,Compara
IEA,GO_REF:0000107,GO:0019855,calcium channel inhibitor activity,1,Compara
IEA,GO_REF:0000107,GO:0060945,cardiac neuron differentiation,1,Compara
IEA,GO_REF:0000107,GO:0030001,metal ion transport,1,Compara
IEA,GO_REF:0000107,GO:0060931,sinoatrial node cell development,1,Compara
IEA,GO_REF:0000107,GO:0031128,developmental induction,1,Compara
IEA,GO_REF:0000107,GO:0031296,B cell costimulation,1,Compara
IEA,GO_REF:0000107,GO:0031392,regulation of prostaglandin biosynthetic process,1,Compara
IEA,GO_REF:0000107,GO:0032137,guanine/thymine mispair binding,1,Compara
IEA,GO_REF:0000107,GO:0032428,beta-N-acetylgalactosaminidase activity,1,Compara
IEA,GO_REF:0000107,GO:0065002,intracellular protein transmembrane transport,1,Compara
IEA,GO_REF:0000107,GO:0071133,alpha9-beta1 integrin-ADAM8 complex,1,Compara
IEA,GO_REF:0000107,GO:0071204,histone pre-mRNA 3'end processing complex,1,Compara
IEA,GO_REF:0000107,GO:0060802,epiblast cell-extraembryonic ectoderm cell signaling,1,Compara
IEA,GO_REF:0000107,GO:0019676,ammonia assimilation cycle,1,Compara
IEA,GO_REF:0000107,GO:0021558,trochlear nerve development,1,Compara
IEA,GO_REF:0000107,GO:0021905,forebrain-midbrain boundary formation,1,Compara
IEA,GO_REF:0000107,GO:0022605,mammalian oogenesis stage,1,Compara
IEA,GO_REF:0000107,GO:0030277,maintenance of gastrointestinal epithelium,1,Compara
IEA,GO_REF:0000107,GO:0030538,embryonic genitalia morphogenesis,1,Compara
IEA,GO_REF:0000107,GO:0030665,clathrin-coated vesicle membrane,1,Compara
IEA,GO_REF:0000107,GO:0031549,negative regulation of brain-derived neurotrophic factor receptor signaling pathway,1,Compara
IEA,GO_REF:0000107,GO:0032261,purine nucleotide salvage,1,Compara
IEA,GO_REF:0000107,GO:0032757,positive regulation of interleukin-8 production,1,Compara
IEA,GO_REF:0000107,GO:0061830,concave side of sperm head,1,Compara
IEA,GO_REF:0000107,GO:0070324,thyroid hormone binding,1,Compara
IEA,GO_REF:0000107,GO:0070654,sensory epithelium regeneration,1,Compara
IEA,GO_REF:0000107,GO:0070669,response to interleukin-2,1,Compara
IEA,GO_REF:0000107,GO:0070966,"nuclear-transcribed mRNA catabolic process, no-go decay",1,Compara
IEA,GO_REF:0000107,GO:0071226,cellular response to molecule of fungal origin,1,Compara
IEA,GO_REF:0000107,GO:0071312,cellular response to alkaloid,1,Compara
IEA,GO_REF:0000107,GO:0071614,linoleic acid epoxygenase activity,1,Compara
IEA,GO_REF:0000107,GO:0071650,negative regulation of chemokine (C-C motif) ligand 5 production,1,Compara
IEA,GO_REF:0000107,GO:0072003,kidney rudiment formation,1,Compara
IEA,GO_REF:0000107,GO:0072230,metanephric proximal straight tubule development,1,Compara
IEA,GO_REF:0000107,GO:0033594,response to hydroxyisoflavone,1,Compara
IEA,GO_REF:0000107,GO:0033633,negative regulation of cell-cell adhesion mediated by integrin,1,Compara
IEA,GO_REF:0000107,GO:0035026,leading edge cell differentiation,1,Compara
IEA,GO_REF:0000107,GO:0035037,sperm entry,1,Compara
IEA,GO_REF:0000107,GO:0035129,post-embryonic hindlimb morphogenesis,1,Compara
IEA,GO_REF:0000107,GO:0033003,regulation of mast cell activation,1,Compara
IEA,GO_REF:0000107,GO:0033031,positive regulation of neutrophil apoptotic process,1,Compara
IEA,GO_REF:0000107,GO:0033212,iron import into cell,1,Compara
IEA,GO_REF:0000107,GO:0033269,internode region of axon,1,Compara
IEA,GO_REF:0000107,GO:0034063,stress granule assembly,1,Compara
IEA,GO_REF:0000107,GO:0034165,positive regulation of toll-like receptor 9 signaling pathway,1,Compara
IEA,GO_REF:0000107,GO:0060544,regulation of necroptotic process,1,Compara
IEA,GO_REF:0000107,GO:0051562,negative regulation of mitochondrial calcium ion concentration,1,Compara
IEA,GO_REF:0000107,GO:0035429,gluconate transmembrane transport,1,Compara
IEA,GO_REF:0000107,GO:0035437,maintenance of protein localization in endoplasmic reticulum,1,Compara
IEA,GO_REF:0000107,GO:0035457,cellular response to interferon-alpha,1,Compara
IEA,GO_REF:0000107,GO:0060468,prevention of polyspermy,1,Compara
IEA,GO_REF:0000107,GO:0035750,protein localization to myelin sheath abaxonal region,1,Compara
IEA,GO_REF:0000107,GO:0035805,egg coat,1,Compara
IEA,GO_REF:0000107,GO:0035877,death effector domain binding,1,Compara
IEA,GO_REF:0000107,GO:0036302,atrioventricular canal development,1,Compara
IEA,GO_REF:0000107,GO:0060466,activation of meiosis involved in egg activation,1,Compara
IEA,GO_REF:0000107,GO:0038064,collagen receptor activity,1,Compara
IEA,GO_REF:0000107,GO:0140232,intracellular cAMP-activated cation channel activity involved in regulation of presynaptic membrane potential,1,Compara
IEA,GO_REF:0000107,GO:0140357,heme export from vacuole to cytoplasm,1,Compara
IEA,GO_REF:0000107,GO:0140694,membraneless organelle assembly,1,Compara
IEA,GO_REF:0000107,GO:0160131,sperm migration through the uterotubal junction,1,Compara
IEA,GO_REF:0000107,GO:1900107,regulation of nodal signaling pathway,1,Compara
IEA,GO_REF:0000107,GO:1900227,positive regulation of NLRP3 inflammasome complex assembly,1,Compara
IEA,GO_REF:0000107,GO:1900369,negative regulation of post-transcriptional gene silencing by regulatory ncRNA,1,Compara
IEA,GO_REF:0000107,GO:1900825,regulation of membrane depolarization during cardiac muscle cell action potential,1,Compara
IEA,GO_REF:0000107,GO:0060371,regulation of atrial cardiac muscle cell membrane depolarization,1,Compara
IEA,GO_REF:0000107,GO:0000993,RNA polymerase II complex binding,1,Compara
IEA,GO_REF:0000107,GO:0001216,DNA-binding transcription activator activity,1,Compara
IEA,GO_REF:0000107,GO:0051289,protein homotetramerization,1,Compara
IEA,GO_REF:0000107,GO:0060341,regulation of cellular localization,1,Compara
IEA,GO_REF:0000107,GO:0060178,regulation of exocyst localization,1,Compara
IEA,GO_REF:0000107,GO:0060155,platelet dense granule organization,1,Compara
IEA,GO_REF:0000107,GO:0051257,meiotic spindle midzone assembly,1,Compara
IEA,GO_REF:0000107,GO:0060133,somatotropin secreting cell development,1,Compara
IEA,GO_REF:0000107,GO:0051177,meiotic sister chromatid cohesion,1,Compara
IEA,GO_REF:0000107,GO:0051147,regulation of muscle cell differentiation,1,Compara
IEA,GO_REF:0000107,GO:0051036,regulation of endosome size,1,Compara
IEA,GO_REF:0000107,GO:0019841,retinol binding,1,Compara
IEA,GO_REF:0000107,GO:0060014,granulosa cell differentiation,1,Compara
IEA,GO_REF:0000107,GO:0052576,carbohydrate storage,1,Compara
IEA,GO_REF:0000107,GO:0034774,secretory granule lumen,1,Compara
IEA,GO_REF:0000107,GO:0000050,urea cycle,1,Compara
IEA,GO_REF:0000107,GO:0051413,response to cortisone,1,Compara
IEA,GO_REF:0000107,GO:0097750,endosome membrane tubulation,1,Compara
IEA,GO_REF:0000107,GO:0098792,xenophagy,1,Compara
IEA,GO_REF:0000107,GO:0051400,BH domain binding,1,Compara
IEA,GO_REF:0000107,GO:0099084,postsynaptic specialization organization,1,Compara
IEA,GO_REF:0000107,GO:0000811,GINS complex,1,Compara
IEA,GO_REF:0000107,GO:0001787,natural killer cell proliferation,1,Compara
IEA,GO_REF:0000107,GO:0002237,response to molecule of bacterial origin,1,Compara
IEA,GO_REF:0000107,GO:0002539,prostaglandin production involved in inflammatory response,1,Compara
IEA,GO_REF:0000107,GO:0002652,regulation of tolerance induction dependent upon immune response,1,Compara
IEA,GO_REF:0000107,GO:0002673,regulation of acute inflammatory response,1,Compara
IEA,GO_REF:0000107,GO:0090108,positive regulation of high-density lipoprotein particle assembly,1,Compara
IEA,GO_REF:0000107,GO:0090313,regulation of protein targeting to membrane,1,Compara
IEA,GO_REF:0000107,GO:0090520,sphingolipid mediated signaling pathway,1,Compara
IEA,GO_REF:0000107,GO:0097160,polychlorinated biphenyl binding,1,Compara
IEA,GO_REF:0000107,GO:0097168,mesenchymal stem cell proliferation,1,Compara
IEA,GO_REF:0000107,GO:0097184,response to azide,1,Compara
IEA,GO_REF:0000107,GO:0097229,sperm end piece,1,Compara
IEA,GO_REF:0000107,GO:0097476,spinal cord motor neuron migration,1,Compara
IEA,GO_REF:0000107,GO:0098703,calcium ion import across plasma membrane,1,Compara
IEA,GO_REF:0000107,GO:0098928,presynaptic signal transduction,1,Compara
IEA,GO_REF:0000107,GO:0099532,synaptic vesicle endosomal processing,1,Compara
IEA,GO_REF:0000107,GO:0099605,regulation of action potential firing rate,1,Compara
IEA,GO_REF:0000107,GO:0051916,granulocyte colony-stimulating factor binding,1,Compara
IEA,GO_REF:0000107,GO:0051204,protein insertion into mitochondrial membrane,1,Compara
IEA,GO_REF:0000107,GO:0110077,vesicle-mediated intercellular transport,1,Compara
IEA,GO_REF:0000107,GO:0110104,mRNA alternative polyadenylation,1,Compara
IEA,GO_REF:0000107,GO:0120179,adherens junction disassembly,1,Compara
IEA,GO_REF:0000107,GO:0120282,autolysosome lumen,1,Compara
IEA,GO_REF:0000107,GO:0042608,T cell receptor binding,1,Compara
IEA,GO_REF:0000107,GO:0043067,regulation of programmed cell death,1,Compara
IEA,GO_REF:0000107,GO:0044307,dendritic branch,1,Compara
IEA,GO_REF:0000107,GO:1990380,K48-linked deubiquitinase activity,1,Compara
IEA,GO_REF:0000107,GO:0040017,positive regulation of locomotion,1,Compara
IEA,GO_REF:0000107,GO:0040034,"regulation of development, heterochronic",1,Compara
IEA,GO_REF:0000107,GO:0042140,late meiotic recombination nodule assembly,1,Compara
IEA,GO_REF:0000107,GO:0042247,establishment of planar polarity of follicular epithelium,1,Compara
IEA,GO_REF:0000107,GO:0042492,gamma-delta T cell differentiation,1,Compara
IEA,GO_REF:0000107,GO:0043596,nuclear replication fork,1,Compara
IEA,GO_REF:0000107,GO:0044065,regulation of respiratory system process,1,Compara
IEA,GO_REF:0000107,GO:0044089,positive regulation of cellular component biogenesis,1,Compara
IEA,GO_REF:0000107,GO:0045062,extrathymic T cell selection,1,Compara
IEA,GO_REF:0000107,GO:0051915,induction of synaptic plasticity by chemical substance,1,Compara
IEA,GO_REF:0000107,GO:0051873,killing by host of symbiont cells,1,Compara
IEA,GO_REF:0000107,GO:0045684,positive regulation of epidermis development,1,Compara
IEA,GO_REF:0000107,GO:0046485,ether lipid metabolic process,1,Compara
IEA,GO_REF:0000107,GO:0046498,S-adenosylhomocysteine metabolic process,1,Compara
IEA,GO_REF:0000107,GO:1990029,vasomotion,1,Compara
IEA,GO_REF:0000107,GO:1990134,epithelial cell apoptotic process involved in palatal shelf morphogenesis,1,Compara
IEA,GO_REF:0000107,GO:1990402,embryonic liver development,1,Compara
IEA,GO_REF:0000107,GO:1990792,cellular response to glial cell derived neurotrophic factor,1,Compara
IEA,GO_REF:0000107,GO:2000103,positive regulation of mammary stem cell proliferation,1,Compara
IEA,GO_REF:0000107,GO:2000193,positive regulation of fatty acid transport,1,Compara
IEA,GO_REF:0000107,GO:2000225,negative regulation of testosterone biosynthetic process,1,Compara
IEA,GO_REF:0000107,GO:2000297,negative regulation of synapse maturation,1,Compara
IEA,GO_REF:0000107,GO:2000418,positive regulation of eosinophil migration,1,Compara
IEA,GO_REF:0000107,GO:2001250,positive regulation of ammonia assimilation cycle,1,Compara
IEA,GO_REF:0000107,GO:0046631,alpha-beta T cell activation,1,Compara
IEA,GO_REF:0000107,GO:0046711,GDP biosynthetic process,1,Compara
IEA,GO_REF:0000107,GO:0047805,cytidylate cyclase activity,1,Compara
IEA,GO_REF:0000107,GO:0048261,negative regulation of receptor-mediated endocytosis,1,Compara
IEA,GO_REF:0000107,GO:0050129,N-formylglutamate deformylase activity,1,Compara
IEA,GO_REF:0000107,GO:0061384,heart trabecula morphogenesis,1,Compara
IEA,GO_REF:0000107,GO:0061550,cranial ganglion development,1,Compara
IEA,GO_REF:0000107,GO:0061682,seminal vesicle morphogenesis,1,Compara
IEA,GO_REF:0000107,GO:0050659,N-acetylgalactosamine 4-sulfate 6-O-sulfotransferase activity,1,Compara
IEA,GO_REF:0000107,GO:0050693,LBD domain binding,1,Compara
IEA,GO_REF:0000107,GO:0050847,progesterone receptor signaling pathway,1,Compara
IEA,GO_REF:0000107,GO:0050883,"musculoskeletal movement, spinal reflex action",1,Compara
IEA,GO_REF:0000107,GO:0050923,regulation of negative chemotaxis,1,Compara
IEA,GO_REF:0000107,GO:0051130,positive regulation of cellular component organization,1,Compara
IEA,GO_REF:0000107,GO:0007412,axon target recognition,1,Compara
IEA,GO_REF:0000107,GO:0051458,corticotropin secretion,1,Compara
IEA,GO_REF:0000107,GO:0051651,maintenance of location in cell,1,Compara
IEA,GO_REF:0000107,GO:0060007,linear vestibuloocular reflex,1,Compara
IEA,GO_REF:0000107,GO:0060064,Spemann organizer formation at the anterior end of the primitive streak,1,Compara
IEA,GO_REF:0000107,GO:0045569,TRAIL binding,1,Compara
IEA,GO_REF:0000107,GO:0061537,"glycine secretion, neurotransmission",1,Compara
IEA,GO_REF:0000107,GO:0050700,CARD domain binding,1,Compara
IEA,GO_REF:0000107,GO:0060304,regulation of phosphatidylinositol dephosphorylation,1,Compara
IEA,GO_REF:0000107,GO:0060374,mast cell differentiation,1,Compara
IEA,GO_REF:0000107,GO:0060461,right lung morphogenesis,1,Compara
IEA,GO_REF:0000107,GO:0060488,orthogonal dichotomous subdivision of terminal units involved in lung branching morphogenesis,1,Compara
IEA,GO_REF:0000107,GO:0060592,mammary gland formation,1,Compara
IEA,GO_REF:0000107,GO:0060648,mammary gland bud morphogenesis,1,Compara
IEA,GO_REF:0000107,GO:0060696,regulation of phospholipid catabolic process,1,Compara
IEA,GO_REF:0000107,GO:0060847,endothelial cell fate specification,1,Compara
IEA,GO_REF:0000107,GO:0060978,angiogenesis involved in coronary vascular morphogenesis,1,Compara
IEA,GO_REF:0000107,GO:0061104,adrenal chromaffin cell differentiation,1,Compara
IEA,GO_REF:0000107,GO:0061106,negative regulation of stomach neuroendocrine cell differentiation,1,Compara
IEA,GO_REF:0000107,GO:0061170,negative regulation of hair follicle placode formation,1,Compara
IEA,GO_REF:0000107,GO:0005316,high-affinity phosphate:sodium symporter activity,1,Compara
IEA,GO_REF:0000107,GO:0002819,regulation of adaptive immune response,1,Compara
IEA,GO_REF:0000107,GO:0002857,positive regulation of natural killer cell mediated immune response to tumor cell,1,Compara
IEA,GO_REF:0000107,GO:0002859,negative regulation of natural killer cell mediated cytotoxicity directed against tumor cell target,1,Compara
IEA,GO_REF:0000107,GO:0003171,atrioventricular valve development,1,Compara
IEA,GO_REF:0000107,GO:0003176,aortic valve development,1,Compara
IEA,GO_REF:0000107,GO:0003182,coronary sinus valve morphogenesis,1,Compara
IEA,GO_REF:0000107,GO:0003284,septum primum development,1,Compara
IEA,GO_REF:0000107,GO:0003327,type B pancreatic cell fate commitment,1,Compara
IEA,GO_REF:0000107,GO:0004046,aminoacylase activity,1,Compara
IEA,GO_REF:0000107,GO:1904386,response to L-phenylalanine derivative,1,Compara
IEA,GO_REF:0000107,GO:1904510,positive regulation of protein localization to basolateral plasma membrane,1,Compara
IEA,GO_REF:0000107,GO:1904631,response to glucoside,1,Compara
IEA,GO_REF:0000107,GO:1904644,cellular response to curcumin,1,Compara
IEA,GO_REF:0000107,GO:0042113,B cell activation,1,Compara
IEA,GO_REF:0000107,GO:1904695,positive regulation of vascular associated smooth muscle contraction,1,Compara
IEA,GO_REF:0000107,GO:1904864,negative regulation of beta-catenin-TCF complex assembly,1,Compara
IEA,GO_REF:0000107,GO:1904893,negative regulation of receptor signaling pathway via STAT,1,Compara
IEA,GO_REF:0000107,GO:1905075,positive regulation of tight junction disassembly,1,Compara
IEA,GO_REF:0000107,GO:1905217,response to astaxanthin,1,Compara
IEA,GO_REF:0000107,GO:0015087,cobalt ion transmembrane transporter activity,1,Compara
IEA,GO_REF:0000107,GO:0015882,L-ascorbic acid transmembrane transport,1,Compara
IEA,GO_REF:0000107,GO:0016264,gap junction assembly,1,Compara
IEA,GO_REF:0000107,GO:0017162,aryl hydrocarbon receptor binding,1,Compara
IEA,GO_REF:0000107,GO:0010526,transposable element silencing,1,Compara
IEA,GO_REF:0000107,GO:0010607,negative regulation of cytoplasmic mRNA processing body assembly,1,Compara
IEA,GO_REF:0000107,GO:0010644,cell communication by electrical coupling,1,Compara
IEA,GO_REF:0000107,GO:0010705,meiotic DNA double-strand break processing involved in reciprocal meiotic recombination,1,Compara
IEA,GO_REF:0000107,GO:0010840,"regulation of circadian sleep/wake cycle, wakefulness",1,Compara
IEA,GO_REF:0000107,GO:0010894,negative regulation of steroid biosynthetic process,1,Compara
IEA,GO_REF:0000107,GO:0014005,microglia development,1,Compara
IEA,GO_REF:0000107,GO:0014015,positive regulation of gliogenesis,1,Compara
IEA,GO_REF:0000107,GO:0019249,lactate biosynthetic process,1,Compara
IEA,GO_REF:0000107,GO:1903140,regulation of establishment of endothelial barrier,1,Compara
IEA,GO_REF:0000107,GO:1903215,negative regulation of protein targeting to mitochondrion,1,Compara
IEA,GO_REF:0000107,GO:1903426,regulation of reactive oxygen species biosynthetic process,1,Compara
IEA,GO_REF:0000107,GO:1903495,cellular response to dehydroepiandrosterone,1,Compara
IEA,GO_REF:0000107,GO:1903579,negative regulation of ATP metabolic process,1,Compara
IEA,GO_REF:0000107,GO:1903661,positive regulation of complement-dependent cytotoxicity,1,Compara
IEA,GO_REF:0000107,GO:1904109,positive regulation of cholesterol import,1,Compara
IEA,GO_REF:0000107,GO:0048857,neural nucleus development,1,Compara
IEA,GO_REF:0000107,GO:0006304,DNA modification,1,Compara
IEA,GO_REF:0000107,GO:0006458,'de novo' protein folding,1,Compara
IEA,GO_REF:0000107,GO:0005267,potassium channel activity,1,Compara
IEA,GO_REF:0000107,GO:0048753,pigment granule organization,1,Compara
IEA,GO_REF:0000107,GO:0015631,tubulin binding,1,Compara
IEA,GO_REF:0000107,GO:0048670,regulation of collateral sprouting,1,Compara
IEA,GO_REF:0000107,GO:0006665,sphingolipid metabolic process,1,Compara
IEA,GO_REF:0000107,GO:0007518,myoblast fate determination,1,Compara
IEA,GO_REF:0000107,GO:0007525,somatic muscle development,1,Compara
IEA,GO_REF:0000107,GO:0048638,regulation of developmental growth,1,Compara
IEA,GO_REF:0000107,GO:0008282,inward rectifying potassium channel,1,Compara
IEA,GO_REF:0000107,GO:0008315,G2/MI transition of meiotic cell cycle,1,Compara
IEA,GO_REF:0000107,GO:0008392,arachidonate epoxygenase activity,1,Compara
IEA,GO_REF:0000107,GO:0006086,pyruvate decarboxylation to acetyl-CoA,1,Compara
IEA,GO_REF:0000107,GO:0006175,dATP biosynthetic process,1,Compara
IEA,GO_REF:0000107,GO:0006207,'de novo' pyrimidine nucleobase biosynthetic process,1,Compara
IEA,GO_REF:0000107,GO:0006536,glutamate metabolic process,1,Compara
IEA,GO_REF:0000107,GO:0007060,male meiosis chromosome segregation,1,Compara
IEA,GO_REF:0000107,GO:0048389,intermediate mesoderm development,1,Compara
IEA,GO_REF:0000107,GO:0009062,fatty acid catabolic process,1,Compara
IEA,GO_REF:0000107,GO:0009083,branched-chain amino acid catabolic process,1,Compara
IEA,GO_REF:0000107,GO:0009259,ribonucleotide metabolic process,1,Compara
IEA,GO_REF:0000107,GO:0009992,intracellular water homeostasis,1,Compara
IEA,GO_REF:0000107,GO:0048247,lymphocyte chemotaxis,1,Compara
IEA,GO_REF:0000107,GO:1901684,arsenate ion transmembrane transport,1,Compara
IEA,GO_REF:0000107,GO:1902232,regulation of positive thymic T cell selection,1,Compara
IEA,GO_REF:0000107,GO:1902430,negative regulation of amyloid-beta formation,1,Compara
IEA,GO_REF:0000107,GO:0009751,response to salicylic acid,1,Compara
IEA,GO_REF:0000107,GO:0022614,membrane to membrane docking,1,Compara
IEA,GO_REF:0000107,GO:0030195,negative regulation of blood coagulation,1,Compara
IEA,GO_REF:0000107,GO:0030950,establishment or maintenance of actin cytoskeleton polarity,1,Compara
IEA,GO_REF:0000107,GO:0031894,V1A vasopressin receptor binding,1,Compara
IEA,GO_REF:0000107,GO:0032107,regulation of response to nutrient levels,1,Compara
IEA,GO_REF:0000107,GO:0032387,negative regulation of intracellular transport,1,Compara
IEA,GO_REF:0000107,GO:0061956,penetration of cumulus oophorus,1,Compara
IEA,GO_REF:0000107,GO:0070012,oligopeptidase activity,1,Compara
IEA,GO_REF:0000107,GO:0019941,modification-dependent protein catabolic process,1,Compara
IEA,GO_REF:0000107,GO:0021548,pons development,1,Compara
IEA,GO_REF:0000107,GO:0021592,fourth ventricle development,1,Compara
IEA,GO_REF:0000107,GO:0000145,exocyst,1,Compara
IEA,GO_REF:0000107,GO:0021742,abducens nucleus development,1,Compara
IEA,GO_REF:0000107,GO:0021998,neural plate mediolateral regionalization,1,Compara
IEA,GO_REF:0000107,GO:0022013,pallium cell proliferation in forebrain,1,Compara
IEA,GO_REF:0000107,GO:0022018,lateral ganglionic eminence cell proliferation,1,Compara
IEA,GO_REF:0000107,GO:2000818,negative regulation of myoblast proliferation,1,Compara
IEA,GO_REF:0000107,GO:0046649,lymphocyte activation,1,Compara
IEA,GO_REF:0000107,GO:2001199,negative regulation of dendritic cell differentiation,1,Compara
IEA,GO_REF:0000107,GO:0031620,regulation of fever generation,1,Compara
IEA,GO_REF:0000107,GO:2000900,cyclodextrin metabolic process,1,Compara
IEA,GO_REF:0000107,GO:0032184,SUMO polymer binding,1,Compara
IEA,GO_REF:0000107,GO:0032286,central nervous system myelin maintenance,1,Compara
IEA,GO_REF:0000107,GO:0032667,regulation of interleukin-23 production,1,Compara
IEA,GO_REF:0000107,GO:0032957,inositol trisphosphate metabolic process,1,Compara
IEA,GO_REF:0000107,GO:2000845,positive regulation of testosterone secretion,1,Compara
IEA,GO_REF:0000107,GO:0070075,tear secretion,1,Compara
IEA,GO_REF:0000107,GO:0070243,regulation of thymocyte apoptotic process,1,Compara
IEA,GO_REF:0000107,GO:0070668,positive regulation of mast cell proliferation,1,Compara
IEA,GO_REF:0000107,GO:0071244,cellular response to carbon dioxide,1,Compara
IEA,GO_REF:0000107,GO:0071378,cellular response to growth hormone stimulus,1,Compara
IEA,GO_REF:0000107,GO:0071467,cellular response to pH,1,Compara
IEA,GO_REF:0000107,GO:0071636,positive regulation of transforming growth factor beta production,1,Compara
IEA,GO_REF:0000107,GO:0071830,triglyceride-rich lipoprotein particle clearance,1,Compara
IEA,GO_REF:0000107,GO:0071838,cell proliferation in bone marrow,1,Compara
IEA,GO_REF:0000107,GO:0071875,adrenergic receptor signaling pathway,1,Compara
IEA,GO_REF:0000107,GO:0071939,vitamin A import into cell,1,Compara
IEA,GO_REF:0000107,GO:0072102,glomerulus morphogenesis,1,Compara
IEA,GO_REF:0000107,GO:0072278,metanephric comma-shaped body morphogenesis,1,Compara
IEA,GO_REF:0000107,GO:0072283,metanephric renal vesicle morphogenesis,1,Compara
IEA,GO_REF:0000107,GO:0072300,positive regulation of metanephric glomerulus development,1,Compara
IEA,GO_REF:0000107,GO:0072375,medium-term memory,1,Compara
IEA,GO_REF:0000107,GO:0072538,T-helper 17 type immune response,1,Compara
IEA,GO_REF:0000107,GO:0072554,blood vessel lumenization,1,Compara
IEA,GO_REF:0000107,GO:0072656,maintenance of protein location in mitochondrion,1,Compara
IEA,GO_REF:0000107,GO:0072703,cellular response to methyl methanesulfonate,1,Compara
IEA,GO_REF:0000107,GO:0072709,cellular response to sorbitol,1,Compara
IEA,GO_REF:0000107,GO:2000382,positive regulation of mesoderm development,1,Compara
IEA,GO_REF:0000107,GO:0033631,cell-cell adhesion mediated by integrin,1,Compara
IEA,GO_REF:0000107,GO:0034241,positive regulation of macrophage fusion,1,Compara
IEA,GO_REF:0000107,GO:0035014,phosphatidylinositol 3-kinase regulator activity,1,Compara
IEA,GO_REF:0000107,GO:0035089,establishment of apical/basal cell polarity,1,Compara
IEA,GO_REF:0000107,GO:0035150,regulation of tube size,1,Compara
IEA,GO_REF:0000107,GO:2000671,regulation of motor neuron apoptotic process,1,Compara
IEA,GO_REF:0000107,GO:2000586,regulation of platelet-derived growth factor receptor-beta signaling pathway,1,Compara
IEA,GO_REF:0000107,GO:0033080,immature T cell proliferation in thymus,1,Compara
IEA,GO_REF:0000107,GO:0033085,negative regulation of T cell differentiation in thymus,1,Compara
IEA,GO_REF:0000107,GO:0033091,positive regulation of immature T cell proliferation,1,Compara
IEA,GO_REF:0000107,GO:0033721,aldehyde dehydrogenase (NADP+) activity,1,Compara
IEA,GO_REF:0000107,GO:0034148,negative regulation of toll-like receptor 5 signaling pathway,1,Compara
IEA,GO_REF:0000107,GO:0035456,response to interferon-beta,1,Compara
IEA,GO_REF:0000107,GO:0035795,negative regulation of mitochondrial membrane permeability,1,Compara
IEA,GO_REF:0000107,GO:0036016,cellular response to interleukin-3,1,Compara
IEA,GO_REF:0000107,GO:0036017,response to erythropoietin,1,Compara
IEA,GO_REF:0000107,GO:0036058,filtration diaphragm assembly,1,Compara
IEA,GO_REF:0000107,GO:0036158,outer dynein arm assembly,1,Compara
IEA,GO_REF:0000107,GO:0036403,arachidonate 8(S)-lipoxygenase activity,1,Compara
IEA,GO_REF:0000107,GO:0039529,RIG-I signaling pathway,1,Compara
IEA,GO_REF:0000107,GO:0140313,molecular sequestering activity,1,Compara
IEA,GO_REF:0000107,GO:2000446,regulation of macrophage migration inhibitory factor signaling pathway,1,Compara
IEA,GO_REF:0000107,GO:0009966,regulation of signal transduction,1,Compara
IEA,GO_REF:0000107,GO:0050196,[phosphorylase] phosphatase activity,1,Compara
IEA,GO_REF:0000107,GO:1900015,regulation of cytokine production involved in inflammatory response,1,Compara
IEA,GO_REF:0000107,GO:1900126,negative regulation of hyaluronan biosynthetic process,1,Compara
IEA,GO_REF:0000107,GO:1900451,positive regulation of glutamate receptor signaling pathway,1,Compara
IEA,GO_REF:0000107,GO:0000027,ribosomal large subunit assembly,1,Compara
IEA,GO_REF:0000107,GO:2000257,regulation of protein activation cascade,1,Compara
IEA,GO_REF:0000107,GO:0001161,intronic transcription regulatory region sequence-specific DNA binding,1,Compara
IEA,GO_REF:0000107,GO:0001534,radial spoke,1,Compara
IEA,GO_REF:0000107,GO:0002138,retinoic acid biosynthetic process,1,Compara
IEA,GO_REF:0000107,GO:0098632,cell-cell adhesion mediator activity,1,Compara
IEA,GO_REF:0000107,GO:0099022,vesicle tethering,1,Compara
IEA,GO_REF:0000107,GO:0000932,P-body,1,Compara
IEA,GO_REF:0000107,GO:0001976,nervous system process involved in regulation of systemic arterial blood pressure,1,Compara
IEA,GO_REF:0000107,GO:0002238,response to molecule of fungal origin,1,Compara
IEA,GO_REF:0000107,GO:0002287,alpha-beta T cell activation involved in immune response,1,Compara
IEA,GO_REF:0000107,GO:1990780,cytoplasmic side of dendritic spine plasma membrane,1,Compara
IEA,GO_REF:0000107,GO:0002551,mast cell chemotaxis,1,Compara
IEA,GO_REF:0000107,GO:0002634,regulation of germinal center formation,1,Compara
IEA,GO_REF:0000107,GO:0090107,regulation of high-density lipoprotein particle assembly,1,Compara
IEA,GO_REF:0000107,GO:0090425,acinar cell differentiation,1,Compara
IEA,GO_REF:0000107,GO:0090435,protein localization to nuclear envelope,1,Compara
IEA,GO_REF:0000107,GO:0097242,amyloid-beta clearance,1,Compara
IEA,GO_REF:0000107,GO:0097539,ciliary transition fiber,1,Compara
IEA,GO_REF:0000107,GO:0098556,cytoplasmic side of rough endoplasmic reticulum membrane,1,Compara
IEA,GO_REF:0000107,GO:0098700,neurotransmitter loading into synaptic vesicle,1,Compara
IEA,GO_REF:0000107,GO:0098984,neuron to neuron synapse,1,Compara
IEA,GO_REF:0000107,GO:0099163,synaptic signaling by nitric oxide,1,Compara
IEA,GO_REF:0000107,GO:0099557,"trans-synaptic signaling by trans-synaptic complex, modulating synaptic transmission",1,Compara
IEA,GO_REF:0000107,GO:0099563,modification of synaptic structure,1,Compara
IEA,GO_REF:0000107,GO:0110135,Norrin signaling pathway,1,Compara
IEA,GO_REF:0000107,GO:0045111,intermediate filament cytoskeleton,1,Compara
IEA,GO_REF:0000107,GO:0042753,positive regulation of circadian rhythm,1,Compara
IEA,GO_REF:0000107,GO:0042809,nuclear vitamin D receptor binding,1,Compara
IEA,GO_REF:0000107,GO:0043933,protein-containing complex organization,1,Compara
IEA,GO_REF:0000107,GO:0044381,glucose import in response to insulin stimulus,1,Compara
IEA,GO_REF:0000107,GO:1905934,negative regulation of cell fate determination,1,Compara
IEA,GO_REF:0000107,GO:0046083,adenine metabolic process,1,Compara
IEA,GO_REF:0000107,GO:0006937,regulation of muscle contraction,1,Compara
IEA,GO_REF:0000107,GO:0045876,positive regulation of sister chromatid cohesion,1,Compara
IEA,GO_REF:0000107,GO:0045744,negative regulation of G protein-coupled receptor signaling pathway,1,Compara
IEA,GO_REF:0000107,GO:1990874,vascular associated smooth muscle cell proliferation,1,Compara
IEA,GO_REF:0000107,GO:0042182,ketone catabolic process,1,Compara
IEA,GO_REF:0000107,GO:0042323,"negative regulation of circadian sleep/wake cycle, non-REM sleep",1,Compara
IEA,GO_REF:0000107,GO:0042405,nuclear inclusion body,1,Compara
IEA,GO_REF:0000107,GO:0042446,hormone biosynthetic process,1,Compara
IEA,GO_REF:0000107,GO:0043185,vascular endothelial growth factor receptor 3 binding,1,Compara
IEA,GO_REF:0000107,GO:0044754,autolysosome,1,Compara
IEA,GO_REF:0000107,GO:0045125,bioactive lipid receptor activity,1,Compara
IEA,GO_REF:0000107,GO:0045167,asymmetric protein localization involved in cell fate determination,1,Compara
IEA,GO_REF:0000107,GO:0045175,basal protein localization,1,Compara
IEA,GO_REF:0000107,GO:0045186,zonula adherens assembly,1,Compara
IEA,GO_REF:0000107,GO:0045604,regulation of epidermal cell differentiation,1,Compara
IEA,GO_REF:0000107,GO:0045653,negative regulation of megakaryocyte differentiation,1,Compara
IEA,GO_REF:0000107,GO:0048408,epidermal growth factor binding,1,Compara
IEA,GO_REF:0000107,GO:0046060,dATP metabolic process,1,Compara
IEA,GO_REF:0000107,GO:0046061,dATP catabolic process,1,Compara
IEA,GO_REF:0000107,GO:0046462,monoacylglycerol metabolic process,1,Compara
IEA,GO_REF:0000107,GO:0046470,phosphatidylcholine metabolic process,1,Compara
IEA,GO_REF:0000107,GO:1990267,response to transition metal nanoparticle,1,Compara
IEA,GO_REF:0000107,GO:2000138,positive regulation of cell proliferation involved in heart morphogenesis,1,Compara
IEA,GO_REF:0000107,GO:2000142,regulation of DNA-templated transcription initiation,1,Compara
IEA,GO_REF:0000107,GO:2000269,regulation of fibroblast apoptotic process,1,Compara
IEA,GO_REF:0000107,GO:2000408,negative regulation of T cell extravasation,1,Compara
IEA,GO_REF:0000107,GO:2000744,positive regulation of anterior head development,1,Compara
IEA,GO_REF:0000107,GO:2000784,positive regulation of establishment of cell polarity regulating cell shape,1,Compara
IEA,GO_REF:0000107,GO:2001023,regulation of response to drug,1,Compara
IEA,GO_REF:0000107,GO:0043426,MRF binding,1,Compara
IEA,GO_REF:0000107,GO:2001200,positive regulation of dendritic cell differentiation,1,Compara
IEA,GO_REF:0000107,GO:0048319,axial mesoderm morphogenesis,1,Compara
IEA,GO_REF:0000107,GO:0047888,fatty acid peroxidase activity,1,Compara
IEA,GO_REF:0000107,GO:0048295,positive regulation of isotype switching to IgE isotypes,1,Compara
IEA,GO_REF:0000107,GO:0048592,eye morphogenesis,1,Compara
IEA,GO_REF:0000107,GO:0046984,regulation of hemoglobin biosynthetic process,1,Compara
IEA,GO_REF:0000107,GO:0055005,ventricular cardiac myofibril assembly,1,Compara
IEA,GO_REF:0000107,GO:0050764,regulation of phagocytosis,1,Compara
IEA,GO_REF:0000107,GO:0050859,negative regulation of B cell receptor signaling pathway,1,Compara
IEA,GO_REF:0000107,GO:0050957,equilibrioception,1,Compara
IEA,GO_REF:0000107,GO:0050997,quaternary ammonium group binding,1,Compara
IEA,GO_REF:0000107,GO:0051156,glucose 6-phosphate metabolic process,1,Compara
IEA,GO_REF:0000107,GO:0051461,positive regulation of corticotropin secretion,1,Compara
IEA,GO_REF:0000107,GO:0051563,smooth endoplasmic reticulum calcium ion homeostasis,1,Compara
IEA,GO_REF:0000107,GO:0051795,positive regulation of timing of catagen,1,Compara
IEA,GO_REF:0000107,GO:0060003,copper ion export,1,Compara
IEA,GO_REF:0000107,GO:0060010,Sertoli cell fate commitment,1,Compara
IEA,GO_REF:0000107,GO:0060067,cervix development,1,Compara
IEA,GO_REF:0000107,GO:0060236,regulation of mitotic spindle organization,1,Compara
IEA,GO_REF:0000107,GO:0060298,positive regulation of sarcomere organization,1,Compara
IEA,GO_REF:0000107,GO:0060368,regulation of Fc receptor mediated stimulatory signaling pathway,1,Compara
IEA,GO_REF:0000107,GO:0060431,primary lung bud formation,1,Compara
IEA,GO_REF:0000107,GO:0060453,regulation of gastric acid secretion,1,Compara
IEA,GO_REF:0000107,GO:0060611,mammary gland fat development,1,Compara
IEA,GO_REF:0000107,GO:0060766,negative regulation of androgen receptor signaling pathway,1,Compara
IEA,GO_REF:0000107,GO:0060887,limb epidermis development,1,Compara
IEA,GO_REF:0000107,GO:0060912,cardiac cell fate specification,1,Compara
IEA,GO_REF:0000107,GO:0061031,endodermal digestive tract morphogenesis,1,Compara
IEA,GO_REF:0000107,GO:0061103,carotid body glomus cell differentiation,1,Compara
IEA,GO_REF:0000107,GO:0061115,lung proximal/distal axis specification,1,Compara
IEA,GO_REF:0000107,GO:0061158,3'-UTR-mediated mRNA destabilization,1,Compara
IEA,GO_REF:0000107,GO:0061198,fungiform papilla formation,1,Compara
IEA,GO_REF:0000107,GO:0061450,trophoblast cell migration,1,Compara
IEA,GO_REF:0000107,GO:0003418,growth plate cartilage chondrocyte differentiation,1,Compara
IEA,GO_REF:0000107,GO:0046720,citric acid secretion,1,Compara
IEA,GO_REF:0000107,GO:0046717,acid secretion,1,Compara
IEA,GO_REF:0000107,GO:0004622,phosphatidylcholine lysophospholipase activity,1,Compara
IEA,GO_REF:0000107,GO:0003051,angiotensin-mediated drinking behavior,1,Compara
IEA,GO_REF:0000107,GO:0003274,endocardial cushion fusion,1,Compara
IEA,GO_REF:0000107,GO:0003353,positive regulation of cilium movement,1,Compara
IEA,GO_REF:0000107,GO:0004136,deoxyadenosine kinase activity,1,Compara
IEA,GO_REF:0000107,GO:0004663,Rab geranylgeranyltransferase activity,1,Compara
IEA,GO_REF:0000107,GO:0040010,positive regulation of growth rate,1,Compara
IEA,GO_REF:0000107,GO:1904504,positive regulation of lipophagy,1,Compara
IEA,GO_REF:0000107,GO:1904565,response to 1-oleoyl-sn-glycerol 3-phosphate,1,Compara
IEA,GO_REF:0000107,GO:1904842,response to nitroglycerin,1,Compara
IEA,GO_REF:0000107,GO:1904935,positive regulation of cell proliferation in midbrain,1,Compara
IEA,GO_REF:0000107,GO:1905323,telomerase holoenzyme complex assembly,1,Compara
IEA,GO_REF:0000107,GO:1905521,regulation of macrophage migration,1,Compara
IEA,GO_REF:0000107,GO:1905603,regulation of blood-brain barrier permeability,1,Compara
IEA,GO_REF:0000107,GO:1905795,cellular response to puromycin,1,Compara
IEA,GO_REF:0000107,GO:0015269,calcium-activated potassium channel activity,1,Compara
IEA,GO_REF:0000107,GO:1990851,Wnt-Frizzled-LRP5/6 complex,1,Compara
IEA,GO_REF:0000107,GO:1990828,hepatocyte dedifferentiation,1,Compara
IEA,GO_REF:0000107,GO:0044829,host-mediated activation of viral genome replication,1,Compara
IEA,GO_REF:0000107,GO:0098971,anterograde dendritic transport of neurotransmitter receptor complex,1,Compara
IEA,GO_REF:0000107,GO:0043648,dicarboxylic acid metabolic process,1,Compara
IEA,GO_REF:0000107,GO:0046039,GTP metabolic process,1,Compara
IEA,GO_REF:0000107,GO:0006264,mitochondrial DNA replication,1,Compara
IEA,GO_REF:0000107,GO:0047045,testosterone dehydrogenase (NADP+) activity,1,Compara
IEA,GO_REF:0000107,GO:2000767,positive regulation of cytoplasmic translation,1,Compara
IEA,GO_REF:0000107,GO:0042628,mating plug formation,1,Compara
IEA,GO_REF:0000107,GO:0120117,T cell meandering migration,1,Compara
IEA,GO_REF:0000107,GO:2000588,positive regulation of platelet-derived growth factor receptor-beta signaling pathway,1,Compara
IEA,GO_REF:0000107,GO:2000314,negative regulation of fibroblast growth factor receptor signaling pathway involved in neural plate anterior/posterior pattern formation,1,Compara
IEA,GO_REF:0000107,GO:2000231,positive regulation of pancreatic stellate cell proliferation,1,Compara
IEA,GO_REF:0000107,GO:0004867,serine-type endopeptidase inhibitor activity,1,Compara
IEA,GO_REF:0000107,GO:0099545,trans-synaptic signaling by trans-synaptic complex,1,Compara
IEA,GO_REF:0000107,GO:0016709,"oxidoreductase activity, acting on paired donors, with incorporation or reduction of molecular oxygen, NAD(P)H as one donor, and incorporation of one atom of oxygen",1,Compara
IEA,GO_REF:0000107,GO:0019080,viral gene expression,1,Compara
IEA,GO_REF:0000107,GO:0010646,regulation of cell communication,1,Compara
IEA,GO_REF:0000107,GO:0014741,negative regulation of muscle hypertrophy,1,Compara
IEA,GO_REF:0000107,GO:1902856,negative regulation of non-motile cilium assembly,1,Compara
IEA,GO_REF:0000107,GO:1903131,mononuclear cell differentiation,1,Compara
IEA,GO_REF:0000107,GO:1903449,"androst-4-ene-3,17-dione biosynthetic process",1,Compara
IEA,GO_REF:0000107,GO:1903577,cellular response to L-arginine,1,Compara
IEA,GO_REF:0000107,GO:1903699,tarsal gland development,1,Compara
IEA,GO_REF:0000107,GO:1903793,positive regulation of monoatomic anion transport,1,Compara
IEA,GO_REF:0000107,GO:1904178,negative regulation of adipose tissue development,1,Compara
IEA,GO_REF:0000107,GO:0006283,transcription-coupled nucleotide-excision repair,1,Compara
IEA,GO_REF:0000107,GO:0006307,DNA alkylation repair,1,Compara
IEA,GO_REF:0000107,GO:0098694,regulation of synaptic vesicle budding from presynaptic endocytic zone membrane,1,Compara
IEA,GO_REF:0000107,GO:0097542,ciliary tip,1,Compara
IEA,GO_REF:0000107,GO:0006656,phosphatidylcholine biosynthetic process,1,Compara
IEA,GO_REF:0000107,GO:0097471,mossy fiber rosette,1,Compara
IEA,GO_REF:0000107,GO:0090277,positive regulation of peptide hormone secretion,1,Compara
IEA,GO_REF:0000107,GO:0090176,microtubule cytoskeleton organization involved in establishment of planar polarity,1,Compara
IEA,GO_REF:0000107,GO:0090134,cell migration involved in mesendoderm migration,1,Compara
IEA,GO_REF:0000107,GO:0008429,phosphatidylethanolamine binding,1,Compara
IEA,GO_REF:0000107,GO:0009438,methylglyoxal metabolic process,1,Compara
IEA,GO_REF:0000107,GO:0002678,positive regulation of chronic inflammatory response,1,Compara
IEA,GO_REF:0000107,GO:0005976,polysaccharide metabolic process,1,Compara
IEA,GO_REF:0000107,GO:0002572,pro-T cell differentiation,1,Compara
IEA,GO_REF:0000107,GO:0002524,hypersensitivity,1,Compara
IEA,GO_REF:0000107,GO:0006534,cysteine metabolic process,1,Compara
IEA,GO_REF:0000107,GO:0002037,negative regulation of L-glutamate import across plasma membrane,1,Compara
IEA,GO_REF:0000107,GO:0002017,regulation of blood volume by renal aldosterone,1,Compara
IEA,GO_REF:0000107,GO:0001998,angiotensin-mediated vasoconstriction involved in regulation of systemic arterial blood pressure,1,Compara
IEA,GO_REF:0000107,GO:0008627,intrinsic apoptotic signaling pathway in response to osmotic stress,1,Compara
IEA,GO_REF:0000107,GO:0008656,cysteine-type endopeptidase activator activity involved in apoptotic process,1,Compara
IEA,GO_REF:0000107,GO:0009855,determination of bilateral symmetry,1,Compara
IEA,GO_REF:0000107,GO:1901235,(R)-carnitine transmembrane transporter activity,1,Compara
IEA,GO_REF:0000107,GO:1902224,ketone body metabolic process,1,Compara
IEA,GO_REF:0000107,GO:1902379,chemoattractant activity involved in axon guidance,1,Compara
IEA,GO_REF:0000107,GO:1902524,positive regulation of protein K48-linked ubiquitination,1,Compara
IEA,GO_REF:0000107,GO:1902683,regulation of receptor localization to synapse,1,Compara
IEA,GO_REF:0000107,GO:0019896,axonal transport of mitochondrion,1,Compara
IEA,GO_REF:0000107,GO:0023052,signaling,1,Compara
IEA,GO_REF:0000107,GO:1990778,protein localization to cell periphery,1,Compara
IEA,GO_REF:0000107,GO:0030167,proteoglycan catabolic process,1,Compara
IEA,GO_REF:0000107,GO:0031750,D3 dopamine receptor binding,1,Compara
IEA,GO_REF:0000107,GO:0061913,positive regulation of growth plate cartilage chondrocyte proliferation,1,Compara
IEA,GO_REF:0000107,GO:0061974,perichondral bone morphogenesis,1,Compara
IEA,GO_REF:0000107,GO:0071071,regulation of phospholipid biosynthetic process,1,Compara
IEA,GO_REF:0000107,GO:0071073,positive regulation of phospholipid biosynthetic process,1,Compara
IEA,GO_REF:0000107,GO:0019534,toxin transmembrane transporter activity,1,Compara
IEA,GO_REF:0000107,GO:0000786,nucleosome,1,Compara
IEA,GO_REF:0000107,GO:0019969,interleukin-10 binding,1,Compara
IEA,GO_REF:0000107,GO:0021501,prechordal plate formation,1,Compara
IEA,GO_REF:0000107,GO:0021539,subthalamus development,1,Compara
IEA,GO_REF:0000107,GO:0021602,cranial nerve morphogenesis,1,Compara
IEA,GO_REF:0000107,GO:0021650,vestibulocochlear nerve formation,1,Compara
IEA,GO_REF:0000107,GO:0030291,protein serine/threonine kinase inhibitor activity,1,Compara
IEA,GO_REF:0000107,GO:0030296,protein tyrosine kinase activator activity,1,Compara
IEA,GO_REF:0000107,GO:0030350,iron-responsive element binding,1,Compara
IEA,GO_REF:0000107,GO:0030667,secretory granule membrane,1,Compara
IEA,GO_REF:0000107,GO:1990578,perinuclear endoplasmic reticulum membrane,1,Compara
IEA,GO_REF:0000107,GO:0031626,beta-endorphin binding,1,Compara
IEA,GO_REF:0000107,GO:0031946,regulation of glucocorticoid biosynthetic process,1,Compara
IEA,GO_REF:0000107,GO:0031959,nuclear receptor-mediated mineralocorticoid signaling pathway,1,Compara
IEA,GO_REF:0000107,GO:0032485,regulation of Ral protein signal transduction,1,Compara
IEA,GO_REF:0000107,GO:0032765,positive regulation of mast cell cytokine production,1,Compara
IEA,GO_REF:0000107,GO:0010021,amylopectin biosynthetic process,1,Compara
IEA,GO_REF:0000107,GO:1904047,S-adenosyl-L-methionine binding,1,Compara
IEA,GO_REF:0000107,GO:1990427,stereocilia tip-link density,1,Compara
IEA,GO_REF:0000107,GO:1990182,exosomal secretion,1,Compara
IEA,GO_REF:0000107,GO:0006072,glycerol-3-phosphate metabolic process,1,Compara
IEA,GO_REF:0000107,GO:0098664,G protein-coupled serotonin receptor signaling pathway,1,Compara
IEA,GO_REF:0000107,GO:0098656,monoatomic anion transmembrane transport,1,Compara
IEA,GO_REF:0000107,GO:1905885,positive regulation of triglyceride transport,1,Compara
IEA,GO_REF:0000107,GO:0009055,electron transfer activity,1,Compara
IEA,GO_REF:0000107,GO:0098655,monoatomic cation transmembrane transport,1,Compara
IEA,GO_REF:0000107,GO:0097443,sorting endosome,1,Compara
IEA,GO_REF:0000107,GO:0097427,microtubule bundle,1,Compara
IEA,GO_REF:0000107,GO:0046500,S-adenosylmethionine metabolic process,1,Compara
IEA,GO_REF:0000107,GO:0097314,apoptosome assembly,1,Compara
IEA,GO_REF:0000107,GO:0097113,AMPA glutamate receptor clustering,1,Compara
IEA,GO_REF:0000107,GO:0090717,adaptive immune memory response involving T cells and B cells,1,Compara
IEA,GO_REF:0000107,GO:0032878,regulation of establishment or maintenance of cell polarity,1,Compara
IEA,GO_REF:0000107,GO:0032897,negative regulation of viral transcription,1,Compara
IEA,GO_REF:0000107,GO:0032911,negative regulation of transforming growth factor beta1 production,1,Compara
IEA,GO_REF:0000107,GO:0061833,protein localization to tricellular tight junction,1,Compara
IEA,GO_REF:0000107,GO:0061874,positive regulation of hepatic stellate cell contraction,1,Compara
IEA,GO_REF:0000107,GO:0046320,regulation of fatty acid oxidation,1,Compara
IEA,GO_REF:0000107,GO:0070473,negative regulation of uterine smooth muscle contraction,1,Compara
IEA,GO_REF:0000107,GO:0002085,inhibition of neuroepithelial cell differentiation,1,Compara
IEA,GO_REF:0000107,GO:0070528,protein kinase C signaling,1,Compara
IEA,GO_REF:0000107,GO:0070640,vitamin D3 metabolic process,1,Compara
IEA,GO_REF:0000107,GO:0070971,endoplasmic reticulum exit site,1,Compara
IEA,GO_REF:0000107,GO:0072040,negative regulation of mesenchymal cell apoptotic process involved in nephron morphogenesis,1,Compara
IEA,GO_REF:0000107,GO:0072054,renal outer medulla development,1,Compara
IEA,GO_REF:0000107,GO:0072220,metanephric descending thin limb development,1,Compara
IEA,GO_REF:0000107,GO:0072239,metanephric glomerulus vasculature development,1,Compara
IEA,GO_REF:0000107,GO:0072273,metanephric nephron morphogenesis,1,Compara
IEA,GO_REF:0000107,GO:0072274,metanephric glomerular basement membrane development,1,Compara
IEA,GO_REF:0000107,GO:0033619,membrane protein proteolysis,1,Compara
IEA,GO_REF:0000107,GO:0000253,3-beta-hydroxysteroid 3-dehydrogenase (NADP+) activity,1,Compara
IEA,GO_REF:0000107,GO:0046104,thymidine metabolic process,1,Compara
IEA,GO_REF:0000107,GO:0034511,U3 snoRNA binding,1,Compara
IEA,GO_REF:0000107,GO:0001698,gastrin-induced gastric acid secretion,1,Compara
IEA,GO_REF:0000107,GO:0034987,immunoglobulin receptor binding,1,Compara
IEA,GO_REF:0000107,GO:0035033,histone deacetylase regulator activity,1,Compara
IEA,GO_REF:0000107,GO:0033227,dsRNA transport,1,Compara
IEA,GO_REF:0000107,GO:0033274,response to vitamin B2,1,Compara
IEA,GO_REF:0000107,GO:0001515,opioid peptide activity,1,Compara
IEA,GO_REF:0000107,GO:0034109,homotypic cell-cell adhesion,1,Compara
IEA,GO_REF:0000107,GO:0034346,positive regulation of type III interferon production,1,Compara
IEA,GO_REF:0000107,GO:0000711,meiotic DNA repair synthesis,1,Compara
IEA,GO_REF:0000107,GO:0035607,fibroblast growth factor receptor signaling pathway involved in orbitofrontal cortex development,1,Compara
IEA,GO_REF:0000107,GO:0035711,T-helper 1 cell activation,1,Compara
IEA,GO_REF:0000107,GO:0035715,chemokine (C-C motif) ligand 2 binding,1,Compara
IEA,GO_REF:0000107,GO:0035767,endothelial cell chemotaxis,1,Compara
IEA,GO_REF:0000107,GO:0035906,descending aorta development,1,Compara
IEA,GO_REF:0000107,GO:0036037,"CD8-positive, alpha-beta T cell activation",1,Compara
IEA,GO_REF:0000107,GO:1900054,positive regulation of retinoic acid biosynthetic process,1,Compara
IEA,GO_REF:0000107,GO:0036166,phenotypic switching,1,Compara
IEA,GO_REF:0000107,GO:0038170,somatostatin signaling pathway,1,Compara
IEA,GO_REF:0000107,GO:0140231,anterograde axonal transport of neurotransmitter receptor complex,1,Compara
IEA,GO_REF:0000107,GO:0140374,antiviral innate immune response,1,Compara
IEA,GO_REF:0000107,GO:0140674,ATP-dependent histone chaperone activity,1,Compara
IEA,GO_REF:0000107,GO:0140861,DNA repair-dependent chromatin remodeling,1,Compara
IEA,GO_REF:0000107,GO:0141107,methyltransferase regulator activity,1,Compara
IEA,GO_REF:0000107,GO:0150023,apical dendrite arborization,1,Compara
IEA,GO_REF:0000107,GO:1900133,regulation of renin secretion into blood stream,1,Compara
IEA,GO_REF:0000107,GO:1900158,negative regulation of bone mineralization involved in bone maturation,1,Compara
IEA,GO_REF:0000107,GO:1900738,positive regulation of phospholipase C-activating G protein-coupled receptor signaling pathway,1,Compara
IEA,GO_REF:0000107,GO:1900746,regulation of vascular endothelial growth factor signaling pathway,1,Compara
IEA,GO_REF:0000107,GO:1900226,negative regulation of NLRP3 inflammasome complex assembly,1,Compara
IEA,GO_REF:0000107,GO:0000463,"maturation of LSU-rRNA from tricistronic rRNA transcript (SSU-rRNA, 5.8S rRNA, LSU-rRNA)",1,Compara
IEA,GO_REF:0000107,GO:0001046,core promoter sequence-specific DNA binding,1,Compara
IEA,GO_REF:0000107,GO:1900159,positive regulation of bone mineralization involved in bone maturation,1,Compara
IEA,GO_REF:0000107,GO:0001635,calcitonin gene-related peptide receptor activity,1,Compara
IEA,GO_REF:0000107,GO:0106028,neuron projection retraction,1,Compara
IEA,GO_REF:0000107,GO:1900143,positive regulation of oligodendrocyte apoptotic process,1,Compara
IEA,GO_REF:0000107,GO:1900118,negative regulation of execution phase of apoptosis,1,Compara
IEA,GO_REF:0000107,GO:0000307,cyclin-dependent protein kinase holoenzyme complex,1,Compara
IEA,GO_REF:0000107,GO:0000900,mRNA regulatory element binding translation repressor activity,1,Compara
IEA,GO_REF:0000107,GO:0000930,gamma-tubulin complex,1,Compara
IEA,GO_REF:0000107,GO:0001714,endodermal cell fate specification,1,Compara
IEA,GO_REF:0000107,GO:0001830,trophectodermal cell fate commitment,1,Compara
IEA,GO_REF:0000107,GO:0001883,purine nucleoside binding,1,Compara
IEA,GO_REF:0000107,GO:0002018,renin-angiotensin regulation of aldosterone production,1,Compara
IEA,GO_REF:0000107,GO:0045945,positive regulation of transcription by RNA polymerase III,1,Compara
IEA,GO_REF:0000107,GO:0002194,hepatocyte cell migration,1,Compara
IEA,GO_REF:0000107,GO:0002300,"CD8-positive, alpha-beta intraepithelial T cell differentiation",1,Compara
IEA,GO_REF:0000107,GO:0002319,memory B cell differentiation,1,Compara
IEA,GO_REF:0000107,GO:0002762,negative regulation of myeloid leukocyte differentiation,1,Compara
IEA,GO_REF:0000107,GO:0002786,regulation of antibacterial peptide production,1,Compara
IEA,GO_REF:0000107,GO:0090158,endoplasmic reticulum membrane organization,1,Compara
IEA,GO_REF:0000107,GO:0090246,convergent extension involved in somitogenesis,1,Compara
IEA,GO_REF:0000107,GO:0045815,transcription initiation-coupled chromatin remodeling,1,Compara
IEA,GO_REF:0000107,GO:0097052,L-kynurenine metabolic process,1,Compara
IEA,GO_REF:0000107,GO:0097205,renal filtration,1,Compara
IEA,GO_REF:0000107,GO:0097241,hematopoietic stem cell migration to bone marrow,1,Compara
IEA,GO_REF:0000107,GO:0097530,granulocyte migration,1,Compara
IEA,GO_REF:0000107,GO:0097550,transcription preinitiation complex,1,Compara
IEA,GO_REF:0000107,GO:0098847,sequence-specific single stranded DNA binding,1,Compara
IEA,GO_REF:0000107,GO:0098877,neurotransmitter receptor transport to plasma membrane,1,Compara
IEA,GO_REF:0000107,GO:0098925,"retrograde trans-synaptic signaling by nitric oxide, modulating synaptic transmission",1,Compara
IEA,GO_REF:0000107,GO:0098935,dendritic transport,1,Compara
IEA,GO_REF:0000107,GO:0098964,anterograde dendritic transport of messenger ribonucleoprotein complex,1,Compara
IEA,GO_REF:0000107,GO:0099174,regulation of presynapse organization,1,Compara
IEA,GO_REF:0000107,GO:0099188,postsynaptic cytoskeleton organization,1,Compara
IEA,GO_REF:0000107,GO:0099500,vesicle fusion to plasma membrane,1,Compara
IEA,GO_REF:0000107,GO:0099544,perisynaptic space,1,Compara
IEA,GO_REF:0000107,GO:0106134,positive regulation of cardiac muscle cell contraction,1,Compara
IEA,GO_REF:0000107,GO:0110010,basolateral protein secretion,1,Compara
IEA,GO_REF:0000107,GO:0110053,regulation of actin filament organization,1,Compara
IEA,GO_REF:0000107,GO:0120162,positive regulation of cold-induced thermogenesis,1,Compara
IEA,GO_REF:0000107,GO:0120221,maintenance of ciliary planar beating movement pattern,1,Compara
IEA,GO_REF:0000107,GO:0042747,"circadian sleep/wake cycle, REM sleep",1,Compara
IEA,GO_REF:0000107,GO:0042748,"circadian sleep/wake cycle, non-REM sleep",1,Compara
IEA,GO_REF:0000107,GO:0140947,histone H3K9me2 methyltransferase activity,1,Compara
IEA,GO_REF:0000107,GO:1990839,response to endothelin,1,Compara
IEA,GO_REF:0000107,GO:1990869,cellular response to chemokine,1,Compara
IEA,GO_REF:0000107,GO:0042171,lysophosphatidic acid acyltransferase activity,1,Compara
IEA,GO_REF:0000107,GO:0035879,plasma membrane lactate transport,1,Compara
IEA,GO_REF:0000107,GO:0140487,metal ion sequestering activity,1,Compara
IEA,GO_REF:0000107,GO:0140354,lipid import into cell,1,Compara
IEA,GO_REF:0000107,GO:0140141,mitochondrial potassium ion transmembrane transport,1,Compara
IEA,GO_REF:0000107,GO:0043041,amino acid activation for nonribosomal peptide biosynthetic process,1,Compara
IEA,GO_REF:0000107,GO:0043176,amine binding,1,Compara
IEA,GO_REF:0000107,GO:0036295,cellular response to increased oxygen levels,1,Compara
IEA,GO_REF:0000107,GO:0043435,response to corticotropin-releasing hormone,1,Compara
IEA,GO_REF:0000107,GO:0045294,alpha-catenin binding,1,Compara
IEA,GO_REF:0000107,GO:0045518,interleukin-22 receptor binding,1,Compara
IEA,GO_REF:0000107,GO:0045609,positive regulation of inner ear auditory receptor cell differentiation,1,Compara
IEA,GO_REF:0000107,GO:0045626,negative regulation of T-helper 1 cell differentiation,1,Compara
IEA,GO_REF:0000107,GO:0045795,positive regulation of cell volume,1,Compara
IEA,GO_REF:0000107,GO:0045924,regulation of female receptivity,1,Compara
IEA,GO_REF:0000107,GO:0045953,negative regulation of natural killer cell mediated cytotoxicity,1,Compara
IEA,GO_REF:0000107,GO:0036076,ligamentous ossification,1,Compara
IEA,GO_REF:0000107,GO:0046554,L-malate dehydrogenase (NADP+) activity,1,Compara
IEA,GO_REF:0000107,GO:1990036,calcium ion import into sarcoplasmic reticulum,1,Compara
IEA,GO_REF:0000107,GO:1990175,EH domain binding,1,Compara
IEA,GO_REF:0000107,GO:1990234,transferase complex,1,Compara
IEA,GO_REF:0000107,GO:1990654,sebum secreting cell proliferation,1,Compara
IEA,GO_REF:0000107,GO:1990705,cholangiocyte proliferation,1,Compara
IEA,GO_REF:0000107,GO:2000211,regulation of glutamate metabolic process,1,Compara
IEA,GO_REF:0000107,GO:2000323,negative regulation of nuclear receptor-mediated glucocorticoid signaling pathway,1,Compara
IEA,GO_REF:0000107,GO:2000384,negative regulation of ectoderm development,1,Compara
IEA,GO_REF:0000107,GO:2000587,negative regulation of platelet-derived growth factor receptor-beta signaling pathway,1,Compara
IEA,GO_REF:0000107,GO:2000660,negative regulation of interleukin-1-mediated signaling pathway,1,Compara
IEA,GO_REF:0000107,GO:2000738,positive regulation of stem cell differentiation,1,Compara
IEA,GO_REF:0000107,GO:2000794,regulation of epithelial cell proliferation involved in lung morphogenesis,1,Compara
IEA,GO_REF:0000107,GO:2001045,negative regulation of integrin-mediated signaling pathway,1,Compara
IEA,GO_REF:0000107,GO:2001239,regulation of extrinsic apoptotic signaling pathway in absence of ligand,1,Compara
IEA,GO_REF:0000107,GO:0046884,follicle-stimulating hormone secretion,1,Compara
IEA,GO_REF:0000107,GO:0048069,eye pigmentation,1,Compara
IEA,GO_REF:0000107,GO:0046951,ketone body biosynthetic process,1,Compara
IEA,GO_REF:0000107,GO:0048352,paraxial mesoderm structural organization,1,Compara
IEA,GO_REF:0000107,GO:0048762,mesenchymal cell differentiation,1,Compara
IEA,GO_REF:0000107,GO:0034045,phagophore assembly site membrane,1,Compara
IEA,GO_REF:0000107,GO:0036157,outer dynein arm,1,Compara
IEA,GO_REF:0000107,GO:0035373,chondroitin sulfate proteoglycan binding,1,Compara
IEA,GO_REF:0000107,GO:0035306,positive regulation of dephosphorylation,1,Compara
IEA,GO_REF:0000107,GO:0034390,smooth muscle cell apoptotic process,1,Compara
IEA,GO_REF:0000107,GO:0042730,fibrinolysis,1,Compara
IEA,GO_REF:0000107,GO:0033540,fatty acid beta-oxidation using acyl-CoA oxidase,1,Compara
IEA,GO_REF:0000107,GO:0033210,leptin-mediated signaling pathway,1,Compara
IEA,GO_REF:0000107,GO:0032981,mitochondrial respiratory chain complex I assembly,1,Compara
IEA,GO_REF:0000107,GO:0055024,regulation of cardiac muscle tissue development,1,Compara
IEA,GO_REF:0000107,GO:0061623,glycolytic process from galactose,1,Compara
IEA,GO_REF:0000107,GO:0043558,regulation of translational initiation in response to stress,1,Compara
IEA,GO_REF:0000107,GO:0050919,negative chemotaxis,1,Compara
IEA,GO_REF:0000107,GO:0051082,unfolded protein binding,1,Compara
IEA,GO_REF:0000107,GO:0051084,'de novo' post-translational protein folding,1,Compara
IEA,GO_REF:0000107,GO:0051295,establishment of meiotic spindle localization,1,Compara
IEA,GO_REF:0000107,GO:0051427,hormone receptor binding,1,Compara
IEA,GO_REF:0000107,GO:0051495,positive regulation of cytoskeleton organization,1,Compara
IEA,GO_REF:0000107,GO:0051541,elastin metabolic process,1,Compara
IEA,GO_REF:0000107,GO:0051775,response to redox state,1,Compara
IEA,GO_REF:0000107,GO:0060264,regulation of respiratory burst involved in inflammatory response,1,Compara
IEA,GO_REF:0000107,GO:0060447,bud outgrowth involved in lung branching,1,Compara
IEA,GO_REF:0000107,GO:0060479,lung cell differentiation,1,Compara
IEA,GO_REF:0000107,GO:0060577,pulmonary vein morphogenesis,1,Compara
IEA,GO_REF:0000107,GO:0060631,regulation of meiosis I,1,Compara
IEA,GO_REF:0000107,GO:0060719,chorionic trophoblast cell development,1,Compara
IEA,GO_REF:0000107,GO:0061032,visceral serous pericardium development,1,Compara
IEA,GO_REF:0000107,GO:0061044,negative regulation of vascular wound healing,1,Compara
IEA,GO_REF:0000107,GO:0061114,branching involved in pancreas morphogenesis,1,Compara
IEA,GO_REF:0000107,GO:0043489,RNA stabilization,1,Compara
IEA,GO_REF:0000107,GO:1901078,negative regulation of relaxation of muscle,1,Compara
IEA,GO_REF:0000107,GO:0004674,protein serine/threonine kinase activity,1,Compara
IEA,GO_REF:0000107,GO:0004699,"diacylglycerol-dependent, calcium-independent serine/threonine kinase activity",1,Compara
IEA,GO_REF:0000107,GO:0004945,angiotensin type II receptor activity,1,Compara
IEA,GO_REF:0000107,GO:0002838,negative regulation of immune response to tumor cell,1,Compara
IEA,GO_REF:0000107,GO:0003100,regulation of systemic arterial blood pressure by endothelin,1,Compara
IEA,GO_REF:0000107,GO:0003167,atrioventricular bundle cell differentiation,1,Compara
IEA,GO_REF:0000107,GO:0003168,Purkinje myocyte differentiation,1,Compara
IEA,GO_REF:0000107,GO:0004129,cytochrome-c oxidase activity,1,Compara
IEA,GO_REF:0000107,GO:1904306,positive regulation of gastro-intestinal system smooth muscle contraction,1,Compara
IEA,GO_REF:0000107,GO:1904393,regulation of skeletal muscle acetylcholine-gated channel clustering,1,Compara
IEA,GO_REF:0000107,GO:1904450,positive regulation of aspartate secretion,1,Compara
IEA,GO_REF:0000107,GO:1904597,negative regulation of connective tissue replacement involved in inflammatory response wound healing,1,Compara
IEA,GO_REF:0000107,GO:1904760,regulation of myofibroblast differentiation,1,Compara
IEA,GO_REF:0000107,GO:1905765,negative regulation of protection from non-homologous end joining at telomere,1,Compara
IEA,GO_REF:0000107,GO:0015030,Cajal body,1,Compara
IEA,GO_REF:0000107,GO:0015886,heme transport,1,Compara
IEA,GO_REF:0000107,GO:0015934,large ribosomal subunit,1,Compara
IEA,GO_REF:0000107,GO:0016261,selenocysteine catabolic process,1,Compara
IEA,GO_REF:0000107,GO:0016314,"phosphatidylinositol-3,4,5-trisphosphate 3-phosphatase activity",1,Compara
IEA,GO_REF:0000107,GO:0072136,metanephric mesenchymal cell proliferation involved in metanephros development,1,Compara
IEA,GO_REF:0000107,GO:0017111,ribonucleoside triphosphate phosphatase activity,1,Compara
IEA,GO_REF:0000107,GO:0018916,nitrobenzene metabolic process,1,Compara
IEA,GO_REF:0000107,GO:0019240,citrulline biosynthetic process,1,Compara
IEA,GO_REF:0000107,GO:0010664,negative regulation of striated muscle cell apoptotic process,1,Compara
IEA,GO_REF:0000107,GO:0010841,"positive regulation of circadian sleep/wake cycle, wakefulness",1,Compara
IEA,GO_REF:0000107,GO:0010883,regulation of lipid storage,1,Compara
IEA,GO_REF:0000107,GO:0010886,positive regulation of cholesterol storage,1,Compara
IEA,GO_REF:0000107,GO:0010960,magnesium ion homeostasis,1,Compara
IEA,GO_REF:0000107,GO:0010966,regulation of phosphate transport,1,Compara
IEA,GO_REF:0000107,GO:0014822,detection of wounding,1,Compara
IEA,GO_REF:0000107,GO:0014856,skeletal muscle cell proliferation,1,Compara
IEA,GO_REF:0000107,GO:0014889,muscle atrophy,1,Compara
IEA,GO_REF:0000107,GO:0043370,"regulation of CD4-positive, alpha-beta T cell differentiation",1,Compara
IEA,GO_REF:0000107,GO:0016222,procollagen-proline 4-dioxygenase complex,1,Compara
IEA,GO_REF:0000107,GO:1903052,positive regulation of proteolysis involved in protein catabolic process,1,Compara
IEA,GO_REF:0000107,GO:1903135,cupric ion binding,1,Compara
IEA,GO_REF:0000107,GO:1903786,regulation of glutathione biosynthetic process,1,Compara
IEA,GO_REF:0000107,GO:1903788,positive regulation of glutathione biosynthetic process,1,Compara
IEA,GO_REF:0000107,GO:0061138,morphogenesis of a branching epithelium,1,Compara
IEA,GO_REF:0000107,GO:0070938,contractile ring,1,Compara
IEA,GO_REF:0000107,GO:0070828,heterochromatin organization,1,Compara
IEA,GO_REF:0000107,GO:0070618,Grb2-Sos complex,1,Compara
IEA,GO_REF:0000107,GO:0070278,extracellular matrix constituent secretion,1,Compara
IEA,GO_REF:0000107,GO:0004843,cysteine-type deubiquitinase activity,1,Compara
IEA,GO_REF:0000107,GO:0043134,regulation of hindgut contraction,1,Compara
IEA,GO_REF:0000107,GO:0006573,valine metabolic process,1,Compara
IEA,GO_REF:0000107,GO:0006701,progesterone biosynthetic process,1,Compara
IEA,GO_REF:0000107,GO:0006783,heme biosynthetic process,1,Compara
IEA,GO_REF:0000107,GO:0006809,nitric oxide biosynthetic process,1,Compara
IEA,GO_REF:0000107,GO:0070193,synaptonemal complex organization,1,Compara
IEA,GO_REF:0000107,GO:0008091,spectrin,1,Compara
IEA,GO_REF:0000107,GO:0070169,positive regulation of biomineral tissue development,1,Compara
IEA,GO_REF:0000107,GO:0008233,peptidase activity,1,Compara
IEA,GO_REF:0000107,GO:0008320,protein transmembrane transporter activity,1,Compara
IEA,GO_REF:0000107,GO:0008484,sulfuric ester hydrolase activity,1,Compara
IEA,GO_REF:0000107,GO:0009631,cold acclimation,1,Compara
IEA,GO_REF:0000107,GO:0006003,"fructose 2,6-bisphosphate metabolic process",1,Compara
IEA,GO_REF:0000107,GO:0032905,transforming growth factor beta1 production,1,Compara
IEA,GO_REF:0000107,GO:0032900,negative regulation of neurotrophin production,1,Compara
IEA,GO_REF:0000107,GO:0010092,specification of animal organ identity,1,Compara
IEA,GO_REF:0000107,GO:0006083,acetate metabolic process,1,Compara
IEA,GO_REF:0000107,GO:0006110,regulation of glycolytic process,1,Compara
IEA,GO_REF:0000107,GO:0042537,benzene-containing compound metabolic process,1,Compara
IEA,GO_REF:0000107,GO:0007017,microtubule-based process,1,Compara
IEA,GO_REF:0000107,GO:0007195,adenylate cyclase-inhibiting dopamine receptor signaling pathway,1,Compara
IEA,GO_REF:0000107,GO:0032764,negative regulation of mast cell cytokine production,1,Compara
IEA,GO_REF:0000107,GO:0009124,nucleoside monophosphate biosynthetic process,1,Compara
IEA,GO_REF:0000107,GO:0009152,purine ribonucleotide biosynthetic process,1,Compara
IEA,GO_REF:0000107,GO:1901707,leptomycin B binding,1,Compara
IEA,GO_REF:0000107,GO:1902072,negative regulation of hypoxia-inducible factor-1alpha signaling pathway,1,Compara
IEA,GO_REF:0000107,GO:1902443,negative regulation of ripoptosome assembly involved in necroptotic process,1,Compara
IEA,GO_REF:0000107,GO:1902622,regulation of neutrophil migration,1,Compara
IEA,GO_REF:0000107,GO:0022615,protein to membrane docking,1,Compara
IEA,GO_REF:0000107,GO:0030953,astral microtubule organization,1,Compara
IEA,GO_REF:0000107,GO:0031699,beta-3 adrenergic receptor binding,1,Compara
IEA,GO_REF:0000107,GO:0031651,negative regulation of heat generation,1,Compara
IEA,GO_REF:0000107,GO:0031204,"post-translational protein targeting to membrane, translocation",1,Compara
IEA,GO_REF:0000107,GO:0070026,nitric oxide binding,1,Compara
IEA,GO_REF:0000107,GO:0071208,histone pre-mRNA DCP binding,1,Compara
IEA,GO_REF:0000107,GO:0019992,diacylglycerol binding,1,Compara
IEA,GO_REF:0000107,GO:0021502,neural fold elevation formation,1,Compara
IEA,GO_REF:0000107,GO:0021536,diencephalon development,1,Compara
IEA,GO_REF:0000107,GO:0021842,chemorepulsion involved in interneuron migration from the subpallium to the cortex,1,Compara
IEA,GO_REF:0000107,GO:0021935,cerebellar granule cell precursor tangential migration,1,Compara
IEA,GO_REF:0000107,GO:0022600,digestive system process,1,Compara
IEA,GO_REF:0000107,GO:0030865,cortical cytoskeleton organization,1,Compara
IEA,GO_REF:0000107,GO:0030299,intestinal cholesterol absorption,1,Compara
IEA,GO_REF:0000107,GO:0030321,transepithelial chloride transport,1,Compara
IEA,GO_REF:0000107,GO:0030670,phagocytic vesicle membrane,1,Compara
IEA,GO_REF:0000107,GO:0030991,intraciliary transport particle A,1,Compara
IEA,GO_REF:0000107,GO:0031629,synaptic vesicle fusion to presynaptic active zone membrane,1,Compara
IEA,GO_REF:0000107,GO:0031645,negative regulation of nervous system process,1,Compara
IEA,GO_REF:0000107,GO:0032466,negative regulation of cytokinesis,1,Compara
IEA,GO_REF:0000107,GO:0032507,maintenance of protein location in cell,1,Compara
IEA,GO_REF:0000107,GO:0061831,apical ectoplasmic specialization,1,Compara
IEA,GO_REF:0000107,GO:0070050,neuron cellular homeostasis,1,Compara
IEA,GO_REF:0000107,GO:0070173,regulation of enamel mineralization,1,Compara
IEA,GO_REF:0000107,GO:0070208,protein heterotrimerization,1,Compara
IEA,GO_REF:0000107,GO:0070279,vitamin B6 binding,1,Compara
IEA,GO_REF:0000107,GO:0070431,nucleotide-binding oligomerization domain containing 2 signaling pathway,1,Compara
IEA,GO_REF:0000107,GO:0070945,neutrophil-mediated killing of gram-negative bacterium,1,Compara
IEA,GO_REF:0000107,GO:0070974,POU domain binding,1,Compara
IEA,GO_REF:0000107,GO:0071362,cellular response to ether,1,Compara
IEA,GO_REF:0000107,GO:0071412,cellular response to genistein,1,Compara
IEA,GO_REF:0000107,GO:0071677,positive regulation of mononuclear cell migration,1,Compara
IEA,GO_REF:0000107,GO:0071786,endoplasmic reticulum tubular network organization,1,Compara
IEA,GO_REF:0000107,GO:0071873,response to norepinephrine,1,Compara
IEA,GO_REF:0000107,GO:0072034,renal vesicle induction,1,Compara
IEA,GO_REF:0000107,GO:0072053,renal inner medulla development,1,Compara
IEA,GO_REF:0000107,GO:0072534,perineuronal net,1,Compara
IEA,GO_REF:0000107,GO:0034618,arginine binding,1,Compara
IEA,GO_REF:0000107,GO:0034767,positive regulation of monoatomic ion transmembrane transport,1,Compara
IEA,GO_REF:0000107,GO:0035061,interchromatin granule,1,Compara
IEA,GO_REF:0000107,GO:0030656,regulation of vitamin metabolic process,1,Compara
IEA,GO_REF:0000107,GO:0033007,negative regulation of mast cell activation involved in immune response,1,Compara
IEA,GO_REF:0000107,GO:0033032,regulation of myeloid cell apoptotic process,1,Compara
IEA,GO_REF:0000107,GO:0034140,negative regulation of toll-like receptor 3 signaling pathway,1,Compara
IEA,GO_REF:0000107,GO:0034275,kynurenic acid metabolic process,1,Compara
IEA,GO_REF:0000107,GO:0034370,triglyceride-rich lipoprotein particle remodeling,1,Compara
IEA,GO_REF:0000107,GO:0035276,ethanol binding,1,Compara
IEA,GO_REF:0000107,GO:0035494,SNARE complex disassembly,1,Compara
IEA,GO_REF:0000107,GO:0035566,regulation of metanephros size,1,Compara
IEA,GO_REF:0000107,GO:0036092,phosphatidylinositol-3-phosphate biosynthetic process,1,Compara
IEA,GO_REF:0000107,GO:0036306,embryonic heart tube elongation,1,Compara
IEA,GO_REF:0000107,GO:0036466,synaptic vesicle recycling via endosome,1,Compara
IEA,GO_REF:0000107,GO:0036481,intrinsic apoptotic signaling pathway in response to hydrogen peroxide,1,Compara
IEA,GO_REF:0000107,GO:0038060,nitric oxide-cGMP-mediated signaling,1,Compara
IEA,GO_REF:0000107,GO:0038185,nuclear receptor-mediated bile acid signaling pathway,1,Compara
IEA,GO_REF:0000107,GO:1901837,negative regulation of transcription of nucleolar large rRNA by RNA polymerase I,1,Compara
IEA,GO_REF:0000107,GO:1901981,phosphatidylinositol phosphate binding,1,Compara
IEA,GO_REF:0000107,GO:1901862,negative regulation of muscle tissue development,1,Compara
IEA,GO_REF:0000107,GO:0008509,monoatomic anion transmembrane transporter activity,1,Compara
IEA,GO_REF:0000107,GO:0006574,L-valine catabolic process,1,Compara
IEA,GO_REF:0000107,GO:0016605,PML body,1,Compara
IEA,GO_REF:0000107,GO:0016500,protein-hormone receptor activity,1,Compara
IEA,GO_REF:0000107,GO:1902075,cellular response to salt,1,Compara
IEA,GO_REF:0000107,GO:1902078,positive regulation of lateral motor column neuron migration,1,Compara
IEA,GO_REF:0000107,GO:0140566,histone reader activity,1,Compara
IEA,GO_REF:0000107,GO:0140646,negative regulation of pre-B cell receptor expression,1,Compara
IEA,GO_REF:0000107,GO:0141084,inflammasome-mediated signaling pathway,1,Compara
IEA,GO_REF:0000107,GO:0141119,chromosomal DNA methylation maintenance following DNA replication,1,Compara
IEA,GO_REF:0000107,GO:0150043,structural constituent of synapse-associated extracellular matrix,1,Compara
IEA,GO_REF:0000107,GO:1900078,positive regulation of cellular response to insulin stimulus,1,Compara
IEA,GO_REF:0000107,GO:1900212,negative regulation of mesenchymal cell apoptotic process involved in metanephros development,1,Compara
IEA,GO_REF:0000107,GO:1900424,regulation of defense response to bacterium,1,Compara
IEA,GO_REF:0000107,GO:1900426,positive regulation of defense response to bacterium,1,Compara
IEA,GO_REF:0000107,GO:0001676,long-chain fatty acid metabolic process,1,Compara
IEA,GO_REF:0000107,GO:0002112,interleukin-33 receptor binding,1,Compara
IEA,GO_REF:0000107,GO:0090734,site of DNA damage,1,Compara
IEA,GO_REF:0000107,GO:0097376,interneuron axon guidance,1,Compara
IEA,GO_REF:0000107,GO:0046210,nitric oxide catabolic process,1,Compara
IEA,GO_REF:0000107,GO:0097403,cellular response to raffinose,1,Compara
IEA,GO_REF:0000107,GO:0098780,response to mitochondrial depolarisation,1,Compara
IEA,GO_REF:0000107,GO:0099088,axonal transport of messenger ribonucleoprotein complex,1,Compara
IEA,GO_REF:0000107,GO:0140052,cellular response to oxidised low-density lipoprotein particle stimulus,1,Compara
IEA,GO_REF:0000107,GO:0001545,primary ovarian follicle growth,1,Compara
IEA,GO_REF:0000107,GO:0001574,ganglioside biosynthetic process,1,Compara
IEA,GO_REF:0000107,GO:0001738,morphogenesis of a polarized epithelium,1,Compara
IEA,GO_REF:0000107,GO:0002069,columnar/cuboidal epithelial cell maturation,1,Compara
IEA,GO_REF:0000107,GO:0002246,wound healing involved in inflammatory response,1,Compara
IEA,GO_REF:0000107,GO:0002334,transitional two stage B cell differentiation,1,Compara
IEA,GO_REF:0000107,GO:0002606,positive regulation of dendritic cell antigen processing and presentation,1,Compara
IEA,GO_REF:0000107,GO:0002618,positive regulation of macrophage antigen processing and presentation,1,Compara
IEA,GO_REF:0000107,GO:0002726,positive regulation of T cell cytokine production,1,Compara
IEA,GO_REF:0000107,GO:0090138,regulation of actin cytoskeleton organization by cell-cell adhesion,1,Compara
IEA,GO_REF:0000107,GO:0090210,regulation of establishment of blood-brain barrier,1,Compara
IEA,GO_REF:0000107,GO:0090279,regulation of calcium ion import,1,Compara
IEA,GO_REF:0000107,GO:0090433,palmitoyl-CoA ligase activity,1,Compara
IEA,GO_REF:0000107,GO:0090521,podocyte cell migration,1,Compara
IEA,GO_REF:0000107,GO:0097037,heme export,1,Compara
IEA,GO_REF:0000107,GO:0098723,skeletal muscle myofibril,1,Compara
IEA,GO_REF:0000107,GO:0098833,presynaptic endocytic zone,1,Compara
IEA,GO_REF:0000107,GO:0099145,regulation of exocytic insertion of neurotransmitter receptor to postsynaptic membrane,1,Compara
IEA,GO_REF:0000107,GO:0099181,structural constituent of presynapse,1,Compara
IEA,GO_REF:0000107,GO:0099192,cerebellar Golgi cell to granule cell synapse,1,Compara
IEA,GO_REF:0000107,GO:0120192,tight junction assembly,1,Compara
IEA,GO_REF:0000107,GO:0120220,basal body patch,1,Compara
IEA,GO_REF:0000107,GO:0030207,chondroitin sulfate proteoglycan catabolic process,1,Compara
IEA,GO_REF:0000107,GO:0042776,proton motive force-driven mitochondrial ATP synthesis,1,Compara
IEA,GO_REF:0000107,GO:0044225,apical pole of neuron,1,Compara
IEA,GO_REF:0000107,GO:0044321,response to leptin,1,Compara
IEA,GO_REF:0000107,GO:1990381,ubiquitin-specific protease binding,1,Compara
IEA,GO_REF:0000107,GO:1990812,growth cone filopodium,1,Compara
IEA,GO_REF:0000107,GO:0042026,protein refolding,1,Compara
IEA,GO_REF:0000107,GO:0042180,ketone metabolic process,1,Compara
IEA,GO_REF:0000107,GO:0042320,"regulation of circadian sleep/wake cycle, REM sleep",1,Compara
IEA,GO_REF:0000107,GO:0042340,keratan sulfate proteoglycan catabolic process,1,Compara
IEA,GO_REF:0000107,GO:0042420,dopamine catabolic process,1,Compara
IEA,GO_REF:0000107,GO:0043153,entrainment of circadian clock by photoperiod,1,Compara
IEA,GO_REF:0000107,GO:0043183,vascular endothelial growth factor receptor 1 binding,1,Compara
IEA,GO_REF:0000107,GO:0043379,memory T cell differentiation,1,Compara
IEA,GO_REF:0000107,GO:0043513,inhibin B complex,1,Compara
IEA,GO_REF:0000107,GO:0043924,suramin binding,1,Compara
IEA,GO_REF:0000107,GO:0044794,host-mediated activation of viral process,1,Compara
IEA,GO_REF:0000107,GO:0045634,regulation of melanocyte differentiation,1,Compara
IEA,GO_REF:0000107,GO:0045719,negative regulation of glycogen biosynthetic process,1,Compara
IEA,GO_REF:0000107,GO:0045917,positive regulation of complement activation,1,Compara
IEA,GO_REF:0000107,GO:0046331,lateral inhibition,1,Compara
IEA,GO_REF:0000107,GO:0046338,phosphatidylethanolamine catabolic process,1,Compara
IEA,GO_REF:0000107,GO:0046339,diacylglycerol metabolic process,1,Compara
IEA,GO_REF:0000107,GO:1990456,mitochondrion-endoplasmic reticulum membrane tethering,1,Compara
IEA,GO_REF:0000107,GO:1990646,cellular response to prolactin,1,Compara
IEA,GO_REF:0000107,GO:1990935,splicing factor binding,1,Compara
IEA,GO_REF:0000107,GO:2000338,regulation of chemokine (C-X-C motif) ligand 1 production,1,Compara
IEA,GO_REF:0000107,GO:2000340,positive regulation of chemokine (C-X-C motif) ligand 1 production,1,Compara
IEA,GO_REF:0000107,GO:2000510,positive regulation of dendritic cell chemotaxis,1,Compara
IEA,GO_REF:0000107,GO:2000661,positive regulation of interleukin-1-mediated signaling pathway,1,Compara
IEA,GO_REF:0000107,GO:2000730,regulation of termination of RNA polymerase I transcription,1,Compara
IEA,GO_REF:0000107,GO:2000853,negative regulation of corticosterone secretion,1,Compara
IEA,GO_REF:0000107,GO:2000872,positive regulation of progesterone secretion,1,Compara
IEA,GO_REF:0000107,GO:2000982,positive regulation of inner ear receptor cell differentiation,1,Compara
IEA,GO_REF:0000107,GO:0046639,negative regulation of alpha-beta T cell differentiation,1,Compara
IEA,GO_REF:0000107,GO:0046680,response to DDT,1,Compara
IEA,GO_REF:0000107,GO:0046878,positive regulation of saliva secretion,1,Compara
IEA,GO_REF:0000107,GO:0046947,hydroxylysine biosynthetic process,1,Compara
IEA,GO_REF:0000107,GO:0048102,autophagic cell death,1,Compara
IEA,GO_REF:0000107,GO:0048537,mucosa-associated lymphoid tissue development,1,Compara
IEA,GO_REF:0000107,GO:0048790,maintenance of presynaptic active zone structure,1,Compara
IEA,GO_REF:0000107,GO:0071206,establishment of protein localization to juxtaparanode region of axon,1,Compara
IEA,GO_REF:0000107,GO:0043162,ubiquitin-dependent protein catabolic process via the multivesicular body sorting pathway,1,Compara
IEA,GO_REF:0000107,GO:0032055,negative regulation of translation in response to stress,1,Compara
IEA,GO_REF:0000107,GO:0031460,glycine betaine transport,1,Compara
IEA,GO_REF:0000107,GO:0061589,calcium activated phosphatidylserine scrambling,1,Compara
IEA,GO_REF:0000107,GO:0051306,mitotic sister chromatid separation,1,Compara
IEA,GO_REF:0000107,GO:0051355,proprioception involved in equilibrioception,1,Compara
IEA,GO_REF:0000107,GO:0051656,establishment of organelle localization,1,Compara
IEA,GO_REF:0000107,GO:0042634,regulation of hair cycle,1,Compara
IEA,GO_REF:0000107,GO:0055118,negative regulation of cardiac muscle contraction,1,Compara
IEA,GO_REF:0000107,GO:0060165,regulation of timing of subpallium neuron differentiation,1,Compara
IEA,GO_REF:0000107,GO:0060180,female mating behavior,1,Compara
IEA,GO_REF:0000107,GO:0060242,contact inhibition,1,Compara
IEA,GO_REF:0000107,GO:0060245,detection of cell density,1,Compara
IEA,GO_REF:0000107,GO:0060386,synapse assembly involved in innervation,1,Compara
IEA,GO_REF:0000107,GO:0060627,regulation of vesicle-mediated transport,1,Compara
IEA,GO_REF:0000107,GO:0060806,negative regulation of cell differentiation involved in embryonic placenta development,1,Compara
IEA,GO_REF:0000107,GO:0061034,olfactory bulb mitral cell layer development,1,Compara
IEA,GO_REF:0000107,GO:0061047,positive regulation of branching involved in lung morphogenesis,1,Compara
IEA,GO_REF:0000107,GO:0061056,sclerotome development,1,Compara
IEA,GO_REF:0000107,GO:0061181,regulation of chondrocyte development,1,Compara
IEA,GO_REF:0000107,GO:0061196,fungiform papilla development,1,Compara
IEA,GO_REF:0000107,GO:0003429,growth plate cartilage chondrocyte morphogenesis,1,Compara
IEA,GO_REF:0000107,GO:0022900,electron transport chain,1,Compara
IEA,GO_REF:0000107,GO:0003945,N-acetyllactosamine synthase activity,1,Compara
IEA,GO_REF:0000107,GO:1902636,kinociliary basal body,1,Compara
IEA,GO_REF:0000107,GO:0005150,"interleukin-1, type I receptor binding",1,Compara
IEA,GO_REF:0000107,GO:1902270,(R)-carnitine transmembrane transport,1,Compara
IEA,GO_REF:0000107,GO:0005372,water transmembrane transporter activity,1,Compara
IEA,GO_REF:0000107,GO:0005384,manganese ion transmembrane transporter activity,1,Compara
IEA,GO_REF:0000107,GO:1902093,positive regulation of flagellated sperm motility,1,Compara
IEA,GO_REF:0000107,GO:0005496,steroid binding,1,Compara
IEA,GO_REF:0000107,GO:0042610,CD8 receptor binding,1,Compara
IEA,GO_REF:0000107,GO:0002950,ceramide phosphoethanolamine synthase activity,1,Compara
IEA,GO_REF:0000107,GO:0004060,arylamine N-acetyltransferase activity,1,Compara
IEA,GO_REF:0000107,GO:1901992,positive regulation of mitotic cell cycle phase transition,1,Compara
IEA,GO_REF:0000107,GO:1901562,response to paraquat,1,Compara
IEA,GO_REF:0000107,GO:0005006,epidermal growth factor receptor activity,1,Compara
IEA,GO_REF:0000107,GO:0005020,stem cell factor receptor activity,1,Compara
IEA,GO_REF:0000107,GO:1904395,positive regulation of skeletal muscle acetylcholine-gated channel clustering,1,Compara
IEA,GO_REF:0000107,GO:1904584,cellular response to polyamine macromolecule,1,Compara
IEA,GO_REF:0000107,GO:1904677,positive regulation of somatic stem cell division,1,Compara
IEA,GO_REF:0000107,GO:1905060,calcium:monoatomic cation antiporter activity involved in regulation of postsynaptic cytosolic calcium ion concentration,1,Compara
IEA,GO_REF:0000107,GO:1905165,regulation of lysosomal protein catabolic process,1,Compara
IEA,GO_REF:0000107,GO:1905415,positive regulation of dense core granule exocytosis,1,Compara
IEA,GO_REF:0000107,GO:0015194,L-serine transmembrane transporter activity,1,Compara
IEA,GO_REF:0000107,GO:0015385,sodium:proton antiporter activity,1,Compara
IEA,GO_REF:0000107,GO:1901202,negative regulation of extracellular matrix assembly,1,Compara
IEA,GO_REF:0000107,GO:0016407,acetyltransferase activity,1,Compara
IEA,GO_REF:0000107,GO:0016441,post-transcriptional gene silencing,1,Compara
IEA,GO_REF:0000107,GO:1901003,negative regulation of fermentation,1,Compara
IEA,GO_REF:0000107,GO:0010609,mRNA localization resulting in post-transcriptional regulation of gene expression,1,Compara
IEA,GO_REF:0000107,GO:0014064,positive regulation of serotonin secretion,1,Compara
IEA,GO_REF:0000107,GO:0014074,response to purine-containing compound,1,Compara
IEA,GO_REF:0000107,GO:0007131,reciprocal meiotic recombination,1,Compara
IEA,GO_REF:0000107,GO:0015825,L-serine transport,1,Compara
IEA,GO_REF:0000107,GO:0016226,iron-sulfur cluster assembly,1,Compara
IEA,GO_REF:0000107,GO:0099566,regulation of postsynaptic cytosolic calcium ion concentration,1,Compara
IEA,GO_REF:0000107,GO:0019321,pentose metabolic process,1,Compara
IEA,GO_REF:0000107,GO:1903039,positive regulation of leukocyte cell-cell adhesion,1,Compara
IEA,GO_REF:0000107,GO:1903244,positive regulation of cardiac muscle hypertrophy in response to stress,1,Compara
IEA,GO_REF:0000107,GO:1904102,cellular response to acadesine,1,Compara
IEA,GO_REF:0000107,GO:0099525,presynaptic dense core vesicle exocytosis,1,Compara
IEA,GO_REF:0000107,GO:0003887,DNA-directed DNA polymerase activity,1,Compara
IEA,GO_REF:0000107,GO:0007403,glial cell fate determination,1,Compara
IEA,GO_REF:0000107,GO:0099243,extrinsic component of synaptic membrane,1,Compara
IEA,GO_REF:0000107,GO:1902570,protein localization to nucleolus,1,Compara
IEA,GO_REF:0000107,GO:0006406,mRNA export from nucleus,1,Compara
IEA,GO_REF:0000107,GO:0006626,protein targeting to mitochondrion,1,Compara
IEA,GO_REF:0000107,GO:0006654,phosphatidic acid biosynthetic process,1,Compara
IEA,GO_REF:0000107,GO:0006824,cobalt ion transport,1,Compara
IEA,GO_REF:0000107,GO:0008068,extracellularly glutamate-gated chloride channel activity,1,Compara
IEA,GO_REF:0000107,GO:0098965,extracellular matrix of synaptic cleft,1,Compara
IEA,GO_REF:0000107,GO:0008295,spermidine biosynthetic process,1,Compara
IEA,GO_REF:0000107,GO:0008380,RNA splicing,1,Compara
IEA,GO_REF:0000107,GO:0008432,JUN kinase binding,1,Compara
IEA,GO_REF:0000107,GO:0009645,response to low light intensity stimulus,1,Compara
IEA,GO_REF:0000107,GO:0006563,L-serine metabolic process,1,Compara
IEA,GO_REF:0000107,GO:0006991,response to sterol depletion,1,Compara
IEA,GO_REF:0000107,GO:0007035,vacuolar acidification,1,Compara
IEA,GO_REF:0000107,GO:0007064,mitotic sister chromatid cohesion,1,Compara
IEA,GO_REF:0000107,GO:0007113,endomitotic cell cycle,1,Compara
IEA,GO_REF:0000107,GO:0008894,"guanosine-5'-triphosphate,3'-diphosphate diphosphatase activity",1,Compara
IEA,GO_REF:0000107,GO:0009256,10-formyltetrahydrofolate metabolic process,1,Compara
IEA,GO_REF:0000107,GO:0098820,trans-synaptic protein complex,1,Compara
IEA,GO_REF:0000107,GO:1901301,regulation of cargo loading into COPII-coated vesicle,1,Compara
IEA,GO_REF:0000107,GO:1901557,response to fenofibrate,1,Compara
IEA,GO_REF:0000107,GO:1901724,positive regulation of cell proliferation involved in kidney development,1,Compara
IEA,GO_REF:0000107,GO:1901857,positive regulation of cellular respiration,1,Compara
IEA,GO_REF:0000107,GO:1902068,regulation of sphingolipid mediated signaling pathway,1,Compara
IEA,GO_REF:0000107,GO:1902220,positive regulation of intrinsic apoptotic signaling pathway in response to osmotic stress,1,Compara
IEA,GO_REF:0000107,GO:1902510,regulation of apoptotic DNA fragmentation,1,Compara
IEA,GO_REF:0000107,GO:1902615,immune response involved in response to exogenous dsRNA,1,Compara
IEA,GO_REF:0000107,GO:1902616,O-acyl-L-carnitine transmembrane transport,1,Compara
IEA,GO_REF:0000107,GO:0030011,maintenance of cell polarity,1,Compara
IEA,GO_REF:0000107,GO:0030054,cell junction,1,Compara
IEA,GO_REF:0000107,GO:0009448,gamma-aminobutyric acid metabolic process,1,Compara
IEA,GO_REF:0000107,GO:0031104,dendrite regeneration,1,Compara
IEA,GO_REF:0000107,GO:0031249,denatured protein binding,1,Compara
IEA,GO_REF:0000107,GO:0031340,positive regulation of vesicle fusion,1,Compara
IEA,GO_REF:0000107,GO:0032013,negative regulation of ARF protein signal transduction,1,Compara
IEA,GO_REF:0000107,GO:0008327,methyl-CpG binding,1,Compara
IEA,GO_REF:0000107,GO:0098705,copper ion import across plasma membrane,1,Compara
IEA,GO_REF:0000107,GO:0019606,2-oxobutyrate catabolic process,1,Compara
IEA,GO_REF:0000107,GO:0008088,axo-dendritic transport,1,Compara
IEA,GO_REF:0000107,GO:0021509,roof plate formation,1,Compara
IEA,GO_REF:0000107,GO:0021647,vestibulocochlear nerve maturation,1,Compara
IEA,GO_REF:0000107,GO:0021761,limbic system development,1,Compara
IEA,GO_REF:0000107,GO:0021778,oligodendrocyte cell fate specification,1,Compara
IEA,GO_REF:0000107,GO:0021937,cerebellar Purkinje cell-granule cell precursor cell signaling,1,Compara
IEA,GO_REF:0000107,GO:0021956,central nervous system interneuron axonogenesis,1,Compara
IEA,GO_REF:0000107,GO:0022602,ovulation cycle process,1,Compara
IEA,GO_REF:0000107,GO:0030548,acetylcholine receptor regulator activity,1,Compara
IEA,GO_REF:0000107,GO:0030891,VCB complex,1,Compara
IEA,GO_REF:0000107,GO:0031698,beta-2 adrenergic receptor binding,1,Compara
IEA,GO_REF:0000107,GO:0032310,prostaglandin secretion,1,Compara
IEA,GO_REF:0000107,GO:0032463,negative regulation of protein homooligomerization,1,Compara
IEA,GO_REF:0000107,GO:0032831,"positive regulation of CD4-positive, CD25-positive, alpha-beta regulatory T cell differentiation",1,Compara
IEA,GO_REF:0000107,GO:0098542,defense response to other organism,1,Compara
IEA,GO_REF:0000107,GO:0070097,delta-catenin binding,1,Compara
IEA,GO_REF:0000107,GO:0098529,"neuromuscular junction development, skeletal muscle fiber",1,Compara
IEA,GO_REF:0000107,GO:0070293,renal absorption,1,Compara
IEA,GO_REF:0000107,GO:0070352,positive regulation of white fat cell proliferation,1,Compara
IEA,GO_REF:0000107,GO:0070375,ERK5 cascade,1,Compara
IEA,GO_REF:0000107,GO:0070593,dendrite self-avoidance,1,Compara
IEA,GO_REF:0000107,GO:0070892,lipoteichoic acid immune receptor activity,1,Compara
IEA,GO_REF:0000107,GO:0071000,response to magnetism,1,Compara
IEA,GO_REF:0000107,GO:0071298,cellular response to L-ascorbic acid,1,Compara
IEA,GO_REF:0000107,GO:0071357,cellular response to type I interferon,1,Compara
IEA,GO_REF:0000107,GO:0071880,adenylate cyclase-activating adrenergic receptor signaling pathway,1,Compara
IEA,GO_REF:0000107,GO:0071911,synchronous neurotransmitter secretion,1,Compara
IEA,GO_REF:0000107,GO:0072161,mesenchymal cell differentiation involved in kidney development,1,Compara
IEA,GO_REF:0000107,GO:0072378,"blood coagulation, fibrin clot formation",1,Compara
IEA,GO_REF:0000107,GO:0072683,T cell extravasation,1,Compara
IEA,GO_REF:0000107,GO:0086015,SA node cell action potential,1,Compara
IEA,GO_REF:0000107,GO:0089708,L-histidine transmembrane export from vacuole,1,Compara
IEA,GO_REF:0000107,GO:0034620,cellular response to unfolded protein,1,Compara
IEA,GO_REF:0000107,GO:0034670,chemotaxis to arachidonate,1,Compara
IEA,GO_REF:0000107,GO:0034775,glutathione transmembrane transport,1,Compara
IEA,GO_REF:0000107,GO:0097188,dentin mineralization,1,Compara
IEA,GO_REF:0000107,GO:0033029,regulation of neutrophil apoptotic process,1,Compara
IEA,GO_REF:0000107,GO:0097162,MADS box domain binding,1,Compara
IEA,GO_REF:0000107,GO:0006865,amino acid transport,1,Compara
IEA,GO_REF:0000107,GO:0034316,negative regulation of Arp2/3 complex-mediated actin nucleation,1,Compara
IEA,GO_REF:0000107,GO:0034393,positive regulation of smooth muscle cell apoptotic process,1,Compara
IEA,GO_REF:0000107,GO:0035356,intracellular triglyceride homeostasis,1,Compara
IEA,GO_REF:0000107,GO:0035851,Krueppel-associated box domain binding,1,Compara
IEA,GO_REF:0000107,GO:0036333,hepatocyte homeostasis,1,Compara
IEA,GO_REF:0000107,GO:0006570,tyrosine metabolic process,1,Compara
IEA,GO_REF:0000107,GO:0036376,sodium ion export across plasma membrane,1,Compara
IEA,GO_REF:0000107,GO:0038016,insulin receptor internalization,1,Compara
IEA,GO_REF:0000107,GO:0140236,translation at presynapse,1,Compara
IEA,GO_REF:0000107,GO:0141161,regulation of cAMP/PKA signal transduction,1,Compara
IEA,GO_REF:0000107,GO:0150051,postsynaptic Golgi apparatus,1,Compara
IEA,GO_REF:0000107,GO:0160038,somatic sensory system development,1,Compara
IEA,GO_REF:0000107,GO:0000101,sulfur amino acid transport,1,Compara
IEA,GO_REF:0000107,GO:0006275,regulation of DNA replication,1,Compara
IEA,GO_REF:0000107,GO:0000271,polysaccharide biosynthetic process,1,Compara
IEA,GO_REF:0000107,GO:0090619,meiotic spindle pole,1,Compara
IEA,GO_REF:0000107,GO:0140034,methylation-dependent protein binding,1,Compara
IEA,GO_REF:0000107,GO:0001766,membrane raft polarization,1,Compara
IEA,GO_REF:0000107,GO:0001881,receptor recycling,1,Compara
IEA,GO_REF:0000107,GO:0001906,cell killing,1,Compara
IEA,GO_REF:0000107,GO:0002218,activation of innate immune response,1,Compara
IEA,GO_REF:0000107,GO:0002363,alpha-beta T cell lineage commitment,1,Compara
IEA,GO_REF:0000107,GO:0002617,negative regulation of macrophage antigen processing and presentation,1,Compara
IEA,GO_REF:0000107,GO:0002643,regulation of tolerance induction,1,Compara
IEA,GO_REF:0000107,GO:0002725,negative regulation of T cell cytokine production,1,Compara
IEA,GO_REF:0000107,GO:0002765,immune response-inhibiting signal transduction,1,Compara
IEA,GO_REF:0000107,GO:0002787,negative regulation of antibacterial peptide production,1,Compara
IEA,GO_REF:0000107,GO:0093001,glycolysis from storage polysaccharide through glucose-1-phosphate,1,Compara
IEA,GO_REF:0000107,GO:0097279,histamine secretion mediated by IgE immunoglobulin,1,Compara
IEA,GO_REF:0000107,GO:0097531,mast cell migration,1,Compara
IEA,GO_REF:0000107,GO:0090389,phagosome-lysosome fusion involved in apoptotic cell clearance,1,Compara
IEA,GO_REF:0000107,GO:0098883,synapse pruning,1,Compara
IEA,GO_REF:0000107,GO:0099160,postsynaptic intermediate filament cytoskeleton,1,Compara
IEA,GO_REF:0000107,GO:0099186,structural constituent of postsynapse,1,Compara
IEA,GO_REF:0000107,GO:0090383,phagosome acidification,1,Compara
IEA,GO_REF:0000107,GO:1903976,negative regulation of glial cell migration,1,Compara
IEA,GO_REF:0000107,GO:0005773,vacuole,1,Compara
IEA,GO_REF:0000107,GO:1903620,positive regulation of transdifferentiation,1,Compara
IEA,GO_REF:0000107,GO:1903376,regulation of oxidative stress-induced neuron intrinsic apoptotic signaling pathway,1,Compara
IEA,GO_REF:0000107,GO:0006368,transcription elongation by RNA polymerase II,1,Compara
IEA,GO_REF:0000107,GO:1903233,regulation of calcium ion-dependent exocytosis of neurotransmitter,1,Compara
IEA,GO_REF:0000107,GO:0090382,phagosome maturation,1,Compara
IEA,GO_REF:0000107,GO:0010572,positive regulation of platelet activation,1,Compara
IEA,GO_REF:0000107,GO:0015827,tryptophan transport,1,Compara
IEA,GO_REF:0000107,GO:0090335,regulation of brown fat cell differentiation,1,Compara
IEA,GO_REF:0000107,GO:0090330,regulation of platelet aggregation,1,Compara
IEA,GO_REF:0000107,GO:0002779,antibacterial peptide secretion,1,Compara
IEA,GO_REF:0000107,GO:0002760,positive regulation of antimicrobial humoral response,1,Compara
IEA,GO_REF:0000107,GO:1900076,regulation of cellular response to insulin stimulus,1,Compara
IEA,GO_REF:0000107,GO:0002759,regulation of antimicrobial humoral response,1,Compara
IEA,GO_REF:0000107,GO:0002755,MyD88-dependent toll-like receptor signaling pathway,1,Compara
IEA,GO_REF:0000107,GO:0010838,positive regulation of keratinocyte proliferation,1,Compara
IEA,GO_REF:0000107,GO:0120190,negative regulation of bile acid secretion,1,Compara
IEA,GO_REF:0000107,GO:0120219,subapical part of cell,1,Compara
IEA,GO_REF:0000107,GO:0010585,glutamine secretion,1,Compara
IEA,GO_REF:0000107,GO:0017151,DEAD/H-box RNA helicase binding,1,Compara
IEA,GO_REF:0000107,GO:0043647,inositol phosphate metabolic process,1,Compara
IEA,GO_REF:0000107,GO:0043993,histone H3K18 acetyltransferase activity,1,Compara
IEA,GO_REF:0000107,GO:0043997,histone H4K12 acetyltransferase activity,1,Compara
IEA,GO_REF:0000107,GO:0019208,phosphatase regulator activity,1,Compara
IEA,GO_REF:0000107,GO:1990297,renal amino acid absorption,1,Compara
IEA,GO_REF:0000107,GO:1990391,DNA repair complex,1,Compara
IEA,GO_REF:0000107,GO:0042144,"vacuole fusion, non-autophagic",1,Compara
IEA,GO_REF:0000107,GO:0042273,ribosomal large subunit biogenesis,1,Compara
IEA,GO_REF:0000107,GO:0018879,biphenyl metabolic process,1,Compara
IEA,GO_REF:0000107,GO:0017166,vinculin binding,1,Compara
IEA,GO_REF:0000107,GO:0043394,proteoglycan binding,1,Compara
IEA,GO_REF:0000107,GO:0002383,immune response in brain or nervous system,1,Compara
IEA,GO_REF:0000107,GO:0045646,regulation of erythrocyte differentiation,1,Compara
IEA,GO_REF:0000107,GO:0016486,peptide hormone processing,1,Compara
IEA,GO_REF:0000107,GO:0015938,coenzyme A catabolic process,1,Compara
IEA,GO_REF:0000107,GO:0046068,cGMP metabolic process,1,Compara
IEA,GO_REF:0000107,GO:0046449,creatinine metabolic process,1,Compara
IEA,GO_REF:0000107,GO:1905873,positive regulation of protein localization to cell leading edge,1,Compara
IEA,GO_REF:0000107,GO:2000042,negative regulation of double-strand break repair via homologous recombination,1,Compara
IEA,GO_REF:0000107,GO:2000227,negative regulation of pancreatic A cell differentiation,1,Compara
IEA,GO_REF:0000107,GO:2000293,negative regulation of defecation,1,Compara
IEA,GO_REF:0000107,GO:2000296,negative regulation of hydrogen peroxide catabolic process,1,Compara
IEA,GO_REF:0000107,GO:2000324,positive regulation of nuclear receptor-mediated glucocorticoid signaling pathway,1,Compara
IEA,GO_REF:0000107,GO:2000552,negative regulation of T-helper 2 cell cytokine production,1,Compara
IEA,GO_REF:0000107,GO:2000689,actomyosin contractile ring assembly actin filament organization,1,Compara
IEA,GO_REF:0000107,GO:2000781,positive regulation of double-strand break repair,1,Compara
IEA,GO_REF:0000107,GO:2001037,positive regulation of tongue muscle cell differentiation,1,Compara
IEA,GO_REF:0000107,GO:2001246,negative regulation of phosphatidylcholine biosynthetic process,1,Compara
IEA,GO_REF:0000107,GO:0046906,tetrapyrrole binding,1,Compara
IEA,GO_REF:0000107,GO:0048003,antigen processing and presentation of lipid antigen via MHC class Ib,1,Compara
IEA,GO_REF:0000107,GO:0047191,1-alkylglycerophosphocholine O-acyltransferase activity,1,Compara
IEA,GO_REF:0000107,GO:0047484,regulation of response to osmotic stress,1,Compara
IEA,GO_REF:0000107,GO:0048160,primary follicle stage,1,Compara
IEA,GO_REF:0000107,GO:0048561,establishment of animal organ orientation,1,Compara
IEA,GO_REF:0000107,GO:0048571,long-day photoperiodism,1,Compara
IEA,GO_REF:0000107,GO:0048632,negative regulation of skeletal muscle tissue growth,1,Compara
IEA,GO_REF:0000107,GO:0048641,regulation of skeletal muscle tissue development,1,Compara
IEA,GO_REF:0000107,GO:0048698,negative regulation of collateral sprouting in absence of injury,1,Compara
IEA,GO_REF:0000107,GO:0048861,leukemia inhibitory factor signaling pathway,1,Compara
IEA,GO_REF:0000107,GO:0055070,copper ion homeostasis,1,Compara
IEA,GO_REF:0000107,GO:0061379,inferior colliculus development,1,Compara
IEA,GO_REF:0000107,GO:0061631,ubiquitin conjugating enzyme activity,1,Compara
IEA,GO_REF:0000107,GO:0061646,positive regulation of glutamate neurotransmitter secretion in response to membrane depolarization,1,Compara
IEA,GO_REF:0000107,GO:0051081,nuclear membrane disassembly,1,Compara
IEA,GO_REF:0000107,GO:0051425,PTB domain binding,1,Compara
IEA,GO_REF:0000107,GO:0051511,negative regulation of unidimensional cell growth,1,Compara
IEA,GO_REF:0000107,GO:0060035,notochord cell development,1,Compara
IEA,GO_REF:0000107,GO:0060053,neurofilament cytoskeleton,1,Compara
IEA,GO_REF:0000107,GO:0060297,regulation of sarcomere organization,1,Compara
IEA,GO_REF:0000107,GO:0060319,primitive erythrocyte differentiation,1,Compara
IEA,GO_REF:0000107,GO:0060456,positive regulation of digestive system process,1,Compara
IEA,GO_REF:0000107,GO:0061197,fungiform papilla morphogenesis,1,Compara
IEA,GO_REF:0000107,GO:0061300,cerebellum vasculature development,1,Compara
IEA,GO_REF:0000107,GO:0061337,cardiac conduction,1,Compara
IEA,GO_REF:0000107,GO:0051056,regulation of small GTPase mediated signal transduction,1,Compara
IEA,GO_REF:0000107,GO:1905534,positive regulation of L-leucine import across plasma membrane,1,Compara
IEA,GO_REF:0000107,GO:1905433,negative regulation of retrograde trans-synaptic signaling by neuropeptide,1,Compara
IEA,GO_REF:0000107,GO:1905242,"response to 3,3',5-triiodo-L-thyronine",1,Compara
IEA,GO_REF:0000107,GO:0004252,serine-type endopeptidase activity,1,Compara
IEA,GO_REF:0000107,GO:0005112,Notch binding,1,Compara
IEA,GO_REF:0000107,GO:0005119,smoothened binding,1,Compara
IEA,GO_REF:0000107,GO:0005166,neurotrophin p75 receptor binding,1,Compara
IEA,GO_REF:0000107,GO:0005427,proton-dependent oligopeptide secondary active transmembrane transporter activity,1,Compara
IEA,GO_REF:0000107,GO:0003144,embryonic heart tube formation,1,Compara
IEA,GO_REF:0000107,GO:0003340,negative regulation of mesenchymal to epithelial transition involved in metanephros morphogenesis,1,Compara
IEA,GO_REF:0000107,GO:0045095,keratin filament,1,Compara
IEA,GO_REF:0000107,GO:0004768,stearoyl-CoA 9-desaturase activity,1,Compara
IEA,GO_REF:0000107,GO:1904464,regulation of matrix metallopeptidase secretion,1,Compara
IEA,GO_REF:0000107,GO:1904588,cellular response to glycoprotein,1,Compara
IEA,GO_REF:0000107,GO:1904659,D-glucose transmembrane transport,1,Compara
IEA,GO_REF:0000107,GO:1905188,positive regulation of metaphase/anaphase transition of meiosis I,1,Compara
IEA,GO_REF:0000107,GO:1905221,positive regulation of platelet formation,1,Compara
IEA,GO_REF:0000107,GO:1905372,ceramide phosphoethanolamine catabolic process,1,Compara
IEA,GO_REF:0000107,GO:0016790,thiolester hydrolase activity,1,Compara
IEA,GO_REF:0000107,GO:0017176,phosphatidylinositol N-acetylglucosaminyltransferase activity,1,Compara
IEA,GO_REF:0000107,GO:0019101,female somatic sex determination,1,Compara
IEA,GO_REF:0000107,GO:0010574,regulation of vascular endothelial growth factor production,1,Compara
IEA,GO_REF:0000107,GO:0010591,regulation of lamellipodium assembly,1,Compara
IEA,GO_REF:0000107,GO:0010625,positive regulation of Schwann cell proliferation,1,Compara
IEA,GO_REF:0000107,GO:0010668,ectodermal cell differentiation,1,Compara
IEA,GO_REF:0000107,GO:0010808,positive regulation of synaptic vesicle priming,1,Compara
IEA,GO_REF:0000107,GO:0010858,calcium-dependent protein kinase regulator activity,1,Compara
IEA,GO_REF:0000107,GO:0014736,negative regulation of muscle atrophy,1,Compara
IEA,GO_REF:0000107,GO:0014853,regulation of excitatory postsynaptic membrane potential involved in skeletal muscle contraction,1,Compara
IEA,GO_REF:0000107,GO:0014866,skeletal myofibril assembly,1,Compara
IEA,GO_REF:0000107,GO:0015552,propionate transmembrane transporter activity,1,Compara
IEA,GO_REF:0000107,GO:0016243,regulation of autophagosome size,1,Compara
IEA,GO_REF:0000107,GO:1902894,negative regulation of miRNA transcription,1,Compara
IEA,GO_REF:0000107,GO:1902951,negative regulation of dendritic spine maintenance,1,Compara
IEA,GO_REF:0000107,GO:1902993,positive regulation of amyloid precursor protein catabolic process,1,Compara
IEA,GO_REF:0000107,GO:1903353,regulation of nucleus organization,1,Compara
IEA,GO_REF:0000107,GO:1903422,negative regulation of synaptic vesicle recycling,1,Compara
IEA,GO_REF:0000107,GO:1903429,regulation of cell maturation,1,Compara
IEA,GO_REF:0000107,GO:1903441,protein localization to ciliary membrane,1,Compara
IEA,GO_REF:0000107,GO:1903452,positive regulation of G1 to G0 transition,1,Compara
IEA,GO_REF:0000107,GO:1903465,positive regulation of mitotic cell cycle DNA replication,1,Compara
IEA,GO_REF:0000107,GO:1903494,response to dehydroepiandrosterone,1,Compara
IEA,GO_REF:0000107,GO:1903715,regulation of aerobic respiration,1,Compara
IEA,GO_REF:0000107,GO:1903815,negative regulation of collecting lymphatic vessel constriction,1,Compara
IEA,GO_REF:0000107,GO:1903845,negative regulation of cellular response to transforming growth factor beta stimulus,1,Compara
IEA,GO_REF:0000107,GO:0005785,signal recognition particle receptor complex,1,Compara
IEA,GO_REF:0000107,GO:0006222,UMP biosynthetic process,1,Compara
IEA,GO_REF:0000107,GO:0006376,mRNA splice site recognition,1,Compara
IEA,GO_REF:0000107,GO:0001602,pancreatic polypeptide receptor activity,1,Compara
IEA,GO_REF:0000107,GO:1904899,positive regulation of hepatic stellate cell proliferation,1,Compara
IEA,GO_REF:0000107,GO:0006699,bile acid biosynthetic process,1,Compara
IEA,GO_REF:0000107,GO:0007497,posterior midgut development,1,Compara
IEA,GO_REF:0000107,GO:0007620,copulation,1,Compara
IEA,GO_REF:0000107,GO:1904651,positive regulation of fat cell apoptotic process,1,Compara
IEA,GO_REF:0000107,GO:0008156,negative regulation of DNA replication,1,Compara
IEA,GO_REF:0000107,GO:0008160,protein tyrosine phosphatase activator activity,1,Compara
IEA,GO_REF:0000107,GO:0008301,"DNA binding, bending",1,Compara
IEA,GO_REF:0000107,GO:0010171,body morphogenesis,1,Compara
IEA,GO_REF:0000107,GO:0006024,glycosaminoglycan biosynthetic process,1,Compara
IEA,GO_REF:0000107,GO:0006098,pentose-phosphate shunt,1,Compara
IEA,GO_REF:0000107,GO:1904568,cellular response to wortmannin,1,Compara
IEA,GO_REF:0000107,GO:1904566,cellular response to 1-oleoyl-sn-glycerol 3-phosphate,1,Compara
IEA,GO_REF:0000107,GO:0006549,isoleucine metabolic process,1,Compara
IEA,GO_REF:0000107,GO:0004609,phosphatidylserine decarboxylase activity,1,Compara
IEA,GO_REF:0000107,GO:0006760,folic acid-containing compound metabolic process,1,Compara
IEA,GO_REF:0000107,GO:0007225,patched ligand maturation,1,Compara
IEA,GO_REF:0000107,GO:0003294,atrial ventricular junction remodeling,1,Compara
IEA,GO_REF:0000107,GO:0003290,atrial septum secundum morphogenesis,1,Compara
IEA,GO_REF:0000107,GO:0009308,amine metabolic process,1,Compara
IEA,GO_REF:0000107,GO:0009812,flavonoid metabolic process,1,Compara
IEA,GO_REF:0000107,GO:1902632,positive regulation of membrane hyperpolarization,1,Compara
IEA,GO_REF:0000107,GO:0010002,cardioblast differentiation,1,Compara
IEA,GO_REF:0000107,GO:0010085,polarity specification of proximal/distal axis,1,Compara
IEA,GO_REF:0000107,GO:1901497,response to diphenyl ether,1,Compara
IEA,GO_REF:0000107,GO:1901558,response to metformin,1,Compara
IEA,GO_REF:0000107,GO:1901612,cardiolipin binding,1,Compara
IEA,GO_REF:0000107,GO:1902525,regulation of protein monoubiquitination,1,Compara
IEA,GO_REF:0000107,GO:1901810,beta-carotene metabolic process,1,Compara
IEA,GO_REF:0000107,GO:1901990,regulation of mitotic cell cycle phase transition,1,Compara
IEA,GO_REF:0000107,GO:1902275,regulation of chromatin organization,1,Compara
IEA,GO_REF:0000107,GO:1902282,voltage-gated potassium channel activity involved in ventricular cardiac muscle cell action potential repolarization,1,Compara
IEA,GO_REF:0000107,GO:1902437,positive regulation of male mating behavior,1,Compara
IEA,GO_REF:0000107,GO:1902473,regulation of protein localization to synapse,1,Compara
IEA,GO_REF:0000107,GO:0022843,voltage-gated monoatomic cation channel activity,1,Compara
IEA,GO_REF:0000107,GO:0023024,MHC class I protein complex binding,1,Compara
IEA,GO_REF:0000107,GO:0015075,monoatomic ion transmembrane transporter activity,1,Compara
IEA,GO_REF:0000107,GO:0016491,oxidoreductase activity,1,Compara
IEA,GO_REF:0000107,GO:0010596,negative regulation of endothelial cell migration,1,Compara
IEA,GO_REF:0000107,GO:0003002,regionalization,1,Compara
IEA,GO_REF:0000107,GO:0002882,positive regulation of chronic inflammatory response to non-antigenic stimulus,1,Compara
IEA,GO_REF:0000107,GO:0002870,T cell anergy,1,Compara
IEA,GO_REF:0000107,GO:0006694,steroid biosynthetic process,1,Compara
IEA,GO_REF:0000107,GO:0098674,extrinsic component of neuronal dense core vesicle membrane,1,Compara
IEA,GO_REF:0000107,GO:0005672,transcription factor TFIIA complex,1,Compara
IEA,GO_REF:0000107,GO:0009395,phospholipid catabolic process,1,Compara
IEA,GO_REF:0000107,GO:0006568,L-tryptophan metabolic process,1,Compara
IEA,GO_REF:0000107,GO:0005502,11-cis retinal binding,1,Compara
IEA,GO_REF:0000107,GO:0005121,Toll binding,1,Compara
IEA,GO_REF:0000107,GO:0005114,type II transforming growth factor beta receptor binding,1,Compara
IEA,GO_REF:0000107,GO:0004921,interleukin-11 receptor activity,1,Compara
IEA,GO_REF:0000107,GO:0003688,DNA replication origin binding,1,Compara
IEA,GO_REF:0000107,GO:0061819,telomeric DNA-containing double minutes formation,1,Compara
IEA,GO_REF:0000107,GO:0061792,secretory granule maturation,1,Compara
IEA,GO_REF:0000107,GO:0031099,regeneration,1,Compara
IEA,GO_REF:0000107,GO:0031109,microtubule polymerization or depolymerization,1,Compara
IEA,GO_REF:0000107,GO:0031345,negative regulation of cell projection organization,1,Compara
IEA,GO_REF:0000107,GO:0061753,substrate localization to autophagosome,1,Compara
IEA,GO_REF:0000107,GO:0019637,organophosphate metabolic process,1,Compara
IEA,GO_REF:0000107,GO:0061751,neutral sphingomyelin phosphodiesterase activity,1,Compara
IEA,GO_REF:0000107,GO:0021644,vagus nerve morphogenesis,1,Compara
IEA,GO_REF:0000107,GO:0021897,forebrain astrocyte development,1,Compara
IEA,GO_REF:0000107,GO:0022004,midbrain-hindbrain boundary maturation during brain development,1,Compara
IEA,GO_REF:0000107,GO:0030297,transmembrane receptor protein tyrosine kinase activator activity,1,Compara
IEA,GO_REF:0000107,GO:0030520,estrogen receptor signaling pathway,1,Compara
IEA,GO_REF:0000107,GO:0030730,triglyceride storage,1,Compara
IEA,GO_REF:0000107,GO:0031146,SCF-dependent proteasomal ubiquitin-dependent protein catabolic process,1,Compara
IEA,GO_REF:0000107,GO:0061296,negative regulation of mesenchymal cell apoptotic process involved in mesonephric nephron morphogenesis,1,Compara
IEA,GO_REF:0000107,GO:0061205,paramesonephric duct development,1,Compara
IEA,GO_REF:0000107,GO:0031995,insulin-like growth factor II binding,1,Compara
IEA,GO_REF:0000107,GO:0032364,intracellular oxygen homeostasis,1,Compara
IEA,GO_REF:0000107,GO:0032499,detection of peptidoglycan,1,Compara
IEA,GO_REF:0000107,GO:0032564,dATP binding,1,Compara
IEA,GO_REF:0000107,GO:0032596,protein transport into membrane raft,1,Compara
IEA,GO_REF:0000107,GO:0032682,negative regulation of chemokine production,1,Compara
IEA,GO_REF:0000107,GO:0032875,regulation of DNA endoreduplication,1,Compara
IEA,GO_REF:0000107,GO:0032970,regulation of actin filament-based process,1,Compara
IEA,GO_REF:0000107,GO:0070102,interleukin-6-mediated signaling pathway,1,Compara
IEA,GO_REF:0000107,GO:0070350,regulation of white fat cell proliferation,1,Compara
IEA,GO_REF:0000107,GO:0070392,detection of lipoteichoic acid,1,Compara
IEA,GO_REF:0000107,GO:0070418,DNA-dependent protein kinase complex,1,Compara
IEA,GO_REF:0000107,GO:0070434,positive regulation of nucleotide-binding oligomerization domain containing 2 signaling pathway,1,Compara
IEA,GO_REF:0000107,GO:0070628,proteasome binding,1,Compara
IEA,GO_REF:0000107,GO:0070842,aggresome assembly,1,Compara
IEA,GO_REF:0000107,GO:0070884,regulation of calcineurin-NFAT signaling cascade,1,Compara
IEA,GO_REF:0000107,GO:0070935,3'-UTR-mediated mRNA stabilization,1,Compara
IEA,GO_REF:0000107,GO:0070951,regulation of neutrophil mediated killing of gram-negative bacterium,1,Compara
IEA,GO_REF:0000107,GO:0071600,otic vesicle morphogenesis,1,Compara
IEA,GO_REF:0000107,GO:0071672,negative regulation of smooth muscle cell chemotaxis,1,Compara
IEA,GO_REF:0000107,GO:0071692,protein localization to extracellular region,1,Compara
IEA,GO_REF:0000107,GO:0071839,apoptotic process in bone marrow cell,1,Compara
IEA,GO_REF:0000107,GO:0072080,nephron tubule development,1,Compara
IEA,GO_REF:0000107,GO:0072095,regulation of branch elongation involved in ureteric bud branching,1,Compara
IEA,GO_REF:0000107,GO:0072176,nephric duct development,1,Compara
IEA,GO_REF:0000107,GO:0072232,metanephric proximal convoluted tubule segment 2 development,1,Compara
IEA,GO_REF:0000107,GO:0072423,response to DNA damage checkpoint signaling,1,Compara
IEA,GO_REF:0000107,GO:0072666,establishment of protein localization to vacuole,1,Compara
IEA,GO_REF:0000107,GO:0086092,regulation of the force of heart contraction by cardiac conduction,1,Compara
IEA,GO_REF:0000107,GO:0060667,branch elongation involved in salivary gland morphogenesis,1,Compara
IEA,GO_REF:0000107,GO:0060872,semicircular canal development,1,Compara
IEA,GO_REF:0000107,GO:0090077,foam cell differentiation,1,Compara
IEA,GO_REF:0000107,GO:0090091,positive regulation of extracellular matrix disassembly,1,Compara
IEA,GO_REF:0000107,GO:0060842,arterial endothelial cell differentiation,1,Compara
IEA,GO_REF:0000107,GO:0098666,G protein-coupled serotonin receptor complex,1,Compara
IEA,GO_REF:0000107,GO:0034699,response to luteinizing hormone,1,Compara
IEA,GO_REF:0000107,GO:0032980,keratinocyte activation,1,Compara
IEA,GO_REF:0000107,GO:0033512,L-lysine catabolic process to acetyl-CoA via saccharopine,1,Compara
IEA,GO_REF:0000107,GO:0098597,observational learning,1,Compara
IEA,GO_REF:0000107,GO:0060783,mesenchymal smoothened signaling pathway involved in prostate gland development,1,Compara
IEA,GO_REF:0000107,GO:0035567,non-canonical Wnt signaling pathway,1,Compara
IEA,GO_REF:0000107,GO:0035693,NOS2-CD74 complex,1,Compara
IEA,GO_REF:0000107,GO:0035999,tetrahydrofolate interconversion,1,Compara
IEA,GO_REF:0000107,GO:0038188,cholecystokinin signaling pathway,1,Compara
IEA,GO_REF:0000107,GO:0140262,mRNA cap binding complex binding,1,Compara
IEA,GO_REF:0000107,GO:0140348,lysophosphatidylcholine flippase activity,1,Compara
IEA,GO_REF:0000107,GO:0140460,response to Gram-negative bacterium,1,Compara
IEA,GO_REF:0000107,GO:0140668,positive regulation of oxytocin production,1,Compara
IEA,GO_REF:0000107,GO:0140942,histone H3K9 dimethyltransferase activity,1,Compara
IEA,GO_REF:0000107,GO:0140962,multicellular organismal-level chemical homeostasis,1,Compara
IEA,GO_REF:0000107,GO:1900195,positive regulation of oocyte maturation,1,Compara
IEA,GO_REF:0000107,GO:1900731,positive regulation of adenylate cyclase-inhibiting opioid receptor signaling pathway,1,Compara
IEA,GO_REF:0000107,GO:0060782,regulation of mesenchymal cell proliferation involved in prostate gland development,1,Compara
IEA,GO_REF:0000107,GO:0000448,"cleavage in ITS2 between 5.8S rRNA and LSU-rRNA of tricistronic rRNA transcript (SSU-rRNA, 5.8S rRNA, LSU-rRNA)",1,Compara
IEA,GO_REF:0000107,GO:0002072,optic cup morphogenesis involved in camera-type eye development,1,Compara
IEA,GO_REF:0000107,GO:0002430,complement receptor mediated signaling pathway,1,Compara
IEA,GO_REF:0000107,GO:0097129,cyclin D2-CDK4 complex,1,Compara
IEA,GO_REF:0000107,GO:0090559,regulation of membrane permeability,1,Compara
IEA,GO_REF:0000107,GO:0097106,postsynaptic density organization,1,Compara
IEA,GO_REF:0000107,GO:0097116,gephyrin clustering involved in postsynaptic density assembly,1,Compara
IEA,GO_REF:0000107,GO:0097118,neuroligin clustering involved in postsynaptic membrane assembly,1,Compara
IEA,GO_REF:0000107,GO:0098657,import into cell,1,Compara
IEA,GO_REF:0000107,GO:0102140,heparan sulfate N-deacetylase activity,1,Compara
IEA,GO_REF:0000107,GO:0000801,central element,1,Compara
IEA,GO_REF:0000107,GO:0000939,inner kinetochore,1,Compara
IEA,GO_REF:0000107,GO:0001609,G protein-coupled adenosine receptor activity,1,Compara
IEA,GO_REF:0000107,GO:0001806,type IV hypersensitivity,1,Compara
IEA,GO_REF:0000107,GO:0001936,regulation of endothelial cell proliferation,1,Compara
IEA,GO_REF:0000107,GO:0001992,regulation of systemic arterial blood pressure by vasopressin,1,Compara
IEA,GO_REF:0000107,GO:0002071,glandular epithelial cell maturation,1,Compara
IEA,GO_REF:0000107,GO:0060560,developmental growth involved in morphogenesis,1,Compara
IEA,GO_REF:0000107,GO:0002204,somatic recombination of immunoglobulin genes involved in immune response,1,Compara
IEA,GO_REF:0000107,GO:0002605,negative regulation of dendritic cell antigen processing and presentation,1,Compara
IEA,GO_REF:0000107,GO:0090212,negative regulation of establishment of blood-brain barrier,1,Compara
IEA,GO_REF:0000107,GO:0097278,complement-dependent cytotoxicity,1,Compara
IEA,GO_REF:0000107,GO:0097524,sperm plasma membrane,1,Compara
IEA,GO_REF:0000107,GO:0097581,lamellipodium organization,1,Compara
IEA,GO_REF:0000107,GO:0098867,intramembranous bone growth,1,Compara
IEA,GO_REF:0000107,GO:0099502,calcium-dependent activation of synaptic vesicle fusion,1,Compara
IEA,GO_REF:0000107,GO:0099534,calcium ion binding involved in regulation of presynaptic cytosolic calcium ion concentration,1,Compara
IEA,GO_REF:0000107,GO:0120061,negative regulation of gastric emptying,1,Compara
IEA,GO_REF:0000107,GO:0120234,stereocilium coat,1,Compara
IEA,GO_REF:0000107,GO:0120337,radial spoke head 2,1,Compara
IEA,GO_REF:0000107,GO:0044207,translation initiation ternary complex,1,Compara
IEA,GO_REF:0000107,GO:0044326,dendritic spine neck,1,Compara
IEA,GO_REF:0000107,GO:0060433,bronchus development,1,Compara
IEA,GO_REF:0000107,GO:0043007,maintenance of rDNA,1,Compara
IEA,GO_REF:0000107,GO:0043316,cytotoxic T cell degranulation,1,Compara
IEA,GO_REF:0000107,GO:0043331,response to dsRNA,1,Compara
IEA,GO_REF:0000107,GO:0043416,regulation of skeletal muscle tissue regeneration,1,Compara
IEA,GO_REF:0000107,GO:0043559,insulin binding,1,Compara
IEA,GO_REF:0000107,GO:0044725,epigenetic programming in the zygotic pronuclei,1,Compara
IEA,GO_REF:0000107,GO:0044727,epigenetic programing of male pronucleus,1,Compara
IEA,GO_REF:0000107,GO:0045332,phospholipid translocation,1,Compara
IEA,GO_REF:0000107,GO:0045540,regulation of cholesterol biosynthetic process,1,Compara
IEA,GO_REF:0000107,GO:0045617,negative regulation of keratinocyte differentiation,1,Compara
IEA,GO_REF:0000107,GO:0045852,pH elevation,1,Compara
IEA,GO_REF:0000107,GO:0002447,eosinophil mediated immunity,1,Compara
IEA,GO_REF:0000107,GO:0046098,guanine metabolic process,1,Compara
IEA,GO_REF:0000107,GO:0046329,negative regulation of JNK cascade,1,Compara
IEA,GO_REF:0000107,GO:0046452,dihydrofolate metabolic process,1,Compara
IEA,GO_REF:0000107,GO:1905875,negative regulation of postsynaptic density organization,1,Compara
IEA,GO_REF:0000107,GO:1905956,positive regulation of endothelial tube morphogenesis,1,Compara
IEA,GO_REF:0000107,GO:1990008,neurosecretory vesicle,1,Compara
IEA,GO_REF:0000107,GO:1990145,maintenance of translational fidelity,1,Compara
IEA,GO_REF:0000107,GO:2000814,positive regulation of barbed-end actin filament capping,1,Compara
IEA,GO_REF:0000107,GO:2001014,regulation of skeletal muscle cell differentiation,1,Compara
IEA,GO_REF:0000107,GO:2001198,regulation of dendritic cell differentiation,1,Compara
IEA,GO_REF:0000107,GO:0048074,negative regulation of eye pigmentation,1,Compara
IEA,GO_REF:0000107,GO:0047035,testosterone dehydrogenase (NAD+) activity,1,Compara
IEA,GO_REF:0000107,GO:0048185,activin binding,1,Compara
IEA,GO_REF:0000107,GO:0002090,regulation of receptor internalization,1,Compara
IEA,GO_REF:0000107,GO:0019911,structural constituent of myelin sheath,1,Compara
IEA,GO_REF:0000107,GO:0034440,lipid oxidation,1,Compara
IEA,GO_REF:0000107,GO:0140941,histone H4K20me methyltransferase activity,1,Compara
IEA,GO_REF:0000107,GO:0001660,fever generation,1,Compara
IEA,GO_REF:0000107,GO:0060002,plus-end directed microfilament motor activity,1,Compara
IEA,GO_REF:0000107,GO:0055096,low-density lipoprotein particle mediated signaling,1,Compara
IEA,GO_REF:0000107,GO:0040012,regulation of locomotion,1,Compara
IEA,GO_REF:0000107,GO:0048685,negative regulation of collateral sprouting of intact axon in response to injury,1,Compara
IEA,GO_REF:0000107,GO:0048807,female genitalia morphogenesis,1,Compara
IEA,GO_REF:0000107,GO:0048858,cell projection morphogenesis,1,Compara
IEA,GO_REF:0000107,GO:0050119,N-acetylglucosamine deacetylase activity,1,Compara
IEA,GO_REF:0000107,GO:0050543,icosatetraenoic acid binding,1,Compara
IEA,GO_REF:0000107,GO:0051884,regulation of timing of anagen,1,Compara
IEA,GO_REF:0000107,GO:0061516,monocyte proliferation,1,Compara
IEA,GO_REF:0000107,GO:0050856,regulation of T cell receptor signaling pathway,1,Compara
IEA,GO_REF:0000107,GO:0050955,thermoception,1,Compara
IEA,GO_REF:0000107,GO:0051780,behavioral response to nutrient,1,Compara
IEA,GO_REF:0000107,GO:0051132,NK T cell activation,1,Compara
IEA,GO_REF:0000107,GO:0055127,vibrational conductance of sound to the inner ear,1,Compara
IEA,GO_REF:0000107,GO:0060004,reflex,1,Compara
IEA,GO_REF:0000107,GO:0060160,negative regulation of dopamine receptor signaling pathway,1,Compara
IEA,GO_REF:0000107,GO:0060268,negative regulation of respiratory burst,1,Compara
IEA,GO_REF:0000107,GO:0060367,sagittal suture morphogenesis,1,Compara
IEA,GO_REF:0000107,GO:0060408,regulation of acetylcholine metabolic process,1,Compara
IEA,GO_REF:0000107,GO:0060578,superior vena cava morphogenesis,1,Compara
IEA,GO_REF:0000107,GO:0060844,arterial endothelial cell fate commitment,1,Compara
IEA,GO_REF:0000107,GO:0060923,cardiac muscle cell fate commitment,1,Compara
IEA,GO_REF:0000107,GO:0060948,cardiac vascular smooth muscle cell development,1,Compara
IEA,GO_REF:0000107,GO:0051050,positive regulation of transport,1,Compara
IEA,GO_REF:0000107,GO:0050803,regulation of synapse structure or activity,1,Compara
IEA,GO_REF:0000107,GO:0048687,positive regulation of sprouting of injured axon,1,Compara
IEA,GO_REF:0000107,GO:0005581,collagen trimer,1,Compara
IEA,GO_REF:0000107,GO:0005713,recombination nodule,1,Compara
IEA,GO_REF:0000107,GO:0002828,regulation of type 2 immune response,1,Compara
IEA,GO_REF:0000107,GO:0002875,negative regulation of chronic inflammatory response to antigenic stimulus,1,Compara
IEA,GO_REF:0000107,GO:0019730,antimicrobial humoral response,1,Compara
IEA,GO_REF:0000107,GO:0003128,heart field specification,1,Compara
IEA,GO_REF:0000107,GO:0004032,aldose reductase (NADPH) activity,1,Compara
IEA,GO_REF:0000107,GO:0055017,cardiac muscle tissue growth,1,Compara
IEA,GO_REF:0000107,GO:1900721,positive regulation of uterine smooth muscle relaxation,1,Compara
IEA,GO_REF:0000107,GO:1904761,negative regulation of myofibroblast differentiation,1,Compara
IEA,GO_REF:0000107,GO:1905584,outer hair cell apoptotic process,1,Compara
IEA,GO_REF:0000107,GO:1905604,negative regulation of blood-brain barrier permeability,1,Compara
IEA,GO_REF:0000107,GO:1905751,positive regulation of endosome to plasma membrane protein transport,1,Compara
IEA,GO_REF:0000107,GO:0014905,myoblast fusion involved in skeletal muscle regeneration,1,Compara
IEA,GO_REF:0000107,GO:0014916,regulation of lung blood pressure,1,Compara
IEA,GO_REF:0000107,GO:0051866,general adaptation syndrome,1,Compara
IEA,GO_REF:0000107,GO:0019244,lactate biosynthetic process from pyruvate,1,Compara
IEA,GO_REF:0000107,GO:0010464,regulation of mesenchymal cell proliferation,1,Compara
IEA,GO_REF:0000107,GO:0141005,transposable element silencing by heterochromatin formation,1,Compara
IEA,GO_REF:0000107,GO:0140315,iron ion sequestering activity,1,Compara
IEA,GO_REF:0000107,GO:0010724,regulation of definitive erythrocyte differentiation,1,Compara
IEA,GO_REF:0000107,GO:0048691,positive regulation of axon extension involved in regeneration,1,Compara
IEA,GO_REF:0000107,GO:0014717,regulation of satellite cell activation involved in skeletal muscle regeneration,1,Compara
IEA,GO_REF:0000107,GO:0014876,response to injury involved in regulation of muscle adaptation,1,Compara
IEA,GO_REF:0000107,GO:0015721,bile acid and bile salt transport,1,Compara
IEA,GO_REF:0000107,GO:1903096,protein localization to meiotic spindle midzone,1,Compara
IEA,GO_REF:0000107,GO:1903109,positive regulation of mitochondrial transcription,1,Compara
IEA,GO_REF:0000107,GO:1904024,negative regulation of glucose catabolic process to lactate via pyruvate,1,Compara
IEA,GO_REF:0000107,GO:1904181,positive regulation of membrane depolarization,1,Compara
IEA,GO_REF:0000107,GO:0036465,synaptic vesicle recycling,1,Compara
IEA,GO_REF:0000107,GO:0048625,myoblast fate commitment,1,Compara
IEA,GO_REF:0000107,GO:0048534,hematopoietic or lymphoid organ development,1,Compara
IEA,GO_REF:0000107,GO:0015078,proton transmembrane transporter activity,1,Compara
IEA,GO_REF:0000107,GO:0010494,cytoplasmic stress granule,1,Compara
IEA,GO_REF:0000107,GO:0036303,lymph vessel morphogenesis,1,Compara
IEA,GO_REF:0000107,GO:0047726,iron-cytochrome-c reductase activity,1,Compara
IEA,GO_REF:0000107,GO:0046790,virion binding,1,Compara
IEA,GO_REF:0000107,GO:0019815,B cell receptor complex,1,Compara
IEA,GO_REF:0000107,GO:0005775,vacuolar lumen,1,Compara
IEA,GO_REF:0000107,GO:0019883,antigen processing and presentation of endogenous antigen,1,Compara
IEA,GO_REF:0000107,GO:0048027,mRNA 5'-UTR binding,1,Compara
IEA,GO_REF:0000107,GO:0007440,foregut morphogenesis,1,Compara
IEA,GO_REF:0000107,GO:0009589,detection of UV,1,Compara
IEA,GO_REF:0000107,GO:0005879,axonemal microtubule,1,Compara
IEA,GO_REF:0000107,GO:0022832,voltage-gated channel activity,1,Compara
IEA,GO_REF:0000107,GO:0005979,regulation of glycogen biosynthetic process,1,Compara
IEA,GO_REF:0000107,GO:0048012,hepatocyte growth factor receptor signaling pathway,1,Compara
IEA,GO_REF:0000107,GO:0006105,succinate metabolic process,1,Compara
IEA,GO_REF:0000107,GO:0006193,ITP catabolic process,1,Compara
IEA,GO_REF:0000107,GO:0006527,L-arginine catabolic process,1,Compara
IEA,GO_REF:0000107,GO:0006532,aspartate biosynthetic process,1,Compara
IEA,GO_REF:0000107,GO:0006776,vitamin A metabolic process,1,Compara
IEA,GO_REF:0000107,GO:2001245,regulation of phosphatidylcholine biosynthetic process,1,Compara
IEA,GO_REF:0000107,GO:0022857,transmembrane transporter activity,1,Compara
IEA,GO_REF:0000107,GO:0009117,nucleotide metabolic process,1,Compara
IEA,GO_REF:0000107,GO:0009247,glycolipid biosynthetic process,1,Compara
IEA,GO_REF:0000107,GO:1901026,ripoptosome assembly involved in necroptotic process,1,Compara
IEA,GO_REF:0000107,GO:1901331,positive regulation of odontoblast differentiation,1,Compara
IEA,GO_REF:0000107,GO:1901731,positive regulation of platelet aggregation,1,Compara
IEA,GO_REF:0000107,GO:1902474,positive regulation of protein localization to synapse,1,Compara
IEA,GO_REF:0000107,GO:2000811,negative regulation of anoikis,1,Compara
IEA,GO_REF:0000107,GO:0019858,cytosine metabolic process,1,Compara
IEA,GO_REF:0000107,GO:0030035,microspike assembly,1,Compara
IEA,GO_REF:0000107,GO:0030160,synaptic receptor adaptor activity,1,Compara
IEA,GO_REF:0000107,GO:0030904,retromer complex,1,Compara
IEA,GO_REF:0000107,GO:2000486,negative regulation of glutamine transport,1,Compara
IEA,GO_REF:0000107,GO:0031727,CCR2 chemokine receptor binding,1,Compara
IEA,GO_REF:0000107,GO:0032009,early phagosome,1,Compara
IEA,GO_REF:0000107,GO:0032127,dense core granule membrane,1,Compara
IEA,GO_REF:0000107,GO:0032153,cell division site,1,Compara
IEA,GO_REF:0000107,GO:0061909,autophagosome-lysosome fusion,1,Compara
IEA,GO_REF:0000107,GO:0061931,positive regulation of erythrocyte enucleation,1,Compara
IEA,GO_REF:0000107,GO:0072722,response to amitrole,1,Compara
IEA,GO_REF:0000107,GO:0072734,cellular response to staurosporine,1,Compara
IEA,GO_REF:0000107,GO:0019970,interleukin-11 binding,1,Compara
IEA,GO_REF:0000107,GO:0021515,cell differentiation in spinal cord,1,Compara
IEA,GO_REF:0000107,GO:0021557,oculomotor nerve development,1,Compara
IEA,GO_REF:0000107,GO:0021660,rhombomere 3 formation,1,Compara
IEA,GO_REF:0000107,GO:0021682,nerve maturation,1,Compara
IEA,GO_REF:0000107,GO:0021700,developmental maturation,1,Compara
IEA,GO_REF:0000107,GO:0021743,hypoglossal nucleus development,1,Compara
IEA,GO_REF:0000107,GO:0021763,subthalamic nucleus development,1,Compara
IEA,GO_REF:0000107,GO:0021784,postganglionic parasympathetic fiber development,1,Compara
IEA,GO_REF:0000107,GO:0021785,branchiomotor neuron axon guidance,1,Compara
IEA,GO_REF:0000107,GO:0021847,ventricular zone neuroblast division,1,Compara
IEA,GO_REF:0000107,GO:0031529,ruffle organization,1,Compara
IEA,GO_REF:0000107,GO:0031581,hemidesmosome assembly,1,Compara
IEA,GO_REF:0000107,GO:0032497,detection of lipopolysaccharide,1,Compara
IEA,GO_REF:0000107,GO:0032943,mononuclear cell proliferation,1,Compara
IEA,GO_REF:0000107,GO:0061846,dendritic spine cytoplasm,1,Compara
IEA,GO_REF:0000107,GO:0062104,pumilio-response element binding,1,Compara
IEA,GO_REF:0000107,GO:0030149,sphingolipid catabolic process,1,Compara
IEA,GO_REF:0000107,GO:0070062,extracellular exosome,1,Compara
IEA,GO_REF:0000107,GO:0030505,inorganic diphosphate transport,1,Compara
IEA,GO_REF:0000107,GO:0070302,regulation of stress-activated protein kinase signaling cascade,1,Compara
IEA,GO_REF:0000107,GO:0070305,response to cGMP,1,Compara
IEA,GO_REF:0000107,GO:0070530,K63-linked polyubiquitin modification-dependent protein binding,1,Compara
IEA,GO_REF:0000107,GO:0070781,response to biotin,1,Compara
IEA,GO_REF:0000107,GO:0070840,dynein complex binding,1,Compara
IEA,GO_REF:0000107,GO:0071275,cellular response to aluminum ion,1,Compara
IEA,GO_REF:0000107,GO:0071332,cellular response to fructose stimulus,1,Compara
IEA,GO_REF:0000107,GO:0071471,cellular response to non-ionic osmotic stress,1,Compara
IEA,GO_REF:0000107,GO:0071731,response to nitric oxide,1,Compara
IEA,GO_REF:0000107,GO:0072078,nephron tubule morphogenesis,1,Compara
IEA,GO_REF:0000107,GO:0072141,renal interstitial fibroblast development,1,Compara
IEA,GO_REF:0000107,GO:0072233,metanephric thick ascending limb development,1,Compara
IEA,GO_REF:0000107,GO:0072344,rescue of stalled ribosome,1,Compara
IEA,GO_REF:0000107,GO:0072488,ammonium transmembrane transport,1,Compara
IEA,GO_REF:0000107,GO:0090031,positive regulation of steroid hormone biosynthetic process,1,Compara
IEA,GO_REF:0000107,GO:0034463,90S preribosome assembly,1,Compara
IEA,GO_REF:0000107,GO:0035025,positive regulation of Rho protein signal transduction,1,Compara
IEA,GO_REF:0000107,GO:0035196,miRNA processing,1,Compara
IEA,GO_REF:0000107,GO:0033030,negative regulation of neutrophil apoptotic process,1,Compara
IEA,GO_REF:0000107,GO:0033087,negative regulation of immature T cell proliferation,1,Compara
IEA,GO_REF:0000107,GO:0033260,nuclear DNA replication,1,Compara
IEA,GO_REF:0000107,GO:0033514,L-lysine catabolic process to acetyl-CoA via L-pipecolate,1,Compara
IEA,GO_REF:0000107,GO:0035283,central nervous system segmentation,1,Compara
IEA,GO_REF:0000107,GO:0035377,transepithelial water transport,1,Compara
IEA,GO_REF:0000107,GO:0035709,memory T cell activation,1,Compara
IEA,GO_REF:0000107,GO:0035905,ascending aorta development,1,Compara
IEA,GO_REF:0000107,GO:0035932,aldosterone secretion,1,Compara
IEA,GO_REF:0000107,GO:0036010,protein localization to endosome,1,Compara
IEA,GO_REF:0000107,GO:0036122,BMP binding,1,Compara
IEA,GO_REF:0000107,GO:0036294,cellular response to decreased oxygen levels,1,Compara
IEA,GO_REF:0000107,GO:0036372,opsin transport,1,Compara
IEA,GO_REF:0000107,GO:1990723,cytoplasmic periphery of the nuclear pore complex,1,Compara
IEA,GO_REF:0000107,GO:0006235,dTTP biosynthetic process,1,Compara
IEA,GO_REF:0000107,GO:1990144,intrinsic apoptotic signaling pathway in response to hypoxia,1,Compara
IEA,GO_REF:0000107,GO:1902600,proton transmembrane transport,1,Compara
IEA,GO_REF:0000107,GO:0045927,positive regulation of growth,1,Compara
IEA,GO_REF:0000107,GO:0032467,positive regulation of cytokinesis,1,Compara
IEA,GO_REF:0000107,GO:0036491,regulation of translation initiation in response to endoplasmic reticulum stress,1,Compara
IEA,GO_REF:0000107,GO:0038004,epidermal growth factor receptor ligand maturation,1,Compara
IEA,GO_REF:0000107,GO:0150044,regulation of postsynaptic dense core vesicle exocytosis,1,Compara
IEA,GO_REF:0000107,GO:0160021,maternal-to-zygotic transition of gene expression,1,Compara
IEA,GO_REF:0000107,GO:1900127,positive regulation of hyaluronan biosynthetic process,1,Compara
IEA,GO_REF:0000107,GO:1900186,negative regulation of clathrin-dependent endocytosis,1,Compara
IEA,GO_REF:0000107,GO:1900235,negative regulation of Kit signaling pathway,1,Compara
IEA,GO_REF:0000107,GO:0000255,allantoin metabolic process,1,Compara
IEA,GO_REF:0000107,GO:0045659,negative regulation of neutrophil differentiation,1,Compara
IEA,GO_REF:0000107,GO:0045652,regulation of megakaryocyte differentiation,1,Compara
IEA,GO_REF:0000107,GO:0002135,CTP binding,1,Compara
IEA,GO_REF:0000107,GO:0097356,perinucleolar compartment,1,Compara
IEA,GO_REF:0000107,GO:0031338,regulation of vesicle fusion,1,Compara
IEA,GO_REF:0000107,GO:0098659,inorganic cation import across plasma membrane,1,Compara
IEA,GO_REF:0000107,GO:0031339,negative regulation of vesicle fusion,1,Compara
IEA,GO_REF:0000107,GO:0001875,lipopolysaccharide immune receptor activity,1,Compara
IEA,GO_REF:0000107,GO:0001941,postsynaptic membrane organization,1,Compara
IEA,GO_REF:0000107,GO:0001985,negative regulation of heart rate involved in baroreceptor response to increased systemic arterial blood pressure,1,Compara
IEA,GO_REF:0000107,GO:0002038,positive regulation of L-glutamate import across plasma membrane,1,Compara
IEA,GO_REF:0000107,GO:0002160,desmosome maintenance,1,Compara
IEA,GO_REF:0000107,GO:0002209,behavioral defense response,1,Compara
IEA,GO_REF:0000107,GO:0002270,plasmacytoid dendritic cell activation,1,Compara
IEA,GO_REF:0000107,GO:0002667,regulation of T cell anergy,1,Compara
IEA,GO_REF:0000107,GO:0002711,positive regulation of T cell mediated immunity,1,Compara
IEA,GO_REF:0000107,GO:0002763,positive regulation of myeloid leukocyte differentiation,1,Compara
IEA,GO_REF:0000107,GO:0090131,mesenchyme migration,1,Compara
IEA,GO_REF:0000107,GO:0090361,regulation of platelet-derived growth factor production,1,Compara
IEA,GO_REF:0000107,GO:0090367,negative regulation of mRNA modification,1,Compara
IEA,GO_REF:0000107,GO:0090416,nicotinate transmembrane transporter activity,1,Compara
IEA,GO_REF:0000107,GO:0097281,immune complex formation,1,Compara
IEA,GO_REF:0000107,GO:0097545,axonemal doublet microtubule,1,Compara
IEA,GO_REF:0000107,GO:0098872,G protein-coupled neurotransmitter receptor activity involved in regulation of postsynaptic cytosolic calcium ion concentration,1,Compara
IEA,GO_REF:0000107,GO:0098967,exocytic insertion of neurotransmitter receptor to postsynaptic membrane,1,Compara
IEA,GO_REF:0000107,GO:0044029,positive regulation of gene expression via chromosomal CpG island demethylation,1,Compara
IEA,GO_REF:0000107,GO:0120072,positive regulation of pyloric antrum smooth muscle contraction,1,Compara
IEA,GO_REF:0000107,GO:0120111,neuron projection cytoplasm,1,Compara
IEA,GO_REF:0000107,GO:0042588,zymogen granule,1,Compara
IEA,GO_REF:0000107,GO:0042595,behavioral response to starvation,1,Compara
IEA,GO_REF:0000107,GO:0042609,CD4 receptor binding,1,Compara
IEA,GO_REF:0000107,GO:0042745,circadian sleep/wake cycle,1,Compara
IEA,GO_REF:0000107,GO:0042910,xenobiotic transmembrane transporter activity,1,Compara
IEA,GO_REF:0000107,GO:0044206,UMP salvage,1,Compara
IEA,GO_REF:0000107,GO:0044208,'de novo' AMP biosynthetic process,1,Compara
IEA,GO_REF:0000107,GO:0045191,regulation of isotype switching,1,Compara
IEA,GO_REF:0000107,GO:1990829,C-rich single-stranded DNA binding,1,Compara
IEA,GO_REF:0000107,GO:0045064,T-helper 2 cell differentiation,1,Compara
IEA,GO_REF:0000107,GO:0042297,vocal learning,1,Compara
IEA,GO_REF:0000107,GO:0042335,cuticle development,1,Compara
IEA,GO_REF:0000107,GO:0042461,photoreceptor cell development,1,Compara
IEA,GO_REF:0000107,GO:0043503,skeletal muscle fiber adaptation,1,Compara
IEA,GO_REF:0000107,GO:0008199,ferric iron binding,1,Compara
IEA,GO_REF:0000107,GO:0045023,G0 to G1 transition,1,Compara
IEA,GO_REF:0000107,GO:0045026,plasma membrane fusion,1,Compara
IEA,GO_REF:0000107,GO:0045056,transcytosis,1,Compara
IEA,GO_REF:0000107,GO:0043363,nucleate erythrocyte differentiation,1,Compara
IEA,GO_REF:0000107,GO:0045620,negative regulation of lymphocyte differentiation,1,Compara
IEA,GO_REF:0000107,GO:0045728,respiratory burst after phagocytosis,1,Compara
IEA,GO_REF:0000107,GO:0045797,positive regulation of intestinal cholesterol absorption,1,Compara
IEA,GO_REF:0000107,GO:0046111,xanthine biosynthetic process,1,Compara
IEA,GO_REF:0000107,GO:1990117,B cell receptor apoptotic signaling pathway,1,Compara
IEA,GO_REF:0000107,GO:1990478,response to ultrasound,1,Compara
IEA,GO_REF:0000107,GO:1990542,mitochondrial transmembrane transport,1,Compara
IEA,GO_REF:0000107,GO:1990597,AIP1-IRE1 complex,1,Compara
IEA,GO_REF:0000107,GO:1990761,growth cone lamellipodium,1,Compara
IEA,GO_REF:0000107,GO:1990764,myofibroblast contraction,1,Compara
IEA,GO_REF:0000107,GO:1990770,small intestine smooth muscle contraction,1,Compara
IEA,GO_REF:0000107,GO:2000108,positive regulation of leukocyte apoptotic process,1,Compara
IEA,GO_REF:0000107,GO:2000145,regulation of cell motility,1,Compara
IEA,GO_REF:0000107,GO:2000304,positive regulation of ceramide biosynthetic process,1,Compara
IEA,GO_REF:0000107,GO:2000316,regulation of T-helper 17 type immune response,1,Compara
IEA,GO_REF:0000107,GO:2000344,positive regulation of acrosome reaction,1,Compara
IEA,GO_REF:0000107,GO:2000360,negative regulation of binding of sperm to zona pellucida,1,Compara
IEA,GO_REF:0000107,GO:2000628,regulation of miRNA metabolic process,1,Compara
IEA,GO_REF:0000107,GO:2000802,positive regulation of endocardial cushion to mesenchymal transition involved in heart valve formation,1,Compara
IEA,GO_REF:0000107,GO:0046587,positive regulation of calcium-dependent cell-cell adhesion,1,Compara
IEA,GO_REF:0000107,GO:0046636,negative regulation of alpha-beta T cell activation,1,Compara
IEA,GO_REF:0000107,GO:0046684,response to pyrethroid,1,Compara
IEA,GO_REF:0000107,GO:0046724,oxalic acid secretion,1,Compara
IEA,GO_REF:0000107,GO:0046974,histone H3K9 methyltransferase activity,1,Compara
IEA,GO_REF:0000107,GO:0046983,protein dimerization activity,1,Compara
IEA,GO_REF:0000107,GO:0006782,protoporphyrinogen IX biosynthetic process,1,Compara
IEA,GO_REF:0000107,GO:0048133,male germ-line stem cell asymmetric division,1,Compara
IEA,GO_REF:0000107,GO:0048194,Golgi vesicle budding,1,Compara
IEA,GO_REF:0000107,GO:0048232,male gamete generation,1,Compara
IEA,GO_REF:0000107,GO:0048403,brain-derived neurotrophic factor binding,1,Compara
IEA,GO_REF:0000107,GO:0031902,late endosome membrane,1,Compara
IEA,GO_REF:0000107,GO:0048677,axon extension involved in regeneration,1,Compara
IEA,GO_REF:0000107,GO:0042985,negative regulation of amyloid precursor protein biosynthetic process,1,Compara
IEA,GO_REF:0000107,GO:0097381,photoreceptor disc membrane,1,Compara
IEA,GO_REF:0000107,GO:0042693,muscle cell fate commitment,1,Compara
IEA,GO_REF:0000107,GO:0042662,negative regulation of mesodermal cell fate specification,1,Compara
IEA,GO_REF:0000107,GO:0043031,negative regulation of macrophage activation,1,Compara
IEA,GO_REF:0000107,GO:0045504,dynein heavy chain binding,1,Compara
IEA,GO_REF:0000107,GO:0042376,phylloquinone catabolic process,1,Compara
IEA,GO_REF:0000107,GO:1902731,negative regulation of chondrocyte proliferation,1,Compara
IEA,GO_REF:0000107,GO:0042018,interleukin-22 receptor activity,1,Compara
IEA,GO_REF:0000107,GO:0036042,long-chain fatty acyl-CoA binding,1,Compara
IEA,GO_REF:0000107,GO:0040009,regulation of growth rate,1,Compara
IEA,GO_REF:0000107,GO:0052833,inositol monophosphate 4-phosphatase activity,1,Compara
IEA,GO_REF:0000107,GO:0061588,calcium activated phospholipid scrambling,1,Compara
IEA,GO_REF:0000107,GO:0051011,microtubule minus-end binding,1,Compara
IEA,GO_REF:0000107,GO:0051012,microtubule sliding,1,Compara
IEA,GO_REF:0000107,GO:0051044,positive regulation of membrane protein ectodomain proteolysis,1,Compara
IEA,GO_REF:0000107,GO:0051232,meiotic spindle elongation,1,Compara
IEA,GO_REF:0000107,GO:0051983,regulation of chromosome segregation,1,Compara
IEA,GO_REF:0000107,GO:0060054,positive regulation of epithelial cell proliferation involved in wound healing,1,Compara
IEA,GO_REF:0000107,GO:0060082,eye blink reflex,1,Compara
IEA,GO_REF:0000107,GO:0060125,negative regulation of growth hormone secretion,1,Compara
IEA,GO_REF:0000107,GO:0060168,positive regulation of adenosine receptor signaling pathway,1,Compara
IEA,GO_REF:0000107,GO:0060214,endocardium formation,1,Compara
IEA,GO_REF:0000107,GO:0060414,aorta smooth muscle tissue morphogenesis,1,Compara
IEA,GO_REF:0000107,GO:0060421,positive regulation of heart growth,1,Compara
IEA,GO_REF:0000107,GO:0060514,prostate induction,1,Compara
IEA,GO_REF:0000107,GO:0060628,regulation of ER to Golgi vesicle-mediated transport,1,Compara
IEA,GO_REF:0000107,GO:0060668,regulation of branching involved in salivary gland morphogenesis by extracellular matrix-epithelial cell signaling,1,Compara
IEA,GO_REF:0000107,GO:0061050,regulation of cell growth involved in cardiac muscle cell development,1,Compara
IEA,GO_REF:0000107,GO:0061133,endopeptidase activator activity,1,Compara
IEA,GO_REF:0000107,GO:0061162,establishment of monopolar cell polarity,1,Compara
IEA,GO_REF:0000107,GO:0061770,translation elongation factor binding,1,Compara
IEA,GO_REF:0000107,GO:0046223,aflatoxin catabolic process,1,Compara
IEA,GO_REF:0000107,GO:0035984,cellular response to trichostatin A,1,Compara
IEA,GO_REF:0000107,GO:0035883,enteroendocrine cell differentiation,1,Compara
IEA,GO_REF:0000107,GO:0045271,respiratory chain complex I,1,Compara
IEA,GO_REF:0000107,GO:0140014,mitotic nuclear division,1,Compara
IEA,GO_REF:0000107,GO:0003011,involuntary skeletal muscle contraction,1,Compara
IEA,GO_REF:0000107,GO:0003029,detection of hypoxic conditions in blood by carotid body chemoreceptor signaling,1,Compara
IEA,GO_REF:0000107,GO:0003071,renal system process involved in regulation of systemic arterial blood pressure,1,Compara
IEA,GO_REF:0000107,GO:0003211,cardiac ventricle formation,1,Compara
IEA,GO_REF:0000107,GO:0034351,negative regulation of glial cell apoptotic process,1,Compara
IEA,GO_REF:0000107,GO:1904762,positive regulation of myofibroblast differentiation,1,Compara
IEA,GO_REF:0000107,GO:1905322,positive regulation of mesenchymal stem cell migration,1,Compara
IEA,GO_REF:0000107,GO:1905373,ceramide phosphoethanolamine biosynthetic process,1,Compara
IEA,GO_REF:0000107,GO:0015252,proton channel activity,1,Compara
IEA,GO_REF:0000107,GO:0016332,establishment or maintenance of polarity of embryonic epithelium,1,Compara
IEA,GO_REF:0000107,GO:0016579,protein deubiquitination,1,Compara
IEA,GO_REF:0000107,GO:0016615,malate dehydrogenase activity,1,Compara
IEA,GO_REF:0000107,GO:0016773,"phosphotransferase activity, alcohol group as acceptor",1,Compara
IEA,GO_REF:0000107,GO:0035023,regulation of Rho protein signal transduction,1,Compara
IEA,GO_REF:0000107,GO:0033313,meiotic cell cycle checkpoint signaling,1,Compara
IEA,GO_REF:0000107,GO:0016874,ligase activity,1,Compara
IEA,GO_REF:0000107,GO:0017146,NMDA selective glutamate receptor complex,1,Compara
IEA,GO_REF:0000107,GO:0010701,positive regulation of norepinephrine secretion,1,Compara
IEA,GO_REF:0000107,GO:0010826,negative regulation of centrosome duplication,1,Compara
IEA,GO_REF:0000107,GO:0015693,magnesium ion transport,1,Compara
IEA,GO_REF:0000107,GO:0016160,amylase activity,1,Compara
IEA,GO_REF:0000107,GO:1903538,regulation of meiotic cell cycle process involved in oocyte maturation,1,Compara
IEA,GO_REF:0000107,GO:1903565,negative regulation of protein localization to cilium,1,Compara
IEA,GO_REF:0000107,GO:1903706,regulation of hemopoiesis,1,Compara
IEA,GO_REF:0000107,GO:1903764,regulation of potassium ion export across plasma membrane,1,Compara
IEA,GO_REF:0000107,GO:1903779,regulation of cardiac conduction,1,Compara
IEA,GO_REF:0000107,GO:1903799,negative regulation of miRNA processing,1,Compara
IEA,GO_REF:0000107,GO:1903899,positive regulation of PERK-mediated unfolded protein response,1,Compara
IEA,GO_REF:0000107,GO:1904026,regulation of collagen fibril organization,1,Compara
IEA,GO_REF:0000107,GO:0033088,negative regulation of immature T cell proliferation in thymus,1,Compara
IEA,GO_REF:0000107,GO:0030868,smooth endoplasmic reticulum membrane,1,Compara
IEA,GO_REF:0000107,GO:0004620,phospholipase activity,1,Compara
IEA,GO_REF:0000107,GO:0032028,myosin head/neck binding,1,Compara
IEA,GO_REF:0000107,GO:0033037,polysaccharide localization,1,Compara
IEA,GO_REF:0000107,GO:0035175,histone H3S10 kinase activity,1,Compara
IEA,GO_REF:0000107,GO:0034750,Scrib-APC-beta-catenin complex,1,Compara
IEA,GO_REF:0000107,GO:0006054,N-acetylneuraminate metabolic process,1,Compara
IEA,GO_REF:0000107,GO:0034713,type I transforming growth factor beta receptor binding,1,Compara
IEA,GO_REF:0000107,GO:0006623,protein targeting to vacuole,1,Compara
IEA,GO_REF:0000107,GO:0034635,glutathione transport,1,Compara
IEA,GO_REF:0000107,GO:0008289,lipid binding,1,Compara
IEA,GO_REF:0000107,GO:0120253,hydrocarbon catabolic process,1,Compara
IEA,GO_REF:0000107,GO:0006518,peptide metabolic process,1,Compara
IEA,GO_REF:0000107,GO:0044861,protein transport into plasma membrane raft,1,Compara
IEA,GO_REF:0000107,GO:0006766,vitamin metabolic process,1,Compara
IEA,GO_REF:0000107,GO:0006984,ER-nucleus signaling pathway,1,Compara
IEA,GO_REF:0000107,GO:0090068,positive regulation of cell cycle process,1,Compara
IEA,GO_REF:0000107,GO:0007220,Notch receptor processing,1,Compara
IEA,GO_REF:0000107,GO:0007400,neuroblast fate determination,1,Compara
IEA,GO_REF:0000107,GO:0044298,cell body membrane,1,Compara
IEA,GO_REF:0000107,GO:0008718,D-amino-acid dehydrogenase activity,1,Compara
IEA,GO_REF:0000107,GO:0043060,meiotic metaphase I homologous chromosome alignment,1,Compara
IEA,GO_REF:0000107,GO:0042605,peptide antigen binding,1,Compara
IEA,GO_REF:0000107,GO:0010037,response to carbon dioxide,1,Compara
IEA,GO_REF:0000107,GO:1901382,regulation of chorionic trophoblast cell proliferation,1,Compara
IEA,GO_REF:0000107,GO:1901475,pyruvate transmembrane transport,1,Compara
IEA,GO_REF:0000107,GO:1901994,negative regulation of meiotic cell cycle phase transition,1,Compara
IEA,GO_REF:0000107,GO:1902033,regulation of hematopoietic stem cell proliferation,1,Compara
IEA,GO_REF:0000107,GO:1902036,regulation of hematopoietic stem cell differentiation,1,Compara
IEA,GO_REF:0000107,GO:1902178,fibroblast growth factor receptor apoptotic signaling pathway,1,Compara
IEA,GO_REF:0000107,GO:1902235,regulation of endoplasmic reticulum stress-induced intrinsic apoptotic signaling pathway,1,Compara
IEA,GO_REF:0000107,GO:1902239,negative regulation of intrinsic apoptotic signaling pathway in response to osmotic stress by p53 class mediator,1,Compara
IEA,GO_REF:0000107,GO:1902350,cellular response to chloroquine,1,Compara
IEA,GO_REF:0000107,GO:1902445,regulation of mitochondrial membrane permeability involved in programmed necrotic cell death,1,Compara
IEA,GO_REF:0000107,GO:1902748,positive regulation of lens fiber cell differentiation,1,Compara
IEA,GO_REF:0000107,GO:0140018,regulation of cytoplasmic translational fidelity,1,Compara
IEA,GO_REF:0000107,GO:0031274,positive regulation of pseudopodium assembly,1,Compara
IEA,GO_REF:0000107,GO:0120283,protein serine/threonine kinase binding,1,Compara
IEA,GO_REF:0000107,GO:0031448,positive regulation of fast-twitch skeletal muscle fiber contraction,1,Compara
IEA,GO_REF:0000107,GO:0031730,CCR5 chemokine receptor binding,1,Compara
IEA,GO_REF:0000107,GO:0031932,TORC2 complex,1,Compara
IEA,GO_REF:0000107,GO:0120069,positive regulation of stomach fundus smooth muscle contraction,1,Compara
IEA,GO_REF:0000107,GO:0099164,postsynaptic specialization membrane of symmetric synapse,1,Compara
IEA,GO_REF:0000107,GO:0021681,cerebellar granular layer development,1,Compara
IEA,GO_REF:0000107,GO:0021683,cerebellar granular layer morphogenesis,1,Compara
IEA,GO_REF:0000107,GO:0021768,nucleus accumbens development,1,Compara
IEA,GO_REF:0000107,GO:0021813,cell-cell adhesion involved in neuronal-glial interactions involved in cerebral cortex radial glia guided migration,1,Compara
IEA,GO_REF:0000107,GO:0021822,negative regulation of cell motility involved in cerebral cortex radial glia guided migration,1,Compara
IEA,GO_REF:0000107,GO:0021997,neural plate axis specification,1,Compara
IEA,GO_REF:0000107,GO:0072686,mitotic spindle,1,Compara
IEA,GO_REF:0000107,GO:0030258,lipid modification,1,Compara
IEA,GO_REF:0000107,GO:0031523,Myb complex,1,Compara
IEA,GO_REF:0000107,GO:0032000,positive regulation of fatty acid beta-oxidation,1,Compara
IEA,GO_REF:0000107,GO:0072665,protein localization to vacuole,1,Compara
IEA,GO_REF:0000107,GO:0032752,positive regulation of interleukin-3 production,1,Compara
IEA,GO_REF:0000107,GO:0072560,type B pancreatic cell maturation,1,Compara
IEA,GO_REF:0000107,GO:0061826,podosome ring,1,Compara
IEA,GO_REF:0000107,GO:0061865,polarized secretion of basement membrane proteins in epithelium,1,Compara
IEA,GO_REF:0000107,GO:0070296,sarcoplasmic reticulum calcium ion transport,1,Compara
IEA,GO_REF:0000107,GO:0070327,thyroid hormone transport,1,Compara
IEA,GO_REF:0000107,GO:0070403,NAD+ binding,1,Compara
IEA,GO_REF:0000107,GO:0070429,negative regulation of nucleotide-binding oligomerization domain containing 1 signaling pathway,1,Compara
IEA,GO_REF:0000107,GO:0070831,basement membrane assembly,1,Compara
IEA,GO_REF:0000107,GO:0070851,growth factor receptor binding,1,Compara
IEA,GO_REF:0000107,GO:0106135,negative regulation of cardiac muscle cell contraction,1,Compara
IEA,GO_REF:0000107,GO:0071933,Arp2/3 complex binding,1,Compara
IEA,GO_REF:0000107,GO:0099573,glutamatergic postsynaptic density,1,Compara
IEA,GO_REF:0000107,GO:0072076,nephrogenic mesenchyme development,1,Compara
IEA,GO_REF:0000107,GO:0072108,positive regulation of mesenchymal to epithelial transition involved in metanephros morphogenesis,1,Compara
IEA,GO_REF:0000107,GO:0072385,minus-end-directed organelle transport along microtubule,1,Compara
IEA,GO_REF:0000107,GO:0072655,establishment of protein localization to mitochondrion,1,Compara
IEA,GO_REF:0000107,GO:0072677,eosinophil migration,1,Compara
IEA,GO_REF:0000107,GO:0098699,structural constituent of presynaptic actin cytoskeleton,1,Compara
IEA,GO_REF:0000107,GO:0034237,protein kinase A regulatory subunit binding,1,Compara
IEA,GO_REF:0000107,GO:0034499,late endosome to Golgi transport,1,Compara
IEA,GO_REF:0000107,GO:0034666,integrin alpha2-beta1 complex,1,Compara
IEA,GO_REF:0000107,GO:0072384,organelle transport along microtubule,1,Compara
IEA,GO_REF:0000107,GO:0033229,cysteine transmembrane transporter activity,1,Compara
IEA,GO_REF:0000107,GO:0033505,floor plate morphogenesis,1,Compara
IEA,GO_REF:0000107,GO:0034050,symbiont-induced defense-related programmed cell death,1,Compara
IEA,GO_REF:0000107,GO:0034111,negative regulation of homotypic cell-cell adhesion,1,Compara
IEA,GO_REF:0000107,GO:0034399,nuclear periphery,1,Compara
IEA,GO_REF:0000107,GO:0036032,neural crest cell delamination,1,Compara
IEA,GO_REF:0000107,GO:0072286,metanephric connecting tubule development,1,Compara
IEA,GO_REF:0000107,GO:0036130,prostaglandin H2 endoperoxidase reductase activity,1,Compara
IEA,GO_REF:0000107,GO:0036268,swimming,1,Compara
IEA,GO_REF:0000107,GO:0036398,TCR signalosome,1,Compara
IEA,GO_REF:0000107,GO:0036399,TCR signalosome assembly,1,Compara
IEA,GO_REF:0000107,GO:0072170,metanephric tubule development,1,Compara
IEA,GO_REF:0000107,GO:0140367,antibacterial innate immune response,1,Compara
IEA,GO_REF:0000107,GO:0140587,chromatin loop anchoring activity,1,Compara
IEA,GO_REF:0000107,GO:0098719,sodium ion import across plasma membrane,1,Compara
IEA,GO_REF:0000107,GO:0097177,mitochondrial ribosome binding,1,Compara
IEA,GO_REF:0000107,GO:0098695,"inositol 1,4,5-trisphosphate receptor activity involved in regulation of postsynaptic cytosolic calcium levels",1,Compara
IEA,GO_REF:0000107,GO:0140072,histone H3K9ac reader activity,1,Compara
IEA,GO_REF:0000107,GO:0000322,storage vacuole,1,Compara
IEA,GO_REF:0000107,GO:0000768,syncytium formation by plasma membrane fusion,1,Compara
IEA,GO_REF:0000107,GO:0000813,ESCRT I complex,1,Compara
IEA,GO_REF:0000107,GO:0001550,ovarian cumulus expansion,1,Compara
IEA,GO_REF:0000107,GO:0001560,regulation of cell growth by extracellular stimulus,1,Compara
IEA,GO_REF:0000107,GO:0001576,globoside biosynthetic process,1,Compara
IEA,GO_REF:0000107,GO:0001777,T cell homeostatic proliferation,1,Compara
IEA,GO_REF:0000107,GO:0001872,(1->3)-beta-D-glucan binding,1,Compara
IEA,GO_REF:0000107,GO:0001909,leukocyte mediated cytotoxicity,1,Compara
IEA,GO_REF:0000107,GO:0002041,intussusceptive angiogenesis,1,Compara
IEA,GO_REF:0000107,GO:0002176,male germ cell proliferation,1,Compara
IEA,GO_REF:0000107,GO:0097457,hippocampal mossy fiber,1,Compara
IEA,GO_REF:0000107,GO:0002574,thrombocyte differentiation,1,Compara
IEA,GO_REF:0000107,GO:0097006,regulation of plasma lipoprotein particle levels,1,Compara
IEA,GO_REF:0000107,GO:0097210,response to gonadotropin-releasing hormone,1,Compara
IEA,GO_REF:0000107,GO:0097733,photoreceptor cell cilium,1,Compara
IEA,GO_REF:0000107,GO:0099182,presynaptic intermediate filament cytoskeleton,1,Compara
IEA,GO_REF:0000107,GO:0097208,alveolar lamellar body,1,Compara
IEA,GO_REF:0000107,GO:0006869,lipid transport,1,Compara
IEA,GO_REF:0000107,GO:0071976,cell gliding,1,Compara
IEA,GO_REF:0000107,GO:0006144,purine nucleobase metabolic process,1,Compara
IEA,GO_REF:0000107,GO:0006520,amino acid metabolic process,1,Compara
IEA,GO_REF:0000107,GO:0071864,positive regulation of cell proliferation in bone marrow,1,Compara
IEA,GO_REF:0000107,GO:0090362,positive regulation of platelet-derived growth factor production,1,Compara
IEA,GO_REF:0000107,GO:0090187,positive regulation of pancreatic juice secretion,1,Compara
IEA,GO_REF:0000107,GO:0002573,myeloid leukocyte differentiation,1,Compara
IEA,GO_REF:0000107,GO:0140673,transcription elongation-coupled chromatin remodeling,1,Compara
IEA,GO_REF:0000107,GO:0002328,pro-B cell differentiation,1,Compara
IEA,GO_REF:0000107,GO:0071641,negative regulation of macrophage inflammatory protein 1 alpha production,1,Compara
IEA,GO_REF:0000107,GO:0002223,stimulatory C-type lectin receptor signaling pathway,1,Compara
IEA,GO_REF:0000107,GO:0071577,zinc ion transmembrane transport,1,Compara
IEA,GO_REF:0000107,GO:0110051,metabolite repair,1,Compara
IEA,GO_REF:0000107,GO:0042659,regulation of cell fate specification,1,Compara
IEA,GO_REF:0000107,GO:0043132,NAD transport,1,Compara
IEA,GO_REF:0000107,GO:0043651,linoleic acid metabolic process,1,Compara
IEA,GO_REF:0000107,GO:0044539,long-chain fatty acid import into cell,1,Compara
IEA,GO_REF:0000107,GO:1990386,mitotic cleavage furrow ingression,1,Compara
IEA,GO_REF:0000107,GO:0042118,endothelial cell activation,1,Compara
IEA,GO_REF:0000107,GO:0042403,thyroid hormone metabolic process,1,Compara
IEA,GO_REF:0000107,GO:0042500,"aspartic endopeptidase activity, intramembrane cleaving",1,Compara
IEA,GO_REF:0000107,GO:0042822,pyridoxal phosphate metabolic process,1,Compara
IEA,GO_REF:0000107,GO:0042983,amyloid precursor protein biosynthetic process,1,Compara
IEA,GO_REF:0000107,GO:0043251,sodium-dependent organic anion transport,1,Compara
IEA,GO_REF:0000107,GO:0043535,regulation of blood vessel endothelial cell migration,1,Compara
IEA,GO_REF:0000107,GO:0045309,protein phosphorylated amino acid binding,1,Compara
IEA,GO_REF:0000107,GO:0045578,negative regulation of B cell differentiation,1,Compara
IEA,GO_REF:0000107,GO:0045938,"positive regulation of circadian sleep/wake cycle, sleep",1,Compara
IEA,GO_REF:0000107,GO:1905871,regulation of protein localization to cell leading edge,1,Compara
IEA,GO_REF:0000107,GO:1990763,arrestin family protein binding,1,Compara
IEA,GO_REF:0000107,GO:1990771,clathrin-dependent extracellular exosome endocytosis,1,Compara
IEA,GO_REF:0000107,GO:2000052,positive regulation of non-canonical Wnt signaling pathway,1,Compara
IEA,GO_REF:0000107,GO:2000058,regulation of ubiquitin-dependent protein catabolic process,1,Compara
IEA,GO_REF:0000107,GO:2000210,positive regulation of anoikis,1,Compara
IEA,GO_REF:0000107,GO:2000287,positive regulation of myotome development,1,Compara
IEA,GO_REF:0000107,GO:2000334,positive regulation of blood microparticle formation,1,Compara
IEA,GO_REF:0000107,GO:2000487,positive regulation of glutamine transport,1,Compara
IEA,GO_REF:0000107,GO:0046598,positive regulation of viral entry into host cell,1,Compara
IEA,GO_REF:0000107,GO:0046605,regulation of centrosome cycle,1,Compara
IEA,GO_REF:0000107,GO:0046619,lens placode formation involved in camera-type eye formation,1,Compara
IEA,GO_REF:0000107,GO:0046633,alpha-beta T cell proliferation,1,Compara
IEA,GO_REF:0000107,GO:0046691,intracellular canaliculus,1,Compara
IEA,GO_REF:0000107,GO:0047237,glucuronylgalactosylproteoglycan 4-beta-N-acetylgalactosaminyltransferase activity,1,Compara
IEA,GO_REF:0000107,GO:0048311,mitochondrion distribution,1,Compara
IEA,GO_REF:0000107,GO:0048386,positive regulation of retinoic acid receptor signaling pathway,1,Compara
IEA,GO_REF:0000107,GO:0048773,erythrophore differentiation,1,Compara
IEA,GO_REF:0000107,GO:0048793,pronephros development,1,Compara
IEA,GO_REF:0000107,GO:0048852,diencephalon morphogenesis,1,Compara
IEA,GO_REF:0000107,GO:0050431,transforming growth factor beta binding,1,Compara
IEA,GO_REF:0000107,GO:0051702,biological process involved in interaction with symbiont,1,Compara
IEA,GO_REF:0000107,GO:0051875,pigment granule localization,1,Compara
IEA,GO_REF:0000107,GO:0051904,pigment granule transport,1,Compara
IEA,GO_REF:0000107,GO:0052373,suppression of symbiont entry into host,1,Compara
IEA,GO_REF:0000107,GO:0052757,chondroitin hydrolase activity,1,Compara
IEA,GO_REF:0000107,GO:0001773,myeloid dendritic cell activation,1,Compara
IEA,GO_REF:0000107,GO:0061525,hindgut development,1,Compara
IEA,GO_REF:0000107,GO:0001710,mesodermal cell fate commitment,1,Compara
IEA,GO_REF:0000107,GO:0106139,symbiont cell surface,1,Compara
IEA,GO_REF:0000107,GO:0051401,CH domain binding,1,Compara
IEA,GO_REF:0000107,GO:0051452,intracellular pH reduction,1,Compara
IEA,GO_REF:0000107,GO:0051463,negative regulation of cortisol secretion,1,Compara
IEA,GO_REF:0000107,GO:0060266,negative regulation of respiratory burst involved in inflammatory response,1,Compara
IEA,GO_REF:0000107,GO:0060318,definitive erythrocyte differentiation,1,Compara
IEA,GO_REF:0000107,GO:0060420,regulation of heart growth,1,Compara
IEA,GO_REF:0000107,GO:0060580,ventral spinal cord interneuron fate determination,1,Compara
IEA,GO_REF:0000107,GO:0060691,epithelial cell maturation involved in salivary gland development,1,Compara
IEA,GO_REF:0000107,GO:0060754,positive regulation of mast cell chemotaxis,1,Compara
IEA,GO_REF:0000107,GO:0060879,semicircular canal fusion,1,Compara
IEA,GO_REF:0000107,GO:0061046,regulation of branching involved in lung morphogenesis,1,Compara
IEA,GO_REF:0000107,GO:0061301,cerebellum vasculature morphogenesis,1,Compara
IEA,GO_REF:0000107,GO:0061502,early endosome to recycling endosome transport,1,Compara
IEA,GO_REF:0000107,GO:0061756,leukocyte adhesion to vascular endothelial cell,1,Compara
IEA,GO_REF:0000107,GO:0004985,G protein-coupled opioid receptor activity,1,Compara
IEA,GO_REF:0000107,GO:0005157,macrophage colony-stimulating factor receptor binding,1,Compara
IEA,GO_REF:0000107,GO:0005160,transforming growth factor beta receptor binding,1,Compara
IEA,GO_REF:0000107,GO:0098797,plasma membrane protein complex,1,Compara
IEA,GO_REF:0000107,GO:0005506,iron ion binding,1,Compara
IEA,GO_REF:0000107,GO:0005607,laminin-2 complex,1,Compara
IEA,GO_REF:0000107,GO:0070675,hypoxanthine oxidase activity,1,Compara
IEA,GO_REF:0000107,GO:0003162,atrioventricular node development,1,Compara
IEA,GO_REF:0000107,GO:0044194,cytolytic granule,1,Compara
IEA,GO_REF:0000107,GO:0043202,lysosomal lumen,1,Compara
IEA,GO_REF:0000107,GO:0140240,perforant pathway to dendrate granule cell synapse,1,Compara
IEA,GO_REF:0000107,GO:1990961,xenobiotic detoxification by transmembrane export across the plasma membrane,1,Compara
IEA,GO_REF:0000107,GO:0097104,postsynaptic membrane assembly,1,Compara
IEA,GO_REF:0000107,GO:0070586,cell-cell adhesion involved in gastrulation,1,Compara
IEA,GO_REF:0000107,GO:0090616,mitochondrial mRNA 3'-end processing,1,Compara
IEA,GO_REF:0000107,GO:0002114,interleukin-33 receptor activity,1,Compara
IEA,GO_REF:0000107,GO:0060964,regulation of miRNA-mediated gene silencing,1,Compara
IEA,GO_REF:0000107,GO:0070427,nucleotide-binding oligomerization domain containing 1 signaling pathway,1,Compara
IEA,GO_REF:0000107,GO:0004721,phosphoprotein phosphatase activity,1,Compara
IEA,GO_REF:0000107,GO:0005198,structural molecule activity,1,Compara
IEA,GO_REF:0000107,GO:0005544,calcium-dependent phospholipid binding,1,Compara
IEA,GO_REF:0000107,GO:0070286,axonemal dynein complex assembly,1,Compara
IEA,GO_REF:0000107,GO:0000137,Golgi cis cisterna,1,Compara
IEA,GO_REF:0000107,GO:0070131,positive regulation of mitochondrial translation,1,Compara
IEA,GO_REF:0000107,GO:0004373,"alpha-1,4-glucan glucosyltransferase (UDP-glucose donor) activity",1,Compara
IEA,GO_REF:0000107,GO:0005034,osmosensor activity,1,Compara
IEA,GO_REF:0000107,GO:1904372,positive regulation of protein localization to actin cortical patch,1,Compara
IEA,GO_REF:0000107,GO:1904400,response to Thyroid stimulating hormone,1,Compara
IEA,GO_REF:0000107,GO:1904606,fat cell apoptotic process,1,Compara
IEA,GO_REF:0000107,GO:1904613,"cellular response to 2,3,7,8-tetrachlorodibenzodioxine",1,Compara
IEA,GO_REF:0000107,GO:1904861,excitatory synapse assembly,1,Compara
IEA,GO_REF:0000107,GO:1904958,positive regulation of midbrain dopaminergic neuron differentiation,1,Compara
IEA,GO_REF:0000107,GO:1905205,positive regulation of connective tissue replacement,1,Compara
IEA,GO_REF:0000107,GO:1905279,"regulation of retrograde transport, endosome to Golgi",1,Compara
IEA,GO_REF:0000107,GO:1905395,response to flavonoid,1,Compara
IEA,GO_REF:0000107,GO:1905430,cellular response to glycine,1,Compara
IEA,GO_REF:0000107,GO:1905523,positive regulation of macrophage migration,1,Compara
IEA,GO_REF:0000107,GO:0014909,smooth muscle cell migration,1,Compara
IEA,GO_REF:0000107,GO:0015485,cholesterol binding,1,Compara
IEA,GO_REF:0000107,GO:1900155,negative regulation of bone trabecula formation,1,Compara
IEA,GO_REF:0000107,GO:0140955,histone H3K36 trimethyltransferase activity,1,Compara
IEA,GO_REF:0000107,GO:0016557,peroxisome membrane biogenesis,1,Compara
IEA,GO_REF:0000107,GO:0017121,plasma membrane phospholipid scrambling,1,Compara
IEA,GO_REF:0000107,GO:0017171,serine hydrolase activity,1,Compara
IEA,GO_REF:0000107,GO:0035564,regulation of kidney size,1,Compara
IEA,GO_REF:0000107,GO:0010593,negative regulation of lamellipodium assembly,1,Compara
IEA,GO_REF:0000107,GO:0010749,regulation of nitric oxide mediated signal transduction,1,Compara
IEA,GO_REF:0000107,GO:0010845,positive regulation of reciprocal meiotic recombination,1,Compara
IEA,GO_REF:0000107,GO:0014740,negative regulation of muscle hyperplasia,1,Compara
IEA,GO_REF:0000107,GO:0014827,intestine smooth muscle contraction,1,Compara
IEA,GO_REF:0000107,GO:0015779,glucuronoside transport,1,Compara
IEA,GO_REF:0000107,GO:0015816,glycine transport,1,Compara
IEA,GO_REF:0000107,GO:0016050,vesicle organization,1,Compara
IEA,GO_REF:0000107,GO:0016174,NAD(P)H oxidase H2O2-forming activity,1,Compara
IEA,GO_REF:0000107,GO:0016233,telomere capping,1,Compara
IEA,GO_REF:0000107,GO:0062126,fatty acid primary amide metabolic process,1,Compara
IEA,GO_REF:0000107,GO:1903347,negative regulation of bicellular tight junction assembly,1,Compara
IEA,GO_REF:0000107,GO:1903599,positive regulation of autophagy of mitochondrion,1,Compara
IEA,GO_REF:0000107,GO:1904140,negative regulation of microglial cell migration,1,Compara
IEA,GO_REF:0000107,GO:0062026,negative regulation of SCF-dependent proteasomal ubiquitin-dependent catabolic process,1,Compara
IEA,GO_REF:0000107,GO:0032962,positive regulation of inositol trisphosphate biosynthetic process,1,Compara
IEA,GO_REF:0000107,GO:0036018,cellular response to erythropoietin,1,Compara
IEA,GO_REF:0000107,GO:0006857,oligopeptide transport,1,Compara
IEA,GO_REF:0000107,GO:0007501,mesodermal cell fate specification,1,Compara
IEA,GO_REF:0000107,GO:0007630,jump response,1,Compara
IEA,GO_REF:0000107,GO:0008097,5S rRNA binding,1,Compara
IEA,GO_REF:0000107,GO:0035922,foramen ovale closure,1,Compara
IEA,GO_REF:0000107,GO:0035794,positive regulation of mitochondrial membrane permeability,1,Compara
IEA,GO_REF:0000107,GO:0008355,olfactory learning,1,Compara
IEA,GO_REF:0000107,GO:0035646,endosome to melanosome transport,1,Compara
IEA,GO_REF:0000107,GO:0008519,ammonium channel activity,1,Compara
IEA,GO_REF:0000107,GO:0005927,muscle tendon junction,1,Compara
IEA,GO_REF:0000107,GO:0006081,aldehyde metabolic process,1,Compara
IEA,GO_REF:0000107,GO:0006204,IMP catabolic process,1,Compara
IEA,GO_REF:0000107,GO:0034141,positive regulation of toll-like receptor 3 signaling pathway,1,Compara
IEA,GO_REF:0000107,GO:0006564,L-serine biosynthetic process,1,Compara
IEA,GO_REF:0000107,GO:0008611,ether lipid biosynthetic process,1,Compara
IEA,GO_REF:0000107,GO:0033291,eukaryotic 80S initiation complex,1,Compara
IEA,GO_REF:0000107,GO:0009133,nucleoside diphosphate biosynthetic process,1,Compara
IEA,GO_REF:0000107,GO:0009200,deoxyribonucleoside triphosphate metabolic process,1,Compara
IEA,GO_REF:0000107,GO:0009682,induced systemic resistance,1,Compara
IEA,GO_REF:0000107,GO:0009804,coumarin metabolic process,1,Compara
IEA,GO_REF:0000107,GO:0009932,cell tip growth,1,Compara
IEA,GO_REF:0000107,GO:1901706,mesenchymal cell differentiation involved in bone development,1,Compara
IEA,GO_REF:0000107,GO:1902462,positive regulation of mesenchymal stem cell proliferation,1,Compara
IEA,GO_REF:0000107,GO:1902532,negative regulation of intracellular signal transduction,1,Compara
IEA,GO_REF:0000107,GO:1902809,regulation of skeletal muscle fiber differentiation,1,Compara
IEA,GO_REF:0000107,GO:0019898,extrinsic component of membrane,1,Compara
IEA,GO_REF:0000107,GO:0023035,CD40 signaling pathway,1,Compara
IEA,GO_REF:0000107,GO:0030007,intracellular potassium ion homeostasis,1,Compara
IEA,GO_REF:0000107,GO:0030038,contractile actin filament bundle assembly,1,Compara
IEA,GO_REF:0000107,GO:0030056,hemidesmosome,1,Compara
IEA,GO_REF:0000107,GO:0033044,regulation of chromosome organization,1,Compara
IEA,GO_REF:0000107,GO:0033017,sarcoplasmic reticulum membrane,1,Compara
IEA,GO_REF:0000107,GO:0032558,adenyl deoxyribonucleotide binding,1,Compara
IEA,GO_REF:0000107,GO:0015936,coenzyme A metabolic process,1,Compara
IEA,GO_REF:0000107,GO:0140894,endolysosomal toll-like receptor signaling pathway,1,Compara
IEA,GO_REF:0000107,GO:0035054,embryonic heart tube anterior/posterior pattern specification,1,Compara
IEA,GO_REF:0000107,GO:0032484,Ral protein signal transduction,1,Compara
IEA,GO_REF:0000107,GO:0006361,transcription initiation at RNA polymerase I promoter,1,Compara
IEA,GO_REF:0000107,GO:0032470,positive regulation of endoplasmic reticulum calcium ion concentration,1,Compara
IEA,GO_REF:0000107,GO:0032465,regulation of cytokinesis,1,Compara
IEA,GO_REF:0000107,GO:0034587,piRNA processing,1,Compara
IEA,GO_REF:0000107,GO:0005765,lysosomal membrane,1,Compara
IEA,GO_REF:0000107,GO:0034516,response to vitamin B6,1,Compara
IEA,GO_REF:0000107,GO:0034497,protein localization to phagophore assembly site,1,Compara
IEA,GO_REF:0000107,GO:0090051,negative regulation of cell migration involved in sprouting angiogenesis,1,Compara
IEA,GO_REF:0000107,GO:0030910,olfactory placode formation,1,Compara
IEA,GO_REF:0000107,GO:0031098,stress-activated protein kinase signaling cascade,1,Compara
IEA,GO_REF:0000107,GO:0032370,positive regulation of lipid transport,1,Compara
IEA,GO_REF:0000107,GO:0031402,sodium ion binding,1,Compara
IEA,GO_REF:0000107,GO:0031749,D2 dopamine receptor binding,1,Compara
IEA,GO_REF:0000107,GO:0031851,kappa-type opioid receptor binding,1,Compara
IEA,GO_REF:0000107,GO:0031895,V1B vasopressin receptor binding,1,Compara
IEA,GO_REF:0000107,GO:0032042,mitochondrial DNA metabolic process,1,Compara
IEA,GO_REF:0000107,GO:0032232,negative regulation of actin filament bundle assembly,1,Compara
IEA,GO_REF:0000107,GO:0019519,pentitol metabolic process,1,Compara
IEA,GO_REF:0000107,GO:0019673,GDP-mannose metabolic process,1,Compara
IEA,GO_REF:0000107,GO:0021533,cell differentiation in hindbrain,1,Compara
IEA,GO_REF:0000107,GO:0021858,GABAergic neuron differentiation in basal ganglia,1,Compara
IEA,GO_REF:0000107,GO:0021936,regulation of cerebellar granule cell precursor proliferation,1,Compara
IEA,GO_REF:0000107,GO:0030348,syntaxin-3 binding,1,Compara
IEA,GO_REF:0000107,GO:0030547,signaling receptor inhibitor activity,1,Compara
IEA,GO_REF:0000107,GO:0031999,negative regulation of fatty acid beta-oxidation,1,Compara
IEA,GO_REF:0000107,GO:0031703,type 2 angiotensin receptor binding,1,Compara
IEA,GO_REF:0000107,GO:0031161,phosphatidylinositol catabolic process,1,Compara
IEA,GO_REF:0000107,GO:0031201,SNARE complex,1,Compara
IEA,GO_REF:0000107,GO:0031214,biomineral tissue development,1,Compara
IEA,GO_REF:0000107,GO:0031593,polyubiquitin modification-dependent protein binding,1,Compara
IEA,GO_REF:0000107,GO:0031680,G-protein beta/gamma-subunit complex,1,Compara
IEA,GO_REF:0000107,GO:0032244,positive regulation of nucleoside transport,1,Compara
IEA,GO_REF:0000107,GO:0032536,regulation of cell projection size,1,Compara
IEA,GO_REF:0000107,GO:0032663,regulation of interleukin-2 production,1,Compara
IEA,GO_REF:0000107,GO:0032811,negative regulation of epinephrine secretion,1,Compara
IEA,GO_REF:0000107,GO:0032903,regulation of nerve growth factor production,1,Compara
IEA,GO_REF:0000107,GO:0032925,regulation of activin receptor signaling pathway,1,Compara
IEA,GO_REF:0000107,GO:0061881,positive regulation of anterograde axonal transport of mitochondrion,1,Compara
IEA,GO_REF:0000107,GO:0070410,co-SMAD binding,1,Compara
IEA,GO_REF:0000107,GO:0090049,regulation of cell migration involved in sprouting angiogenesis,1,Compara
IEA,GO_REF:0000107,GO:0070672,response to interleukin-15,1,Compara
IEA,GO_REF:0000107,GO:0086014,atrial cardiac muscle cell action potential,1,Compara
IEA,GO_REF:0000107,GO:0070994,detection of oxidative stress,1,Compara
IEA,GO_REF:0000107,GO:0071460,cellular response to cell-matrix adhesion,1,Compara
IEA,GO_REF:0000107,GO:0071564,npBAF complex,1,Compara
IEA,GO_REF:0000107,GO:0071603,endothelial cell-cell adhesion,1,Compara
IEA,GO_REF:0000107,GO:0071626,mastication,1,Compara
IEA,GO_REF:0000107,GO:0071869,response to catecholamine,1,Compara
IEA,GO_REF:0000107,GO:0090030,regulation of steroid hormone biosynthetic process,1,Compara
IEA,GO_REF:0000107,GO:0034616,response to laminar fluid shear stress,1,Compara
IEA,GO_REF:0000107,GO:0034137,positive regulation of toll-like receptor 2 signaling pathway,1,Compara
IEA,GO_REF:0000107,GO:0034367,protein-containing complex remodeling,1,Compara
IEA,GO_REF:0000107,GO:0034436,glycoprotein transport,1,Compara
IEA,GO_REF:0000107,GO:0035262,gonad morphogenesis,1,Compara
IEA,GO_REF:0000107,GO:0035702,monocyte homeostasis,1,Compara
IEA,GO_REF:0000107,GO:0035847,uterine epithelium development,1,Compara
IEA,GO_REF:0000107,GO:0036284,tubulobulbar complex,1,Compara
IEA,GO_REF:0000107,GO:0031665,negative regulation of lipopolysaccharide-mediated signaling pathway,1,Compara
IEA,GO_REF:0000107,GO:0036487,nitric-oxide synthase inhibitor activity,1,Compara
IEA,GO_REF:0000107,GO:0036498,IRE1-mediated unfolded protein response,1,Compara
IEA,GO_REF:0000107,GO:0036499,PERK-mediated unfolded protein response,1,Compara
IEA,GO_REF:0000107,GO:0038003,G protein-coupled opioid receptor signaling pathway,1,Compara
IEA,GO_REF:0000107,GO:0140242,translation at postsynapse,1,Compara
IEA,GO_REF:0000107,GO:0031595,nuclear proteasome complex,1,Compara
IEA,GO_REF:0000107,GO:0072190,ureter urothelium development,1,Compara
IEA,GO_REF:0000107,GO:0141110,transporter inhibitor activity,1,Compara
IEA,GO_REF:0000107,GO:1900037,regulation of cellular response to hypoxia,1,Compara
IEA,GO_REF:0000107,GO:1900063,regulation of peroxisome organization,1,Compara
IEA,GO_REF:0000107,GO:1900222,negative regulation of amyloid-beta clearance,1,Compara
IEA,GO_REF:0000107,GO:1900453,negative regulation of long-term synaptic depression,1,Compara
IEA,GO_REF:0000107,GO:0000492,box C/D snoRNP assembly,1,Compara
IEA,GO_REF:0000107,GO:0072497,mesenchymal stem cell differentiation,1,Compara
IEA,GO_REF:0000107,GO:0002485,"antigen processing and presentation of endogenous peptide antigen via MHC class I via ER pathway, TAP-dependent",1,Compara
IEA,GO_REF:0000107,GO:0097070,ductus arteriosus closure,1,Compara
IEA,GO_REF:0000107,GO:0097120,receptor localization to synapse,1,Compara
IEA,GO_REF:0000107,GO:0097435,supramolecular fiber organization,1,Compara
IEA,GO_REF:0000107,GO:0098760,response to interleukin-7,1,Compara
IEA,GO_REF:0000107,GO:0031583,phospholipase D-activating G protein-coupled receptor signaling pathway,1,Compara
IEA,GO_REF:0000107,GO:0106022,positive regulation of vesicle docking,1,Compara
IEA,GO_REF:0000107,GO:0120034,positive regulation of plasma membrane bounded cell projection assembly,1,Compara
IEA,GO_REF:0000107,GO:0031032,actomyosin structure organization,1,Compara
IEA,GO_REF:0000107,GO:0001848,complement binding,1,Compara
IEA,GO_REF:0000107,GO:0002286,T cell activation involved in immune response,1,Compara
IEA,GO_REF:0000107,GO:0002313,mature B cell differentiation involved in immune response,1,Compara
IEA,GO_REF:0000107,GO:0002323,natural killer cell activation involved in immune response,1,Compara
IEA,GO_REF:0000107,GO:0002689,negative regulation of leukocyte chemotaxis,1,Compara
IEA,GO_REF:0000107,GO:0002719,negative regulation of cytokine production involved in immune response,1,Compara
IEA,GO_REF:0000107,GO:0002761,regulation of myeloid leukocyte differentiation,1,Compara
IEA,GO_REF:0000107,GO:0090331,negative regulation of platelet aggregation,1,Compara
IEA,GO_REF:0000107,GO:0090385,phagosome-lysosome fusion,1,Compara
IEA,GO_REF:0000107,GO:0071678,olfactory bulb axon guidance,1,Compara
IEA,GO_REF:0000107,GO:0097699,vascular endothelial cell response to fluid shear stress,1,Compara
IEA,GO_REF:0000107,GO:0098574,cytoplasmic side of lysosomal membrane,1,Compara
IEA,GO_REF:0000107,GO:0099161,regulation of presynaptic dense core granule exocytosis,1,Compara
IEA,GO_REF:0000107,GO:0099550,"trans-synaptic signaling, modulating synaptic transmission",1,Compara
IEA,GO_REF:0000107,GO:0110091,negative regulation of hippocampal neuron apoptotic process,1,Compara
IEA,GO_REF:0000107,GO:0030705,cytoskeleton-dependent intracellular transport,1,Compara
IEA,GO_REF:0000107,GO:0140003,histone H3K36me3 reader activity,1,Compara
IEA,GO_REF:0000107,GO:0039706,co-receptor binding,1,Compara
IEA,GO_REF:0000107,GO:0044314,protein K27-linked ubiquitination,1,Compara
IEA,GO_REF:0000107,GO:0044316,cone cell pedicle,1,Compara
IEA,GO_REF:0000107,GO:0042015,interleukin-20 binding,1,Compara
IEA,GO_REF:0000107,GO:0042054,histone methyltransferase activity,1,Compara
IEA,GO_REF:0000107,GO:0042274,ribosomal small subunit biogenesis,1,Compara
IEA,GO_REF:0000107,GO:0042351,'de novo' GDP-L-fucose biosynthetic process,1,Compara
IEA,GO_REF:0000107,GO:0072148,epithelial cell fate commitment,1,Compara
IEA,GO_REF:0000107,GO:0043159,acrosomal matrix,1,Compara
IEA,GO_REF:0000107,GO:0043179,rhythmic excitation,1,Compara
IEA,GO_REF:0000107,GO:0043374,"CD8-positive, alpha-beta T cell differentiation",1,Compara
IEA,GO_REF:0000107,GO:0043381,negative regulation of memory T cell differentiation,1,Compara
IEA,GO_REF:0000107,GO:0043474,pigment metabolic process involved in pigmentation,1,Compara
IEA,GO_REF:0000107,GO:0043602,nitrate catabolic process,1,Compara
IEA,GO_REF:0000107,GO:0045069,regulation of viral genome replication,1,Compara
IEA,GO_REF:0000107,GO:0072012,glomerulus vasculature development,1,Compara
IEA,GO_REF:0000107,GO:0045334,clathrin-coated endocytic vesicle,1,Compara
IEA,GO_REF:0000107,GO:0045839,negative regulation of mitotic nuclear division,1,Compara
IEA,GO_REF:0000107,GO:0045841,negative regulation of mitotic metaphase/anaphase transition,1,Compara
IEA,GO_REF:0000107,GO:0045869,negative regulation of single stranded viral RNA replication via double stranded DNA intermediate,1,Compara
IEA,GO_REF:0000107,GO:0045903,positive regulation of translational fidelity,1,Compara
IEA,GO_REF:0000107,GO:0045963,negative regulation of dopamine metabolic process,1,Compara
IEA,GO_REF:0000107,GO:0045988,negative regulation of striated muscle contraction,1,Compara
IEA,GO_REF:0000107,GO:0045994,positive regulation of translational initiation by iron,1,Compara
IEA,GO_REF:0000107,GO:0046341,CDP-diacylglycerol metabolic process,1,Compara
IEA,GO_REF:0000107,GO:0046427,positive regulation of receptor signaling pathway via JAK-STAT,1,Compara
IEA,GO_REF:0000107,GO:0046474,glycerophospholipid biosynthetic process,1,Compara
IEA,GO_REF:0000107,GO:0046501,protoporphyrinogen IX metabolic process,1,Compara
IEA,GO_REF:0000107,GO:1905857,positive regulation of pentose-phosphate shunt,1,Compara
IEA,GO_REF:0000107,GO:1990136,linoleate 9S-lipoxygenase activity,1,Compara
IEA,GO_REF:0000107,GO:2000346,negative regulation of hepatocyte proliferation,1,Compara
IEA,GO_REF:0000107,GO:2000439,positive regulation of monocyte extravasation,1,Compara
IEA,GO_REF:0000107,GO:2000864,regulation of estradiol secretion,1,Compara
IEA,GO_REF:0000107,GO:2001015,negative regulation of skeletal muscle cell differentiation,1,Compara
IEA,GO_REF:0000107,GO:2001051,positive regulation of tendon cell differentiation,1,Compara
IEA,GO_REF:0000107,GO:0046903,secretion,1,Compara
IEA,GO_REF:0000107,GO:0048014,Tie signaling pathway,1,Compara
IEA,GO_REF:0000107,GO:0071644,negative regulation of chemokine (C-C motif) ligand 4 production,1,Compara
IEA,GO_REF:0000107,GO:0071578,zinc ion import across plasma membrane,1,Compara
IEA,GO_REF:0000107,GO:0071500,cellular response to nitrosative stress,1,Compara
IEA,GO_REF:0000107,GO:0071455,cellular response to hyperoxia,1,Compara
IEA,GO_REF:0000107,GO:0033617,mitochondrial cytochrome c oxidase assembly,1,Compara
IEA,GO_REF:0000107,GO:0071401,cellular response to triglyceride,1,Compara
IEA,GO_REF:0000107,GO:0071306,cellular response to vitamin E,1,Compara
IEA,GO_REF:0000107,GO:0045104,intermediate filament cytoskeleton organization,1,Compara
IEA,GO_REF:0000107,GO:0071217,cellular response to external biotic stimulus,1,Compara
IEA,GO_REF:0000107,GO:0047499,calcium-independent phospholipase A2 activity,1,Compara
IEA,GO_REF:0000107,GO:0047631,ADP-ribose diphosphatase activity,1,Compara
IEA,GO_REF:0000107,GO:0047677,arachidonate 8(R)-lipoxygenase activity,1,Compara
IEA,GO_REF:0000107,GO:0048273,mitogen-activated protein kinase p38 binding,1,Compara
IEA,GO_REF:0000107,GO:0048382,mesendoderm development,1,Compara
IEA,GO_REF:0000107,GO:0030327,prenylated protein catabolic process,1,Compara
IEA,GO_REF:0000107,GO:0048791,calcium ion-regulated exocytosis of neurotransmitter,1,Compara
IEA,GO_REF:0000107,GO:0051886,negative regulation of timing of anagen,1,Compara
IEA,GO_REF:0000107,GO:0061519,macrophage homeostasis,1,Compara
IEA,GO_REF:0000107,GO:0061586,positive regulation of transcription by transcription factor localization,1,Compara
IEA,GO_REF:0000107,GO:0061649,ubiquitin-modified histone reader activity,1,Compara
IEA,GO_REF:0000107,GO:0061673,mitotic spindle astral microtubule,1,Compara
IEA,GO_REF:0000107,GO:0050839,cell adhesion molecule binding,1,Compara
IEA,GO_REF:0000107,GO:0050865,regulation of cell activation,1,Compara
IEA,GO_REF:0000107,GO:0051028,mRNA transport,1,Compara
IEA,GO_REF:0000107,GO:0051648,vesicle localization,1,Compara
IEA,GO_REF:0000107,GO:0051926,negative regulation of calcium ion transport,1,Compara
IEA,GO_REF:0000107,GO:0060562,epithelial tube morphogenesis,1,Compara
IEA,GO_REF:0000107,GO:0060682,primary ureteric bud growth,1,Compara
IEA,GO_REF:0000107,GO:0060729,intestinal epithelial structure maintenance,1,Compara
IEA,GO_REF:0000107,GO:0060765,regulation of androgen receptor signaling pathway,1,Compara
IEA,GO_REF:0000107,GO:0060785,regulation of apoptosis involved in tissue homeostasis,1,Compara
IEA,GO_REF:0000107,GO:0060920,cardiac pacemaker cell differentiation,1,Compara
IEA,GO_REF:0000107,GO:0060928,atrioventricular node cell development,1,Compara
IEA,GO_REF:0000107,GO:0061078,positive regulation of prostaglandin secretion involved in immune response,1,Compara
IEA,GO_REF:0000107,GO:0061102,stomach neuroendocrine cell differentiation,1,Compara
IEA,GO_REF:0000107,GO:0022400,regulation of opsin-mediated signaling pathway,1,Compara
IEA,GO_REF:0000107,GO:0003419,growth plate cartilage chondrocyte proliferation,1,Compara
IEA,GO_REF:0000107,GO:0070863,positive regulation of protein exit from endoplasmic reticulum,1,Compara
IEA,GO_REF:0000107,GO:0003700,DNA-binding transcription factor activity,1,Compara
IEA,GO_REF:0000107,GO:0070561,vitamin D receptor signaling pathway,1,Compara
IEA,GO_REF:0000107,GO:0004683,calcium/calmodulin-dependent protein kinase activity,1,Compara
IEA,GO_REF:0000107,GO:0070433,negative regulation of nucleotide-binding oligomerization domain containing 2 signaling pathway,1,Compara
IEA,GO_REF:0000107,GO:0070430,positive regulation of nucleotide-binding oligomerization domain containing 1 signaling pathway,1,Compara
IEA,GO_REF:0000107,GO:0003161,cardiac conduction system development,1,Compara
IEA,GO_REF:0000107,GO:0003163,sinoatrial node development,1,Compara
IEA,GO_REF:0000107,GO:0003223,ventricular compact myocardium morphogenesis,1,Compara
IEA,GO_REF:0000107,GO:0003339,regulation of mesenchymal to epithelial transition involved in metanephros morphogenesis,1,Compara
IEA,GO_REF:0000107,GO:0003361,noradrenergic neuron differentiation involved in brainstem development,1,Compara
IEA,GO_REF:0000107,GO:0004128,"cytochrome-b5 reductase activity, acting on NAD(P)H",1,Compara
IEA,GO_REF:0000107,GO:1904343,positive regulation of colon smooth muscle contraction,1,Compara
IEA,GO_REF:0000107,GO:1904399,heparan sulfate binding,1,Compara
IEA,GO_REF:0000107,GO:1904428,negative regulation of tubulin deacetylation,1,Compara
IEA,GO_REF:0000107,GO:1904520,regulation of myofibroblast cell apoptotic process,1,Compara
IEA,GO_REF:0000107,GO:1904570,negative regulation of selenocysteine incorporation,1,Compara
IEA,GO_REF:0000107,GO:1904640,response to methionine,1,Compara
IEA,GO_REF:0000107,GO:1904691,negative regulation of type B pancreatic cell proliferation,1,Compara
IEA,GO_REF:0000107,GO:1904970,brush border assembly,1,Compara
IEA,GO_REF:0000107,GO:1905171,positive regulation of protein localization to phagocytic vesicle,1,Compara
IEA,GO_REF:0000107,GO:1905225,response to thyrotropin-releasing hormone,1,Compara
IEA,GO_REF:0000107,GO:1905289,regulation of CAMKK-AMPK signaling cascade,1,Compara
IEA,GO_REF:0000107,GO:0015232,heme transmembrane transporter activity,1,Compara
IEA,GO_REF:0000107,GO:0016602,CCAAT-binding factor complex,1,Compara
IEA,GO_REF:0000107,GO:0031947,negative regulation of glucocorticoid biosynthetic process,1,Compara
IEA,GO_REF:0000107,GO:0010594,regulation of endothelial cell migration,1,Compara
IEA,GO_REF:0000107,GO:0010829,negative regulation of D-glucose transmembrane transport,1,Compara
IEA,GO_REF:0000107,GO:0010830,regulation of myotube differentiation,1,Compara
IEA,GO_REF:0000107,GO:0012510,trans-Golgi network transport vesicle membrane,1,Compara
IEA,GO_REF:0000107,GO:0014802,terminal cisterna,1,Compara
IEA,GO_REF:0000107,GO:0016010,dystrophin-associated glycoprotein complex,1,Compara
IEA,GO_REF:0000107,GO:0070255,regulation of mucus secretion,1,Compara
IEA,GO_REF:0000107,GO:0016198,axon choice point recognition,1,Compara
IEA,GO_REF:0000107,GO:0019430,removal of superoxide radicals,1,Compara
IEA,GO_REF:0000107,GO:1902950,regulation of dendritic spine maintenance,1,Compara
IEA,GO_REF:0000107,GO:1903011,negative regulation of bone development,1,Compara
IEA,GO_REF:0000107,GO:1903305,regulation of regulated secretory pathway,1,Compara
IEA,GO_REF:0000107,GO:1903540,establishment of protein localization to postsynaptic membrane,1,Compara
IEA,GO_REF:0000107,GO:1903544,response to butyrate,1,Compara
IEA,GO_REF:0000107,GO:1903671,negative regulation of sprouting angiogenesis,1,Compara
IEA,GO_REF:0000107,GO:1904034,positive regulation of t-SNARE clustering,1,Compara
IEA,GO_REF:0000107,GO:0070141,response to UV-A,1,Compara
IEA,GO_REF:0000107,GO:0070098,chemokine-mediated signaling pathway,1,Compara
IEA,GO_REF:0000107,GO:0061855,negative regulation of neuroblast migration,1,Compara
IEA,GO_REF:0000107,GO:0003756,protein disulfide isomerase activity,1,Compara
IEA,GO_REF:0000107,GO:0032960,regulation of inositol trisphosphate biosynthetic process,1,Compara
IEA,GO_REF:0000107,GO:0032767,copper-dependent protein binding,1,Compara
IEA,GO_REF:0000107,GO:0005542,folic acid binding,1,Compara
IEA,GO_REF:0000107,GO:0021793,chemorepulsion of branchiomotor axon,1,Compara
IEA,GO_REF:0000107,GO:0032687,negative regulation of interferon-alpha production,1,Compara
IEA,GO_REF:0000107,GO:0032674,regulation of interleukin-5 production,1,Compara
IEA,GO_REF:0000107,GO:0030704,vitelline membrane formation,1,Compara
IEA,GO_REF:0000107,GO:0030859,polarized epithelial cell differentiation,1,Compara
IEA,GO_REF:0000107,GO:0006228,UTP biosynthetic process,1,Compara
IEA,GO_REF:0000107,GO:0030575,nuclear body organization,1,Compara
IEA,GO_REF:0000107,GO:0006463,steroid hormone receptor complex assembly,1,Compara
IEA,GO_REF:0000107,GO:0030322,stabilization of membrane potential,1,Compara
IEA,GO_REF:0000107,GO:0030222,eosinophil differentiation,1,Compara
IEA,GO_REF:0000107,GO:0008049,male courtship behavior,1,Compara
IEA,GO_REF:0000107,GO:0009609,response to symbiotic bacterium,1,Compara
IEA,GO_REF:0000107,GO:0021623,oculomotor nerve formation,1,Compara
IEA,GO_REF:0000107,GO:0005955,calcineurin complex,1,Compara
IEA,GO_REF:0000107,GO:0006147,guanine catabolic process,1,Compara
IEA,GO_REF:0000107,GO:0006704,glucocorticoid biosynthetic process,1,Compara
IEA,GO_REF:0000107,GO:0007014,actin ubiquitination,1,Compara
IEA,GO_REF:0000107,GO:0021762,substantia nigra development,1,Compara
IEA,GO_REF:0000107,GO:0021618,hypoglossal nerve morphogenesis,1,Compara
IEA,GO_REF:0000107,GO:0007091,metaphase/anaphase transition of mitotic cell cycle,1,Compara
IEA,GO_REF:0000107,GO:0007185,cell surface receptor protein tyrosine phosphatase signaling pathway,1,Compara
IEA,GO_REF:0000107,GO:0007188,adenylate cyclase-modulating G protein-coupled receptor signaling pathway,1,Compara
IEA,GO_REF:0000107,GO:0007418,ventral midline development,1,Compara
IEA,GO_REF:0000107,GO:0009794,"regulation of mitotic cell cycle, embryonic",1,Compara
IEA,GO_REF:0000107,GO:1901203,positive regulation of extracellular matrix assembly,1,Compara
IEA,GO_REF:0000107,GO:1901342,regulation of vasculature development,1,Compara
IEA,GO_REF:0000107,GO:1901494,regulation of cysteine metabolic process,1,Compara
IEA,GO_REF:0000107,GO:1901626,regulation of postsynaptic membrane organization,1,Compara
IEA,GO_REF:0000107,GO:1902565,positive regulation of neutrophil activation,1,Compara
IEA,GO_REF:0000107,GO:0061938,protein localization to somatodendritic compartment,1,Compara
IEA,GO_REF:0000107,GO:1902838,regulation of nuclear migration along microtubule,1,Compara
IEA,GO_REF:0000107,GO:0021547,midbrain-hindbrain boundary initiation,1,Compara
IEA,GO_REF:0000107,GO:0030118,clathrin coat,1,Compara
IEA,GO_REF:0000107,GO:0021633,optic nerve structural organization,1,Compara
IEA,GO_REF:0000107,GO:0021559,trigeminal nerve development,1,Compara
IEA,GO_REF:0000107,GO:0072750,cellular response to leptomycin B,1,Compara
IEA,GO_REF:0000107,GO:0031442,positive regulation of mRNA 3'-end processing,1,Compara
IEA,GO_REF:0000107,GO:0031821,G protein-coupled serotonin receptor binding,1,Compara
IEA,GO_REF:0000107,GO:0032487,regulation of Rap protein signal transduction,1,Compara
IEA,GO_REF:0000108,GO:0045202,synapse,158,Logical Inference
IEA,GO_REF:0000108,GO:0005829,cytosol,95,Logical Inference
IEA,GO_REF:0000108,GO:0098793,presynapse,79,Logical Inference
IEA,GO_REF:0000108,GO:1904115,axon cytoplasm,75,Logical Inference
IEA,GO_REF:0000108,GO:0098794,postsynapse,69,Logical Inference
IEA,GO_REF:0000108,GO:0005576,extracellular region,54,Logical Inference
IEA,GO_REF:0000108,GO:0005739,mitochondrion,33,Logical Inference
IEA,GO_REF:0000108,GO:0016020,membrane,33,Logical Inference
IEA,GO_REF:0000108,GO:0032839,dendrite cytoplasm,14,Logical Inference
IEA,GO_REF:0000108,GO:0005886,plasma membrane,11,Logical Inference
IEA,GO_REF:0000108,GO:0043657,host cell,11,Logical Inference
IEA,GO_REF:0000108,GO:0044322,endoplasmic reticulum quality control compartment,9,Logical Inference
IEA,GO_REF:0000108,GO:0030424,axon,7,Logical Inference
IEA,GO_REF:0000108,GO:0005737,cytoplasm,4,Logical Inference
IEA,GO_REF:0000108,GO:0000139,Golgi membrane,3,Logical Inference
IEA,GO_REF:0000108,GO:0005783,endoplasmic reticulum,3,Logical Inference
IEA,GO_REF:0000108,GO:0030425,dendrite,3,Logical Inference
IEA,GO_REF:0000108,GO:0000781,"chromosome, telomeric region",3,Logical Inference
IEA,GO_REF:0000108,GO:0005773,vacuole,2,Logical Inference
IEA,GO_REF:0000108,GO:0005634,nucleus,2,Logical Inference
IEA,GO_REF:0000108,GO:0043083,synaptic cleft,2,Logical Inference
IEA,GO_REF:0000108,GO:0036066,protein O-linked glycosylation via fucose,1,Logical Inference
IEA,GO_REF:0000108,GO:0005790,smooth endoplasmic reticulum,1,Logical Inference
IEA,GO_REF:0000108,GO:0005929,cilium,1,Logical Inference
IEA,GO_REF:0000108,GO:0051286,cell tip,1,Logical Inference
IEA,GO_REF:0000108,GO:0005930,axoneme,1,Logical Inference
IEA,GO_REF:0000108,GO:0002177,manchette,1,Logical Inference
IEA,GO_REF:0000108,GO:0005764,lysosome,1,Logical Inference
IEA,GO_REF:0000115,GO:0005730,nucleolus,5801,Rfam
IEA,GO_REF:0000115,GO:0005840,ribosome,5801,Rfam
IEA,GO_REF:0000115,GO:0006396,RNA processing,5768,Rfam
IEA,GO_REF:0000115,GO:0003735,structural constituent of ribosome,5718,Rfam
IEA,GO_REF:0000115,GO:0035195,miRNA-mediated post-transcriptional gene silencing,4568,Rfam
IEA,GO_REF:0000115,GO:0006617,"SRP-dependent cotranslational protein targeting to membrane, signal sequence recognition",3868,Rfam
IEA,GO_REF:0000115,GO:0005786,"signal recognition particle, endoplasmic reticulum targeting",3868,Rfam
IEA,GO_REF:0000115,GO:0016442,RISC complex,2674,Rfam
IEA,GO_REF:0000115,GO:0030533,triplet codon-amino acid adaptor activity,2198,Rfam
IEA,GO_REF:0000115,GO:0000244,spliceosomal tri-snRNP complex assembly,1363,Rfam
IEA,GO_REF:0000115,GO:0000353,formation of quadruple SL/U4/U5/U6 snRNP,1316,Rfam
IEA,GO_REF:0000115,GO:0046540,U4/U6 x U5 tri-snRNP complex,1316,Rfam
IEA,GO_REF:0000115,GO:0030621,U4 snRNA binding,1083,Rfam
IEA,GO_REF:0000115,GO:0005688,U6 snRNP,1083,Rfam
IEA,GO_REF:0000115,GO:0010628,positive regulation of gene expression,925,Rfam
IEA,GO_REF:0000115,GO:0010468,regulation of gene expression,553,Rfam
IEA,GO_REF:0000115,GO:0000395,mRNA 5'-splice site recognition,529,Rfam
IEA,GO_REF:0000115,GO:0030627,pre-mRNA 5'-splice site binding,529,Rfam
IEA,GO_REF:0000115,GO:0005634,nucleus,497,Rfam
IEA,GO_REF:0000115,GO:0005685,U1 snRNP,441,Rfam
IEA,GO_REF:0000115,GO:0031507,heterochromatin formation,361,Rfam
IEA,GO_REF:0000115,GO:0045131,pre-mRNA branch point binding,292,Rfam
IEA,GO_REF:0000115,GO:0000348,mRNA branch site recognition,292,Rfam
IEA,GO_REF:0000115,GO:0005686,U2 snRNP,267,Rfam
IEA,GO_REF:0000115,GO:0001708,cell fate specification,213,Rfam
IEA,GO_REF:0000115,GO:0005737,cytoplasm,192,Rfam
IEA,GO_REF:0000115,GO:0009048,dosage compensation by inactivation of X chromosome,191,Rfam
IEA,GO_REF:0000115,GO:2000147,positive regulation of cell motility,136,Rfam
IEA,GO_REF:0000115,GO:0042382,paraspeckles,133,Rfam
IEA,GO_REF:0000115,GO:0010629,negative regulation of gene expression,126,Rfam
IEA,GO_REF:0000115,GO:0015030,Cajal body,119,Rfam
IEA,GO_REF:0000115,GO:0017070,U6 snRNA binding,118,Rfam
IEA,GO_REF:0000115,GO:0005687,U4 snRNP,118,Rfam
IEA,GO_REF:0000115,GO:0005682,U5 snRNP,115,Rfam
IEA,GO_REF:0000115,GO:0030308,negative regulation of cell growth,102,Rfam
IEA,GO_REF:0000115,GO:0042478,regulation of eye photoreceptor cell development,84,Rfam
IEA,GO_REF:0000115,GO:0006398,mRNA 3'-end processing by stem-loop binding and cleavage,82,Rfam
IEA,GO_REF:0000115,GO:0030900,forebrain development,82,Rfam
IEA,GO_REF:0000115,GO:0045893,positive regulation of DNA-templated transcription,82,Rfam
IEA,GO_REF:0000115,GO:0060291,long-term synaptic potentiation,43,Rfam
IEA,GO_REF:0000115,GO:0005692,U11 snRNP,41,Rfam
IEA,GO_REF:0000115,GO:0010039,response to iron ion,39,Rfam
IEA,GO_REF:0000115,GO:0030622,U4atac snRNA binding,39,Rfam
IEA,GO_REF:0000115,GO:0005691,U6atac snRNP,39,Rfam
IEA,GO_REF:0000115,GO:0071333,cellular response to glucose stimulus,28,Rfam
IEA,GO_REF:0000115,GO:2000648,positive regulation of stem cell proliferation,27,Rfam
IEA,GO_REF:0000115,GO:0003729,mRNA binding,26,Rfam
IEA,GO_REF:0000115,GO:0042981,regulation of apoptotic process,26,Rfam
IEA,GO_REF:0000115,GO:0005693,U12 snRNP,25,Rfam
IEA,GO_REF:0000115,GO:0030677,ribonuclease P complex,24,Rfam
IEA,GO_REF:0000115,GO:0008033,tRNA processing,24,Rfam
IEA,GO_REF:0000115,GO:0004526,ribonuclease P activity,24,Rfam
IEA,GO_REF:0000115,GO:0043066,negative regulation of apoptotic process,22,Rfam
IEA,GO_REF:0000115,GO:0000172,ribonuclease MRP complex,18,Rfam
IEA,GO_REF:0000115,GO:0000171,ribonuclease MRP activity,18,Rfam
IEA,GO_REF:0000115,GO:0051726,regulation of cell cycle,18,Rfam
IEA,GO_REF:0000115,GO:0006364,rRNA processing,18,Rfam
IEA,GO_REF:0000115,GO:1990830,cellular response to leukemia inhibitory factor,17,Rfam
IEA,GO_REF:0000115,GO:0043022,ribosome binding,16,Rfam
IEA,GO_REF:0000115,GO:0071230,cellular response to amino acid stimulus,15,Rfam
IEA,GO_REF:0000115,GO:0000333,telomerase catalytic core complex,13,Rfam
IEA,GO_REF:0000115,GO:0007004,telomere maintenance via telomerase,13,Rfam
IEA,GO_REF:0000115,GO:0003720,telomerase activity,13,Rfam
IEA,GO_REF:0000115,GO:0006452,translational frameshifting,10,Rfam
IEA,GO_REF:0000115,GO:0001514,selenocysteine incorporation,10,Rfam
IEA,GO_REF:0000115,GO:0030624,U6atac snRNA binding,8,Rfam
IEA,GO_REF:0000115,GO:0007605,sensory perception of sound,8,Rfam
IEA,GO_REF:0000115,GO:0005690,U4atac snRNP,8,Rfam
IEA,GO_REF:0000115,GO:0003824,catalytic activity,7,Rfam
IEA,GO_REF:0000115,GO:0009617,response to bacterium,7,Rfam
IEA,GO_REF:0000115,GO:0075523,viral translational frameshifting,6,Rfam
IEA,GO_REF:0000115,GO:0071222,cellular response to lipopolysaccharide,6,Rfam
IEA,GO_REF:0000115,GO:0006338,chromatin remodeling,5,Rfam
IEA,GO_REF:0000115,GO:0016055,Wnt signaling pathway,4,Rfam
IEA,GO_REF:0000115,GO:0046661,male sex differentiation,3,Rfam
IEA,GO_REF:0000115,GO:0017148,negative regulation of translation,3,Rfam
IEA,GO_REF:0000115,GO:0071391,cellular response to estrogen stimulus,2,Rfam
IEA,GO_REF:0000115,GO:1900017,positive regulation of cytokine production involved in inflammatory response,2,Rfam
IEA,GO_REF:0000115,GO:0003323,type B pancreatic cell development,2,Rfam
IEA,GO_REF:0000115,GO:1904322,cellular response to forskolin,2,Rfam
IEA,GO_REF:0000115,GO:0006382,adenosine to inosine editing,2,Rfam
IEA,GO_REF:0000115,GO:0006412,translation,2,Rfam
IEA,GO_REF:0000115,GO:0070482,response to oxygen levels,1,Rfam
IEA,GO_REF:0000115,GO:0045596,negative regulation of cell differentiation,1,Rfam
IEA,GO_REF:0000115,GO:0045599,negative regulation of fat cell differentiation,1,Rfam
IEA,GO_REF:0000115,GO:0019074,viral RNA genome packaging,1,Rfam
IEA,GO_REF:0000115,GO:0014850,response to muscle activity,1,Rfam
IEA,GO_REF:0000116,GO:0106310,protein serine kinase activity,340,Rhea Mappings
IEA,GO_REF:0000116,GO:0016887,ATP hydrolysis activity,98,Rhea Mappings
IEA,GO_REF:0000116,GO:0140806,NAD+-protein-aspartate ADP-ribosyltransferase activity,8,Rhea Mappings
IEA,GO_REF:0000116,GO:0140807,NAD+-protein-glutamate ADP-ribosyltransferase activity,8,Rhea Mappings
IEA,GO_REF:0000116,GO:0120548,phosphatidylinositol phospholipase C activity,7,Rhea Mappings
IEA,GO_REF:0000116,GO:0090556,phosphatidylserine floppase activity,7,Rhea Mappings
IEA,GO_REF:0000116,GO:0106438,"protein-glutamic acid ligase activity, elongating",7,Rhea Mappings
IEA,GO_REF:0000116,GO:0140439,protein-cysteine S-stearoyltransferase activity,5,Rhea Mappings
IEA,GO_REF:0000116,GO:0019705,protein-cysteine S-myristoyltransferase activity,5,Rhea Mappings
IEA,GO_REF:0000116,GO:0106437,"protein-glutamic acid ligase activity, initiating",5,Rhea Mappings
IEA,GO_REF:0000116,GO:0003924,GTPase activity,4,Rhea Mappings
IEA,GO_REF:0000116,GO:0140803,NAD+-protein-cysteine ADP-ribosyltransferase activity,4,Rhea Mappings
IEA,GO_REF:0000116,GO:0052659,"inositol-1,3,4,5-tetrakisphosphate 5-phosphatase activity",4,Rhea Mappings
IEA,GO_REF:0000116,GO:0101021,estrogen 2-hydroxylase activity,4,Rhea Mappings
IEA,GO_REF:0000116,GO:0036430,CMP kinase activity,4,Rhea Mappings
IEA,GO_REF:0000116,GO:0036431,dCMP kinase activity,4,Rhea Mappings
IEA,GO_REF:0000116,GO:0036221,UTP diphosphatase activity,3,Rhea Mappings
IEA,GO_REF:0000116,GO:0047376,"all-trans-retinyl-palmitate hydrolase, all-trans-retinol forming activity",3,Rhea Mappings
IEA,GO_REF:0000116,GO:0052869,arachidonate omega-hydroxylase activity,3,Rhea Mappings
IEA,GO_REF:0000116,GO:0106292,superoxide-generating NADPH oxidase activity,3,Rhea Mappings
IEA,GO_REF:0000116,GO:0047045,testosterone dehydrogenase (NADP+) activity,3,Rhea Mappings
IEA,GO_REF:0000116,GO:0090554,phosphatidylcholine floppase activity,3,Rhea Mappings
IEA,GO_REF:0000116,GO:0047506,dAMP kinase activity,3,Rhea Mappings
IEA,GO_REF:0000116,GO:0102354,11-cis-retinol dehydrogenase (NADP+) activity,3,Rhea Mappings
IEA,GO_REF:0000116,GO:0140804,NAD+-protein-lysine ADP-ribosyltransferase activity,3,Rhea Mappings
IEA,GO_REF:0000116,GO:0036219,GTP diphosphatase activity,2,Rhea Mappings
IEA,GO_REF:0000116,GO:0160163,S-nitrosoglutathione reductase (NADPH) activity,2,Rhea Mappings
IEA,GO_REF:0000116,GO:0051922,cholesterol sulfotransferase activity,2,Rhea Mappings
IEA,GO_REF:0000116,GO:0047956,glycerol dehydrogenase (NADP+) activity,2,Rhea Mappings
IEA,GO_REF:0000116,GO:0140087,acetaldehyde dehydrogenase (NAD+) activity,2,Rhea Mappings
IEA,GO_REF:0000116,GO:0070780,dihydrosphingosine-1-phosphate phosphatase activity,2,Rhea Mappings
IEA,GO_REF:0000116,GO:0140561,EGF-domain serine glucosyltransferase activity,2,Rhea Mappings
IEA,GO_REF:0000116,GO:0008948,oxaloacetate decarboxylase activity,2,Rhea Mappings
IEA,GO_REF:0000116,GO:0052833,inositol monophosphate 4-phosphatase activity,2,Rhea Mappings
IEA,GO_REF:0000116,GO:0047693,ATP diphosphatase activity,2,Rhea Mappings
IEA,GO_REF:0000116,GO:0043813,"phosphatidylinositol-3,5-bisphosphate 5-phosphatase activity",2,Rhea Mappings
IEA,GO_REF:0000116,GO:0050649,testosterone 6-beta-hydroxylase activity,2,Rhea Mappings
IEA,GO_REF:0000116,GO:0008877,glucose-1-phosphatase activity,2,Rhea Mappings
IEA,GO_REF:0000116,GO:0052832,inositol monophosphate 3-phosphatase activity,2,Rhea Mappings
IEA,GO_REF:0000116,GO:0106026,Gly-tRNA(Ala) deacylase activity,2,Rhea Mappings
IEA,GO_REF:0000116,GO:0008999,protein-N-terminal-alanine acetyltransferase activity,2,Rhea Mappings
IEA,GO_REF:0000116,GO:0052723,inositol hexakisphosphate 1-kinase activity,2,Rhea Mappings
IEA,GO_REF:0000116,GO:0052814,medium-chain fatty aldehyde dehydrogenase (NAD+) activity,2,Rhea Mappings
IEA,GO_REF:0000116,GO:0000832,inositol hexakisphosphate 5-kinase activity,2,Rhea Mappings
IEA,GO_REF:0000116,GO:0106029,tRNA pseudouridine synthase activity,2,Rhea Mappings
IEA,GO_REF:0000116,GO:0036134,12-hydroxyheptadecatrienoic acid synthase activity,2,Rhea Mappings
IEA,GO_REF:0000116,GO:0033703,3-beta-hydroxy-5-beta-steroid dehydrogenase (NADP+) activity,2,Rhea Mappings
IEA,GO_REF:0000116,GO:0052848,"inositol-3,5-bisdiphosphate-2,3,4,6-tetrakisphosphate 5-diphosphatase activity",2,Rhea Mappings
IEA,GO_REF:0000116,GO:1990002,methylglyoxal reductase (NADPH) (acetol producing) activity,2,Rhea Mappings
IEA,GO_REF:0000116,GO:0106226,peptide 2-hydroxyisobutyryltransferase activity,2,Rhea Mappings
IEA,GO_REF:0000116,GO:0102391,decanoate-CoA ligase activity,2,Rhea Mappings
IEA,GO_REF:0000116,GO:0004354,glutamate dehydrogenase (NADP+) activity,2,Rhea Mappings
IEA,GO_REF:0000116,GO:0140562,EGF-domain serine xylosyltransferase activity,2,Rhea Mappings
IEA,GO_REF:0000116,GO:0018812,3-hydroxyacyl-CoA dehydratase activity,2,Rhea Mappings
IEA,GO_REF:0000116,GO:0047954,glycerol-2-phosphatase activity,2,Rhea Mappings
IEA,GO_REF:0000116,GO:0052845,"inositol-5-diphosphate-1,2,3,4,6-pentakisphosphate diphosphatase activity",2,Rhea Mappings
IEA,GO_REF:0000116,GO:0062183,all-trans retinoic acid 18-hydroxylase activity,2,Rhea Mappings
IEA,GO_REF:0000116,GO:0010943,NADPH pyrophosphatase activity,2,Rhea Mappings
IEA,GO_REF:0000116,GO:0043273,CTPase activity,2,Rhea Mappings
IEA,GO_REF:0000116,GO:0004180,carboxypeptidase activity,1,Rhea Mappings
IEA,GO_REF:0000116,GO:0004806,triacylglycerol lipase activity,1,Rhea Mappings
IEA,GO_REF:0000116,GO:0120516,diacylglycerol lipase activity,1,Rhea Mappings
IEA,GO_REF:0000116,GO:0102196,cortisol dehydrogenase (NADP+) activity,1,Rhea Mappings
IEA,GO_REF:0000116,GO:0061463,O-acetyl-ADP-ribose deacetylase activity,1,Rhea Mappings
IEA,GO_REF:0000116,GO:1990362,butanol dehydrogenase (NAD+) activity,1,Rhea Mappings
IEA,GO_REF:0000116,GO:0004346,glucose-6-phosphatase activity,1,Rhea Mappings
IEA,GO_REF:0000116,GO:0120560,phosphatidylserine lysophospholipase activity,1,Rhea Mappings
IEA,GO_REF:0000116,GO:0036384,CDP phosphatase activity,1,Rhea Mappings
IEA,GO_REF:0000116,GO:0080007,S-nitrosoglutathione reductase (NADH) activity,1,Rhea Mappings
IEA,GO_REF:0000116,GO:0106321,S-(hydroxymethyl)glutathione dehydrogenase (NADP+) activity,1,Rhea Mappings
IEA,GO_REF:0000116,GO:0004713,protein tyrosine kinase activity,1,Rhea Mappings
IEA,GO_REF:0000116,GO:0004017,AMP kinase activity,1,Rhea Mappings
IEA,GO_REF:0000116,GO:0061733,protein-lysine-acetyltransferase activity,1,Rhea Mappings
IEA,GO_REF:0000116,GO:0004090,carbonyl reductase (NADPH) activity,1,Rhea Mappings
IEA,GO_REF:0000116,GO:0103023,ITPase activity,1,Rhea Mappings
IEA,GO_REF:0000116,GO:0103026,fructose-1-phosphatase activity,1,Rhea Mappings
IEA,GO_REF:0000116,GO:0106330,sialate 9-O-acetylesterase activity,1,Rhea Mappings
IEA,GO_REF:0000116,GO:0106431,N6-methyl-(d)ATP hydrolase activity,1,Rhea Mappings
IEA,GO_REF:0000116,GO:0000210,NAD+ diphosphatase activity,1,Rhea Mappings
IEA,GO_REF:0000116,GO:0047935,glucose 1-dehydrogenase (NADP+) activity,1,Rhea Mappings
IEA,GO_REF:0000116,GO:0052873,FMN reductase (NADPH) activity,1,Rhea Mappings
IEA,GO_REF:0000116,GO:0032896,palmitoyl-CoA 9-desaturase activity,1,Rhea Mappings
IEA,GO_REF:0000116,GO:0004115,"3',5'-cyclic-AMP phosphodiesterase activity",1,Rhea Mappings
IEA,GO_REF:0000116,GO:1990003,IDP phosphatase activity,1,Rhea Mappings
IEA,GO_REF:0000116,GO:0008707,inositol hexakisphosphate 4-phosphatase activity,1,Rhea Mappings
IEA,GO_REF:0000116,GO:0047934,glucose 1-dehydrogenase (NAD+) activity,1,Rhea Mappings
IEA,GO_REF:0000116,GO:0047821,D-glutamate oxidase activity,1,Rhea Mappings
IEA,GO_REF:0000116,GO:0052874,FMN reductase (NADH) activity,1,Rhea Mappings
IEA,GO_REF:0000116,GO:0016312,inositol bisphosphate phosphatase activity,1,Rhea Mappings
IEA,GO_REF:0000116,GO:0052817,very long-chain fatty acyl-CoA hydrolase activity,1,Rhea Mappings
IEA,GO_REF:0000116,GO:0047035,testosterone dehydrogenase (NAD+) activity,1,Rhea Mappings
IEA,GO_REF:0000116,GO:0102267,tRNA-dihydrouridine20b synthase activity,1,Rhea Mappings
IEA,GO_REF:0000116,GO:0008404,"arachidonate 14,15-epoxygenase activity",1,Rhea Mappings
IEA,GO_REF:0000116,GO:0047931,glucosamine kinase activity,1,Rhea Mappings
IEA,GO_REF:0000116,GO:0180021,U6 snRNA 2'-O-ribose methyltransferase activity,1,Rhea Mappings
IEA,GO_REF:0000116,GO:0140944,histone H4K20 monomethyltransferase activity,1,Rhea Mappings
IEA,GO_REF:0000116,GO:0140941,histone H4K20me methyltransferase activity,1,Rhea Mappings
IEA,GO_REF:0000116,GO:0140567,membrane protein dislocase activity,1,Rhea Mappings
IEA,GO_REF:0000116,GO:0033814,propanoyl-CoA C-acyltransferase activity,1,Rhea Mappings
IEA,GO_REF:0000116,GO:0051736,ATP-dependent polyribonucleotide 5'-hydroxyl-kinase activity,1,Rhea Mappings
IEA,GO_REF:0000116,GO:0008988,rRNA (adenine-N6-)-methyltransferase activity,1,Rhea Mappings
IEA,GO_REF:0000116,GO:0102149,farnesylcysteine lyase activity,1,Rhea Mappings
IEA,GO_REF:0000116,GO:0102175,3-beta-hydroxysteroid dehydrogenase (NAD+)/C4-decarboxylase activity,1,Rhea Mappings
IEA,GO_REF:0000116,GO:0106008,2-oxoglutaramate amidase activity,1,Rhea Mappings
IEA,GO_REF:0000116,GO:0050135,NADP+ nucleosidase activity,1,Rhea Mappings
IEA,GO_REF:0000116,GO:0106301,"arachidonate 5,6-epoxygenase activity",1,Rhea Mappings
IEA,GO_REF:0000116,GO:0106433,O6-methyl-dGTP hydrolase activity,1,Rhea Mappings
IEA,GO_REF:0000116,GO:0106237,arachidonate 12(R)-lipoxygenase activity,1,Rhea Mappings
IEA,GO_REF:0000116,GO:0047975,guanosine phosphorylase activity,1,Rhea Mappings
IEA,GO_REF:0000116,GO:0008458,carnitine O-octanoyltransferase activity,1,Rhea Mappings
IEA,GO_REF:0000116,GO:0047233,"N-acetylneuraminylgalactosylglucosylceramide beta-1,4-N-acetylgalactosaminyltransferase activity",1,Rhea Mappings
IEA,GO_REF:0000116,GO:0047881,estradiol 17-alpha-dehydrogenase [NAD(P)+] activity,1,Rhea Mappings
IEA,GO_REF:0000116,GO:0043262,ADP phosphatase activity,1,Rhea Mappings
IEA,GO_REF:0000116,GO:0120243,2-iminopropanoate deaminase activity,1,Rhea Mappings
IEA,GO_REF:0000116,GO:0141192,ATP:ATP adenylyltransferase activity,1,Rhea Mappings
IEA,GO_REF:0000116,GO:0043799,glycine oxidase activity,1,Rhea Mappings
IEA,GO_REF:0000116,GO:0120542,ethanol dehydrogenase (NAD+) activity,1,Rhea Mappings
IEA,GO_REF:0000116,GO:0098606,selenocystathionine gamma-lyase activity,1,Rhea Mappings
IEA,GO_REF:0000116,GO:0106009,(4S)-4-hydroxy-2-oxoglutarate aldolase activity,1,Rhea Mappings
IEA,GO_REF:0000116,GO:0120298,peptide noradrenalinyltransferase activity,1,Rhea Mappings
IEA,GO_REF:0000116,GO:0120509,hydroxypyruvate reductase (NADPH) activity,1,Rhea Mappings
IEA,GO_REF:0000116,GO:0015417,ABC-type polyamine transporter activity,1,Rhea Mappings
IEA,GO_REF:0000116,GO:0062182,all-trans retinoic acid 4-hydrolase activity,1,Rhea Mappings
IEA,GO_REF:0000116,GO:0043771,cytidine kinase activity,1,Rhea Mappings
IEA,GO_REF:0000116,GO:0106329,L-phenylalaine oxidase activity,1,Rhea Mappings
IEA,GO_REF:0000116,GO:0000121,sn-glycerol 1-phosphatase activity,1,Rhea Mappings
IEA,GO_REF:0000116,GO:0106277,biliverdin reductase (NADPH) activity,1,Rhea Mappings
IEA,GO_REF:0000116,GO:0070251,pristanate-CoA ligase activity,1,Rhea Mappings
IEA,GO_REF:0000116,GO:0062184,testosterone 16-beta-hydroxylase activity,1,Rhea Mappings
IEA,GO_REF:0000116,GO:0047995,(2R)-hydroxyphenylpyruvate reductase [NAD(P)H] activity,1,Rhea Mappings
IEA,GO_REF:0000116,GO:0106347,U2 snRNA 2'-O-methyladenosine m6 methyltransferase activity,1,Rhea Mappings
IEA,GO_REF:0000116,GO:0004427,inorganic diphosphate phosphatase activity,1,Rhea Mappings
IEA,GO_REF:0000116,GO:0003954,NADH dehydrogenase activity,1,Rhea Mappings
IEA,GO_REF:0000116,GO:0106376,2-hydroxyphytanoyl-CoA lyase activity,1,Rhea Mappings
IEA,GO_REF:0000116,GO:0036403,arachidonate 8(S)-lipoxygenase activity,1,Rhea Mappings
IEA,GO_REF:0000116,GO:0080146,L-cysteine desulfhydrase activity,1,Rhea Mappings
IEA,GO_REF:0000116,GO:0106322,S-(hydroxymethyl)glutathione dehydrogenase (NAD+) activity,1,Rhea Mappings
IEA,GO_REF:0000116,GO:0052835,"inositol-3,4,6-trisphosphate 1-kinase activity",1,Rhea Mappings
IEA,GO_REF:0000116,GO:0004574,"oligo-1,6-glucosidase activity",1,Rhea Mappings
IEA,GO_REF:0000116,GO:0062187,"anandamide 8,9 epoxidase activity",1,Rhea Mappings
IEA,GO_REF:0000116,GO:0052658,"inositol-1,4,5-trisphosphate 5-phosphatase activity",1,Rhea Mappings
IEA,GO_REF:0000116,GO:0062188,"anandamide 11,12 epoxidase activity",1,Rhea Mappings
IEA,GO_REF:0000116,GO:0062189,"anandamide 14,15 epoxidase activity",1,Rhea Mappings
IEA,GO_REF:0000116,GO:0043759,2-methylbutanoate-CoA ligase activity,1,Rhea Mappings
IEA,GO_REF:0000116,GO:0110153,RNA NAD-cap (NMN-forming) hydrolase activity,1,Rhea Mappings
IEA,GO_REF:0000116,GO:0097383,dIDP phosphatase activity,1,Rhea Mappings
IEA,GO_REF:0000116,GO:0097023,fructose 6-phosphate aldolase activity,1,Rhea Mappings
IEA,GO_REF:0000116,GO:0035241,protein-arginine omega-N monomethyltransferase activity,1,Rhea Mappings
IEA,GO_REF:0000116,GO:0036218,dTTP diphosphatase activity,1,Rhea Mappings
IEA,GO_REF:0000116,GO:0008753,NADPH dehydrogenase (quinone) activity,1,Rhea Mappings
IEA,GO_REF:0000116,GO:0106211,"inositol-5-diphosphate-1,3,4,6-tetrakisphosphate diphosphatase activity",1,Rhea Mappings
IEA,GO_REF:0000116,GO:0008970,phospholipase A1 activity,1,Rhea Mappings
IEA,GO_REF:0000116,GO:0008405,"arachidonate 11,12-epoxygenase activity",1,Rhea Mappings
IEA,GO_REF:0000116,GO:0004052,arachidonate 12(S)-lipoxygenase activity,1,Rhea Mappings
IEA,GO_REF:0000116,GO:0080079,cellobiose glucosidase activity,1,Rhea Mappings
IEA,GO_REF:0000116,GO:0120092,crotonyl-CoA hydratase activity,1,Rhea Mappings
IEA,GO_REF:0000116,GO:0120557,farnesyl diphosphatase activity,1,Rhea Mappings
IEA,GO_REF:0000117,GO:0007399,nervous system development,31,ARBA
IEA,GO_REF:0000117,GO:0005654,nucleoplasm,30,ARBA
IEA,GO_REF:0000117,GO:0071396,cellular response to lipid,29,ARBA
IEA,GO_REF:0000117,GO:0000122,negative regulation of transcription by RNA polymerase II,29,ARBA
IEA,GO_REF:0000117,GO:0005737,cytoplasm,25,ARBA
IEA,GO_REF:0000117,GO:0045892,negative regulation of DNA-templated transcription,21,ARBA
IEA,GO_REF:0000117,GO:0005829,cytosol,19,ARBA
IEA,GO_REF:0000117,GO:0005886,plasma membrane,14,ARBA
IEA,GO_REF:0000117,GO:0001227,"DNA-binding transcription repressor activity, RNA polymerase II-specific",13,ARBA
IEA,GO_REF:0000117,GO:0005634,nucleus,13,ARBA
IEA,GO_REF:0000117,GO:0042802,identical protein binding,12,ARBA
IEA,GO_REF:0000117,GO:0045171,intercellular bridge,12,ARBA
IEA,GO_REF:0000117,GO:0006261,DNA-templated DNA replication,11,ARBA
IEA,GO_REF:0000117,GO:0005730,nucleolus,11,ARBA
IEA,GO_REF:0000117,GO:0045944,positive regulation of transcription by RNA polymerase II,11,ARBA
IEA,GO_REF:0000117,GO:0036064,ciliary basal body,10,ARBA
IEA,GO_REF:0000117,GO:0005768,endosome,10,ARBA
IEA,GO_REF:0000117,GO:0072686,mitotic spindle,10,ARBA
IEA,GO_REF:0000117,GO:0031981,nuclear lumen,10,ARBA
IEA,GO_REF:0000117,GO:0012505,endomembrane system,9,ARBA
IEA,GO_REF:0000117,GO:0099589,serotonin receptor activity,9,ARBA
IEA,GO_REF:0000117,GO:0098878,neurotransmitter receptor complex,8,ARBA
IEA,GO_REF:0000117,GO:0043565,sequence-specific DNA binding,7,ARBA
IEA,GO_REF:0000117,GO:0032502,developmental process,7,ARBA
IEA,GO_REF:0000117,GO:0005929,cilium,6,ARBA
IEA,GO_REF:0000117,GO:0015630,microtubule cytoskeleton,6,ARBA
IEA,GO_REF:0000117,GO:0034703,cation channel complex,6,ARBA
IEA,GO_REF:0000117,GO:0031124,mRNA 3'-end processing,6,ARBA
IEA,GO_REF:0000117,GO:0050829,defense response to Gram-negative bacterium,5,ARBA
IEA,GO_REF:0000117,GO:0007606,sensory perception of chemical stimulus,5,ARBA
IEA,GO_REF:0000117,GO:0009891,positive regulation of biosynthetic process,5,ARBA
IEA,GO_REF:0000117,GO:0048513,animal organ development,4,ARBA
IEA,GO_REF:0000117,GO:0016266,protein O-linked glycosylation via N-acetyl-galactosamine,4,ARBA
IEA,GO_REF:0000117,GO:0005788,endoplasmic reticulum lumen,3,ARBA
IEA,GO_REF:0000117,GO:0070013,intracellular organelle lumen,3,ARBA
IEA,GO_REF:0000117,GO:0048731,system development,3,ARBA
IEA,GO_REF:0000117,GO:0001558,regulation of cell growth,3,ARBA
IEA,GO_REF:0000117,GO:0008361,regulation of cell size,3,ARBA
IEA,GO_REF:0000117,GO:0097381,photoreceptor disc membrane,3,ARBA
IEA,GO_REF:0000117,GO:0032991,protein-containing complex,3,ARBA
IEA,GO_REF:0000117,GO:0008499,"N-acetyl-beta-D-glucosaminide beta-(1,3)-galactosyltransferase activity",3,ARBA
IEA,GO_REF:0000117,GO:0005576,extracellular region,3,ARBA
IEA,GO_REF:0000117,GO:0006508,proteolysis,3,ARBA
IEA,GO_REF:0000117,GO:0004540,RNA nuclease activity,2,ARBA
IEA,GO_REF:0000117,GO:0043226,organelle,2,ARBA
IEA,GO_REF:0000117,GO:0060429,epithelium development,2,ARBA
IEA,GO_REF:0000117,GO:0030900,forebrain development,2,ARBA
IEA,GO_REF:0000117,GO:0034451,centriolar satellite,2,ARBA
IEA,GO_REF:0000117,GO:0031648,protein destabilization,2,ARBA
IEA,GO_REF:0000117,GO:0030033,microvillus assembly,2,ARBA
IEA,GO_REF:0000117,GO:1902475,L-alpha-amino acid transmembrane transport,2,ARBA
IEA,GO_REF:0000117,GO:0009967,positive regulation of signal transduction,2,ARBA
IEA,GO_REF:0000117,GO:0008194,UDP-glycosyltransferase activity,2,ARBA
IEA,GO_REF:0000117,GO:0030154,cell differentiation,2,ARBA
IEA,GO_REF:0000117,GO:0015250,water channel activity,2,ARBA
IEA,GO_REF:0000117,GO:0021680,cerebellar Purkinje cell layer development,2,ARBA
IEA,GO_REF:0000117,GO:0006259,DNA metabolic process,2,ARBA
IEA,GO_REF:0000117,GO:1904669,ATP export,2,ARBA
IEA,GO_REF:0000117,GO:0035295,tube development,2,ARBA
IEA,GO_REF:0000117,GO:0034774,secretory granule lumen,2,ARBA
IEA,GO_REF:0000117,GO:0016020,membrane,2,ARBA
IEA,GO_REF:0000117,GO:0005246,calcium channel regulator activity,2,ARBA
IEA,GO_REF:0000117,GO:0045893,positive regulation of DNA-templated transcription,2,ARBA
IEA,GO_REF:0000117,GO:0003008,system process,2,ARBA
IEA,GO_REF:0000117,GO:0016192,vesicle-mediated transport,2,ARBA
IEA,GO_REF:0000117,GO:0022618,protein-RNA complex assembly,2,ARBA
IEA,GO_REF:0000117,GO:0009064,glutamine family amino acid metabolic process,2,ARBA
IEA,GO_REF:0000117,GO:0120025,plasma membrane bounded cell projection,2,ARBA
IEA,GO_REF:0000117,GO:0032467,positive regulation of cytokinesis,2,ARBA
IEA,GO_REF:0000117,GO:0030027,lamellipodium,2,ARBA
IEA,GO_REF:0000117,GO:0005694,chromosome,2,ARBA
IEA,GO_REF:0000117,GO:0019899,enzyme binding,2,ARBA
IEA,GO_REF:0000117,GO:0050821,protein stabilization,2,ARBA
IEA,GO_REF:0000117,GO:0008344,adult locomotory behavior,2,ARBA
IEA,GO_REF:0000117,GO:0072659,protein localization to plasma membrane,2,ARBA
IEA,GO_REF:0000117,GO:0043022,ribosome binding,2,ARBA
IEA,GO_REF:0000117,GO:0005856,cytoskeleton,2,ARBA
IEA,GO_REF:0000117,GO:0007165,signal transduction,2,ARBA
IEA,GO_REF:0000117,GO:0009966,regulation of signal transduction,2,ARBA
IEA,GO_REF:0000117,GO:0042127,regulation of cell population proliferation,2,ARBA
IEA,GO_REF:0000117,GO:0046634,regulation of alpha-beta T cell activation,2,ARBA
IEA,GO_REF:0000117,GO:0016075,rRNA catabolic process,2,ARBA
IEA,GO_REF:0000117,GO:0000423,mitophagy,2,ARBA
IEA,GO_REF:0000117,GO:0008757,S-adenosylmethionine-dependent methyltransferase activity,2,ARBA
IEA,GO_REF:0000117,GO:0045862,positive regulation of proteolysis,2,ARBA
IEA,GO_REF:0000117,GO:0016567,protein ubiquitination,2,ARBA
IEA,GO_REF:0000117,GO:0007417,central nervous system development,1,ARBA
IEA,GO_REF:0000117,GO:0006952,defense response,1,ARBA
IEA,GO_REF:0000117,GO:0019068,virion assembly,1,ARBA
IEA,GO_REF:0000117,GO:0016604,nuclear body,1,ARBA
IEA,GO_REF:0000117,GO:0006066,alcohol metabolic process,1,ARBA
IEA,GO_REF:0000117,GO:0001701,in utero embryonic development,1,ARBA
IEA,GO_REF:0000117,GO:0030023,extracellular matrix constituent conferring elasticity,1,ARBA
IEA,GO_REF:0000117,GO:1990234,transferase complex,1,ARBA
IEA,GO_REF:0000117,GO:0043010,camera-type eye development,1,ARBA
IEA,GO_REF:0000117,GO:0031901,early endosome membrane,1,ARBA
IEA,GO_REF:0000117,GO:0030010,establishment of cell polarity,1,ARBA
IEA,GO_REF:0000117,GO:0046761,viral budding from plasma membrane,1,ARBA
IEA,GO_REF:0000117,GO:0007605,sensory perception of sound,1,ARBA
IEA,GO_REF:0000117,GO:2000243,positive regulation of reproductive process,1,ARBA
IEA,GO_REF:0000117,GO:0016486,peptide hormone processing,1,ARBA
IEA,GO_REF:0000117,GO:0002682,regulation of immune system process,1,ARBA
IEA,GO_REF:0000117,GO:0000776,kinetochore,1,ARBA
IEA,GO_REF:0000117,GO:0043162,ubiquitin-dependent protein catabolic process via the multivesicular body sorting pathway,1,ARBA
IEA,GO_REF:0000117,GO:0046425,regulation of receptor signaling pathway via JAK-STAT,1,ARBA
IEA,GO_REF:0000117,GO:0001228,"DNA-binding transcription activator activity, RNA polymerase II-specific",1,ARBA
IEA,GO_REF:0000117,GO:0005783,endoplasmic reticulum,1,ARBA
IEA,GO_REF:0000117,GO:0097422,tubular endosome,1,ARBA
IEA,GO_REF:0000117,GO:0007420,brain development,1,ARBA
IEA,GO_REF:0000117,GO:0005938,cell cortex,1,ARBA
IEA,GO_REF:0000117,GO:0008013,beta-catenin binding,1,ARBA
IEA,GO_REF:0000117,GO:0003714,transcription corepressor activity,1,ARBA
IEA,GO_REF:0000117,GO:0009159,deoxyribonucleoside monophosphate catabolic process,1,ARBA
IEA,GO_REF:0000117,GO:0031410,cytoplasmic vesicle,1,ARBA
IEA,GO_REF:0000117,GO:1903861,positive regulation of dendrite extension,1,ARBA
IEA,GO_REF:0000117,GO:0005743,mitochondrial inner membrane,1,ARBA
IEA,GO_REF:0000117,GO:0010508,positive regulation of autophagy,1,ARBA
IEA,GO_REF:0000117,GO:1905323,telomerase holoenzyme complex assembly,1,ARBA
IEA,GO_REF:0000117,GO:0003713,transcription coactivator activity,1,ARBA
IEA,GO_REF:0000117,GO:0005496,steroid binding,1,ARBA
IEA,GO_REF:0000117,GO:0005828,kinetochore microtubule,1,ARBA
IEA,GO_REF:0000117,GO:0045177,apical part of cell,1,ARBA
IEA,GO_REF:0000117,GO:0006355,regulation of DNA-templated transcription,1,ARBA
IEA,GO_REF:0000117,GO:0044391,ribosomal subunit,1,ARBA
IEA,GO_REF:0000117,GO:0048729,tissue morphogenesis,1,ARBA
IEA,GO_REF:0000117,GO:0005858,axonemal dynein complex,1,ARBA
IEA,GO_REF:0000117,GO:0080090,regulation of primary metabolic process,1,ARBA
IEA,GO_REF:0000117,GO:0090084,negative regulation of inclusion body assembly,1,ARBA
IEA,GO_REF:0000117,GO:0046352,disaccharide catabolic process,1,ARBA
IEA,GO_REF:0000117,GO:0002188,translation reinitiation,1,ARBA
IEA,GO_REF:0000117,GO:0045597,positive regulation of cell differentiation,1,ARBA
IEA,GO_REF:0000117,GO:0098685,Schaffer collateral - CA1 synapse,1,ARBA
IEA,GO_REF:0000117,GO:0006955,immune response,1,ARBA
IEA,GO_REF:0000117,GO:0031404,chloride ion binding,1,ARBA
IEA,GO_REF:0000117,GO:0015798,myo-inositol transport,1,ARBA
IEA,GO_REF:0000117,GO:0031340,positive regulation of vesicle fusion,1,ARBA
IEA,GO_REF:0000117,GO:0031012,extracellular matrix,1,ARBA
IEA,GO_REF:0000117,GO:0031966,mitochondrial membrane,1,ARBA
IEA,GO_REF:0000117,GO:0097718,disordered domain specific binding,1,ARBA
IEA,GO_REF:0000117,GO:0046512,sphingosine biosynthetic process,1,ARBA
IEA,GO_REF:0000117,GO:0008360,regulation of cell shape,1,ARBA
IEA,GO_REF:0000117,GO:0003007,heart morphogenesis,1,ARBA
IEA,GO_REF:0000117,GO:0015186,L-glutamine transmembrane transporter activity,1,ARBA
IEA,GO_REF:0000117,GO:0016358,dendrite development,1,ARBA
IEA,GO_REF:0000117,GO:0042908,xenobiotic transport,1,ARBA
IEA,GO_REF:0000117,GO:0042445,hormone metabolic process,1,ARBA
IEA,GO_REF:0000117,GO:0045727,positive regulation of translation,1,ARBA
IEA,GO_REF:0000117,GO:0016607,nuclear speck,1,ARBA
IEA,GO_REF:0000117,GO:0010596,negative regulation of endothelial cell migration,1,ARBA
IEA,GO_REF:0000117,GO:0051051,negative regulation of transport,1,ARBA
IEA,GO_REF:0000117,GO:0045165,cell fate commitment,1,ARBA
IEA,GO_REF:0000117,GO:0045596,negative regulation of cell differentiation,1,ARBA
IEA,GO_REF:0000117,GO:0004322,ferroxidase activity,1,ARBA
IEA,GO_REF:0000117,GO:0070182,DNA polymerase binding,1,ARBA
IEA,GO_REF:0000117,GO:0009925,basal plasma membrane,1,ARBA
IEA,GO_REF:0000117,GO:0031016,pancreas development,1,ARBA
IEA,GO_REF:0000117,GO:1901673,regulation of mitotic spindle assembly,1,ARBA
IEA,GO_REF:0000117,GO:0051129,negative regulation of cellular component organization,1,ARBA
IEA,GO_REF:0000117,GO:0007379,segment specification,1,ARBA
IEA,GO_REF:0000117,GO:0006493,protein O-linked glycosylation,1,ARBA
IEA,GO_REF:0000117,GO:0060836,lymphatic endothelial cell differentiation,1,ARBA
IEA,GO_REF:0000117,GO:0034452,dynactin binding,1,ARBA
IEA,GO_REF:0000117,GO:0060271,cilium assembly,1,ARBA
IEA,GO_REF:0000117,GO:0046037,GMP metabolic process,1,ARBA
IEA,GO_REF:0000117,GO:0048306,calcium-dependent protein binding,1,ARBA
IEA,GO_REF:0000117,GO:0009566,fertilization,1,ARBA
IEA,GO_REF:0000117,GO:0021772,olfactory bulb development,1,ARBA
IEA,GO_REF:0000117,GO:0060071,"Wnt signaling pathway, planar cell polarity pathway",1,ARBA
IEA,GO_REF:0000117,GO:0010837,regulation of keratinocyte proliferation,1,ARBA
IEA,GO_REF:0000117,GO:0051241,negative regulation of multicellular organismal process,1,ARBA
IEA,GO_REF:0000117,GO:0001514,selenocysteine incorporation,1,ARBA
IEA,GO_REF:0000117,GO:0052689,carboxylic ester hydrolase activity,1,ARBA
IEA,GO_REF:0000117,GO:0051052,regulation of DNA metabolic process,1,ARBA
IEA,GO_REF:0000117,GO:0061630,ubiquitin protein ligase activity,1,ARBA
IEA,GO_REF:0000117,GO:0046330,positive regulation of JNK cascade,1,ARBA
IEA,GO_REF:0000117,GO:0051896,regulation of phosphatidylinositol 3-kinase/protein kinase B signal transduction,1,ARBA
IEA,GO_REF:0000117,GO:0016363,nuclear matrix,1,ARBA
IEA,GO_REF:0000117,GO:0010498,proteasomal protein catabolic process,1,ARBA
IEA,GO_REF:0000117,GO:0010628,positive regulation of gene expression,1,ARBA
IEA,GO_REF:0000117,GO:0050772,positive regulation of axonogenesis,1,ARBA
IEA,GO_REF:0000117,GO:0048018,receptor ligand activity,1,ARBA
IEA,GO_REF:0000117,GO:0098982,GABA-ergic synapse,1,ARBA
IEA,GO_REF:0000117,GO:0140767,enzyme-substrate adaptor activity,1,ARBA
IEA,GO_REF:0000117,GO:0070286,axonemal dynein complex assembly,1,ARBA
IEA,GO_REF:0000117,GO:0030659,cytoplasmic vesicle membrane,1,ARBA
IEA,GO_REF:0000117,GO:0046513,ceramide biosynthetic process,1,ARBA
IEA,GO_REF:0000117,GO:0080025,"phosphatidylinositol-3,5-bisphosphate binding",1,ARBA
IEA,GO_REF:0000117,GO:0030295,protein kinase activator activity,1,ARBA
IEA,GO_REF:0000117,GO:0021556,central nervous system formation,1,ARBA
IEA,GO_REF:0000117,GO:0031090,organelle membrane,1,ARBA
IEA,GO_REF:0000117,GO:0030496,midbody,1,ARBA
IEA,GO_REF:0000117,GO:0030425,dendrite,1,ARBA
IEA,GO_REF:0000117,GO:0030050,vesicle transport along actin filament,1,ARBA
IEA,GO_REF:0000117,GO:1902774,late endosome to lysosome transport,1,ARBA
IEA,GO_REF:0000117,GO:0007080,mitotic metaphase chromosome alignment,1,ARBA
IEA,GO_REF:0000117,GO:0003684,damaged DNA binding,1,ARBA
IEA,GO_REF:0000117,GO:0090092,regulation of transmembrane receptor protein serine/threonine kinase signaling pathway,1,ARBA
IEA,GO_REF:0000117,GO:0051131,chaperone-mediated protein complex assembly,1,ARBA
IEA,GO_REF:0000117,GO:0016925,protein sumoylation,1,ARBA
IEA,GO_REF:0000117,GO:0010891,negative regulation of triglyceride storage,1,ARBA
IEA,GO_REF:0000117,GO:0015370,solute:sodium symporter activity,1,ARBA
IEA,GO_REF:0000117,GO:0032760,positive regulation of tumor necrosis factor production,1,ARBA
IEA,GO_REF:0000117,GO:0001527,microfibril,1,ARBA
IEA,GO_REF:0000117,GO:0007018,microtubule-based movement,1,ARBA
IEA,GO_REF:0000117,GO:0050890,cognition,1,ARBA
IEA,GO_REF:0000117,GO:0042826,histone deacetylase binding,1,ARBA
IEA,GO_REF:0000117,GO:0033554,cellular response to stress,1,ARBA
IEA,GO_REF:0000117,GO:0070309,lens fiber cell morphogenesis,1,ARBA
IEA,GO_REF:0000117,GO:1990837,sequence-specific double-stranded DNA binding,1,ARBA
IEA,GO_REF:0000117,GO:0048048,embryonic eye morphogenesis,1,ARBA
IEA,GO_REF:0000117,GO:0039702,viral budding via host ESCRT complex,1,ARBA
IEA,GO_REF:0000117,GO:0039694,viral RNA genome replication,1,ARBA
IEA,GO_REF:0000117,GO:0048667,cell morphogenesis involved in neuron differentiation,1,ARBA
IEA,GO_REF:0000117,GO:0048468,cell development,1,ARBA
IEA,GO_REF:0000117,GO:0001938,positive regulation of endothelial cell proliferation,1,ARBA
IEA,GO_REF:0000117,GO:0097352,autophagosome maturation,1,ARBA
IEA,GO_REF:0000117,GO:0004301,epoxide hydrolase activity,1,ARBA
IEA,GO_REF:0000117,GO:0045211,postsynaptic membrane,1,ARBA
IEA,GO_REF:0000117,GO:1904930,amphisome membrane,1,ARBA
IEA,GO_REF:0000117,GO:0070365,hepatocyte differentiation,1,ARBA
IEA,GO_REF:0000117,GO:0070063,RNA polymerase binding,1,ARBA
IEA,GO_REF:0000117,GO:0032722,positive regulation of chemokine production,1,ARBA
IEA,GO_REF:0000117,GO:0032787,monocarboxylic acid metabolic process,1,ARBA
IEA,GO_REF:0000117,GO:0019834,phospholipase A2 inhibitor activity,1,ARBA
IEA,GO_REF:0000117,GO:0009968,negative regulation of signal transduction,1,ARBA
IEA,GO_REF:0000117,GO:0060059,embryonic retina morphogenesis in camera-type eye,1,ARBA
IEA,GO_REF:0000117,GO:0022409,positive regulation of cell-cell adhesion,1,ARBA
IEA,GO_REF:0000117,GO:0008284,positive regulation of cell population proliferation,1,ARBA
IEA,GO_REF:0000117,GO:0016071,mRNA metabolic process,1,ARBA
IEA,GO_REF:0000117,GO:0008017,microtubule binding,1,ARBA
IEA,GO_REF:0000117,GO:1903706,regulation of hemopoiesis,1,ARBA
IEA,GO_REF:0000117,GO:0005763,mitochondrial small ribosomal subunit,1,ARBA
IEA,GO_REF:0000117,GO:1903020,positive regulation of glycoprotein metabolic process,1,ARBA
IEA,GO_REF:0000117,GO:0010613,positive regulation of cardiac muscle hypertrophy,1,ARBA
IEA,GO_REF:0000117,GO:0005608,laminin-3 complex,1,ARBA
IEA,GO_REF:0000117,GO:0005509,calcium ion binding,1,ARBA
IEA,GO_REF:0000117,GO:0035108,limb morphogenesis,1,ARBA
IEA,GO_REF:0000117,GO:0048646,anatomical structure formation involved in morphogenesis,1,ARBA
IEA,GO_REF:0000117,GO:0046054,dGMP metabolic process,1,ARBA
IEA,GO_REF:0000117,GO:0008038,neuron recognition,1,ARBA
IEA,GO_REF:0000117,GO:0051240,positive regulation of multicellular organismal process,1,ARBA
IEA,GO_REF:0000117,GO:0050925,negative regulation of negative chemotaxis,1,ARBA
IEA,GO_REF:0000117,GO:0098588,bounding membrane of organelle,1,ARBA
IEA,GO_REF:0000117,GO:0010804,negative regulation of tumor necrosis factor-mediated signaling pathway,1,ARBA
IEA,GO_REF:0000117,GO:0007004,telomere maintenance via telomerase,1,ARBA
IEA,GO_REF:0000117,GO:0007163,establishment or maintenance of cell polarity,1,ARBA
IEA,GO_REF:0000117,GO:0022603,regulation of anatomical structure morphogenesis,1,ARBA
IEA,GO_REF:0000117,GO:0032691,negative regulation of interleukin-1 beta production,1,ARBA
IEA,GO_REF:0000117,GO:0008202,steroid metabolic process,1,ARBA
IEA,GO_REF:0000117,GO:0008289,lipid binding,1,ARBA
IEA,GO_REF:0000117,GO:0070831,basement membrane assembly,1,ARBA
IEA,GO_REF:0000117,GO:0001778,plasma membrane repair,1,ARBA
IEA,GO_REF:0000117,GO:0031982,vesicle,1,ARBA
IEA,GO_REF:0000117,GO:0032732,positive regulation of interleukin-1 production,1,ARBA
IEA,GO_REF:0000117,GO:0032755,positive regulation of interleukin-6 production,1,ARBA
IEA,GO_REF:0000117,GO:0000502,proteasome complex,1,ARBA
IEA,GO_REF:0000117,GO:0016095,polyprenol catabolic process,1,ARBA
IEA,GO_REF:0000117,GO:0140096,"catalytic activity, acting on a protein",1,ARBA
IEA,GO_REF:0000117,GO:0000430,regulation of transcription from RNA polymerase II promoter by glucose,1,ARBA
IEA,GO_REF:0000117,GO:0046982,protein heterodimerization activity,1,ARBA
IEA,GO_REF:0000117,GO:0070742,C2H2 zinc finger domain binding,1,ARBA
IEA,GO_REF:0000117,GO:0061136,regulation of proteasomal protein catabolic process,1,ARBA
IEA,GO_REF:0000117,GO:0140492,metal-dependent deubiquitinase activity,1,ARBA
IEA,GO_REF:0000117,GO:0005765,lysosomal membrane,1,ARBA
IEA,GO_REF:0000117,GO:0061952,midbody abscission,1,ARBA
IEA,GO_REF:0000117,GO:1901749,leukotriene D4 catabolic process,1,ARBA
IEA,GO_REF:0000117,GO:0006888,endoplasmic reticulum to Golgi vesicle-mediated transport,1,ARBA
IEA,GO_REF:0000117,GO:0004869,cysteine-type endopeptidase inhibitor activity,1,ARBA
IEA,GO_REF:0000117,GO:0005796,Golgi lumen,1,ARBA
IEA,GO_REF:0000117,GO:1904813,ficolin-1-rich granule lumen,1,ARBA
IEA,GO_REF:0000117,GO:1902533,positive regulation of intracellular signal transduction,1,ARBA
IEA,GO_REF:0000117,GO:0031396,regulation of protein ubiquitination,1,ARBA
IEA,GO_REF:0000117,GO:0005604,basement membrane,1,ARBA
IEA,GO_REF:0000117,GO:0036396,RNA N6-methyladenosine methyltransferase complex,1,ARBA
IEA,GO_REF:0000117,GO:0006693,prostaglandin metabolic process,1,ARBA
IEA,GO_REF:0000117,GO:0050792,regulation of viral process,1,ARBA
IEA,GO_REF:0000117,GO:0050768,negative regulation of neurogenesis,1,ARBA
IEA,GO_REF:0000117,GO:0005884,actin filament,1,ARBA
IEA,GO_REF:0000117,GO:0000793,condensed chromosome,1,ARBA
IEA,GO_REF:0000117,GO:0045616,regulation of keratinocyte differentiation,1,ARBA
IEA,GO_REF:0000117,GO:0048675,axon extension,1,ARBA
IEA,GO_REF:0000117,GO:0032585,multivesicular body membrane,1,ARBA
IEA,GO_REF:0000117,GO:0061028,establishment of endothelial barrier,1,ARBA
IEA,GO_REF:0000117,GO:0042803,protein homodimerization activity,1,ARBA
IEA,GO_REF:0000117,GO:0032588,trans-Golgi network membrane,1,ARBA
IEA,GO_REF:0000117,GO:0061484,hematopoietic stem cell homeostasis,1,ARBA
IEA,GO_REF:0000117,GO:0005643,nuclear pore,1,ARBA
IEA,GO_REF:0000117,GO:0003723,RNA binding,1,ARBA
IEA,GO_REF:0000117,GO:0030895,apolipoprotein B mRNA editing enzyme complex,1,ARBA
IEA,GO_REF:0000117,GO:0007030,Golgi organization,1,ARBA
IEA,GO_REF:0000117,GO:0051049,regulation of transport,1,ARBA
IEA,GO_REF:0000117,GO:0071468,cellular response to acidic pH,1,ARBA
